frame_id,image_path,confidence,x1,y1,x2,y2
online_match_01/frame_0000.jpg,data\frames_dense\online_match_01\frame_0000.jpg,0.44,241.4,83.4,252.5,104.9
online_match_01/frame_0001.jpg,data\frames_dense\online_match_01\frame_0001.jpg,0.37,241.2,83.1,252.7,105.1
online_match_01/frame_0001.jpg,data\frames_dense\online_match_01\frame_0001.jpg,0.295,663.9,164.2,676.4,180.4
online_match_01/frame_0002.jpg,data\frames_dense\online_match_01\frame_0002.jpg,0.465,331.4,330.7,340.7,346.9
online_match_01/frame_0002.jpg,data\frames_dense\online_match_01\frame_0002.jpg,0.398,239.4,83.6,252.4,106.2
online_match_01/frame_0002.jpg,data\frames_dense\online_match_01\frame_0002.jpg,0.338,331.1,332.0,344.0,345.4
online_match_01/frame_0002.jpg,data\frames_dense\online_match_01\frame_0002.jpg,0.313,328.0,332.1,341.5,347.1
online_match_01/frame_0003.jpg,data\frames_dense\online_match_01\frame_0003.jpg,0.373,239.5,83.6,252.5,106.2
online_match_01/frame_0004.jpg,data\frames_dense\online_match_01\frame_0004.jpg,0.346,239.4,83.6,252.3,106.9
online_match_01/frame_0004.jpg,data\frames_dense\online_match_01\frame_0004.jpg,0.298,410.0,45.0,424.2,63.9
online_match_01/frame_0005.jpg,data\frames_dense\online_match_01\frame_0005.jpg,0.546,452.2,51.2,462.9,68.5
online_match_01/frame_0005.jpg,data\frames_dense\online_match_01\frame_0005.jpg,0.317,239.4,83.4,252.5,107.0
online_match_01/frame_0006.jpg,data\frames_dense\online_match_01\frame_0006.jpg,0.336,239.4,83.4,252.5,107.1
online_match_01/frame_0007.jpg,data\frames_dense\online_match_01\frame_0007.jpg,0.346,239.4,83.4,252.5,107.3
online_match_01/frame_0008.jpg,data\frames_dense\online_match_01\frame_0008.jpg,0.348,239.4,83.4,252.5,107.1
online_match_01/frame_0008.jpg,data\frames_dense\online_match_01\frame_0008.jpg,0.256,508.8,232.9,522.3,257.5
online_match_01/frame_0009.jpg,data\frames_dense\online_match_01\frame_0009.jpg,0.594,459.6,201.3,471.0,224.2
online_match_01/frame_0009.jpg,data\frames_dense\online_match_01\frame_0009.jpg,0.401,239.4,83.2,252.5,107.1
online_match_01/frame_0010.jpg,data\frames_dense\online_match_01\frame_0010.jpg,0.752,380.5,280.8,392.7,303.2
online_match_01/frame_0010.jpg,data\frames_dense\online_match_01\frame_0010.jpg,0.314,239.5,83.3,252.6,107.3
online_match_01/frame_0011.jpg,data\frames_dense\online_match_01\frame_0011.jpg,0.495,715.3,317.7,728.8,338.3
online_match_01/frame_0011.jpg,data\frames_dense\online_match_01\frame_0011.jpg,0.367,239.4,83.2,252.2,106.7
online_match_01/frame_0012.jpg,data\frames_dense\online_match_01\frame_0012.jpg,0.317,934.1,380.7,942.8,394.3
online_match_01/frame_0013.jpg,data\frames_dense\online_match_01\frame_0013.jpg,0.447,903.9,369.8,913.1,385.8
online_match_01/frame_0014.jpg,data\frames_dense\online_match_01\frame_0014.jpg,0.726,791.8,257.2,803.0,275.9
online_match_01/frame_0014.jpg,data\frames_dense\online_match_01\frame_0014.jpg,0.308,239.5,82.9,252.5,105.1
online_match_01/frame_0015.jpg,data\frames_dense\online_match_01\frame_0015.jpg,0.608,754.2,373.3,764.4,390.6
online_match_01/frame_0015.jpg,data\frames_dense\online_match_01\frame_0015.jpg,0.257,368.4,265.9,377.9,287.0
online_match_01/frame_0018.jpg,data\frames_dense\online_match_01\frame_0018.jpg,0.614,739.7,42.4,753.5,66.8
online_match_01/frame_0018.jpg,data\frames_dense\online_match_01\frame_0018.jpg,0.35,239.4,83.5,252.0,105.8
online_match_01/frame_0020.jpg,data\frames_dense\online_match_01\frame_0020.jpg,0.497,749.6,408.0,760.8,429.2
online_match_01/frame_0021.jpg,data\frames_dense\online_match_01\frame_0021.jpg,0.563,707.4,410.1,720.8,431.8
online_match_01/frame_0021.jpg,data\frames_dense\online_match_01\frame_0021.jpg,0.308,239.5,82.8,252.5,106.4
online_match_01/frame_0022.jpg,data\frames_dense\online_match_01\frame_0022.jpg,0.491,733.0,401.3,744.5,420.9
online_match_01/frame_0022.jpg,data\frames_dense\online_match_01\frame_0022.jpg,0.347,239.5,83.0,252.4,106.5
online_match_01/frame_0023.jpg,data\frames_dense\online_match_01\frame_0023.jpg,0.308,239.5,83.2,252.5,106.3
online_match_01/frame_0024.jpg,data\frames_dense\online_match_01\frame_0024.jpg,0.389,239.5,83.2,252.4,105.9
online_match_01/frame_0025.jpg,data\frames_dense\online_match_01\frame_0025.jpg,0.391,239.5,83.2,252.5,105.9
online_match_01/frame_0026.jpg,data\frames_dense\online_match_01\frame_0026.jpg,0.519,766.4,418.9,776.5,437.2
online_match_01/frame_0026.jpg,data\frames_dense\online_match_01\frame_0026.jpg,0.364,239.5,83.3,252.4,105.6
online_match_01/frame_0027.jpg,data\frames_dense\online_match_01\frame_0027.jpg,0.351,239.5,83.6,252.4,105.3
online_match_01/frame_0028.jpg,data\frames_dense\online_match_01\frame_0028.jpg,0.739,820.1,415.2,832.0,434.8
online_match_01/frame_0028.jpg,data\frames_dense\online_match_01\frame_0028.jpg,0.358,318.0,319.4,329.0,341.0
online_match_01/frame_0028.jpg,data\frames_dense\online_match_01\frame_0028.jpg,0.331,239.5,83.7,252.3,105.0
online_match_01/frame_0029.jpg,data\frames_dense\online_match_01\frame_0029.jpg,0.652,843.5,414.7,856.1,435.6
online_match_01/frame_0029.jpg,data\frames_dense\online_match_01\frame_0029.jpg,0.289,239.4,83.6,252.5,105.1
online_match_01/frame_0030.jpg,data\frames_dense\online_match_01\frame_0030.jpg,0.313,239.4,83.6,252.5,105.2
online_match_01/frame_0030.jpg,data\frames_dense\online_match_01\frame_0030.jpg,0.271,861.2,415.4,872.1,433.0
online_match_01/frame_0031.jpg,data\frames_dense\online_match_01\frame_0031.jpg,0.323,239.5,83.5,252.5,104.9
online_match_01/frame_0032.jpg,data\frames_dense\online_match_01\frame_0032.jpg,0.356,239.5,83.4,252.3,104.9
online_match_01/frame_0033.jpg,data\frames_dense\online_match_01\frame_0033.jpg,0.349,239.5,83.4,252.3,104.9
online_match_01/frame_0034.jpg,data\frames_dense\online_match_01\frame_0034.jpg,0.737,988.6,490.3,1000.2,511.9
online_match_01/frame_0034.jpg,data\frames_dense\online_match_01\frame_0034.jpg,0.342,239.5,83.5,252.3,104.9
online_match_01/frame_0035.jpg,data\frames_dense\online_match_01\frame_0035.jpg,0.338,239.5,83.3,252.3,104.8
online_match_01/frame_0036.jpg,data\frames_dense\online_match_01\frame_0036.jpg,0.328,239.5,83.4,252.3,104.8
online_match_01/frame_0037.jpg,data\frames_dense\online_match_01\frame_0037.jpg,0.326,239.5,83.4,252.3,104.9
online_match_01/frame_0038.jpg,data\frames_dense\online_match_01\frame_0038.jpg,0.404,239.5,83.5,252.1,105.2
online_match_01/frame_0039.jpg,data\frames_dense\online_match_01\frame_0039.jpg,0.408,239.5,83.5,252.1,105.2
online_match_01/frame_0040.jpg,data\frames_dense\online_match_01\frame_0040.jpg,0.425,241.2,83.2,252.5,104.4
online_match_01/frame_0041.jpg,data\frames_dense\online_match_01\frame_0041.jpg,0.406,241.2,83.2,252.5,104.3
online_match_01/frame_0042.jpg,data\frames_dense\online_match_01\frame_0042.jpg,0.413,241.2,83.2,252.5,104.3
online_match_01/frame_0043.jpg,data\frames_dense\online_match_01\frame_0043.jpg,0.438,241.1,83.1,252.5,104.4
online_match_01/frame_0044.jpg,data\frames_dense\online_match_01\frame_0044.jpg,0.413,239.5,83.5,252.1,105.2
online_match_01/frame_0045.jpg,data\frames_dense\online_match_01\frame_0045.jpg,0.523,705.2,256.0,722.6,287.8
online_match_01/frame_0045.jpg,data\frames_dense\online_match_01\frame_0045.jpg,0.41,239.5,83.5,252.1,105.1
online_match_01/frame_0046.jpg,data\frames_dense\online_match_01\frame_0046.jpg,0.437,704.9,256.1,722.2,287.6
online_match_01/frame_0046.jpg,data\frames_dense\online_match_01\frame_0046.jpg,0.415,241.1,83.1,252.5,104.3
online_match_01/frame_0047.jpg,data\frames_dense\online_match_01\frame_0047.jpg,0.527,241.2,82.9,252.7,104.5
online_match_01/frame_0047.jpg,data\frames_dense\online_match_01\frame_0047.jpg,0.357,704.5,256.1,720.3,286.7
online_match_01/frame_0048.jpg,data\frames_dense\online_match_01\frame_0048.jpg,0.523,241.2,82.9,252.7,104.6
online_match_01/frame_0048.jpg,data\frames_dense\online_match_01\frame_0048.jpg,0.255,704.4,256.4,720.3,287.1
online_match_01/frame_0049.jpg,data\frames_dense\online_match_01\frame_0049.jpg,0.525,241.2,82.9,252.6,104.7
online_match_01/frame_0050.jpg,data\frames_dense\online_match_01\frame_0050.jpg,0.475,241.3,83.3,252.5,104.3
online_match_01/frame_0051.jpg,data\frames_dense\online_match_01\frame_0051.jpg,0.445,241.3,83.2,252.5,104.4
online_match_01/frame_0052.jpg,data\frames_dense\online_match_01\frame_0052.jpg,0.603,704.3,255.5,720.9,288.2
online_match_01/frame_0052.jpg,data\frames_dense\online_match_01\frame_0052.jpg,0.444,241.3,83.2,252.5,104.3
online_match_01/frame_0053.jpg,data\frames_dense\online_match_01\frame_0053.jpg,0.471,703.7,256.1,718.9,286.7
online_match_01/frame_0053.jpg,data\frames_dense\online_match_01\frame_0053.jpg,0.411,241.3,83.2,252.5,104.3
online_match_01/frame_0054.jpg,data\frames_dense\online_match_01\frame_0054.jpg,0.509,241.3,83.2,252.5,104.2
online_match_01/frame_0055.jpg,data\frames_dense\online_match_01\frame_0055.jpg,0.48,241.2,83.2,252.4,104.2
online_match_01/frame_0056.jpg,data\frames_dense\online_match_01\frame_0056.jpg,0.48,241.2,83.3,252.4,104.2
online_match_01/frame_0057.jpg,data\frames_dense\online_match_01\frame_0057.jpg,0.475,241.2,83.3,252.4,104.2
online_match_01/frame_0058.jpg,data\frames_dense\online_match_01\frame_0058.jpg,0.468,241.2,83.2,252.5,104.3
online_match_01/frame_0059.jpg,data\frames_dense\online_match_01\frame_0059.jpg,0.491,241.2,83.1,252.5,104.3
online_match_01/frame_0060.jpg,data\frames_dense\online_match_01\frame_0060.jpg,0.471,241.2,83.2,252.5,104.2
online_match_01/frame_0061.jpg,data\frames_dense\online_match_01\frame_0061.jpg,0.39,241.5,83.1,252.9,104.2
online_match_01/frame_0062.jpg,data\frames_dense\online_match_01\frame_0062.jpg,0.412,241.5,83.1,252.9,104.1
online_match_01/frame_0063.jpg,data\frames_dense\online_match_01\frame_0063.jpg,0.418,241.5,83.1,252.9,104.1
online_match_01/frame_0064.jpg,data\frames_dense\online_match_01\frame_0064.jpg,0.447,241.5,83.2,252.9,104.1
online_match_01/frame_0065.jpg,data\frames_dense\online_match_01\frame_0065.jpg,0.418,241.4,83.0,252.8,104.2
online_match_01/frame_0066.jpg,data\frames_dense\online_match_01\frame_0066.jpg,0.457,241.3,82.9,252.8,104.5
online_match_01/frame_0067.jpg,data\frames_dense\online_match_01\frame_0067.jpg,0.421,241.3,83.0,252.8,104.5
online_match_01/frame_0068.jpg,data\frames_dense\online_match_01\frame_0068.jpg,0.413,241.3,82.9,252.9,104.6
online_match_01/frame_0069.jpg,data\frames_dense\online_match_01\frame_0069.jpg,0.484,241.3,83.0,252.9,104.5
online_match_01/frame_0070.jpg,data\frames_dense\online_match_01\frame_0070.jpg,0.475,241.3,82.9,252.9,104.6
online_match_01/frame_0071.jpg,data\frames_dense\online_match_01\frame_0071.jpg,0.494,241.2,82.9,252.8,104.6
online_match_01/frame_0072.jpg,data\frames_dense\online_match_01\frame_0072.jpg,0.487,241.3,83.0,252.8,104.5
online_match_01/frame_0073.jpg,data\frames_dense\online_match_01\frame_0073.jpg,0.492,241.3,83.0,252.8,104.5
online_match_01/frame_0074.jpg,data\frames_dense\online_match_01\frame_0074.jpg,0.5,241.3,83.1,252.8,104.4
online_match_01/frame_0075.jpg,data\frames_dense\online_match_01\frame_0075.jpg,0.478,241.4,83.1,252.8,104.5
online_match_01/frame_0076.jpg,data\frames_dense\online_match_01\frame_0076.jpg,0.465,241.4,83.2,252.7,104.5
online_match_01/frame_0077.jpg,data\frames_dense\online_match_01\frame_0077.jpg,0.481,241.3,83.0,252.8,104.6
online_match_01/frame_0078.jpg,data\frames_dense\online_match_01\frame_0078.jpg,0.476,241.3,83.0,252.7,104.6
online_match_01/frame_0079.jpg,data\frames_dense\online_match_01\frame_0079.jpg,0.477,241.3,83.1,252.7,104.5
online_match_01/frame_0080.jpg,data\frames_dense\online_match_01\frame_0080.jpg,0.459,241.3,83.1,252.7,104.6
online_match_01/frame_0081.jpg,data\frames_dense\online_match_01\frame_0081.jpg,0.462,241.3,83.1,252.7,104.5
online_match_01/frame_0082.jpg,data\frames_dense\online_match_01\frame_0082.jpg,0.448,241.3,83.0,252.7,104.5
online_match_01/frame_0083.jpg,data\frames_dense\online_match_01\frame_0083.jpg,0.385,239.5,83.6,252.4,105.7
online_match_01/frame_0084.jpg,data\frames_dense\online_match_01\frame_0084.jpg,0.385,239.5,83.6,252.4,105.7
online_match_01/frame_0085.jpg,data\frames_dense\online_match_01\frame_0085.jpg,0.382,239.5,83.6,252.4,105.8
online_match_01/frame_0086.jpg,data\frames_dense\online_match_01\frame_0086.jpg,0.378,239.5,83.5,252.4,105.8
online_match_01/frame_0087.jpg,data\frames_dense\online_match_01\frame_0087.jpg,0.379,239.5,83.6,252.4,105.7
online_match_01/frame_0088.jpg,data\frames_dense\online_match_01\frame_0088.jpg,0.384,239.5,83.6,252.4,105.7
online_match_01/frame_0089.jpg,data\frames_dense\online_match_01\frame_0089.jpg,0.376,239.5,83.3,252.4,105.3
online_match_01/frame_0090.jpg,data\frames_dense\online_match_01\frame_0090.jpg,0.378,239.5,83.3,252.4,105.4
online_match_01/frame_0091.jpg,data\frames_dense\online_match_01\frame_0091.jpg,0.347,239.5,83.4,252.4,105.5
online_match_01/frame_0092.jpg,data\frames_dense\online_match_01\frame_0092.jpg,0.353,239.4,83.3,252.4,105.6
online_match_01/frame_0093.jpg,data\frames_dense\online_match_01\frame_0093.jpg,0.371,239.4,83.3,252.4,105.5
online_match_01/frame_0094.jpg,data\frames_dense\online_match_01\frame_0094.jpg,0.361,239.5,83.3,252.4,105.3
online_match_01/frame_0095.jpg,data\frames_dense\online_match_01\frame_0095.jpg,0.373,239.5,83.3,252.5,105.4
online_match_01/frame_0096.jpg,data\frames_dense\online_match_01\frame_0096.jpg,0.397,239.5,83.3,252.3,105.3
online_match_01/frame_0097.jpg,data\frames_dense\online_match_01\frame_0097.jpg,0.384,239.5,83.3,252.3,105.2
online_match_01/frame_0098.jpg,data\frames_dense\online_match_01\frame_0098.jpg,0.379,239.5,83.4,252.3,105.3
online_match_01/frame_0099.jpg,data\frames_dense\online_match_01\frame_0099.jpg,0.368,239.5,83.4,252.5,105.4
online_match_01/frame_0100.jpg,data\frames_dense\online_match_01\frame_0100.jpg,0.374,239.5,83.2,252.6,105.3
online_match_01/frame_0101.jpg,data\frames_dense\online_match_01\frame_0101.jpg,0.389,239.5,83.2,252.4,105.5
online_match_01/frame_0102.jpg,data\frames_dense\online_match_01\frame_0102.jpg,0.434,241.3,83.1,252.9,104.7
online_match_01/frame_0103.jpg,data\frames_dense\online_match_01\frame_0103.jpg,0.353,239.5,83.7,252.2,105.7
online_match_01/frame_0104.jpg,data\frames_dense\online_match_01\frame_0104.jpg,0.361,239.5,84.0,252.3,106.1
online_match_01/frame_0105.jpg,data\frames_dense\online_match_01\frame_0105.jpg,0.34,239.5,83.6,252.8,107.0
online_match_01/frame_0106.jpg,data\frames_dense\online_match_01\frame_0106.jpg,0.297,239.4,83.8,252.7,107.0
online_match_01/frame_0107.jpg,data\frames_dense\online_match_01\frame_0107.jpg,0.363,239.4,83.6,252.4,106.5
online_match_01/frame_0108.jpg,data\frames_dense\online_match_01\frame_0108.jpg,0.333,239.4,83.7,252.6,106.5
online_match_01/frame_0112.jpg,data\frames_dense\online_match_01\frame_0112.jpg,0.664,832.2,325.9,843.9,347.5
online_match_01/frame_0112.jpg,data\frames_dense\online_match_01\frame_0112.jpg,0.263,239.4,83.0,252.5,105.8
online_match_01/frame_0116.jpg,data\frames_dense\online_match_01\frame_0116.jpg,0.364,241.3,83.8,252.6,105.2
online_match_01/frame_0117.jpg,data\frames_dense\online_match_01\frame_0117.jpg,0.302,239.5,83.7,252.4,106.1
online_match_01/frame_0120.jpg,data\frames_dense\online_match_01\frame_0120.jpg,0.275,239.5,83.8,252.7,107.8
online_match_01/frame_0121.jpg,data\frames_dense\online_match_01\frame_0121.jpg,0.257,239.5,83.9,252.8,107.1
online_match_01/frame_0122.jpg,data\frames_dense\online_match_01\frame_0122.jpg,0.637,455.9,389.7,469.0,408.6
online_match_01/frame_0122.jpg,data\frames_dense\online_match_01\frame_0122.jpg,0.263,239.5,83.9,252.9,107.1
online_match_01/frame_0123.jpg,data\frames_dense\online_match_01\frame_0123.jpg,0.279,239.5,84.0,252.8,107.1
online_match_01/frame_0124.jpg,data\frames_dense\online_match_01\frame_0124.jpg,0.28,239.4,83.7,252.4,105.9
online_match_01/frame_0125.jpg,data\frames_dense\online_match_01\frame_0125.jpg,0.265,239.4,83.6,252.8,106.0
online_match_01/frame_0126.jpg,data\frames_dense\online_match_01\frame_0126.jpg,0.322,239.4,84.1,252.5,106.7
online_match_01/frame_0127.jpg,data\frames_dense\online_match_01\frame_0127.jpg,0.318,239.4,84.1,252.5,106.5
online_match_01/frame_0128.jpg,data\frames_dense\online_match_01\frame_0128.jpg,0.286,239.5,83.8,252.4,106.0
online_match_01/frame_0129.jpg,data\frames_dense\online_match_01\frame_0129.jpg,0.314,239.5,83.6,252.3,105.8
online_match_01/frame_0130.jpg,data\frames_dense\online_match_01\frame_0130.jpg,0.329,239.5,83.6,252.3,105.8
online_match_01/frame_0131.jpg,data\frames_dense\online_match_01\frame_0131.jpg,0.294,239.5,83.5,252.3,105.6
online_match_01/frame_0132.jpg,data\frames_dense\online_match_01\frame_0132.jpg,0.281,239.4,83.4,252.3,105.6
online_match_01/frame_0133.jpg,data\frames_dense\online_match_01\frame_0133.jpg,0.336,239.4,83.3,252.2,105.9
online_match_01/frame_0134.jpg,data\frames_dense\online_match_01\frame_0134.jpg,0.366,239.5,83.3,252.3,105.7
online_match_01/frame_0135.jpg,data\frames_dense\online_match_01\frame_0135.jpg,0.361,239.5,83.3,252.1,105.6
online_match_01/frame_0136.jpg,data\frames_dense\online_match_01\frame_0136.jpg,0.367,239.5,83.3,252.1,105.7
online_match_01/frame_0139.jpg,data\frames_dense\online_match_01\frame_0139.jpg,0.251,239.5,51.1,252.7,72.9
online_match_01/frame_0189.jpg,data\frames_dense\online_match_01\frame_0189.jpg,0.387,1091.6,305.4,1113.9,339.6
online_match_01/frame_0190.jpg,data\frames_dense\online_match_01\frame_0190.jpg,0.308,1091.5,305.4,1113.7,339.5
online_match_01/frame_0202.jpg,data\frames_dense\online_match_01\frame_0202.jpg,0.381,239.5,84.0,252.2,106.0
online_match_01/frame_0203.jpg,data\frames_dense\online_match_01\frame_0203.jpg,0.385,239.5,83.9,252.2,106.2
online_match_01/frame_0204.jpg,data\frames_dense\online_match_01\frame_0204.jpg,0.386,239.5,83.9,252.3,106.2
online_match_01/frame_0205.jpg,data\frames_dense\online_match_01\frame_0205.jpg,0.393,239.5,83.9,252.2,106.3
online_match_01/frame_0206.jpg,data\frames_dense\online_match_01\frame_0206.jpg,0.376,239.5,83.9,252.2,106.1
online_match_01/frame_0207.jpg,data\frames_dense\online_match_01\frame_0207.jpg,0.363,239.5,83.9,252.2,105.9
online_match_01/frame_0208.jpg,data\frames_dense\online_match_01\frame_0208.jpg,0.335,239.5,84.0,252.3,105.6
online_match_01/frame_0209.jpg,data\frames_dense\online_match_01\frame_0209.jpg,0.344,239.5,83.9,252.2,105.7
online_match_01/frame_0210.jpg,data\frames_dense\online_match_01\frame_0210.jpg,0.341,239.5,83.9,252.2,105.6
online_match_01/frame_0211.jpg,data\frames_dense\online_match_01\frame_0211.jpg,0.342,239.5,83.9,252.2,105.6
online_match_01/frame_0212.jpg,data\frames_dense\online_match_01\frame_0212.jpg,0.338,239.5,84.0,252.2,105.6
online_match_01/frame_0213.jpg,data\frames_dense\online_match_01\frame_0213.jpg,0.338,239.5,83.8,252.3,105.6
online_match_01/frame_0214.jpg,data\frames_dense\online_match_01\frame_0214.jpg,0.319,239.5,83.8,252.2,105.5
online_match_01/frame_0215.jpg,data\frames_dense\online_match_01\frame_0215.jpg,0.317,239.5,83.8,252.2,105.5
online_match_01/frame_0216.jpg,data\frames_dense\online_match_01\frame_0216.jpg,0.341,239.5,83.8,252.1,105.4
online_match_01/frame_0217.jpg,data\frames_dense\online_match_01\frame_0217.jpg,0.342,239.5,83.8,252.1,105.4
online_match_01/frame_0218.jpg,data\frames_dense\online_match_01\frame_0218.jpg,0.347,239.5,83.8,252.1,105.4
online_match_01/frame_0219.jpg,data\frames_dense\online_match_01\frame_0219.jpg,0.343,239.5,83.9,252.1,105.3
online_match_01/frame_0220.jpg,data\frames_dense\online_match_01\frame_0220.jpg,0.341,239.5,83.9,252.1,105.3
online_match_01/frame_0221.jpg,data\frames_dense\online_match_01\frame_0221.jpg,0.334,239.5,83.9,252.1,105.3
online_match_01/frame_0221.jpg,data\frames_dense\online_match_01\frame_0221.jpg,0.254,968.5,313.7,985.2,339.2
online_match_01/frame_0222.jpg,data\frames_dense\online_match_01\frame_0222.jpg,0.32,239.5,83.9,252.2,105.4
online_match_01/frame_0223.jpg,data\frames_dense\online_match_01\frame_0223.jpg,0.333,239.5,83.9,252.2,105.5
online_match_01/frame_0224.jpg,data\frames_dense\online_match_01\frame_0224.jpg,0.385,241.6,83.4,252.7,104.3
online_match_01/frame_0225.jpg,data\frames_dense\online_match_01\frame_0225.jpg,0.384,241.6,83.4,252.7,104.3
online_match_01/frame_0226.jpg,data\frames_dense\online_match_01\frame_0226.jpg,0.375,241.7,83.3,252.7,104.3
online_match_01/frame_0227.jpg,data\frames_dense\online_match_01\frame_0227.jpg,0.392,241.7,83.3,252.7,104.3
online_match_01/frame_0228.jpg,data\frames_dense\online_match_01\frame_0228.jpg,0.412,241.7,83.3,252.7,104.3
online_match_01/frame_0229.jpg,data\frames_dense\online_match_01\frame_0229.jpg,0.426,241.6,83.3,252.7,104.3
online_match_01/frame_0230.jpg,data\frames_dense\online_match_01\frame_0230.jpg,0.394,239.5,84.1,251.9,105.5
online_match_01/frame_0231.jpg,data\frames_dense\online_match_01\frame_0231.jpg,0.392,239.5,84.1,252.0,105.5
online_match_01/frame_0232.jpg,data\frames_dense\online_match_01\frame_0232.jpg,0.393,239.5,84.1,252.0,105.5
online_match_01/frame_0233.jpg,data\frames_dense\online_match_01\frame_0233.jpg,0.393,239.5,84.1,252.0,105.5
online_match_01/frame_0234.jpg,data\frames_dense\online_match_01\frame_0234.jpg,0.392,239.5,84.1,251.9,105.5
online_match_01/frame_0235.jpg,data\frames_dense\online_match_01\frame_0235.jpg,0.396,239.5,84.1,251.9,105.5
online_match_01/frame_0236.jpg,data\frames_dense\online_match_01\frame_0236.jpg,0.395,239.5,84.1,252.0,105.7
online_match_01/frame_0237.jpg,data\frames_dense\online_match_01\frame_0237.jpg,0.394,239.5,84.1,252.0,105.7
online_match_01/frame_0238.jpg,data\frames_dense\online_match_01\frame_0238.jpg,0.394,239.5,84.1,252.0,105.7
online_match_01/frame_0239.jpg,data\frames_dense\online_match_01\frame_0239.jpg,0.398,239.5,84.1,252.0,105.8
online_match_01/frame_0240.jpg,data\frames_dense\online_match_01\frame_0240.jpg,0.405,239.5,84.0,252.0,105.8
online_match_01/frame_0241.jpg,data\frames_dense\online_match_01\frame_0241.jpg,0.391,239.5,84.0,252.0,105.8
online_match_01/frame_0242.jpg,data\frames_dense\online_match_01\frame_0242.jpg,0.383,239.5,84.0,251.9,105.7
online_match_01/frame_0243.jpg,data\frames_dense\online_match_01\frame_0243.jpg,0.404,239.5,83.8,252.0,106.1
online_match_01/frame_0244.jpg,data\frames_dense\online_match_01\frame_0244.jpg,0.387,239.5,83.8,252.2,105.8
online_match_01/frame_0245.jpg,data\frames_dense\online_match_01\frame_0245.jpg,0.39,239.5,83.9,252.1,105.7
online_match_01/frame_0246.jpg,data\frames_dense\online_match_01\frame_0246.jpg,0.375,239.6,83.9,252.2,105.7
online_match_01/frame_0247.jpg,data\frames_dense\online_match_01\frame_0247.jpg,0.366,239.5,83.9,252.1,105.7
online_match_01/frame_0248.jpg,data\frames_dense\online_match_01\frame_0248.jpg,0.364,239.5,83.9,252.1,105.6
online_match_01/frame_0249.jpg,data\frames_dense\online_match_01\frame_0249.jpg,0.369,239.5,83.9,252.1,105.7
online_match_01/frame_0250.jpg,data\frames_dense\online_match_01\frame_0250.jpg,0.364,239.5,83.9,252.2,105.7
online_match_01/frame_0251.jpg,data\frames_dense\online_match_01\frame_0251.jpg,0.359,239.5,83.9,252.1,105.6
online_match_01/frame_0252.jpg,data\frames_dense\online_match_01\frame_0252.jpg,0.386,239.5,83.8,252.1,105.5
online_match_01/frame_0253.jpg,data\frames_dense\online_match_01\frame_0253.jpg,0.394,241.4,83.4,252.6,104.3
online_match_01/frame_0254.jpg,data\frames_dense\online_match_01\frame_0254.jpg,0.391,239.5,83.8,252.2,105.5
online_match_01/frame_0255.jpg,data\frames_dense\online_match_01\frame_0255.jpg,0.399,241.3,83.2,252.7,104.4
online_match_01/frame_0256.jpg,data\frames_dense\online_match_01\frame_0256.jpg,0.485,431.1,357.6,440.5,372.5
online_match_01/frame_0256.jpg,data\frames_dense\online_match_01\frame_0256.jpg,0.456,241.3,83.2,252.7,104.4
online_match_01/frame_0257.jpg,data\frames_dense\online_match_01\frame_0257.jpg,0.56,460.9,383.2,472.3,402.7
online_match_01/frame_0257.jpg,data\frames_dense\online_match_01\frame_0257.jpg,0.447,241.3,83.1,252.6,104.6
online_match_01/frame_0258.jpg,data\frames_dense\online_match_01\frame_0258.jpg,0.478,241.6,83.2,252.8,104.6
online_match_01/frame_0259.jpg,data\frames_dense\online_match_01\frame_0259.jpg,0.558,477.3,475.9,488.3,494.0
online_match_01/frame_0259.jpg,data\frames_dense\online_match_01\frame_0259.jpg,0.501,241.5,83.4,252.8,104.4
online_match_01/frame_0260.jpg,data\frames_dense\online_match_01\frame_0260.jpg,0.506,241.5,83.2,252.8,104.5
online_match_01/frame_0261.jpg,data\frames_dense\online_match_01\frame_0261.jpg,0.491,241.5,83.3,252.9,104.6
online_match_01/frame_0262.jpg,data\frames_dense\online_match_01\frame_0262.jpg,0.43,241.5,83.3,252.9,104.5
online_match_01/frame_0263.jpg,data\frames_dense\online_match_01\frame_0263.jpg,0.452,241.5,83.3,252.8,104.5
online_match_01/frame_0264.jpg,data\frames_dense\online_match_01\frame_0264.jpg,0.45,241.6,83.2,252.8,104.2
online_match_01/frame_0265.jpg,data\frames_dense\online_match_01\frame_0265.jpg,0.408,241.6,83.1,252.8,104.1
online_match_01/frame_0266.jpg,data\frames_dense\online_match_01\frame_0266.jpg,0.446,241.6,83.1,252.7,104.2
online_match_01/frame_0267.jpg,data\frames_dense\online_match_01\frame_0267.jpg,0.437,241.5,83.1,252.7,104.2
online_match_01/frame_0268.jpg,data\frames_dense\online_match_01\frame_0268.jpg,0.441,241.5,83.0,252.7,104.2
online_match_01/frame_0269.jpg,data\frames_dense\online_match_01\frame_0269.jpg,0.437,241.6,83.1,252.7,104.3
online_match_01/frame_0270.jpg,data\frames_dense\online_match_01\frame_0270.jpg,0.254,241.9,51.8,253.2,72.3
online_match_01/frame_0271.jpg,data\frames_dense\online_match_01\frame_0271.jpg,0.286,241.9,51.7,253.3,72.4
online_match_01/frame_0272.jpg,data\frames_dense\online_match_01\frame_0272.jpg,0.329,241.8,51.7,253.3,72.5
online_match_01/frame_0273.jpg,data\frames_dense\online_match_01\frame_0273.jpg,0.304,241.7,51.6,253.2,72.4
online_match_01/frame_0274.jpg,data\frames_dense\online_match_01\frame_0274.jpg,0.268,239.6,51.3,252.6,72.5
online_match_01/frame_0275.jpg,data\frames_dense\online_match_01\frame_0275.jpg,0.352,241.7,51.4,253.4,72.4
online_match_01/frame_0289.jpg,data\frames_dense\online_match_01\frame_0289.jpg,0.285,677.6,263.4,689.9,286.2
online_match_01/frame_0290.jpg,data\frames_dense\online_match_01\frame_0290.jpg,0.274,1164.0,235.9,1172.9,253.4
online_match_01/frame_0302.jpg,data\frames_dense\online_match_01\frame_0302.jpg,0.347,618.8,272.9,628.1,288.8
online_match_01/frame_0304.jpg,data\frames_dense\online_match_01\frame_0304.jpg,0.282,769.1,319.0,779.4,335.7
online_match_01/frame_0306.jpg,data\frames_dense\online_match_01\frame_0306.jpg,0.33,529.5,274.3,539.3,292.0
online_match_01/frame_0311.jpg,data\frames_dense\online_match_01\frame_0311.jpg,0.286,239.3,52.1,252.2,74.4
online_match_01/frame_0312.jpg,data\frames_dense\online_match_01\frame_0312.jpg,0.318,239.2,52.3,252.0,74.4
online_match_01/frame_0313.jpg,data\frames_dense\online_match_01\frame_0313.jpg,0.358,240.8,52.4,252.5,73.5
online_match_01/frame_0319.jpg,data\frames_dense\online_match_01\frame_0319.jpg,0.263,239.5,52.1,251.8,73.7
online_match_01/frame_0328.jpg,data\frames_dense\online_match_01\frame_0328.jpg,0.256,239.5,52.1,251.6,73.0
online_match_01/frame_0329.jpg,data\frames_dense\online_match_01\frame_0329.jpg,0.543,240.5,52.6,252.1,73.0
online_match_01/frame_0330.jpg,data\frames_dense\online_match_01\frame_0330.jpg,0.296,239.4,52.7,251.0,71.6
online_match_01/frame_0338.jpg,data\frames_dense\online_match_01\frame_0338.jpg,0.427,1085.9,326.8,1096.2,344.0
online_match_01/frame_0338.jpg,data\frames_dense\online_match_01\frame_0338.jpg,0.357,968.0,328.0,978.9,345.2
online_match_01/frame_0338.jpg,data\frames_dense\online_match_01\frame_0338.jpg,0.35,854.5,325.5,866.1,346.1
online_match_01/frame_0338.jpg,data\frames_dense\online_match_01\frame_0338.jpg,0.263,239.6,52.7,251.7,72.5
online_match_01/frame_0340.jpg,data\frames_dense\online_match_01\frame_0340.jpg,0.395,349.2,314.1,360.1,332.0
online_match_01/frame_0340.jpg,data\frames_dense\online_match_01\frame_0340.jpg,0.346,807.2,312.6,817.1,333.1
online_match_01/frame_0341.jpg,data\frames_dense\online_match_01\frame_0341.jpg,0.368,976.9,466.3,986.6,483.7
online_match_01/frame_0342.jpg,data\frames_dense\online_match_01\frame_0342.jpg,0.283,239.5,51.9,251.8,72.7
online_match_01/frame_0343.jpg,data\frames_dense\online_match_01\frame_0343.jpg,0.45,999.7,477.4,1011.1,495.2
online_match_01/frame_0343.jpg,data\frames_dense\online_match_01\frame_0343.jpg,0.309,239.6,51.8,252.0,72.3
online_match_01/frame_0344.jpg,data\frames_dense\online_match_01\frame_0344.jpg,0.648,1011.4,485.1,1022.6,503.1
online_match_01/frame_0344.jpg,data\frames_dense\online_match_01\frame_0344.jpg,0.281,1033.6,308.8,1041.9,326.4
online_match_01/frame_0344.jpg,data\frames_dense\online_match_01\frame_0344.jpg,0.276,239.6,52.2,251.8,72.1
online_match_01/frame_0345.jpg,data\frames_dense\online_match_01\frame_0345.jpg,0.254,239.5,52.1,251.7,71.8
online_match_01/frame_0346.jpg,data\frames_dense\online_match_01\frame_0346.jpg,0.371,1038.4,478.1,1049.5,496.3
online_match_01/frame_0346.jpg,data\frames_dense\online_match_01\frame_0346.jpg,0.277,239.6,52.1,251.9,71.5
online_match_01/frame_0347.jpg,data\frames_dense\online_match_01\frame_0347.jpg,0.358,1070.3,306.2,1079.5,324.2
online_match_01/frame_0347.jpg,data\frames_dense\online_match_01\frame_0347.jpg,0.267,239.6,52.1,251.9,71.3
online_match_01/frame_0347.jpg,data\frames_dense\online_match_01\frame_0347.jpg,0.26,1071.0,303.7,1080.4,320.0
online_match_01/frame_0350.jpg,data\frames_dense\online_match_01\frame_0350.jpg,0.324,967.9,301.0,976.9,320.1
online_match_01/frame_0352.jpg,data\frames_dense\online_match_01\frame_0352.jpg,0.565,979.9,304.0,990.6,322.3
online_match_01/frame_0356.jpg,data\frames_dense\online_match_01\frame_0356.jpg,0.356,990.3,303.6,1000.5,319.2
online_match_01/frame_0357.jpg,data\frames_dense\online_match_01\frame_0357.jpg,0.554,991.1,303.6,1000.6,319.7
online_match_01/frame_0357.jpg,data\frames_dense\online_match_01\frame_0357.jpg,0.255,988.6,306.5,1000.1,324.1
online_match_01/frame_0357.jpg,data\frames_dense\online_match_01\frame_0357.jpg,0.253,241.8,83.2,253.3,103.1
online_match_01/frame_0361.jpg,data\frames_dense\online_match_01\frame_0361.jpg,0.326,1132.6,293.6,1144.1,309.8
online_match_01/frame_0370.jpg,data\frames_dense\online_match_01\frame_0370.jpg,0.348,241.6,82.7,253.0,103.9
online_match_01/frame_0371.jpg,data\frames_dense\online_match_01\frame_0371.jpg,0.402,241.2,83.3,252.4,104.0
online_match_01/frame_0372.jpg,data\frames_dense\online_match_01\frame_0372.jpg,0.399,241.3,83.5,252.3,103.8
online_match_01/frame_0373.jpg,data\frames_dense\online_match_01\frame_0373.jpg,0.351,241.5,83.7,252.4,103.4
online_match_01/frame_0374.jpg,data\frames_dense\online_match_01\frame_0374.jpg,0.39,241.3,83.8,252.3,103.7
online_match_01/frame_0375.jpg,data\frames_dense\online_match_01\frame_0375.jpg,0.288,241.6,83.4,252.4,103.0
online_match_01/frame_0376.jpg,data\frames_dense\online_match_01\frame_0376.jpg,0.422,241.3,83.3,252.6,104.9
online_match_01/frame_0377.jpg,data\frames_dense\online_match_01\frame_0377.jpg,0.336,239.6,83.3,252.4,105.8
online_match_01/frame_0378.jpg,data\frames_dense\online_match_01\frame_0378.jpg,0.371,241.5,83.3,252.6,104.9
online_match_01/frame_0379.jpg,data\frames_dense\online_match_01\frame_0379.jpg,0.373,241.6,83.3,252.6,104.8
online_match_01/frame_0380.jpg,data\frames_dense\online_match_01\frame_0380.jpg,0.392,241.6,83.3,252.6,104.8
online_match_01/frame_0381.jpg,data\frames_dense\online_match_01\frame_0381.jpg,0.377,241.6,83.3,252.6,104.9
online_match_01/frame_0382.jpg,data\frames_dense\online_match_01\frame_0382.jpg,0.426,241.5,83.3,252.5,104.7
online_match_01/frame_0383.jpg,data\frames_dense\online_match_01\frame_0383.jpg,0.465,241.5,83.1,252.6,104.7
online_match_01/frame_0384.jpg,data\frames_dense\online_match_01\frame_0384.jpg,0.459,241.5,83.2,252.6,104.7
online_match_01/frame_0385.jpg,data\frames_dense\online_match_01\frame_0385.jpg,0.422,241.5,83.1,252.7,104.8
online_match_01/frame_0386.jpg,data\frames_dense\online_match_01\frame_0386.jpg,0.474,241.6,83.2,252.7,104.7
online_match_01/frame_0387.jpg,data\frames_dense\online_match_01\frame_0387.jpg,0.491,241.6,83.1,252.7,104.7
online_match_01/frame_0388.jpg,data\frames_dense\online_match_01\frame_0388.jpg,0.489,241.8,83.3,253.0,105.3
online_match_01/frame_0389.jpg,data\frames_dense\online_match_01\frame_0389.jpg,0.406,241.8,83.2,253.1,105.2
online_match_01/frame_0390.jpg,data\frames_dense\online_match_01\frame_0390.jpg,0.352,241.9,83.3,253.1,105.3
online_match_01/frame_0391.jpg,data\frames_dense\online_match_01\frame_0391.jpg,0.383,241.8,83.4,253.1,105.4
online_match_01/frame_0392.jpg,data\frames_dense\online_match_01\frame_0392.jpg,0.392,241.8,83.4,253.1,105.4
online_match_01/frame_0393.jpg,data\frames_dense\online_match_01\frame_0393.jpg,0.383,241.9,83.4,253.0,105.3
online_match_01/frame_0396.jpg,data\frames_dense\online_match_01\frame_0396.jpg,0.253,239.6,83.0,252.8,106.2
online_match_01/frame_0397.jpg,data\frames_dense\online_match_01\frame_0397.jpg,0.265,239.6,83.0,252.8,106.2
online_match_01/frame_0398.jpg,data\frames_dense\online_match_01\frame_0398.jpg,0.273,239.6,83.0,252.8,106.2
online_match_01/frame_0399.jpg,data\frames_dense\online_match_01\frame_0399.jpg,0.273,239.6,83.1,252.8,106.1
online_match_01/frame_0400.jpg,data\frames_dense\online_match_01\frame_0400.jpg,0.338,241.4,83.6,253.1,107.3
online_match_01/frame_0401.jpg,data\frames_dense\online_match_01\frame_0401.jpg,0.253,239.5,83.3,252.1,105.7
online_match_01/frame_0403.jpg,data\frames_dense\online_match_01\frame_0403.jpg,0.611,724.4,606.2,738.2,635.6
online_match_01/frame_0403.jpg,data\frames_dense\online_match_01\frame_0403.jpg,0.266,239.5,83.2,252.3,105.0
online_match_01/frame_0404.jpg,data\frames_dense\online_match_01\frame_0404.jpg,0.301,239.5,83.8,251.8,104.5
online_match_01/frame_0405.jpg,data\frames_dense\online_match_01\frame_0405.jpg,0.293,239.6,83.9,251.7,104.3
online_match_01/frame_0406.jpg,data\frames_dense\online_match_01\frame_0406.jpg,0.297,239.4,83.1,252.3,106.8
online_match_01/frame_0407.jpg,data\frames_dense\online_match_01\frame_0407.jpg,0.287,779.4,356.0,792.0,368.9
online_match_01/frame_0407.jpg,data\frames_dense\online_match_01\frame_0407.jpg,0.275,239.5,83.6,252.3,106.4
online_match_01/frame_0407.jpg,data\frames_dense\online_match_01\frame_0407.jpg,0.26,776.0,357.0,787.7,369.8
online_match_01/frame_0414.jpg,data\frames_dense\online_match_01\frame_0414.jpg,0.314,239.6,83.5,252.5,104.6
online_match_01/frame_0421.jpg,data\frames_dense\online_match_01\frame_0421.jpg,0.253,239.5,82.8,252.3,104.9
online_match_01/frame_0422.jpg,data\frames_dense\online_match_01\frame_0422.jpg,0.33,239.5,83.0,252.3,105.5
online_match_01/frame_0423.jpg,data\frames_dense\online_match_01\frame_0423.jpg,0.309,239.4,82.7,252.4,105.5
online_match_01/frame_0424.jpg,data\frames_dense\online_match_01\frame_0424.jpg,0.3,239.4,82.8,252.4,105.5
online_match_01/frame_0425.jpg,data\frames_dense\online_match_01\frame_0425.jpg,0.65,431.6,353.9,441.1,371.0
online_match_01/frame_0425.jpg,data\frames_dense\online_match_01\frame_0425.jpg,0.325,239.4,82.7,252.4,106.0
online_match_01/frame_0426.jpg,data\frames_dense\online_match_01\frame_0426.jpg,0.307,239.4,83.1,252.3,106.1
online_match_01/frame_0427.jpg,data\frames_dense\online_match_01\frame_0427.jpg,0.402,430.3,354.7,440.2,373.3
online_match_01/frame_0427.jpg,data\frames_dense\online_match_01\frame_0427.jpg,0.334,239.5,83.0,252.4,104.9
online_match_01/frame_0428.jpg,data\frames_dense\online_match_01\frame_0428.jpg,0.261,412.5,360.0,424.1,375.3
online_match_01/frame_0441.jpg,data\frames_dense\online_match_01\frame_0441.jpg,0.48,225.4,340.9,233.2,353.5
online_match_01/frame_0441.jpg,data\frames_dense\online_match_01\frame_0441.jpg,0.403,241.3,52.1,252.7,72.4
online_match_01/frame_0442.jpg,data\frames_dense\online_match_01\frame_0442.jpg,0.621,241.1,52.1,253.0,73.0
online_match_01/frame_0443.jpg,data\frames_dense\online_match_01\frame_0443.jpg,0.445,241.0,52.4,252.7,72.7
online_match_01/frame_0444.jpg,data\frames_dense\online_match_01\frame_0444.jpg,0.318,239.4,52.4,251.7,72.6
online_match_01/frame_0446.jpg,data\frames_dense\online_match_01\frame_0446.jpg,0.254,239.4,52.8,251.8,73.2
online_match_02/frame_0000.jpg,data\frames_dense\online_match_02\frame_0000.jpg,0.596,375.6,237.1,387.3,257.8
online_match_02/frame_0000.jpg,data\frames_dense\online_match_02\frame_0000.jpg,0.481,334.8,391.7,344.3,406.5
online_match_02/frame_0001.jpg,data\frames_dense\online_match_02\frame_0001.jpg,0.593,375.7,238.3,386.7,258.7
online_match_02/frame_0002.jpg,data\frames_dense\online_match_02\frame_0002.jpg,0.615,375.6,237.1,387.4,257.7
online_match_02/frame_0002.jpg,data\frames_dense\online_match_02\frame_0002.jpg,0.421,443.9,286.7,456.1,304.4
online_match_02/frame_0002.jpg,data\frames_dense\online_match_02\frame_0002.jpg,0.334,328.0,389.9,337.4,403.1
online_match_02/frame_0003.jpg,data\frames_dense\online_match_02\frame_0003.jpg,0.607,375.7,238.1,387.2,259.0
online_match_02/frame_0003.jpg,data\frames_dense\online_match_02\frame_0003.jpg,0.341,443.8,286.6,456.1,304.3
online_match_02/frame_0003.jpg,data\frames_dense\online_match_02\frame_0003.jpg,0.277,327.5,386.8,336.0,402.2
online_match_02/frame_0004.jpg,data\frames_dense\online_match_02\frame_0004.jpg,0.585,375.7,237.3,387.5,257.5
online_match_02/frame_0004.jpg,data\frames_dense\online_match_02\frame_0004.jpg,0.484,325.8,385.7,334.4,402.0
online_match_02/frame_0005.jpg,data\frames_dense\online_match_02\frame_0005.jpg,0.606,375.6,237.1,388.0,258.1
online_match_02/frame_0005.jpg,data\frames_dense\online_match_02\frame_0005.jpg,0.287,444.4,286.6,456.1,303.7
online_match_02/frame_0005.jpg,data\frames_dense\online_match_02\frame_0005.jpg,0.282,326.5,387.4,334.8,402.8
online_match_02/frame_0006.jpg,data\frames_dense\online_match_02\frame_0006.jpg,0.657,375.4,236.6,387.5,258.4
online_match_02/frame_0006.jpg,data\frames_dense\online_match_02\frame_0006.jpg,0.388,443.8,286.3,456.1,304.0
online_match_02/frame_0007.jpg,data\frames_dense\online_match_02\frame_0007.jpg,0.671,375.4,236.3,387.9,258.7
online_match_02/frame_0007.jpg,data\frames_dense\online_match_02\frame_0007.jpg,0.418,443.7,286.3,456.0,304.0
online_match_02/frame_0007.jpg,data\frames_dense\online_match_02\frame_0007.jpg,0.331,326.5,389.2,334.7,403.2
online_match_02/frame_0008.jpg,data\frames_dense\online_match_02\frame_0008.jpg,0.673,375.5,235.9,388.0,258.1
online_match_02/frame_0008.jpg,data\frames_dense\online_match_02\frame_0008.jpg,0.395,444.1,286.4,456.1,303.5
online_match_02/frame_0009.jpg,data\frames_dense\online_match_02\frame_0009.jpg,0.671,375.5,236.0,388.0,258.1
online_match_02/frame_0009.jpg,data\frames_dense\online_match_02\frame_0009.jpg,0.474,335.3,390.9,344.7,406.0
online_match_02/frame_0009.jpg,data\frames_dense\online_match_02\frame_0009.jpg,0.297,443.3,286.2,456.0,303.4
online_match_02/frame_0010.jpg,data\frames_dense\online_match_02\frame_0010.jpg,0.667,375.4,236.3,387.8,258.5
online_match_02/frame_0010.jpg,data\frames_dense\online_match_02\frame_0010.jpg,0.569,341.3,387.6,349.7,402.4
online_match_02/frame_0010.jpg,data\frames_dense\online_match_02\frame_0010.jpg,0.312,443.4,286.5,456.0,303.6
online_match_02/frame_0010.jpg,data\frames_dense\online_match_02\frame_0010.jpg,0.274,239.5,52.4,252.5,72.8
online_match_02/frame_0011.jpg,data\frames_dense\online_match_02\frame_0011.jpg,0.668,375.4,236.4,387.9,258.7
online_match_02/frame_0011.jpg,data\frames_dense\online_match_02\frame_0011.jpg,0.288,443.3,286.4,456.0,303.4
online_match_02/frame_0011.jpg,data\frames_dense\online_match_02\frame_0011.jpg,0.259,239.5,52.6,252.6,72.8
online_match_02/frame_0012.jpg,data\frames_dense\online_match_02\frame_0012.jpg,0.671,375.5,236.2,388.1,258.6
online_match_02/frame_0012.jpg,data\frames_dense\online_match_02\frame_0012.jpg,0.276,239.5,52.4,252.6,72.9
online_match_02/frame_0012.jpg,data\frames_dense\online_match_02\frame_0012.jpg,0.262,443.0,286.2,456.0,303.5
online_match_02/frame_0013.jpg,data\frames_dense\online_match_02\frame_0013.jpg,0.643,375.8,236.1,388.2,257.2
online_match_02/frame_0013.jpg,data\frames_dense\online_match_02\frame_0013.jpg,0.399,343.9,383.2,352.7,398.9
online_match_02/frame_0013.jpg,data\frames_dense\online_match_02\frame_0013.jpg,0.268,376.8,236.7,392.0,256.8
online_match_02/frame_0013.jpg,data\frames_dense\online_match_02\frame_0013.jpg,0.268,443.5,286.1,456.1,302.8
online_match_02/frame_0013.jpg,data\frames_dense\online_match_02\frame_0013.jpg,0.265,239.5,52.4,252.5,73.0
online_match_02/frame_0014.jpg,data\frames_dense\online_match_02\frame_0014.jpg,0.631,375.8,235.0,388.3,256.2
online_match_02/frame_0014.jpg,data\frames_dense\online_match_02\frame_0014.jpg,0.278,376.9,235.3,392.0,255.4
online_match_02/frame_0015.jpg,data\frames_dense\online_match_02\frame_0015.jpg,0.637,375.8,233.3,388.7,255.9
online_match_02/frame_0015.jpg,data\frames_dense\online_match_02\frame_0015.jpg,0.256,376.8,233.0,392.0,254.9
online_match_02/frame_0016.jpg,data\frames_dense\online_match_02\frame_0016.jpg,0.641,375.8,233.5,388.8,255.4
online_match_02/frame_0016.jpg,data\frames_dense\online_match_02\frame_0016.jpg,0.44,351.5,388.5,360.5,402.6
online_match_02/frame_0016.jpg,data\frames_dense\online_match_02\frame_0016.jpg,0.429,215.9,388.7,225.5,405.3
online_match_02/frame_0016.jpg,data\frames_dense\online_match_02\frame_0016.jpg,0.425,442.5,284.6,456.0,303.6
online_match_02/frame_0016.jpg,data\frames_dense\online_match_02\frame_0016.jpg,0.291,440.0,284.6,453.3,303.6
online_match_02/frame_0016.jpg,data\frames_dense\online_match_02\frame_0016.jpg,0.281,376.9,232.8,392.0,254.1
online_match_02/frame_0017.jpg,data\frames_dense\online_match_02\frame_0017.jpg,0.651,375.8,233.1,388.7,255.3
online_match_02/frame_0017.jpg,data\frames_dense\online_match_02\frame_0017.jpg,0.527,353.9,388.3,362.0,402.1
online_match_02/frame_0017.jpg,data\frames_dense\online_match_02\frame_0017.jpg,0.501,442.7,284.4,456.1,303.6
online_match_02/frame_0017.jpg,data\frames_dense\online_match_02\frame_0017.jpg,0.3,440.0,284.4,453.5,303.6
online_match_02/frame_0017.jpg,data\frames_dense\online_match_02\frame_0017.jpg,0.268,376.8,232.6,392.0,254.0
online_match_02/frame_0018.jpg,data\frames_dense\online_match_02\frame_0018.jpg,0.666,375.7,232.6,388.8,255.3
online_match_02/frame_0018.jpg,data\frames_dense\online_match_02\frame_0018.jpg,0.475,442.7,284.3,456.1,303.6
online_match_02/frame_0018.jpg,data\frames_dense\online_match_02\frame_0018.jpg,0.289,440.0,284.3,453.5,303.6
online_match_02/frame_0018.jpg,data\frames_dense\online_match_02\frame_0018.jpg,0.258,354.6,383.3,363.9,398.8
online_match_02/frame_0019.jpg,data\frames_dense\online_match_02\frame_0019.jpg,0.654,375.8,232.8,388.9,255.8
online_match_02/frame_0019.jpg,data\frames_dense\online_match_02\frame_0019.jpg,0.418,442.6,284.3,456.1,303.7
online_match_02/frame_0019.jpg,data\frames_dense\online_match_02\frame_0019.jpg,0.275,440.0,284.2,453.5,303.6
online_match_02/frame_0020.jpg,data\frames_dense\online_match_02\frame_0020.jpg,0.64,375.8,233.6,388.8,255.9
online_match_02/frame_0020.jpg,data\frames_dense\online_match_02\frame_0020.jpg,0.435,442.8,284.1,456.1,303.6
online_match_02/frame_0020.jpg,data\frames_dense\online_match_02\frame_0020.jpg,0.263,376.9,232.9,392.1,254.7
online_match_02/frame_0021.jpg,data\frames_dense\online_match_02\frame_0021.jpg,0.58,375.9,234.6,389.5,256.7
online_match_02/frame_0021.jpg,data\frames_dense\online_match_02\frame_0021.jpg,0.557,442.9,284.2,456.1,303.6
online_match_02/frame_0021.jpg,data\frames_dense\online_match_02\frame_0021.jpg,0.306,239.5,52.4,252.3,73.1
online_match_02/frame_0021.jpg,data\frames_dense\online_match_02\frame_0021.jpg,0.265,440.0,284.2,453.9,303.5
online_match_02/frame_0022.jpg,data\frames_dense\online_match_02\frame_0022.jpg,0.543,375.9,234.7,389.8,256.9
online_match_02/frame_0022.jpg,data\frames_dense\online_match_02\frame_0022.jpg,0.536,442.9,284.1,456.1,303.7
online_match_02/frame_0022.jpg,data\frames_dense\online_match_02\frame_0022.jpg,0.304,239.5,52.4,252.3,73.0
online_match_02/frame_0022.jpg,data\frames_dense\online_match_02\frame_0022.jpg,0.252,440.0,284.1,453.9,303.6
online_match_02/frame_0023.jpg,data\frames_dense\online_match_02\frame_0023.jpg,0.544,375.9,235.8,389.1,256.7
online_match_02/frame_0023.jpg,data\frames_dense\online_match_02\frame_0023.jpg,0.495,442.8,284.2,456.1,303.7
online_match_02/frame_0023.jpg,data\frames_dense\online_match_02\frame_0023.jpg,0.388,377.8,235.6,392.1,255.9
online_match_02/frame_0023.jpg,data\frames_dense\online_match_02\frame_0023.jpg,0.304,239.5,52.4,252.3,73.1
online_match_02/frame_0024.jpg,data\frames_dense\online_match_02\frame_0024.jpg,0.646,375.8,234.5,389.3,257.5
online_match_02/frame_0024.jpg,data\frames_dense\online_match_02\frame_0024.jpg,0.338,443.7,284.2,456.1,303.5
online_match_02/frame_0024.jpg,data\frames_dense\online_match_02\frame_0024.jpg,0.288,239.5,52.4,252.5,73.0
online_match_02/frame_0025.jpg,data\frames_dense\online_match_02\frame_0025.jpg,0.721,387.4,235.4,399.7,256.6
online_match_02/frame_0025.jpg,data\frames_dense\online_match_02\frame_0025.jpg,0.276,369.7,383.4,378.2,398.1
online_match_02/frame_0025.jpg,data\frames_dense\online_match_02\frame_0025.jpg,0.252,453.4,284.3,464.0,301.8
online_match_02/frame_0026.jpg,data\frames_dense\online_match_02\frame_0026.jpg,0.755,414.5,233.5,428.3,258.0
online_match_02/frame_0026.jpg,data\frames_dense\online_match_02\frame_0026.jpg,0.546,481.4,288.6,492.5,307.2
online_match_02/frame_0027.jpg,data\frames_dense\online_match_02\frame_0027.jpg,0.718,452.0,236.3,465.3,258.7
online_match_02/frame_0027.jpg,data\frames_dense\online_match_02\frame_0027.jpg,0.626,516.6,289.1,527.9,307.5
online_match_02/frame_0028.jpg,data\frames_dense\online_match_02\frame_0028.jpg,0.674,501.5,237.6,513.5,257.4
online_match_02/frame_0028.jpg,data\frames_dense\online_match_02\frame_0028.jpg,0.294,234.8,343.1,242.9,361.7
online_match_02/frame_0028.jpg,data\frames_dense\online_match_02\frame_0028.jpg,0.292,232.0,345.9,243.3,362.5
online_match_02/frame_0029.jpg,data\frames_dense\online_match_02\frame_0029.jpg,0.549,580.8,238.6,591.9,255.2
online_match_02/frame_0029.jpg,data\frames_dense\online_match_02\frame_0029.jpg,0.527,319.3,341.3,328.2,354.2
online_match_02/frame_0029.jpg,data\frames_dense\online_match_02\frame_0029.jpg,0.52,194.0,340.6,203.1,355.7
online_match_02/frame_0029.jpg,data\frames_dense\online_match_02\frame_0029.jpg,0.455,1181.8,335.8,1192.3,351.6
online_match_02/frame_0030.jpg,data\frames_dense\online_match_02\frame_0030.jpg,0.603,663.8,229.1,676.7,247.5
online_match_02/frame_0030.jpg,data\frames_dense\online_match_02\frame_0030.jpg,0.344,241.6,53.5,252.3,72.2
online_match_02/frame_0030.jpg,data\frames_dense\online_match_02\frame_0030.jpg,0.338,493.3,334.6,501.4,349.6
online_match_02/frame_0031.jpg,data\frames_dense\online_match_02\frame_0031.jpg,0.711,723.8,215.5,736.4,238.3
online_match_02/frame_0031.jpg,data\frames_dense\online_match_02\frame_0031.jpg,0.496,788.2,266.9,799.3,286.4
online_match_02/frame_0031.jpg,data\frames_dense\online_match_02\frame_0031.jpg,0.328,241.9,54.5,252.5,72.0
online_match_02/frame_0031.jpg,data\frames_dense\online_match_02\frame_0031.jpg,0.309,365.2,276.8,372.2,290.4
online_match_02/frame_0032.jpg,data\frames_dense\online_match_02\frame_0032.jpg,0.715,735.1,213.7,747.6,236.5
online_match_02/frame_0032.jpg,data\frames_dense\online_match_02\frame_0032.jpg,0.584,798.8,268.8,810.1,288.2
online_match_02/frame_0032.jpg,data\frames_dense\online_match_02\frame_0032.jpg,0.352,242.0,54.4,252.6,71.7
online_match_02/frame_0032.jpg,data\frames_dense\online_match_02\frame_0032.jpg,0.296,337.4,375.5,345.5,388.7
online_match_02/frame_0033.jpg,data\frames_dense\online_match_02\frame_0033.jpg,0.718,739.7,215.8,752.3,240.4
online_match_02/frame_0033.jpg,data\frames_dense\online_match_02\frame_0033.jpg,0.384,334.9,373.4,344.8,390.2
online_match_02/frame_0033.jpg,data\frames_dense\online_match_02\frame_0033.jpg,0.264,242.2,54.3,252.6,71.3
online_match_02/frame_0034.jpg,data\frames_dense\online_match_02\frame_0034.jpg,0.717,743.1,217.3,756.0,242.0
online_match_02/frame_0035.jpg,data\frames_dense\online_match_02\frame_0035.jpg,0.777,752.0,217.4,764.6,240.8
online_match_02/frame_0036.jpg,data\frames_dense\online_match_02\frame_0036.jpg,0.764,751.1,216.5,764.6,241.8
online_match_02/frame_0037.jpg,data\frames_dense\online_match_02\frame_0037.jpg,0.704,743.1,217.7,756.1,241.8
online_match_02/frame_0037.jpg,data\frames_dense\online_match_02\frame_0037.jpg,0.555,343.2,385.1,352.6,402.0
online_match_02/frame_0038.jpg,data\frames_dense\online_match_02\frame_0038.jpg,0.7,711.1,223.1,723.2,246.2
online_match_02/frame_0039.jpg,data\frames_dense\online_match_02\frame_0039.jpg,0.752,670.9,233.9,682.6,254.9
online_match_02/frame_0039.jpg,data\frames_dense\online_match_02\frame_0039.jpg,0.563,565.7,386.8,574.0,401.4
online_match_02/frame_0040.jpg,data\frames_dense\online_match_02\frame_0040.jpg,0.685,636.6,235.6,648.4,254.7
online_match_02/frame_0040.jpg,data\frames_dense\online_match_02\frame_0040.jpg,0.498,528.8,392.3,537.0,405.9
online_match_02/frame_0040.jpg,data\frames_dense\online_match_02\frame_0040.jpg,0.343,263.8,408.7,274.1,422.0
online_match_02/frame_0041.jpg,data\frames_dense\online_match_02\frame_0041.jpg,0.742,590.1,235.8,601.6,255.5
online_match_02/frame_0041.jpg,data\frames_dense\online_match_02\frame_0041.jpg,0.657,482.9,397.3,491.5,410.4
online_match_02/frame_0041.jpg,data\frames_dense\online_match_02\frame_0041.jpg,0.623,241.8,405.6,252.7,421.9
online_match_02/frame_0041.jpg,data\frames_dense\online_match_02\frame_0041.jpg,0.276,1191.9,374.6,1201.2,387.4
online_match_02/frame_0042.jpg,data\frames_dense\online_match_02\frame_0042.jpg,0.66,524.6,228.6,536.2,247.3
online_match_02/frame_0042.jpg,data\frames_dense\online_match_02\frame_0042.jpg,0.342,423.7,393.9,438.8,414.6
online_match_02/frame_0042.jpg,data\frames_dense\online_match_02\frame_0042.jpg,0.315,424.9,392.7,436.9,411.7
online_match_02/frame_0042.jpg,data\frames_dense\online_match_02\frame_0042.jpg,0.3,188.3,393.8,200.0,409.4
online_match_02/frame_0042.jpg,data\frames_dense\online_match_02\frame_0042.jpg,0.255,242.0,53.0,252.6,71.0
online_match_02/frame_0043.jpg,data\frames_dense\online_match_02\frame_0043.jpg,0.646,477.4,223.8,488.6,243.3
online_match_02/frame_0043.jpg,data\frames_dense\online_match_02\frame_0043.jpg,0.567,545.4,281.1,556.5,302.5
online_match_02/frame_0044.jpg,data\frames_dense\online_match_02\frame_0044.jpg,0.695,460.2,218.3,475.6,244.6
online_match_02/frame_0044.jpg,data\frames_dense\online_match_02\frame_0044.jpg,0.511,532.3,276.1,542.8,295.5
online_match_02/frame_0044.jpg,data\frames_dense\online_match_02\frame_0044.jpg,0.415,131.0,396.1,142.1,414.0
online_match_02/frame_0045.jpg,data\frames_dense\online_match_02\frame_0045.jpg,0.669,532.0,275.3,542.6,295.3
online_match_02/frame_0045.jpg,data\frames_dense\online_match_02\frame_0045.jpg,0.654,459.3,218.3,473.7,241.9
online_match_02/frame_0045.jpg,data\frames_dense\online_match_02\frame_0045.jpg,0.584,127.5,392.6,138.3,409.8
online_match_02/frame_0045.jpg,data\frames_dense\online_match_02\frame_0045.jpg,0.271,239.5,52.4,252.6,74.7
online_match_02/frame_0046.jpg,data\frames_dense\online_match_02\frame_0046.jpg,0.737,478.2,219.0,493.2,245.5
online_match_02/frame_0046.jpg,data\frames_dense\online_match_02\frame_0046.jpg,0.689,145.6,391.6,156.4,408.3
online_match_02/frame_0046.jpg,data\frames_dense\online_match_02\frame_0046.jpg,0.413,363.4,210.1,376.1,229.0
online_match_02/frame_0046.jpg,data\frames_dense\online_match_02\frame_0046.jpg,0.326,551.4,280.8,560.8,297.2
online_match_02/frame_0046.jpg,data\frames_dense\online_match_02\frame_0046.jpg,0.256,358.2,400.5,366.6,416.8
online_match_02/frame_0047.jpg,data\frames_dense\online_match_02\frame_0047.jpg,0.573,577.8,280.8,588.1,299.8
online_match_02/frame_0047.jpg,data\frames_dense\online_match_02\frame_0047.jpg,0.558,503.6,220.2,517.6,244.7
online_match_02/frame_0047.jpg,data\frames_dense\online_match_02\frame_0047.jpg,0.349,164.5,377.8,176.4,397.5
online_match_02/frame_0047.jpg,data\frames_dense\online_match_02\frame_0047.jpg,0.301,370.8,393.9,379.1,408.8
online_match_02/frame_0048.jpg,data\frames_dense\online_match_02\frame_0048.jpg,0.746,525.7,218.6,541.0,246.3
online_match_02/frame_0048.jpg,data\frames_dense\online_match_02\frame_0048.jpg,0.716,191.6,373.9,202.3,389.9
online_match_02/frame_0049.jpg,data\frames_dense\online_match_02\frame_0049.jpg,0.522,208.8,375.7,218.3,390.2
online_match_02/frame_0049.jpg,data\frames_dense\online_match_02\frame_0049.jpg,0.415,550.5,224.5,560.8,245.7
online_match_02/frame_0050.jpg,data\frames_dense\online_match_02\frame_0050.jpg,0.762,560.6,227.9,573.7,253.0
online_match_02/frame_0050.jpg,data\frames_dense\online_match_02\frame_0050.jpg,0.4,215.3,375.6,225.2,395.1
online_match_02/frame_0050.jpg,data\frames_dense\online_match_02\frame_0050.jpg,0.317,241.3,53.3,252.9,73.1
online_match_02/frame_0051.jpg,data\frames_dense\online_match_02\frame_0051.jpg,0.648,567.6,232.8,580.9,257.3
online_match_02/frame_0052.jpg,data\frames_dense\online_match_02\frame_0052.jpg,0.722,566.3,234.8,580.1,261.1
online_match_02/frame_0052.jpg,data\frames_dense\online_match_02\frame_0052.jpg,0.476,328.0,147.1,341.3,164.8
online_match_02/frame_0052.jpg,data\frames_dense\online_match_02\frame_0052.jpg,0.356,634.5,293.8,648.1,316.7
online_match_02/frame_0052.jpg,data\frames_dense\online_match_02\frame_0052.jpg,0.282,632.0,293.2,645.9,316.3
online_match_02/frame_0053.jpg,data\frames_dense\online_match_02\frame_0053.jpg,0.663,535.4,228.9,550.0,255.5
online_match_02/frame_0053.jpg,data\frames_dense\online_match_02\frame_0053.jpg,0.316,241.4,53.6,252.8,72.3
online_match_02/frame_0054.jpg,data\frames_dense\online_match_02\frame_0054.jpg,0.762,507.4,217.9,522.3,242.1
online_match_02/frame_0054.jpg,data\frames_dense\online_match_02\frame_0054.jpg,0.283,343.0,387.0,352.9,405.0
online_match_02/frame_0055.jpg,data\frames_dense\online_match_02\frame_0055.jpg,0.65,487.0,213.9,501.5,240.5
online_match_02/frame_0055.jpg,data\frames_dense\online_match_02\frame_0055.jpg,0.44,1005.0,329.1,1016.0,344.1
online_match_02/frame_0055.jpg,data\frames_dense\online_match_02\frame_0055.jpg,0.35,241.3,52.6,253.0,72.6
online_match_02/frame_0055.jpg,data\frames_dense\online_match_02\frame_0055.jpg,0.283,1005.1,329.4,1013.4,345.5
online_match_02/frame_0056.jpg,data\frames_dense\online_match_02\frame_0056.jpg,0.707,484.1,216.8,496.4,240.4
online_match_02/frame_0056.jpg,data\frames_dense\online_match_02\frame_0056.jpg,0.385,241.2,52.5,253.1,73.1
online_match_02/frame_0057.jpg,data\frames_dense\online_match_02\frame_0057.jpg,0.518,487.9,222.6,501.0,245.7
online_match_02/frame_0057.jpg,data\frames_dense\online_match_02\frame_0057.jpg,0.515,489.5,220.6,504.1,243.6
online_match_02/frame_0057.jpg,data\frames_dense\online_match_02\frame_0057.jpg,0.465,557.3,279.4,568.3,298.3
online_match_02/frame_0057.jpg,data\frames_dense\online_match_02\frame_0057.jpg,0.349,227.1,311.2,236.3,325.7
online_match_02/frame_0057.jpg,data\frames_dense\online_match_02\frame_0057.jpg,0.318,241.7,53.0,253.3,72.2
online_match_02/frame_0058.jpg,data\frames_dense\online_match_02\frame_0058.jpg,0.594,573.7,293.8,584.3,311.3
online_match_02/frame_0058.jpg,data\frames_dense\online_match_02\frame_0058.jpg,0.523,503.7,235.7,518.3,261.5
online_match_02/frame_0059.jpg,data\frames_dense\online_match_02\frame_0059.jpg,0.764,531.2,245.3,545.1,272.4
online_match_02/frame_0060.jpg,data\frames_dense\online_match_02\frame_0060.jpg,0.78,561.3,246.6,575.0,272.5
online_match_02/frame_0060.jpg,data\frames_dense\online_match_02\frame_0060.jpg,0.358,667.5,211.7,680.1,228.5
online_match_02/frame_0060.jpg,data\frames_dense\online_match_02\frame_0060.jpg,0.274,664.0,211.6,677.7,229.0
online_match_02/frame_0061.jpg,data\frames_dense\online_match_02\frame_0061.jpg,0.761,572.9,244.2,587.9,272.3
online_match_02/frame_0062.jpg,data\frames_dense\online_match_02\frame_0062.jpg,0.697,574.0,243.9,589.3,272.9
online_match_02/frame_0063.jpg,data\frames_dense\online_match_02\frame_0063.jpg,0.72,574.9,243.7,590.1,272.9
online_match_02/frame_0064.jpg,data\frames_dense\online_match_02\frame_0064.jpg,0.765,577.4,245.2,591.3,272.8
online_match_02/frame_0064.jpg,data\frames_dense\online_match_02\frame_0064.jpg,0.351,446.7,379.1,457.3,396.8
online_match_02/frame_0065.jpg,data\frames_dense\online_match_02\frame_0065.jpg,0.767,576.3,244.5,590.7,272.2
online_match_02/frame_0066.jpg,data\frames_dense\online_match_02\frame_0066.jpg,0.78,574.1,242.6,589.6,271.1
online_match_02/frame_0066.jpg,data\frames_dense\online_match_02\frame_0066.jpg,0.453,639.2,300.7,651.7,322.7
online_match_02/frame_0067.jpg,data\frames_dense\online_match_02\frame_0067.jpg,0.765,571.2,245.3,585.3,271.3
online_match_02/frame_0068.jpg,data\frames_dense\online_match_02\frame_0068.jpg,0.724,567.1,241.4,582.6,271.5
online_match_02/frame_0068.jpg,data\frames_dense\online_match_02\frame_0068.jpg,0.656,257.6,538.6,274.4,565.6
online_match_02/frame_0069.jpg,data\frames_dense\online_match_02\frame_0069.jpg,0.765,562.5,244.8,577.2,272.8
online_match_02/frame_0070.jpg,data\frames_dense\online_match_02\frame_0070.jpg,0.768,555.9,244.2,570.5,271.1
online_match_02/frame_0071.jpg,data\frames_dense\online_match_02\frame_0071.jpg,0.729,551.3,242.2,566.1,271.2
online_match_02/frame_0071.jpg,data\frames_dense\online_match_02\frame_0071.jpg,0.305,98.5,629.2,114.0,655.9
online_match_02/frame_0072.jpg,data\frames_dense\online_match_02\frame_0072.jpg,0.763,545.7,245.2,559.7,273.0
online_match_02/frame_0072.jpg,data\frames_dense\online_match_02\frame_0072.jpg,0.255,241.3,83.6,252.7,103.0
online_match_02/frame_0073.jpg,data\frames_dense\online_match_02\frame_0073.jpg,0.789,542.6,242.6,558.2,271.9
online_match_02/frame_0073.jpg,data\frames_dense\online_match_02\frame_0073.jpg,0.263,239.5,82.9,252.7,104.1
online_match_02/frame_0074.jpg,data\frames_dense\online_match_02\frame_0074.jpg,0.752,542.7,242.6,557.6,270.3
online_match_02/frame_0074.jpg,data\frames_dense\online_match_02\frame_0074.jpg,0.251,239.5,83.1,252.8,104.5
online_match_02/frame_0075.jpg,data\frames_dense\online_match_02\frame_0075.jpg,0.756,541.3,244.0,556.1,271.3
online_match_02/frame_0075.jpg,data\frames_dense\online_match_02\frame_0075.jpg,0.416,305.1,404.5,319.7,433.1
online_match_02/frame_0075.jpg,data\frames_dense\online_match_02\frame_0075.jpg,0.274,239.5,83.2,252.8,104.7
online_match_02/frame_0076.jpg,data\frames_dense\online_match_02\frame_0076.jpg,0.479,538.4,243.2,554.0,271.2
online_match_02/frame_0076.jpg,data\frames_dense\online_match_02\frame_0076.jpg,0.267,239.5,83.2,252.8,105.5
online_match_02/frame_0076.jpg,data\frames_dense\online_match_02\frame_0076.jpg,0.259,830.2,411.9,840.6,433.2
online_match_02/frame_0077.jpg,data\frames_dense\online_match_02\frame_0077.jpg,0.616,535.0,240.8,551.2,271.5
online_match_02/frame_0077.jpg,data\frames_dense\online_match_02\frame_0077.jpg,0.274,241.3,84.2,252.8,104.4
online_match_02/frame_0078.jpg,data\frames_dense\online_match_02\frame_0078.jpg,0.667,533.9,240.7,548.7,270.7
online_match_02/frame_0078.jpg,data\frames_dense\online_match_02\frame_0078.jpg,0.318,240.9,84.5,252.3,105.0
online_match_02/frame_0079.jpg,data\frames_dense\online_match_02\frame_0079.jpg,0.391,531.2,239.0,545.7,267.9
online_match_02/frame_0080.jpg,data\frames_dense\online_match_02\frame_0080.jpg,0.756,527.4,238.1,542.2,265.8
online_match_02/frame_0081.jpg,data\frames_dense\online_match_02\frame_0081.jpg,0.769,527.5,238.1,542.9,266.3
online_match_02/frame_0081.jpg,data\frames_dense\online_match_02\frame_0081.jpg,0.357,257.2,388.9,267.3,406.1
online_match_02/frame_0082.jpg,data\frames_dense\online_match_02\frame_0082.jpg,0.763,527.0,236.3,542.8,265.4
online_match_02/frame_0083.jpg,data\frames_dense\online_match_02\frame_0083.jpg,0.748,527.4,237.0,542.5,264.9
online_match_02/frame_0083.jpg,data\frames_dense\online_match_02\frame_0083.jpg,0.61,276.5,413.1,290.2,436.1
online_match_02/frame_0084.jpg,data\frames_dense\online_match_02\frame_0084.jpg,0.744,527.4,237.2,542.1,264.5
online_match_02/frame_0084.jpg,data\frames_dense\online_match_02\frame_0084.jpg,0.256,592.9,295.8,605.4,319.9
online_match_02/frame_0085.jpg,data\frames_dense\online_match_02\frame_0085.jpg,0.742,527.1,237.1,541.9,264.2
online_match_02/frame_0085.jpg,data\frames_dense\online_match_02\frame_0085.jpg,0.384,276.2,412.3,287.6,432.2
online_match_02/frame_0086.jpg,data\frames_dense\online_match_02\frame_0086.jpg,0.767,527.7,237.8,542.6,265.3
online_match_02/frame_0087.jpg,data\frames_dense\online_match_02\frame_0087.jpg,0.69,545.0,238.1,557.9,264.0
online_match_02/frame_0087.jpg,data\frames_dense\online_match_02\frame_0087.jpg,0.539,312.0,413.2,323.1,431.0
online_match_02/frame_0087.jpg,data\frames_dense\online_match_02\frame_0087.jpg,0.43,208.3,367.3,221.9,390.8
online_match_02/frame_0087.jpg,data\frames_dense\online_match_02\frame_0087.jpg,0.4,241.4,84.3,252.9,103.8
online_match_02/frame_0087.jpg,data\frames_dense\online_match_02\frame_0087.jpg,0.262,313.5,414.2,328.0,430.2
online_match_02/frame_0088.jpg,data\frames_dense\online_match_02\frame_0088.jpg,0.675,567.7,240.1,580.2,262.4
online_match_02/frame_0088.jpg,data\frames_dense\online_match_02\frame_0088.jpg,0.556,241.3,84.7,252.5,104.6
online_match_02/frame_0088.jpg,data\frames_dense\online_match_02\frame_0088.jpg,0.457,438.4,399.8,448.7,418.7
online_match_02/frame_0088.jpg,data\frames_dense\online_match_02\frame_0088.jpg,0.416,213.6,370.6,226.6,390.9
online_match_02/frame_0088.jpg,data\frames_dense\online_match_02\frame_0088.jpg,0.358,363.3,415.3,376.0,430.5
online_match_02/frame_0088.jpg,data\frames_dense\online_match_02\frame_0088.jpg,0.309,360.0,415.2,371.9,431.2
online_match_02/frame_0089.jpg,data\frames_dense\online_match_02\frame_0089.jpg,0.626,589.4,239.6,600.9,261.0
online_match_02/frame_0089.jpg,data\frames_dense\online_match_02\frame_0089.jpg,0.551,241.8,84.5,252.7,104.0
online_match_02/frame_0089.jpg,data\frames_dense\online_match_02\frame_0089.jpg,0.298,408.0,415.4,418.2,431.6
online_match_02/frame_0090.jpg,data\frames_dense\online_match_02\frame_0090.jpg,0.613,615.6,238.8,628.4,261.3
online_match_02/frame_0090.jpg,data\frames_dense\online_match_02\frame_0090.jpg,0.611,241.2,84.4,252.7,104.8
online_match_02/frame_0090.jpg,data\frames_dense\online_match_02\frame_0090.jpg,0.481,235.7,368.1,245.0,387.6
online_match_02/frame_0090.jpg,data\frames_dense\online_match_02\frame_0090.jpg,0.456,235.7,366.8,248.1,385.1
online_match_02/frame_0090.jpg,data\frames_dense\online_match_02\frame_0090.jpg,0.278,533.4,396.8,542.6,414.5
online_match_02/frame_0091.jpg,data\frames_dense\online_match_02\frame_0091.jpg,0.707,643.6,237.0,656.6,261.3
online_match_02/frame_0091.jpg,data\frames_dense\online_match_02\frame_0091.jpg,0.491,708.6,296.0,719.5,316.9
online_match_02/frame_0091.jpg,data\frames_dense\online_match_02\frame_0091.jpg,0.482,255.1,363.5,264.6,380.5
online_match_02/frame_0091.jpg,data\frames_dense\online_match_02\frame_0091.jpg,0.38,241.2,85.0,252.6,104.6
online_match_02/frame_0091.jpg,data\frames_dense\online_match_02\frame_0091.jpg,0.319,520.0,414.9,530.7,430.7
online_match_02/frame_0092.jpg,data\frames_dense\online_match_02\frame_0092.jpg,0.737,669.7,235.6,682.1,258.9
online_match_02/frame_0092.jpg,data\frames_dense\online_match_02\frame_0092.jpg,0.332,241.4,85.4,252.0,104.3
online_match_02/frame_0092.jpg,data\frames_dense\online_match_02\frame_0092.jpg,0.252,734.5,297.3,744.6,316.3
online_match_02/frame_0093.jpg,data\frames_dense\online_match_02\frame_0093.jpg,0.607,698.4,236.4,712.2,258.5
online_match_02/frame_0093.jpg,data\frames_dense\online_match_02\frame_0093.jpg,0.431,241.2,85.3,252.0,104.8
online_match_02/frame_0093.jpg,data\frames_dense\online_match_02\frame_0093.jpg,0.299,764.1,296.8,776.0,314.7
online_match_02/frame_0094.jpg,data\frames_dense\online_match_02\frame_0094.jpg,0.706,722.1,237.0,735.1,259.9
online_match_02/frame_0094.jpg,data\frames_dense\online_match_02\frame_0094.jpg,0.58,241.3,84.7,252.7,104.9
online_match_02/frame_0094.jpg,data\frames_dense\online_match_02\frame_0094.jpg,0.455,670.2,413.5,680.1,428.5
online_match_02/frame_0095.jpg,data\frames_dense\online_match_02\frame_0095.jpg,0.645,736.4,239.0,748.8,261.2
online_match_02/frame_0095.jpg,data\frames_dense\online_match_02\frame_0095.jpg,0.413,241.7,84.8,252.8,104.3
online_match_02/frame_0095.jpg,data\frames_dense\online_match_02\frame_0095.jpg,0.408,351.0,364.1,360.3,378.3
online_match_02/frame_0095.jpg,data\frames_dense\online_match_02\frame_0095.jpg,0.365,701.0,412.6,712.0,428.0
online_match_02/frame_0095.jpg,data\frames_dense\online_match_02\frame_0095.jpg,0.257,799.7,299.1,809.0,317.4
online_match_02/frame_0096.jpg,data\frames_dense\online_match_02\frame_0096.jpg,0.573,746.9,241.4,756.8,260.4
online_match_02/frame_0096.jpg,data\frames_dense\online_match_02\frame_0096.jpg,0.473,241.4,85.6,252.2,104.2
online_match_02/frame_0096.jpg,data\frames_dense\online_match_02\frame_0096.jpg,0.375,376.0,362.9,386.6,379.2
online_match_02/frame_0096.jpg,data\frames_dense\online_match_02\frame_0096.jpg,0.357,744.0,242.7,756.5,261.7
online_match_02/frame_0097.jpg,data\frames_dense\online_match_02\frame_0097.jpg,0.712,753.3,240.5,765.0,262.9
online_match_02/frame_0097.jpg,data\frames_dense\online_match_02\frame_0097.jpg,0.651,401.2,365.8,409.5,380.0
online_match_02/frame_0097.jpg,data\frames_dense\online_match_02\frame_0097.jpg,0.259,241.6,85.4,252.1,103.3
online_match_02/frame_0098.jpg,data\frames_dense\online_match_02\frame_0098.jpg,0.7,759.7,241.3,771.4,263.7
online_match_02/frame_0098.jpg,data\frames_dense\online_match_02\frame_0098.jpg,0.549,828.9,299.8,840.2,318.9
online_match_02/frame_0098.jpg,data\frames_dense\online_match_02\frame_0098.jpg,0.286,764.0,402.3,776.1,421.4
online_match_02/frame_0099.jpg,data\frames_dense\online_match_02\frame_0099.jpg,0.699,830.7,300.3,841.3,320.7
online_match_02/frame_0099.jpg,data\frames_dense\online_match_02\frame_0099.jpg,0.684,450.3,365.6,461.3,383.2
online_match_02/frame_0099.jpg,data\frames_dense\online_match_02\frame_0099.jpg,0.683,766.0,240.3,778.0,261.8
online_match_02/frame_0099.jpg,data\frames_dense\online_match_02\frame_0099.jpg,0.531,766.1,401.6,776.2,419.8
online_match_02/frame_0100.jpg,data\frames_dense\online_match_02\frame_0100.jpg,0.716,766.2,240.2,778.7,262.4
online_match_02/frame_0100.jpg,data\frames_dense\online_match_02\frame_0100.jpg,0.687,468.2,365.8,478.2,383.9
online_match_02/frame_0101.jpg,data\frames_dense\online_match_02\frame_0101.jpg,0.596,765.9,241.2,777.4,260.9
online_match_02/frame_0101.jpg,data\frames_dense\online_match_02\frame_0101.jpg,0.555,487.9,366.4,498.2,383.7
online_match_02/frame_0101.jpg,data\frames_dense\online_match_02\frame_0101.jpg,0.304,241.2,85.4,252.1,104.4
online_match_02/frame_0101.jpg,data\frames_dense\online_match_02\frame_0101.jpg,0.286,755.9,400.9,765.6,417.7
online_match_02/frame_0102.jpg,data\frames_dense\online_match_02\frame_0102.jpg,0.617,765.9,241.1,777.6,261.1
online_match_02/frame_0102.jpg,data\frames_dense\online_match_02\frame_0102.jpg,0.504,504.0,369.0,514.4,386.4
online_match_02/frame_0102.jpg,data\frames_dense\online_match_02\frame_0102.jpg,0.302,241.2,85.4,252.2,104.6
online_match_02/frame_0103.jpg,data\frames_dense\online_match_02\frame_0103.jpg,0.635,764.2,241.9,777.1,264.1
online_match_02/frame_0103.jpg,data\frames_dense\online_match_02\frame_0103.jpg,0.477,523.1,368.9,531.9,385.6
online_match_02/frame_0103.jpg,data\frames_dense\online_match_02\frame_0103.jpg,0.363,520.0,368.5,532.3,386.1
online_match_02/frame_0104.jpg,data\frames_dense\online_match_02\frame_0104.jpg,0.743,765.2,244.3,777.9,267.0
online_match_02/frame_0104.jpg,data\frames_dense\online_match_02\frame_0104.jpg,0.463,718.3,403.2,725.5,416.0
online_match_02/frame_0104.jpg,data\frames_dense\online_match_02\frame_0104.jpg,0.434,540.4,373.8,552.4,394.9
online_match_02/frame_0104.jpg,data\frames_dense\online_match_02\frame_0104.jpg,0.422,718.6,402.6,728.0,417.5
online_match_02/frame_0105.jpg,data\frames_dense\online_match_02\frame_0105.jpg,0.645,764.0,244.6,776.6,268.2
online_match_02/frame_0105.jpg,data\frames_dense\online_match_02\frame_0105.jpg,0.459,700.1,399.2,712.0,415.5
online_match_02/frame_0105.jpg,data\frames_dense\online_match_02\frame_0105.jpg,0.295,554.7,374.5,563.9,392.5
online_match_02/frame_0105.jpg,data\frames_dense\online_match_02\frame_0105.jpg,0.29,241.4,85.2,252.5,104.6
online_match_02/frame_0106.jpg,data\frames_dense\online_match_02\frame_0106.jpg,0.566,763.8,246.2,776.3,268.2
online_match_02/frame_0106.jpg,data\frames_dense\online_match_02\frame_0106.jpg,0.534,574.3,374.8,585.1,394.1
online_match_02/frame_0106.jpg,data\frames_dense\online_match_02\frame_0106.jpg,0.416,679.8,397.9,688.4,412.2
online_match_02/frame_0107.jpg,data\frames_dense\online_match_02\frame_0107.jpg,0.57,764.0,246.0,776.3,267.9
online_match_02/frame_0107.jpg,data\frames_dense\online_match_02\frame_0107.jpg,0.39,652.5,399.1,664.0,413.1
online_match_02/frame_0107.jpg,data\frames_dense\online_match_02\frame_0107.jpg,0.327,652.2,399.0,659.9,412.5
online_match_02/frame_0108.jpg,data\frames_dense\online_match_02\frame_0108.jpg,0.261,597.4,383.2,607.9,402.0
online_match_02/frame_0109.jpg,data\frames_dense\online_match_02\frame_0109.jpg,0.368,599.5,383.6,609.0,401.7
online_match_02/frame_0109.jpg,data\frames_dense\online_match_02\frame_0109.jpg,0.269,762.8,243.7,776.5,267.9
online_match_02/frame_0110.jpg,data\frames_dense\online_match_02\frame_0110.jpg,0.489,590.1,380.8,600.5,400.3
online_match_02/frame_0111.jpg,data\frames_dense\online_match_02\frame_0111.jpg,0.486,580.4,378.2,591.0,396.3
online_match_02/frame_0111.jpg,data\frames_dense\online_match_02\frame_0111.jpg,0.439,762.4,243.3,776.5,268.7
online_match_02/frame_0111.jpg,data\frames_dense\online_match_02\frame_0111.jpg,0.287,759.8,244.1,774.5,270.4
online_match_02/frame_0112.jpg,data\frames_dense\online_match_02\frame_0112.jpg,0.576,687.7,404.8,696.2,417.6
online_match_02/frame_0112.jpg,data\frames_dense\online_match_02\frame_0112.jpg,0.538,563.5,376.9,574.3,395.2
online_match_02/frame_0112.jpg,data\frames_dense\online_match_02\frame_0112.jpg,0.477,764.2,245.0,777.2,268.3
online_match_02/frame_0113.jpg,data\frames_dense\online_match_02\frame_0113.jpg,0.527,701.1,406.4,712.0,422.1
online_match_02/frame_0113.jpg,data\frames_dense\online_match_02\frame_0113.jpg,0.357,764.5,243.6,777.6,267.7
online_match_02/frame_0113.jpg,data\frames_dense\online_match_02\frame_0113.jpg,0.289,548.1,375.9,559.9,396.1
online_match_02/frame_0114.jpg,data\frames_dense\online_match_02\frame_0114.jpg,0.587,530.5,374.9,541.3,394.6
online_match_02/frame_0114.jpg,data\frames_dense\online_match_02\frame_0114.jpg,0.309,716.9,406.6,723.7,419.6
online_match_02/frame_0114.jpg,data\frames_dense\online_match_02\frame_0114.jpg,0.254,712.0,407.9,724.2,422.5
online_match_02/frame_0115.jpg,data\frames_dense\online_match_02\frame_0115.jpg,0.682,516.0,373.8,526.6,393.4
online_match_02/frame_0115.jpg,data\frames_dense\online_match_02\frame_0115.jpg,0.356,728.0,408.9,737.7,424.2
online_match_02/frame_0116.jpg,data\frames_dense\online_match_02\frame_0116.jpg,0.52,493.0,377.1,504.1,393.8
online_match_02/frame_0116.jpg,data\frames_dense\online_match_02\frame_0116.jpg,0.272,241.3,85.2,252.4,104.7
online_match_02/frame_0117.jpg,data\frames_dense\online_match_02\frame_0117.jpg,0.714,477.4,375.1,488.2,393.1
online_match_02/frame_0118.jpg,data\frames_dense\online_match_02\frame_0118.jpg,0.744,464.4,374.5,474.7,391.5
online_match_02/frame_0119.jpg,data\frames_dense\online_match_02\frame_0119.jpg,0.747,449.9,371.8,460.3,390.2
online_match_02/frame_0119.jpg,data\frames_dense\online_match_02\frame_0119.jpg,0.352,754.4,413.7,762.6,428.8
online_match_02/frame_0119.jpg,data\frames_dense\online_match_02\frame_0119.jpg,0.325,241.3,85.4,252.3,104.7
online_match_02/frame_0120.jpg,data\frames_dense\online_match_02\frame_0120.jpg,0.761,433.9,373.3,444.5,391.3
online_match_02/frame_0120.jpg,data\frames_dense\online_match_02\frame_0120.jpg,0.293,241.2,85.3,252.3,104.8
online_match_02/frame_0120.jpg,data\frames_dense\online_match_02\frame_0120.jpg,0.255,743.9,418.4,753.7,433.2
online_match_02/frame_0121.jpg,data\frames_dense\online_match_02\frame_0121.jpg,0.694,422.2,371.0,432.4,388.2
online_match_02/frame_0121.jpg,data\frames_dense\online_match_02\frame_0121.jpg,0.31,241.2,85.3,252.2,104.7
online_match_02/frame_0122.jpg,data\frames_dense\online_match_02\frame_0122.jpg,0.528,413.9,372.8,424.4,388.1
online_match_02/frame_0122.jpg,data\frames_dense\online_match_02\frame_0122.jpg,0.295,241.2,85.3,252.2,104.8
online_match_02/frame_0123.jpg,data\frames_dense\online_match_02\frame_0123.jpg,0.69,406.4,369.7,416.2,388.6
online_match_02/frame_0123.jpg,data\frames_dense\online_match_02\frame_0123.jpg,0.295,765.6,244.8,777.2,266.4
online_match_02/frame_0123.jpg,data\frames_dense\online_match_02\frame_0123.jpg,0.289,241.3,85.4,252.3,104.5
online_match_02/frame_0124.jpg,data\frames_dense\online_match_02\frame_0124.jpg,0.7,402.5,370.3,412.9,389.0
online_match_02/frame_0124.jpg,data\frames_dense\online_match_02\frame_0124.jpg,0.307,241.2,85.4,252.3,104.7
online_match_02/frame_0125.jpg,data\frames_dense\online_match_02\frame_0125.jpg,0.585,400.1,371.2,409.8,387.4
online_match_02/frame_0125.jpg,data\frames_dense\online_match_02\frame_0125.jpg,0.502,763.2,241.6,776.1,260.8
online_match_02/frame_0125.jpg,data\frames_dense\online_match_02\frame_0125.jpg,0.372,241.5,85.2,252.3,104.3
online_match_02/frame_0125.jpg,data\frames_dense\online_match_02\frame_0125.jpg,0.345,759.9,242.7,773.1,262.8
online_match_02/frame_0126.jpg,data\frames_dense\online_match_02\frame_0126.jpg,0.702,755.4,241.8,765.8,262.4
online_match_02/frame_0126.jpg,data\frames_dense\online_match_02\frame_0126.jpg,0.557,399.0,372.0,408.5,387.3
online_match_02/frame_0126.jpg,data\frames_dense\online_match_02\frame_0126.jpg,0.446,241.7,85.2,252.6,104.5
online_match_02/frame_0126.jpg,data\frames_dense\online_match_02\frame_0126.jpg,0.408,820.3,298.8,830.3,317.6
online_match_02/frame_0127.jpg,data\frames_dense\online_match_02\frame_0127.jpg,0.705,739.5,241.0,750.6,262.7
online_match_02/frame_0127.jpg,data\frames_dense\online_match_02\frame_0127.jpg,0.62,804.8,299.4,814.2,316.5
online_match_02/frame_0127.jpg,data\frames_dense\online_match_02\frame_0127.jpg,0.569,721.8,414.5,730.3,429.7
online_match_02/frame_0127.jpg,data\frames_dense\online_match_02\frame_0127.jpg,0.555,397.2,372.6,405.0,385.8
online_match_02/frame_0127.jpg,data\frames_dense\online_match_02\frame_0127.jpg,0.433,241.5,85.5,252.1,104.4
online_match_02/frame_0127.jpg,data\frames_dense\online_match_02\frame_0127.jpg,0.257,396.4,371.8,408.0,384.8
online_match_02/frame_0128.jpg,data\frames_dense\online_match_02\frame_0128.jpg,0.746,782.7,298.6,793.3,319.1
online_match_02/frame_0128.jpg,data\frames_dense\online_match_02\frame_0128.jpg,0.687,384.7,366.6,393.7,382.9
online_match_02/frame_0128.jpg,data\frames_dense\online_match_02\frame_0128.jpg,0.678,241.4,85.0,253.1,104.8
online_match_02/frame_0128.jpg,data\frames_dense\online_match_02\frame_0128.jpg,0.571,717.4,240.7,728.3,260.0
online_match_02/frame_0128.jpg,data\frames_dense\online_match_02\frame_0128.jpg,0.446,701.7,409.9,712.0,424.2
online_match_02/frame_0129.jpg,data\frames_dense\online_match_02\frame_0129.jpg,0.72,684.8,234.3,696.4,254.0
online_match_02/frame_0129.jpg,data\frames_dense\online_match_02\frame_0129.jpg,0.715,366.6,365.1,376.2,380.8
online_match_02/frame_0129.jpg,data\frames_dense\online_match_02\frame_0129.jpg,0.53,241.5,85.1,252.3,104.7
online_match_02/frame_0129.jpg,data\frames_dense\online_match_02\frame_0129.jpg,0.263,669.2,405.5,680.0,420.0
online_match_02/frame_0130.jpg,data\frames_dense\online_match_02\frame_0130.jpg,0.701,703.6,284.6,713.2,302.1
online_match_02/frame_0130.jpg,data\frames_dense\online_match_02\frame_0130.jpg,0.692,327.8,357.6,339.0,375.0
online_match_02/frame_0130.jpg,data\frames_dense\online_match_02\frame_0130.jpg,0.69,638.9,226.6,649.8,244.6
online_match_02/frame_0130.jpg,data\frames_dense\online_match_02\frame_0130.jpg,0.656,627.9,398.3,635.3,412.3
online_match_02/frame_0130.jpg,data\frames_dense\online_match_02\frame_0130.jpg,0.516,241.6,85.2,252.7,104.4
online_match_02/frame_0131.jpg,data\frames_dense\online_match_02\frame_0131.jpg,0.757,577.6,215.0,590.1,236.9
online_match_02/frame_0131.jpg,data\frames_dense\online_match_02\frame_0131.jpg,0.61,644.4,272.2,655.1,292.5
online_match_02/frame_0131.jpg,data\frames_dense\online_match_02\frame_0131.jpg,0.46,242.3,84.8,253.0,102.2
online_match_02/frame_0132.jpg,data\frames_dense\online_match_02\frame_0132.jpg,0.694,604.2,264.4,616.4,286.1
online_match_02/frame_0132.jpg,data\frames_dense\online_match_02\frame_0132.jpg,0.688,535.2,202.2,549.5,228.2
online_match_02/frame_0133.jpg,data\frames_dense\online_match_02\frame_0133.jpg,0.451,524.3,200.7,537.1,223.7
online_match_02/frame_0133.jpg,data\frames_dense\online_match_02\frame_0133.jpg,0.302,209.2,350.0,222.6,372.4
online_match_02/frame_0134.jpg,data\frames_dense\online_match_02\frame_0134.jpg,0.569,523.5,202.2,537.0,226.9
online_match_02/frame_0135.jpg,data\frames_dense\online_match_02\frame_0135.jpg,0.716,532.2,202.2,545.5,226.6
online_match_02/frame_0135.jpg,data\frames_dense\online_match_02\frame_0135.jpg,0.388,608.1,269.0,619.3,289.7
online_match_02/frame_0135.jpg,data\frames_dense\online_match_02\frame_0135.jpg,0.287,239.3,83.4,252.6,106.6
online_match_02/frame_0136.jpg,data\frames_dense\online_match_02\frame_0136.jpg,0.728,550.6,203.0,565.0,230.4
online_match_02/frame_0137.jpg,data\frames_dense\online_match_02\frame_0137.jpg,0.643,669.8,277.8,681.8,299.5
online_match_02/frame_0137.jpg,data\frames_dense\online_match_02\frame_0137.jpg,0.515,590.4,206.3,603.4,230.7
online_match_02/frame_0137.jpg,data\frames_dense\online_match_02\frame_0137.jpg,0.264,239.2,83.4,252.6,105.5
online_match_02/frame_0138.jpg,data\frames_dense\online_match_02\frame_0138.jpg,0.661,647.4,206.1,659.2,228.7
online_match_02/frame_0139.jpg,data\frames_dense\online_match_02\frame_0139.jpg,0.656,706.9,204.2,720.9,227.9
online_match_02/frame_0139.jpg,data\frames_dense\online_match_02\frame_0139.jpg,0.303,269.6,398.0,278.3,414.5
online_match_02/frame_0140.jpg,data\frames_dense\online_match_02\frame_0140.jpg,0.734,741.9,203.1,756.4,231.3
online_match_02/frame_0140.jpg,data\frames_dense\online_match_02\frame_0140.jpg,0.336,827.9,278.2,840.2,294.6
online_match_02/frame_0140.jpg,data\frames_dense\online_match_02\frame_0140.jpg,0.317,304.1,391.4,316.2,408.6
online_match_02/frame_0141.jpg,data\frames_dense\online_match_02\frame_0141.jpg,0.618,744.5,208.3,757.2,233.3
online_match_02/frame_0142.jpg,data\frames_dense\online_match_02\frame_0142.jpg,0.692,742.8,213.6,757.9,241.4
online_match_02/frame_0142.jpg,data\frames_dense\online_match_02\frame_0142.jpg,0.627,317.2,383.0,328.6,401.3
online_match_02/frame_0142.jpg,data\frames_dense\online_match_02\frame_0142.jpg,0.395,677.4,398.5,688.7,416.2
online_match_02/frame_0142.jpg,data\frames_dense\online_match_02\frame_0142.jpg,0.251,239.6,84.1,252.5,104.7
online_match_02/frame_0143.jpg,data\frames_dense\online_match_02\frame_0143.jpg,0.705,740.2,222.6,754.0,247.8
online_match_02/frame_0143.jpg,data\frames_dense\online_match_02\frame_0143.jpg,0.512,315.6,383.9,328.1,403.6
online_match_02/frame_0144.jpg,data\frames_dense\online_match_02\frame_0144.jpg,0.616,736.8,226.6,752.3,256.1
online_match_02/frame_0144.jpg,data\frames_dense\online_match_02\frame_0144.jpg,0.548,816.9,298.3,827.2,319.3
online_match_02/frame_0144.jpg,data\frames_dense\online_match_02\frame_0144.jpg,0.541,320.4,387.1,331.3,405.4
online_match_02/frame_0145.jpg,data\frames_dense\online_match_02\frame_0145.jpg,0.622,727.8,232.0,742.0,258.0
online_match_02/frame_0146.jpg,data\frames_dense\online_match_02\frame_0146.jpg,0.743,706.5,233.6,721.0,260.3
online_match_02/frame_0146.jpg,data\frames_dense\online_match_02\frame_0146.jpg,0.404,343.3,400.1,351.4,417.3
online_match_02/frame_0146.jpg,data\frames_dense\online_match_02\frame_0146.jpg,0.262,784.7,300.6,794.6,319.1
online_match_02/frame_0146.jpg,data\frames_dense\online_match_02\frame_0146.jpg,0.262,242.0,85.4,252.7,105.0
online_match_02/frame_0147.jpg,data\frames_dense\online_match_02\frame_0147.jpg,0.639,681.7,234.6,694.5,259.7
online_match_02/frame_0148.jpg,data\frames_dense\online_match_02\frame_0148.jpg,0.725,657.1,234.4,671.1,260.7
online_match_02/frame_0148.jpg,data\frames_dense\online_match_02\frame_0148.jpg,0.398,731.3,299.3,744.2,319.8
online_match_02/frame_0148.jpg,data\frames_dense\online_match_02\frame_0148.jpg,0.308,241.5,85.5,252.8,104.5
online_match_02/frame_0149.jpg,data\frames_dense\online_match_02\frame_0149.jpg,0.728,629.0,235.1,642.9,260.9
online_match_02/frame_0149.jpg,data\frames_dense\online_match_02\frame_0149.jpg,0.618,701.4,300.3,712.6,320.3
online_match_02/frame_0150.jpg,data\frames_dense\online_match_02\frame_0150.jpg,0.675,599.3,234.7,612.9,258.8
online_match_02/frame_0150.jpg,data\frames_dense\online_match_02\frame_0150.jpg,0.58,670.7,300.2,682.0,320.7
online_match_02/frame_0150.jpg,data\frames_dense\online_match_02\frame_0150.jpg,0.343,295.2,396.0,304.8,413.1
online_match_02/frame_0150.jpg,data\frames_dense\online_match_02\frame_0150.jpg,0.322,242.1,85.3,252.2,102.3
online_match_02/frame_0151.jpg,data\frames_dense\online_match_02\frame_0151.jpg,0.751,575.4,233.7,589.0,258.5
online_match_02/frame_0151.jpg,data\frames_dense\online_match_02\frame_0151.jpg,0.655,259.3,396.8,272.5,416.4
online_match_02/frame_0151.jpg,data\frames_dense\online_match_02\frame_0151.jpg,0.518,385.3,387.5,394.3,403.4
online_match_02/frame_0151.jpg,data\frames_dense\online_match_02\frame_0151.jpg,0.428,647.8,298.5,660.2,320.4
online_match_02/frame_0151.jpg,data\frames_dense\online_match_02\frame_0151.jpg,0.305,560.2,398.1,571.5,418.4
online_match_02/frame_0151.jpg,data\frames_dense\online_match_02\frame_0151.jpg,0.263,242.0,85.1,251.9,102.2
online_match_02/frame_0152.jpg,data\frames_dense\online_match_02\frame_0152.jpg,0.726,546.3,235.4,558.9,259.3
online_match_02/frame_0152.jpg,data\frames_dense\online_match_02\frame_0152.jpg,0.573,432.0,278.2,441.1,292.9
online_match_02/frame_0152.jpg,data\frames_dense\online_match_02\frame_0152.jpg,0.567,620.1,298.9,632.4,319.8
online_match_02/frame_0152.jpg,data\frames_dense\online_match_02\frame_0152.jpg,0.501,223.6,395.2,236.7,416.8
online_match_02/frame_0152.jpg,data\frames_dense\online_match_02\frame_0152.jpg,0.457,365.6,383.0,376.1,400.0
online_match_02/frame_0153.jpg,data\frames_dense\online_match_02\frame_0153.jpg,0.74,515.3,234.6,528.2,258.7
online_match_02/frame_0153.jpg,data\frames_dense\online_match_02\frame_0153.jpg,0.561,590.8,298.8,602.2,320.5
online_match_02/frame_0153.jpg,data\frames_dense\online_match_02\frame_0153.jpg,0.456,512.8,415.1,521.5,431.1
online_match_02/frame_0153.jpg,data\frames_dense\online_match_02\frame_0153.jpg,0.382,331.3,383.0,344.0,398.0
online_match_02/frame_0153.jpg,data\frames_dense\online_match_02\frame_0153.jpg,0.355,181.3,393.2,195.0,417.2
online_match_02/frame_0153.jpg,data\frames_dense\online_match_02\frame_0153.jpg,0.288,328.0,383.0,340.2,398.3
online_match_02/frame_0154.jpg,data\frames_dense\online_match_02\frame_0154.jpg,0.736,498.6,234.2,512.0,258.6
online_match_02/frame_0154.jpg,data\frames_dense\online_match_02\frame_0154.jpg,0.724,575.4,299.4,586.6,320.0
online_match_02/frame_0154.jpg,data\frames_dense\online_match_02\frame_0154.jpg,0.544,306.3,387.7,315.1,403.1
online_match_02/frame_0154.jpg,data\frames_dense\online_match_02\frame_0154.jpg,0.369,163.7,392.7,177.0,414.6
online_match_02/frame_0155.jpg,data\frames_dense\online_match_02\frame_0155.jpg,0.625,490.1,235.7,502.5,259.8
online_match_02/frame_0155.jpg,data\frames_dense\online_match_02\frame_0155.jpg,0.438,567.6,298.6,578.9,320.0
online_match_02/frame_0156.jpg,data\frames_dense\online_match_02\frame_0156.jpg,0.754,494.7,233.8,508.3,258.5
online_match_02/frame_0156.jpg,data\frames_dense\online_match_02\frame_0156.jpg,0.412,573.1,300.6,584.2,320.1
online_match_02/frame_0157.jpg,data\frames_dense\online_match_02\frame_0157.jpg,0.589,511.8,235.0,525.9,262.1
online_match_02/frame_0157.jpg,data\frames_dense\online_match_02\frame_0157.jpg,0.506,705.8,112.9,717.6,132.9
online_match_02/frame_0158.jpg,data\frames_dense\online_match_02\frame_0158.jpg,0.736,530.9,234.5,543.8,258.8
online_match_02/frame_0158.jpg,data\frames_dense\online_match_02\frame_0158.jpg,0.659,605.2,300.5,616.7,321.7
online_match_02/frame_0159.jpg,data\frames_dense\online_match_02\frame_0159.jpg,0.652,551.2,238.6,562.8,261.4
online_match_02/frame_0160.jpg,data\frames_dense\online_match_02\frame_0160.jpg,0.685,577.2,237.3,590.4,262.0
online_match_02/frame_0160.jpg,data\frames_dense\online_match_02\frame_0160.jpg,0.29,241.4,85.0,252.0,103.3
online_match_02/frame_0161.jpg,data\frames_dense\online_match_02\frame_0161.jpg,0.759,766.4,229.9,777.4,250.1
online_match_02/frame_0161.jpg,data\frames_dense\online_match_02\frame_0161.jpg,0.688,608.9,237.1,622.3,262.4
online_match_02/frame_0161.jpg,data\frames_dense\online_match_02\frame_0161.jpg,0.325,241.5,84.9,252.1,102.9
online_match_02/frame_0162.jpg,data\frames_dense\online_match_02\frame_0162.jpg,0.63,637.0,236.1,649.7,259.2
online_match_02/frame_0162.jpg,data\frames_dense\online_match_02\frame_0162.jpg,0.581,792.0,258.4,804.2,275.6
online_match_02/frame_0162.jpg,data\frames_dense\online_match_02\frame_0162.jpg,0.541,708.5,300.8,721.0,322.4
online_match_02/frame_0162.jpg,data\frames_dense\online_match_02\frame_0162.jpg,0.355,212.8,439.3,223.3,454.8
online_match_02/frame_0162.jpg,data\frames_dense\online_match_02\frame_0162.jpg,0.335,241.2,84.8,252.0,103.8
online_match_02/frame_0162.jpg,data\frames_dense\online_match_02\frame_0162.jpg,0.262,793.4,257.5,808.0,275.0
online_match_02/frame_0163.jpg,data\frames_dense\online_match_02\frame_0163.jpg,0.713,672.9,221.6,686.7,246.4
online_match_02/frame_0164.jpg,data\frames_dense\online_match_02\frame_0164.jpg,0.718,691.3,217.3,705.4,243.1
online_match_02/frame_0164.jpg,data\frames_dense\online_match_02\frame_0164.jpg,0.458,717.8,339.7,729.7,361.2
online_match_02/frame_0165.jpg,data\frames_dense\online_match_02\frame_0165.jpg,0.684,691.1,221.9,703.2,246.4
online_match_02/frame_0165.jpg,data\frames_dense\online_match_02\frame_0165.jpg,0.264,241.2,85.1,251.8,103.7
online_match_02/frame_0166.jpg,data\frames_dense\online_match_02\frame_0166.jpg,0.767,689.2,226.5,702.1,250.1
online_match_02/frame_0166.jpg,data\frames_dense\online_match_02\frame_0166.jpg,0.401,241.0,85.4,251.8,104.8
online_match_02/frame_0166.jpg,data\frames_dense\online_match_02\frame_0166.jpg,0.328,461.7,364.4,472.1,378.1
online_match_02/frame_0166.jpg,data\frames_dense\online_match_02\frame_0166.jpg,0.294,272.1,376.1,280.4,389.3
online_match_02/frame_0167.jpg,data\frames_dense\online_match_02\frame_0167.jpg,0.771,685.9,231.5,698.2,254.2
online_match_02/frame_0167.jpg,data\frames_dense\online_match_02\frame_0167.jpg,0.514,695.4,362.9,704.1,376.9
online_match_02/frame_0167.jpg,data\frames_dense\online_match_02\frame_0167.jpg,0.448,240.9,85.0,252.3,104.9
online_match_02/frame_0167.jpg,data\frames_dense\online_match_02\frame_0167.jpg,0.382,749.6,285.6,760.2,302.6
online_match_02/frame_0167.jpg,data\frames_dense\online_match_02\frame_0167.jpg,0.261,468.4,359.5,477.5,372.5
online_match_02/frame_0168.jpg,data\frames_dense\online_match_02\frame_0168.jpg,0.694,677.5,237.3,689.2,258.4
online_match_02/frame_0168.jpg,data\frames_dense\online_match_02\frame_0168.jpg,0.621,737.7,291.4,747.9,308.6
online_match_02/frame_0168.jpg,data\frames_dense\online_match_02\frame_0168.jpg,0.464,241.2,85.4,252.9,105.4
online_match_02/frame_0168.jpg,data\frames_dense\online_match_02\frame_0168.jpg,0.417,335.7,367.7,344.3,383.2
online_match_02/frame_0169.jpg,data\frames_dense\online_match_02\frame_0169.jpg,0.545,725.1,291.2,734.2,307.3
online_match_02/frame_0169.jpg,data\frames_dense\online_match_02\frame_0169.jpg,0.515,350.9,366.7,360.1,381.2
online_match_02/frame_0169.jpg,data\frames_dense\online_match_02\frame_0169.jpg,0.482,241.1,85.2,252.6,105.3
online_match_02/frame_0169.jpg,data\frames_dense\online_match_02\frame_0169.jpg,0.391,663.8,242.5,675.9,262.6
online_match_02/frame_0169.jpg,data\frames_dense\online_match_02\frame_0169.jpg,0.375,666.7,241.6,680.1,260.4
online_match_02/frame_0170.jpg,data\frames_dense\online_match_02\frame_0170.jpg,0.71,653.1,244.9,664.4,264.5
online_match_02/frame_0171.jpg,data\frames_dense\online_match_02\frame_0171.jpg,0.788,643.7,247.1,655.6,270.0
online_match_02/frame_0172.jpg,data\frames_dense\online_match_02\frame_0172.jpg,0.489,631.8,252.4,643.7,271.1
online_match_02/frame_0173.jpg,data\frames_dense\online_match_02\frame_0173.jpg,0.77,620.3,248.8,632.4,271.4
online_match_02/frame_0174.jpg,data\frames_dense\online_match_02\frame_0174.jpg,0.752,613.2,251.2,625.0,273.0
online_match_02/frame_0175.jpg,data\frames_dense\online_match_02\frame_0175.jpg,0.767,605.2,250.6,616.4,271.6
online_match_02/frame_0176.jpg,data\frames_dense\online_match_02\frame_0176.jpg,0.478,603.2,252.3,616.1,270.1
online_match_02/frame_0176.jpg,data\frames_dense\online_match_02\frame_0176.jpg,0.253,655.9,297.8,665.5,316.3
online_match_02/frame_0177.jpg,data\frames_dense\online_match_02\frame_0177.jpg,0.49,603.2,252.9,616.1,270.3
online_match_02/frame_0177.jpg,data\frames_dense\online_match_02\frame_0177.jpg,0.276,655.7,297.7,665.2,315.9
online_match_02/frame_0178.jpg,data\frames_dense\online_match_02\frame_0178.jpg,0.529,603.2,252.5,616.1,270.2
online_match_02/frame_0178.jpg,data\frames_dense\online_match_02\frame_0178.jpg,0.38,655.9,298.1,665.2,315.8
online_match_02/frame_0179.jpg,data\frames_dense\online_match_02\frame_0179.jpg,0.55,602.5,252.3,616.1,270.4
online_match_02/frame_0179.jpg,data\frames_dense\online_match_02\frame_0179.jpg,0.416,656.2,297.9,665.6,316.0
online_match_02/frame_0179.jpg,data\frames_dense\online_match_02\frame_0179.jpg,0.346,599.9,252.9,612.7,271.2
online_match_02/frame_0180.jpg,data\frames_dense\online_match_02\frame_0180.jpg,0.566,603.0,253.1,616.1,270.4
online_match_02/frame_0180.jpg,data\frames_dense\online_match_02\frame_0180.jpg,0.419,656.1,297.9,665.6,316.5
online_match_02/frame_0181.jpg,data\frames_dense\online_match_02\frame_0181.jpg,0.518,656.1,297.9,665.7,316.6
online_match_02/frame_0181.jpg,data\frames_dense\online_match_02\frame_0181.jpg,0.404,599.6,253.0,610.9,270.5
online_match_02/frame_0182.jpg,data\frames_dense\online_match_02\frame_0182.jpg,0.637,655.5,298.3,665.2,316.7
online_match_02/frame_0182.jpg,data\frames_dense\online_match_02\frame_0182.jpg,0.483,599.4,253.4,610.1,270.2
online_match_02/frame_0183.jpg,data\frames_dense\online_match_02\frame_0183.jpg,0.672,655.3,298.7,665.1,317.1
online_match_02/frame_0183.jpg,data\frames_dense\online_match_02\frame_0183.jpg,0.288,599.1,254.3,609.5,271.0
online_match_02/frame_0184.jpg,data\frames_dense\online_match_02\frame_0184.jpg,0.646,655.8,298.7,665.3,316.6
online_match_02/frame_0184.jpg,data\frames_dense\online_match_02\frame_0184.jpg,0.638,599.4,253.6,609.7,270.8
online_match_02/frame_0185.jpg,data\frames_dense\online_match_02\frame_0185.jpg,0.706,656.7,298.1,666.6,316.7
online_match_02/frame_0185.jpg,data\frames_dense\online_match_02\frame_0185.jpg,0.576,599.5,253.5,609.9,270.6
online_match_02/frame_0186.jpg,data\frames_dense\online_match_02\frame_0186.jpg,0.7,657.7,297.7,668.1,317.0
online_match_02/frame_0186.jpg,data\frames_dense\online_match_02\frame_0186.jpg,0.568,599.1,252.6,610.1,271.3
online_match_02/frame_0187.jpg,data\frames_dense\online_match_02\frame_0187.jpg,0.639,662.0,297.8,672.6,317.7
online_match_02/frame_0187.jpg,data\frames_dense\online_match_02\frame_0187.jpg,0.394,602.1,252.9,616.1,271.7
online_match_02/frame_0188.jpg,data\frames_dense\online_match_02\frame_0188.jpg,0.317,604.1,252.4,616.6,271.1
online_match_02/frame_0188.jpg,data\frames_dense\online_match_02\frame_0188.jpg,0.268,663.3,298.3,672.6,317.1
online_match_02/frame_0189.jpg,data\frames_dense\online_match_02\frame_0189.jpg,0.452,605.5,252.5,616.5,269.6
online_match_02/frame_0190.jpg,data\frames_dense\online_match_02\frame_0190.jpg,0.691,604.9,251.9,616.5,270.7
online_match_02/frame_0190.jpg,data\frames_dense\online_match_02\frame_0190.jpg,0.351,428.7,366.4,440.0,379.9
online_match_02/frame_0190.jpg,data\frames_dense\online_match_02\frame_0190.jpg,0.341,663.6,298.3,673.1,316.7
online_match_02/frame_0191.jpg,data\frames_dense\online_match_02\frame_0191.jpg,0.684,605.2,252.1,616.6,270.8
online_match_02/frame_0191.jpg,data\frames_dense\online_match_02\frame_0191.jpg,0.321,663.7,298.6,673.6,317.2
online_match_02/frame_0192.jpg,data\frames_dense\online_match_02\frame_0192.jpg,0.719,606.2,251.8,618.6,272.9
online_match_02/frame_0192.jpg,data\frames_dense\online_match_02\frame_0192.jpg,0.317,416.6,362.6,426.1,378.2
online_match_02/frame_0193.jpg,data\frames_dense\online_match_02\frame_0193.jpg,0.72,608.3,252.4,620.3,273.2
online_match_02/frame_0193.jpg,data\frames_dense\online_match_02\frame_0193.jpg,0.322,663.7,297.9,673.5,316.3
online_match_02/frame_0194.jpg,data\frames_dense\online_match_02\frame_0194.jpg,0.716,608.0,251.9,620.5,273.4
online_match_02/frame_0194.jpg,data\frames_dense\online_match_02\frame_0194.jpg,0.392,386.4,360.0,395.5,374.4
online_match_02/frame_0195.jpg,data\frames_dense\online_match_02\frame_0195.jpg,0.747,607.8,251.4,620.5,273.2
online_match_02/frame_0195.jpg,data\frames_dense\online_match_02\frame_0195.jpg,0.464,376.0,359.2,387.9,374.5
online_match_02/frame_0196.jpg,data\frames_dense\online_match_02\frame_0196.jpg,0.75,606.8,252.1,619.5,273.6
online_match_02/frame_0196.jpg,data\frames_dense\online_match_02\frame_0196.jpg,0.562,368.9,357.6,378.2,371.8
online_match_02/frame_0197.jpg,data\frames_dense\online_match_02\frame_0197.jpg,0.7,604.5,251.8,616.1,270.9
online_match_02/frame_0197.jpg,data\frames_dense\online_match_02\frame_0197.jpg,0.504,350.8,357.4,360.5,372.3
online_match_02/frame_0198.jpg,data\frames_dense\online_match_02\frame_0198.jpg,0.728,597.8,253.2,608.9,272.7
online_match_02/frame_0199.jpg,data\frames_dense\online_match_02\frame_0199.jpg,0.744,588.9,251.6,600.6,272.0
online_match_02/frame_0200.jpg,data\frames_dense\online_match_02\frame_0200.jpg,0.737,580.2,253.1,590.7,272.4
online_match_02/frame_0200.jpg,data\frames_dense\online_match_02\frame_0200.jpg,0.326,294.3,355.1,305.2,371.7
online_match_02/frame_0201.jpg,data\frames_dense\online_match_02\frame_0201.jpg,0.357,565.8,254.7,576.4,271.7
online_match_02/frame_0201.jpg,data\frames_dense\online_match_02\frame_0201.jpg,0.328,621.6,296.8,632.1,311.5
online_match_02/frame_0202.jpg,data\frames_dense\online_match_02\frame_0202.jpg,0.625,612.0,298.8,620.6,314.8
online_match_02/frame_0202.jpg,data\frames_dense\online_match_02\frame_0202.jpg,0.541,555.8,254.2,568.0,270.6
online_match_02/frame_0203.jpg,data\frames_dense\online_match_02\frame_0203.jpg,0.567,541.0,254.0,553.4,272.4
online_match_02/frame_0203.jpg,data\frames_dense\online_match_02\frame_0203.jpg,0.28,599.6,298.1,608.6,314.0
online_match_02/frame_0204.jpg,data\frames_dense\online_match_02\frame_0204.jpg,0.684,531.5,253.8,541.0,271.6
online_match_02/frame_0204.jpg,data\frames_dense\online_match_02\frame_0204.jpg,0.529,584.0,298.4,595.1,316.5
online_match_02/frame_0204.jpg,data\frames_dense\online_match_02\frame_0204.jpg,0.296,239.3,52.0,252.4,73.3
online_match_02/frame_0205.jpg,data\frames_dense\online_match_02\frame_0205.jpg,0.613,573.3,298.5,584.1,316.2
online_match_02/frame_0205.jpg,data\frames_dense\online_match_02\frame_0205.jpg,0.394,518.6,255.4,528.8,271.8
online_match_02/frame_0206.jpg,data\frames_dense\online_match_02\frame_0206.jpg,0.738,562.2,298.8,571.4,316.7
online_match_02/frame_0206.jpg,data\frames_dense\online_match_02\frame_0206.jpg,0.577,509.0,253.9,520.1,270.3
online_match_02/frame_0207.jpg,data\frames_dense\online_match_02\frame_0207.jpg,0.752,549.3,299.7,558.1,317.1
online_match_02/frame_0207.jpg,data\frames_dense\online_match_02\frame_0207.jpg,0.617,494.7,255.3,504.7,272.0
online_match_02/frame_0207.jpg,data\frames_dense\online_match_02\frame_0207.jpg,0.274,212.1,364.5,222.1,379.5
online_match_02/frame_0208.jpg,data\frames_dense\online_match_02\frame_0208.jpg,0.575,483.9,256.9,492.8,274.1
online_match_02/frame_0208.jpg,data\frames_dense\online_match_02\frame_0208.jpg,0.492,192.6,365.8,202.5,382.0
online_match_02/frame_0209.jpg,data\frames_dense\online_match_02\frame_0209.jpg,0.697,468.1,257.0,477.6,274.2
online_match_02/frame_0210.jpg,data\frames_dense\online_match_02\frame_0210.jpg,0.684,455.7,260.5,466.5,279.4
online_match_02/frame_0211.jpg,data\frames_dense\online_match_02\frame_0211.jpg,0.482,241.6,52.8,253.3,72.6
online_match_02/frame_0211.jpg,data\frames_dense\online_match_02\frame_0211.jpg,0.44,444.0,261.3,456.1,278.2
online_match_02/frame_0211.jpg,data\frames_dense\online_match_02\frame_0211.jpg,0.352,500.4,307.4,508.9,323.9
online_match_02/frame_0212.jpg,data\frames_dense\online_match_02\frame_0212.jpg,0.747,433.6,264.4,444.0,283.4
online_match_02/frame_0212.jpg,data\frames_dense\online_match_02\frame_0212.jpg,0.392,241.1,52.5,253.0,73.2
online_match_02/frame_0213.jpg,data\frames_dense\online_match_02\frame_0213.jpg,0.714,422.8,265.8,434.6,286.9
online_match_02/frame_0213.jpg,data\frames_dense\online_match_02\frame_0213.jpg,0.42,240.8,52.0,253.1,73.1
online_match_02/frame_0214.jpg,data\frames_dense\online_match_02\frame_0214.jpg,0.74,414.2,264.9,425.6,285.3
online_match_02/frame_0214.jpg,data\frames_dense\online_match_02\frame_0214.jpg,0.29,240.9,52.4,253.7,72.8
online_match_02/frame_0215.jpg,data\frames_dense\online_match_02\frame_0215.jpg,0.626,412.5,264.3,424.0,282.3
online_match_02/frame_0215.jpg,data\frames_dense\online_match_02\frame_0215.jpg,0.327,240.8,53.5,253.2,73.3
online_match_02/frame_0215.jpg,data\frames_dense\online_match_02\frame_0215.jpg,0.287,467.5,307.1,476.3,323.4
online_match_02/frame_0216.jpg,data\frames_dense\online_match_02\frame_0216.jpg,0.572,407.8,268.5,419.0,287.3
online_match_02/frame_0216.jpg,data\frames_dense\online_match_02\frame_0216.jpg,0.484,240.9,52.6,253.2,73.6
online_match_02/frame_0217.jpg,data\frames_dense\online_match_02\frame_0217.jpg,0.605,407.5,266.5,418.3,285.7
online_match_02/frame_0217.jpg,data\frames_dense\online_match_02\frame_0217.jpg,0.529,160.7,379.1,172.2,398.6
online_match_02/frame_0217.jpg,data\frames_dense\online_match_02\frame_0217.jpg,0.334,240.9,52.4,253.4,73.5
online_match_02/frame_0218.jpg,data\frames_dense\online_match_02\frame_0218.jpg,0.708,405.8,265.0,416.2,285.1
online_match_02/frame_0218.jpg,data\frames_dense\online_match_02\frame_0218.jpg,0.328,160.8,381.1,171.6,399.8
online_match_02/frame_0218.jpg,data\frames_dense\online_match_02\frame_0218.jpg,0.305,366.7,404.3,376.1,417.3
online_match_02/frame_0219.jpg,data\frames_dense\online_match_02\frame_0219.jpg,0.701,400.1,267.2,411.0,287.7
online_match_02/frame_0219.jpg,data\frames_dense\online_match_02\frame_0219.jpg,0.277,455.9,310.8,466.6,327.3
online_match_02/frame_0220.jpg,data\frames_dense\online_match_02\frame_0220.jpg,0.743,397.1,266.4,409.3,288.1
online_match_02/frame_0220.jpg,data\frames_dense\online_match_02\frame_0220.jpg,0.42,241.3,52.7,253.3,73.2
online_match_02/frame_0221.jpg,data\frames_dense\online_match_02\frame_0221.jpg,0.703,397.6,265.9,408.3,285.6
online_match_02/frame_0221.jpg,data\frames_dense\online_match_02\frame_0221.jpg,0.292,450.5,309.0,461.7,329.8
online_match_02/frame_0222.jpg,data\frames_dense\online_match_02\frame_0222.jpg,0.529,395.9,264.8,408.0,282.2
online_match_02/frame_0222.jpg,data\frames_dense\online_match_02\frame_0222.jpg,0.463,396.4,264.7,404.9,282.5
online_match_02/frame_0222.jpg,data\frames_dense\online_match_02\frame_0222.jpg,0.365,241.4,52.7,253.6,73.3
online_match_02/frame_0222.jpg,data\frames_dense\online_match_02\frame_0222.jpg,0.29,392.0,264.8,405.7,283.4
online_match_02/frame_0222.jpg,data\frames_dense\online_match_02\frame_0222.jpg,0.253,450.1,309.4,460.5,328.8
online_match_02/frame_0223.jpg,data\frames_dense\online_match_02\frame_0223.jpg,0.468,395.4,265.5,408.0,282.7
online_match_02/frame_0223.jpg,data\frames_dense\online_match_02\frame_0223.jpg,0.462,396.1,265.7,404.3,282.5
online_match_02/frame_0223.jpg,data\frames_dense\online_match_02\frame_0223.jpg,0.421,241.4,52.7,253.5,73.3
online_match_02/frame_0223.jpg,data\frames_dense\online_match_02\frame_0223.jpg,0.385,392.0,265.7,405.0,283.2
online_match_02/frame_0224.jpg,data\frames_dense\online_match_02\frame_0224.jpg,0.584,392.0,265.4,404.3,284.0
online_match_02/frame_0224.jpg,data\frames_dense\online_match_02\frame_0224.jpg,0.529,395.1,265.7,403.9,283.1
online_match_02/frame_0224.jpg,data\frames_dense\online_match_02\frame_0224.jpg,0.438,241.4,52.8,253.4,73.4
online_match_02/frame_0224.jpg,data\frames_dense\online_match_02\frame_0224.jpg,0.393,394.3,265.2,408.0,283.9
online_match_02/frame_0225.jpg,data\frames_dense\online_match_02\frame_0225.jpg,0.592,392.0,265.2,404.1,283.4
online_match_02/frame_0225.jpg,data\frames_dense\online_match_02\frame_0225.jpg,0.507,394.9,265.3,403.6,282.7
online_match_02/frame_0225.jpg,data\frames_dense\online_match_02\frame_0225.jpg,0.434,241.4,52.8,253.4,73.3
online_match_02/frame_0225.jpg,data\frames_dense\online_match_02\frame_0225.jpg,0.342,394.2,265.0,408.0,283.2
online_match_02/frame_0226.jpg,data\frames_dense\online_match_02\frame_0226.jpg,0.623,391.9,265.6,403.5,283.3
online_match_02/frame_0226.jpg,data\frames_dense\online_match_02\frame_0226.jpg,0.472,241.5,52.8,253.5,73.3
online_match_02/frame_0227.jpg,data\frames_dense\online_match_02\frame_0227.jpg,0.489,391.9,265.3,403.8,281.6
online_match_02/frame_0227.jpg,data\frames_dense\online_match_02\frame_0227.jpg,0.45,241.4,52.8,253.5,73.3
online_match_02/frame_0227.jpg,data\frames_dense\online_match_02\frame_0227.jpg,0.341,394.5,264.7,403.0,281.7
online_match_02/frame_0228.jpg,data\frames_dense\online_match_02\frame_0228.jpg,0.476,241.5,52.8,254.0,73.6
online_match_02/frame_0228.jpg,data\frames_dense\online_match_02\frame_0228.jpg,0.413,396.3,265.7,408.1,282.2
online_match_02/frame_0228.jpg,data\frames_dense\online_match_02\frame_0228.jpg,0.349,178.2,387.0,188.0,403.3
online_match_02/frame_0228.jpg,data\frames_dense\online_match_02\frame_0228.jpg,0.329,453.6,308.7,463.0,325.7
online_match_02/frame_0228.jpg,data\frames_dense\online_match_02\frame_0228.jpg,0.308,396.8,265.3,405.0,282.3
online_match_02/frame_0229.jpg,data\frames_dense\online_match_02\frame_0229.jpg,0.478,241.0,52.6,254.1,74.3
online_match_02/frame_0229.jpg,data\frames_dense\online_match_02\frame_0229.jpg,0.405,486.3,305.7,496.1,323.1
online_match_02/frame_0230.jpg,data\frames_dense\online_match_02\frame_0230.jpg,0.515,556.7,298.2,568.3,317.1
online_match_02/frame_0230.jpg,data\frames_dense\online_match_02\frame_0230.jpg,0.344,306.8,379.4,315.2,392.7
online_match_02/frame_0231.jpg,data\frames_dense\online_match_02\frame_0231.jpg,0.325,241.4,53.6,253.5,73.2
online_match_02/frame_0234.jpg,data\frames_dense\online_match_02\frame_0234.jpg,0.639,711.3,226.8,721.3,245.0
online_match_02/frame_0236.jpg,data\frames_dense\online_match_02\frame_0236.jpg,0.314,241.7,53.5,252.6,72.4
online_match_02/frame_0238.jpg,data\frames_dense\online_match_02\frame_0238.jpg,0.671,658.3,218.9,669.3,240.5
online_match_02/frame_0239.jpg,data\frames_dense\online_match_02\frame_0239.jpg,0.724,646.4,218.4,657.8,239.7
online_match_02/frame_0240.jpg,data\frames_dense\online_match_02\frame_0240.jpg,0.503,631.9,210.9,645.7,235.0
online_match_02/frame_0240.jpg,data\frames_dense\online_match_02\frame_0240.jpg,0.265,696.0,265.4,708.0,286.9
online_match_02/frame_0241.jpg,data\frames_dense\online_match_02\frame_0241.jpg,0.317,628.0,211.3,638.4,232.3
online_match_02/frame_0242.jpg,data\frames_dense\online_match_02\frame_0242.jpg,0.704,614.5,205.7,627.8,230.2
online_match_02/frame_0242.jpg,data\frames_dense\online_match_02\frame_0242.jpg,0.287,680.0,261.6,692.7,281.7
online_match_02/frame_0242.jpg,data\frames_dense\online_match_02\frame_0242.jpg,0.27,241.4,53.0,252.7,72.7
online_match_02/frame_0243.jpg,data\frames_dense\online_match_02\frame_0243.jpg,0.542,241.4,52.7,252.7,72.7
online_match_02/frame_0243.jpg,data\frames_dense\online_match_02\frame_0243.jpg,0.464,439.8,372.0,449.6,388.6
online_match_02/frame_0243.jpg,data\frames_dense\online_match_02\frame_0243.jpg,0.286,599.1,204.2,610.8,223.9
online_match_02/frame_0244.jpg,data\frames_dense\online_match_02\frame_0244.jpg,0.594,583.1,202.4,595.2,223.7
online_match_02/frame_0244.jpg,data\frames_dense\online_match_02\frame_0244.jpg,0.29,241.5,53.4,252.8,72.8
online_match_02/frame_0245.jpg,data\frames_dense\online_match_02\frame_0245.jpg,0.66,567.6,201.9,581.2,225.1
online_match_02/frame_0245.jpg,data\frames_dense\online_match_02\frame_0245.jpg,0.508,365.8,367.4,376.1,385.0
online_match_02/frame_0245.jpg,data\frames_dense\online_match_02\frame_0245.jpg,0.279,241.2,53.6,252.4,73.0
online_match_02/frame_0246.jpg,data\frames_dense\online_match_02\frame_0246.jpg,0.591,559.8,201.1,573.0,224.2
online_match_02/frame_0246.jpg,data\frames_dense\online_match_02\frame_0246.jpg,0.335,241.1,53.8,252.2,72.9
online_match_02/frame_0247.jpg,data\frames_dense\online_match_02\frame_0247.jpg,0.614,551.0,201.7,564.1,225.3
online_match_02/frame_0247.jpg,data\frames_dense\online_match_02\frame_0247.jpg,0.491,240.7,53.7,252.0,73.3
online_match_02/frame_0248.jpg,data\frames_dense\online_match_02\frame_0248.jpg,0.581,542.6,194.8,556.9,222.2
online_match_02/frame_0248.jpg,data\frames_dense\online_match_02\frame_0248.jpg,0.407,240.3,52.6,252.8,73.3
online_match_02/frame_0248.jpg,data\frames_dense\online_match_02\frame_0248.jpg,0.309,242.8,366.6,256.3,388.8
online_match_02/frame_0249.jpg,data\frames_dense\online_match_02\frame_0249.jpg,0.704,542.8,189.7,556.5,215.5
online_match_02/frame_0249.jpg,data\frames_dense\online_match_02\frame_0249.jpg,0.6,240.5,52.5,252.6,73.2
online_match_02/frame_0249.jpg,data\frames_dense\online_match_02\frame_0249.jpg,0.403,213.1,361.7,223.9,380.7
online_match_02/frame_0250.jpg,data\frames_dense\online_match_02\frame_0250.jpg,0.542,241.0,52.9,253.0,72.7
online_match_02/frame_0250.jpg,data\frames_dense\online_match_02\frame_0250.jpg,0.404,174.2,364.5,184.4,381.9
online_match_02/frame_0251.jpg,data\frames_dense\online_match_02\frame_0251.jpg,0.468,573.9,186.6,586.1,208.0
online_match_02/frame_0252.jpg,data\frames_dense\online_match_02\frame_0252.jpg,0.759,590.8,181.4,604.2,206.0
online_match_02/frame_0252.jpg,data\frames_dense\online_match_02\frame_0252.jpg,0.332,136.0,367.4,148.2,384.2
online_match_02/frame_0253.jpg,data\frames_dense\online_match_02\frame_0253.jpg,0.613,614.3,180.7,626.3,204.0
online_match_02/frame_0253.jpg,data\frames_dense\online_match_02\frame_0253.jpg,0.513,123.5,369.0,136.0,386.0
online_match_02/frame_0253.jpg,data\frames_dense\online_match_02\frame_0253.jpg,0.276,120.0,369.0,133.8,386.1
online_match_02/frame_0254.jpg,data\frames_dense\online_match_02\frame_0254.jpg,0.6,703.4,237.8,715.7,262.7
online_match_02/frame_0254.jpg,data\frames_dense\online_match_02\frame_0254.jpg,0.429,107.7,366.9,117.2,384.2
online_match_02/frame_0254.jpg,data\frames_dense\online_match_02\frame_0254.jpg,0.404,638.7,178.1,650.4,199.0
online_match_02/frame_0254.jpg,data\frames_dense\online_match_02\frame_0254.jpg,0.361,104.0,366.9,116.7,383.9
online_match_02/frame_0254.jpg,data\frames_dense\online_match_02\frame_0254.jpg,0.339,106.3,367.1,120.0,383.8
online_match_02/frame_0254.jpg,data\frames_dense\online_match_02\frame_0254.jpg,0.253,239.5,83.3,252.7,104.3
online_match_02/frame_0255.jpg,data\frames_dense\online_match_02\frame_0255.jpg,0.706,663.7,179.1,677.4,204.4
online_match_02/frame_0256.jpg,data\frames_dense\online_match_02\frame_0256.jpg,0.527,686.3,179.5,699.0,202.8
online_match_02/frame_0256.jpg,data\frames_dense\online_match_02\frame_0256.jpg,0.262,239.6,83.2,252.7,103.9
online_match_02/frame_0257.jpg,data\frames_dense\online_match_02\frame_0257.jpg,0.626,711.1,178.7,723.8,202.1
online_match_02/frame_0257.jpg,data\frames_dense\online_match_02\frame_0257.jpg,0.262,241.4,83.5,252.4,102.3
online_match_02/frame_0258.jpg,data\frames_dense\online_match_02\frame_0258.jpg,0.765,742.6,178.0,755.5,202.9
online_match_02/frame_0258.jpg,data\frames_dense\online_match_02\frame_0258.jpg,0.514,813.1,239.1,824.7,261.3
online_match_02/frame_0258.jpg,data\frames_dense\online_match_02\frame_0258.jpg,0.366,241.4,83.6,252.4,102.0
online_match_02/frame_0258.jpg,data\frames_dense\online_match_02\frame_0258.jpg,0.358,102.8,356.5,114.1,372.8
online_match_02/frame_0259.jpg,data\frames_dense\online_match_02\frame_0259.jpg,0.557,583.6,307.6,596.6,334.6
online_match_02/frame_0259.jpg,data\frames_dense\online_match_02\frame_0259.jpg,0.417,771.0,179.0,784.6,203.0
online_match_02/frame_0259.jpg,data\frames_dense\online_match_02\frame_0259.jpg,0.259,241.0,83.9,252.0,102.3
online_match_02/frame_0260.jpg,data\frames_dense\online_match_02\frame_0260.jpg,0.522,623.4,308.4,635.3,328.9
online_match_02/frame_0260.jpg,data\frames_dense\online_match_02\frame_0260.jpg,0.454,807.2,180.1,819.6,204.4
online_match_02/frame_0260.jpg,data\frames_dense\online_match_02\frame_0260.jpg,0.311,241.1,84.1,252.3,102.5
online_match_02/frame_0261.jpg,data\frames_dense\online_match_02\frame_0261.jpg,0.495,240.9,84.6,251.7,103.1
online_match_02/frame_0261.jpg,data\frames_dense\online_match_02\frame_0261.jpg,0.284,908.2,244.1,918.7,262.9
online_match_02/frame_0261.jpg,data\frames_dense\online_match_02\frame_0261.jpg,0.265,833.3,180.8,846.5,205.7
online_match_02/frame_0262.jpg,data\frames_dense\online_match_02\frame_0262.jpg,0.298,240.9,84.7,252.5,104.8
online_match_02/frame_0263.jpg,data\frames_dense\online_match_02\frame_0263.jpg,0.745,854.7,182.3,869.3,209.0
online_match_02/frame_0263.jpg,data\frames_dense\online_match_02\frame_0263.jpg,0.34,241.5,83.9,253.1,104.1
online_match_02/frame_0263.jpg,data\frames_dense\online_match_02\frame_0263.jpg,0.289,922.7,248.1,936.1,271.6
online_match_02/frame_0264.jpg,data\frames_dense\online_match_02\frame_0264.jpg,0.609,861.7,184.2,875.3,207.3
online_match_02/frame_0264.jpg,data\frames_dense\online_match_02\frame_0264.jpg,0.398,241.4,84.0,252.3,103.5
online_match_02/frame_0264.jpg,data\frames_dense\online_match_02\frame_0264.jpg,0.296,928.0,249.5,940.2,272.7
online_match_02/frame_0265.jpg,data\frames_dense\online_match_02\frame_0265.jpg,0.693,870.3,185.0,884.5,208.9
online_match_02/frame_0265.jpg,data\frames_dense\online_match_02\frame_0265.jpg,0.278,940.2,249.7,952.1,271.4
online_match_02/frame_0266.jpg,data\frames_dense\online_match_02\frame_0266.jpg,0.755,878.1,183.4,892.6,209.5
online_match_02/frame_0267.jpg,data\frames_dense\online_match_02\frame_0267.jpg,0.773,894.1,183.9,909.5,211.5
online_match_02/frame_0267.jpg,data\frames_dense\online_match_02\frame_0267.jpg,0.534,963.1,248.3,975.7,271.2
online_match_02/frame_0268.jpg,data\frames_dense\online_match_02\frame_0268.jpg,0.749,914.0,184.5,930.3,213.4
online_match_02/frame_0269.jpg,data\frames_dense\online_match_02\frame_0269.jpg,0.731,936.3,184.2,953.5,213.9
online_match_02/frame_0269.jpg,data\frames_dense\online_match_02\frame_0269.jpg,0.688,1009.0,250.9,1020.0,272.7
online_match_02/frame_0270.jpg,data\frames_dense\online_match_02\frame_0270.jpg,0.607,1028.6,251.9,1040.2,273.6
online_match_02/frame_0270.jpg,data\frames_dense\online_match_02\frame_0270.jpg,0.594,957.5,185.7,971.9,210.4
online_match_02/frame_0270.jpg,data\frames_dense\online_match_02\frame_0270.jpg,0.402,127.9,347.1,137.0,362.4
online_match_02/frame_0273.jpg,data\frames_dense\online_match_02\frame_0273.jpg,0.601,995.5,193.8,1009.2,219.5
online_match_02/frame_0274.jpg,data\frames_dense\online_match_02\frame_0274.jpg,0.569,999.6,194.7,1015.1,223.1
online_match_02/frame_0275.jpg,data\frames_dense\online_match_02\frame_0275.jpg,0.375,1067.0,262.2,1080.0,283.8
online_match_02/frame_0275.jpg,data\frames_dense\online_match_02\frame_0275.jpg,0.287,994.5,200.8,1007.1,223.1
online_match_02/frame_0275.jpg,data\frames_dense\online_match_02\frame_0275.jpg,0.265,1064.0,262.3,1077.8,284.8
online_match_02/frame_0276.jpg,data\frames_dense\online_match_02\frame_0276.jpg,0.655,988.4,201.3,1002.0,224.7
online_match_02/frame_0276.jpg,data\frames_dense\online_match_02\frame_0276.jpg,0.423,1058.1,265.4,1070.1,287.7
online_match_02/frame_0277.jpg,data\frames_dense\online_match_02\frame_0277.jpg,0.661,980.5,204.4,997.1,233.0
online_match_02/frame_0278.jpg,data\frames_dense\online_match_02\frame_0278.jpg,0.509,967.2,205.7,980.7,230.9
online_match_02/frame_0279.jpg,data\frames_dense\online_match_02\frame_0279.jpg,0.733,1026.1,267.7,1036.4,288.7
online_match_02/frame_0279.jpg,data\frames_dense\online_match_02\frame_0279.jpg,0.268,239.5,84.8,252.4,105.8
online_match_02/frame_0280.jpg,data\frames_dense\online_match_02\frame_0280.jpg,0.576,1019.6,268.8,1032.1,289.2
online_match_02/frame_0280.jpg,data\frames_dense\online_match_02\frame_0280.jpg,0.509,950.7,210.8,961.7,231.4
online_match_02/frame_0280.jpg,data\frames_dense\online_match_02\frame_0280.jpg,0.268,241.3,85.5,252.2,104.2
online_match_02/frame_0281.jpg,data\frames_dense\online_match_02\frame_0281.jpg,0.769,946.4,209.9,958.6,232.7
online_match_02/frame_0282.jpg,data\frames_dense\online_match_02\frame_0282.jpg,0.715,942.1,209.9,955.5,233.3
online_match_02/frame_0282.jpg,data\frames_dense\online_match_02\frame_0282.jpg,0.438,1010.0,271.3,1020.6,293.3
online_match_02/frame_0283.jpg,data\frames_dense\online_match_02\frame_0283.jpg,0.582,940.8,212.3,953.0,233.4
online_match_02/frame_0283.jpg,data\frames_dense\online_match_02\frame_0283.jpg,0.382,1006.2,274.1,1017.4,296.5
online_match_02/frame_0284.jpg,data\frames_dense\online_match_02\frame_0284.jpg,0.525,939.9,214.1,952.2,235.4
online_match_02/frame_0284.jpg,data\frames_dense\online_match_02\frame_0284.jpg,0.343,1006.2,275.6,1017.2,298.9
online_match_02/frame_0285.jpg,data\frames_dense\online_match_02\frame_0285.jpg,0.598,939.2,214.5,952.1,235.5
online_match_02/frame_0285.jpg,data\frames_dense\online_match_02\frame_0285.jpg,0.495,938.0,213.6,949.9,236.9
online_match_02/frame_0285.jpg,data\frames_dense\online_match_02\frame_0285.jpg,0.407,1006.3,275.8,1017.0,298.1
online_match_02/frame_0286.jpg,data\frames_dense\online_match_02\frame_0286.jpg,0.408,937.8,213.5,949.8,237.0
online_match_02/frame_0286.jpg,data\frames_dense\online_match_02\frame_0286.jpg,0.388,939.2,214.3,952.2,235.9
online_match_02/frame_0286.jpg,data\frames_dense\online_match_02\frame_0286.jpg,0.288,131.6,371.3,140.2,386.0
online_match_02/frame_0287.jpg,data\frames_dense\online_match_02\frame_0287.jpg,0.289,1008.2,275.0,1019.1,297.8
online_match_02/frame_0288.jpg,data\frames_dense\online_match_02\frame_0288.jpg,0.495,671.0,331.6,681.3,349.1
online_match_02/frame_0288.jpg,data\frames_dense\online_match_02\frame_0288.jpg,0.364,122.8,384.4,136.0,400.7
online_match_02/frame_0288.jpg,data\frames_dense\online_match_02\frame_0288.jpg,0.278,120.0,384.3,131.0,401.0
online_match_02/frame_0288.jpg,data\frames_dense\online_match_02\frame_0288.jpg,0.25,938.3,214.2,950.0,237.4
online_match_02/frame_0289.jpg,data\frames_dense\online_match_02\frame_0289.jpg,0.325,669.2,329.4,680.2,346.2
online_match_02/frame_0292.jpg,data\frames_dense\online_match_02\frame_0292.jpg,0.504,1007.9,275.8,1018.6,298.0
online_match_02/frame_0292.jpg,data\frames_dense\online_match_02\frame_0292.jpg,0.448,939.4,215.7,952.2,236.9
online_match_02/frame_0293.jpg,data\frames_dense\online_match_02\frame_0293.jpg,0.586,1007.9,276.4,1018.0,297.0
online_match_02/frame_0293.jpg,data\frames_dense\online_match_02\frame_0293.jpg,0.493,935.8,216.0,949.3,239.3
online_match_02/frame_0293.jpg,data\frames_dense\online_match_02\frame_0293.jpg,0.335,612.0,325.6,621.6,341.9
online_match_02/frame_0293.jpg,data\frames_dense\online_match_02\frame_0293.jpg,0.263,938.3,216.9,952.1,237.6
online_match_02/frame_0294.jpg,data\frames_dense\online_match_02\frame_0294.jpg,0.686,935.3,214.7,948.2,238.7
online_match_02/frame_0294.jpg,data\frames_dense\online_match_02\frame_0294.jpg,0.498,1006.5,276.1,1017.0,296.7
online_match_02/frame_0295.jpg,data\frames_dense\online_match_02\frame_0295.jpg,0.555,1002.5,275.2,1011.2,293.1
online_match_02/frame_0296.jpg,data\frames_dense\online_match_02\frame_0296.jpg,0.666,972.6,275.4,984.2,295.7
online_match_02/frame_0296.jpg,data\frames_dense\online_match_02\frame_0296.jpg,0.458,903.6,218.0,916.3,238.8
online_match_02/frame_0297.jpg,data\frames_dense\online_match_02\frame_0297.jpg,0.713,919.6,273.0,929.8,293.1
online_match_02/frame_0297.jpg,data\frames_dense\online_match_02\frame_0297.jpg,0.358,235.4,242.2,242.1,254.8
online_match_02/frame_0298.jpg,data\frames_dense\online_match_02\frame_0298.jpg,0.697,211.5,242.8,221.9,260.1
online_match_02/frame_0299.jpg,data\frames_dense\online_match_02\frame_0299.jpg,0.612,341.2,337.3,350.8,354.5
online_match_02/frame_0299.jpg,data\frames_dense\online_match_02\frame_0299.jpg,0.447,716.3,217.0,728.2,234.8
online_match_02/frame_0299.jpg,data\frames_dense\online_match_02\frame_0299.jpg,0.363,780.1,269.9,790.1,289.7
online_match_02/frame_0299.jpg,data\frames_dense\online_match_02\frame_0299.jpg,0.327,241.6,84.9,252.1,103.9
online_match_02/frame_0300.jpg,data\frames_dense\online_match_02\frame_0300.jpg,0.687,250.4,341.4,264.2,361.8
online_match_02/frame_0300.jpg,data\frames_dense\online_match_02\frame_0300.jpg,0.661,701.6,267.5,712.2,286.5
online_match_02/frame_0301.jpg,data\frames_dense\online_match_02\frame_0301.jpg,0.801,165.9,341.3,178.8,364.3
online_match_02/frame_0301.jpg,data\frames_dense\online_match_02\frame_0301.jpg,0.531,560.3,203.3,570.4,220.4
online_match_02/frame_0301.jpg,data\frames_dense\online_match_02\frame_0301.jpg,0.504,759.7,298.8,771.0,315.0
online_match_02/frame_0301.jpg,data\frames_dense\online_match_02\frame_0301.jpg,0.29,627.0,262.0,636.9,279.9
online_match_02/frame_0302.jpg,data\frames_dense\online_match_02\frame_0302.jpg,0.729,558.3,252.6,568.9,273.3
online_match_02/frame_0302.jpg,data\frames_dense\online_match_02\frame_0302.jpg,0.367,90.6,344.8,104.2,365.3
online_match_02/frame_0302.jpg,data\frames_dense\online_match_02\frame_0302.jpg,0.348,241.0,83.9,252.8,104.2
online_match_02/frame_0303.jpg,data\frames_dense\online_match_02\frame_0303.jpg,0.622,457.1,184.9,472.1,210.7
online_match_02/frame_0303.jpg,data\frames_dense\online_match_02\frame_0303.jpg,0.616,532.7,250.4,545.0,272.7
online_match_02/frame_0303.jpg,data\frames_dense\online_match_02\frame_0303.jpg,0.289,910.8,188.0,921.9,206.3
online_match_02/frame_0304.jpg,data\frames_dense\online_match_02\frame_0304.jpg,0.677,849.5,83.0,861.0,101.1
online_match_02/frame_0304.jpg,data\frames_dense\online_match_02\frame_0304.jpg,0.577,529.7,264.2,542.9,288.0
online_match_02/frame_0304.jpg,data\frames_dense\online_match_02\frame_0304.jpg,0.451,452.3,199.5,467.2,224.6
online_match_02/frame_0305.jpg,data\frames_dense\online_match_02\frame_0305.jpg,0.525,539.5,285.5,552.2,304.1
online_match_02/frame_0305.jpg,data\frames_dense\online_match_02\frame_0305.jpg,0.47,457.6,218.6,472.9,243.9
online_match_02/frame_0306.jpg,data\frames_dense\online_match_02\frame_0306.jpg,0.754,486.3,227.2,501.3,253.9
online_match_02/frame_0306.jpg,data\frames_dense\online_match_02\frame_0306.jpg,0.585,759.4,173.1,772.6,194.9
online_match_02/frame_0306.jpg,data\frames_dense\online_match_02\frame_0306.jpg,0.311,568.0,296.4,581.4,319.1
online_match_02/frame_0307.jpg,data\frames_dense\online_match_02\frame_0307.jpg,0.797,622.6,296.4,634.2,319.2
online_match_02/frame_0307.jpg,data\frames_dense\online_match_02\frame_0307.jpg,0.771,741.5,354.8,753.5,374.9
online_match_02/frame_0307.jpg,data\frames_dense\online_match_02\frame_0307.jpg,0.382,535.5,224.0,552.5,251.2
online_match_02/frame_0307.jpg,data\frames_dense\online_match_02\frame_0307.jpg,0.354,239.6,83.4,252.7,106.3
online_match_02/frame_0308.jpg,data\frames_dense\online_match_02\frame_0308.jpg,0.726,775.5,287.6,788.0,309.4
online_match_02/frame_0308.jpg,data\frames_dense\online_match_02\frame_0308.jpg,0.698,676.3,290.9,687.0,310.8
online_match_02/frame_0308.jpg,data\frames_dense\online_match_02\frame_0308.jpg,0.513,592.0,220.4,606.9,242.7
online_match_02/frame_0309.jpg,data\frames_dense\online_match_02\frame_0309.jpg,0.741,818.5,204.0,833.1,231.0
online_match_02/frame_0309.jpg,data\frames_dense\online_match_02\frame_0309.jpg,0.616,730.4,262.4,744.2,287.7
online_match_02/frame_0310.jpg,data\frames_dense\online_match_02\frame_0310.jpg,0.748,846.3,253.8,862.5,282.0
online_match_02/frame_0310.jpg,data\frames_dense\online_match_02\frame_0310.jpg,0.679,774.0,239.0,786.5,264.9
online_match_02/frame_0311.jpg,data\frames_dense\online_match_02\frame_0311.jpg,0.558,724.6,139.4,741.6,167.4
online_match_02/frame_0311.jpg,data\frames_dense\online_match_02\frame_0311.jpg,0.518,807.9,212.0,820.4,236.4
online_match_02/frame_0311.jpg,data\frames_dense\online_match_02\frame_0311.jpg,0.29,809.0,212.2,824.0,233.9
online_match_02/frame_0312.jpg,data\frames_dense\online_match_02\frame_0312.jpg,0.731,547.0,125.7,561.0,149.1
online_match_02/frame_0312.jpg,data\frames_dense\online_match_02\frame_0312.jpg,0.632,744.2,136.8,758.0,162.3
online_match_02/frame_0312.jpg,data\frames_dense\online_match_02\frame_0312.jpg,0.502,823.9,206.8,835.2,227.4
online_match_02/frame_0312.jpg,data\frames_dense\online_match_02\frame_0312.jpg,0.258,241.2,83.9,252.9,103.6
online_match_02/frame_0313.jpg,data\frames_dense\online_match_02\frame_0313.jpg,0.719,453.6,206.3,461.8,222.7
online_match_02/frame_0313.jpg,data\frames_dense\online_match_02\frame_0313.jpg,0.646,769.2,140.1,784.0,165.4
online_match_02/frame_0313.jpg,data\frames_dense\online_match_02\frame_0313.jpg,0.464,848.7,211.2,858.8,231.4
online_match_02/frame_0313.jpg,data\frames_dense\online_match_02\frame_0313.jpg,0.267,453.0,206.0,464.2,221.5
online_match_02/frame_0314.jpg,data\frames_dense\online_match_02\frame_0314.jpg,0.732,773.6,146.9,787.6,173.2
online_match_02/frame_0314.jpg,data\frames_dense\online_match_02\frame_0314.jpg,0.64,850.7,213.8,861.8,234.4
online_match_02/frame_0315.jpg,data\frames_dense\online_match_02\frame_0315.jpg,0.626,831.8,222.0,843.9,244.9
online_match_02/frame_0316.jpg,data\frames_dense\online_match_02\frame_0316.jpg,0.721,802.6,242.9,813.8,265.0
online_match_02/frame_0316.jpg,data\frames_dense\online_match_02\frame_0316.jpg,0.546,729.5,177.0,744.2,201.4
online_match_02/frame_0317.jpg,data\frames_dense\online_match_02\frame_0317.jpg,0.566,340.9,358.2,350.2,373.6
online_match_02/frame_0317.jpg,data\frames_dense\online_match_02\frame_0317.jpg,0.565,708.3,197.6,721.6,223.7
online_match_02/frame_0317.jpg,data\frames_dense\online_match_02\frame_0317.jpg,0.467,778.5,260.7,792.0,282.4
online_match_02/frame_0317.jpg,data\frames_dense\online_match_02\frame_0317.jpg,0.421,776.0,260.2,790.0,283.1
online_match_02/frame_0318.jpg,data\frames_dense\online_match_02\frame_0318.jpg,0.599,386.6,388.3,395.9,404.6
online_match_02/frame_0318.jpg,data\frames_dense\online_match_02\frame_0318.jpg,0.384,766.2,266.6,778.7,288.0
online_match_02/frame_0319.jpg,data\frames_dense\online_match_02\frame_0319.jpg,0.698,277.1,278.2,287.3,294.7
online_match_02/frame_0319.jpg,data\frames_dense\online_match_02\frame_0319.jpg,0.687,686.2,212.6,698.0,234.2
online_match_02/frame_0319.jpg,data\frames_dense\online_match_02\frame_0319.jpg,0.678,386.1,390.2,396.5,405.8
online_match_02/frame_0319.jpg,data\frames_dense\online_match_02\frame_0319.jpg,0.524,540.7,355.7,552.1,372.7
online_match_02/frame_0320.jpg,data\frames_dense\online_match_02\frame_0320.jpg,0.567,392.0,392.5,403.2,406.9
online_match_02/frame_0320.jpg,data\frames_dense\online_match_02\frame_0320.jpg,0.492,670.4,215.8,682.4,238.8
online_match_02/frame_0320.jpg,data\frames_dense\online_match_02\frame_0320.jpg,0.297,395.0,392.2,403.3,408.8
online_match_02/frame_0321.jpg,data\frames_dense\online_match_02\frame_0321.jpg,0.699,403.3,389.3,411.6,403.2
online_match_02/frame_0321.jpg,data\frames_dense\online_match_02\frame_0321.jpg,0.635,718.5,278.2,729.1,297.8
online_match_02/frame_0321.jpg,data\frames_dense\online_match_02\frame_0321.jpg,0.557,647.9,218.1,661.7,239.6
online_match_02/frame_0321.jpg,data\frames_dense\online_match_02\frame_0321.jpg,0.464,255.8,383.0,264.3,396.4
online_match_02/frame_0322.jpg,data\frames_dense\online_match_02\frame_0322.jpg,0.659,398.6,394.9,408.0,409.9
online_match_02/frame_0322.jpg,data\frames_dense\online_match_02\frame_0322.jpg,0.626,226.3,396.9,234.1,411.1
online_match_02/frame_0322.jpg,data\frames_dense\online_match_02\frame_0322.jpg,0.592,685.5,284.5,696.2,301.6
online_match_02/frame_0322.jpg,data\frames_dense\online_match_02\frame_0322.jpg,0.484,615.7,226.1,626.3,244.4
online_match_02/frame_0322.jpg,data\frames_dense\online_match_02\frame_0322.jpg,0.267,131.3,422.7,143.9,441.6
online_match_02/frame_0323.jpg,data\frames_dense\online_match_02\frame_0323.jpg,0.553,580.1,232.3,591.6,254.6
online_match_02/frame_0323.jpg,data\frames_dense\online_match_02\frame_0323.jpg,0.504,389.9,402.9,398.6,418.2
online_match_02/frame_0323.jpg,data\frames_dense\online_match_02\frame_0323.jpg,0.291,440.0,81.5,452.9,99.9
online_match_02/frame_0324.jpg,data\frames_dense\online_match_02\frame_0324.jpg,0.681,540.6,235.1,552.1,253.9
online_match_02/frame_0324.jpg,data\frames_dense\online_match_02\frame_0324.jpg,0.57,610.1,293.9,619.5,314.8
online_match_02/frame_0324.jpg,data\frames_dense\online_match_02\frame_0324.jpg,0.52,366.2,405.2,373.2,417.1
online_match_02/frame_0324.jpg,data\frames_dense\online_match_02\frame_0324.jpg,0.517,262.0,389.2,268.2,401.3
online_match_02/frame_0324.jpg,data\frames_dense\online_match_02\frame_0324.jpg,0.372,365.5,405.2,376.0,418.0
online_match_02/frame_0324.jpg,data\frames_dense\online_match_02\frame_0324.jpg,0.371,130.6,429.4,140.9,444.5
online_match_02/frame_0325.jpg,data\frames_dense\online_match_02\frame_0325.jpg,0.569,328.0,405.3,337.9,421.3
online_match_02/frame_0325.jpg,data\frames_dense\online_match_02\frame_0325.jpg,0.504,509.3,234.4,521.3,255.8
online_match_02/frame_0325.jpg,data\frames_dense\online_match_02\frame_0325.jpg,0.421,330.1,404.8,338.3,419.5
online_match_02/frame_0325.jpg,data\frames_dense\online_match_02\frame_0325.jpg,0.29,241.6,84.5,253.3,105.2
online_match_02/frame_0325.jpg,data\frames_dense\online_match_02\frame_0325.jpg,0.289,134.2,414.8,144.7,433.5
online_match_02/frame_0325.jpg,data\frames_dense\online_match_02\frame_0325.jpg,0.267,579.8,292.6,591.6,318.1
online_match_02/frame_0326.jpg,data\frames_dense\online_match_02\frame_0326.jpg,0.738,495.8,234.3,508.7,257.7
online_match_02/frame_0326.jpg,data\frames_dense\online_match_02\frame_0326.jpg,0.432,145.6,415.6,156.9,434.4
online_match_02/frame_0326.jpg,data\frames_dense\online_match_02\frame_0326.jpg,0.298,241.4,84.5,252.9,104.6
online_match_02/frame_0327.jpg,data\frames_dense\online_match_02\frame_0327.jpg,0.703,486.2,235.0,498.1,256.4
online_match_02/frame_0327.jpg,data\frames_dense\online_match_02\frame_0327.jpg,0.29,241.0,84.8,252.4,105.1
online_match_02/frame_0328.jpg,data\frames_dense\online_match_02\frame_0328.jpg,0.714,469.1,234.5,482.0,257.5
online_match_02/frame_0328.jpg,data\frames_dense\online_match_02\frame_0328.jpg,0.464,120.0,396.9,132.5,416.2
online_match_02/frame_0328.jpg,data\frames_dense\online_match_02\frame_0328.jpg,0.336,241.1,84.8,252.4,105.0
online_match_02/frame_0328.jpg,data\frames_dense\online_match_02\frame_0328.jpg,0.322,231.8,405.0,242.1,421.2
online_match_02/frame_0328.jpg,data\frames_dense\online_match_02\frame_0328.jpg,0.317,540.9,297.0,552.1,316.0
online_match_02/frame_0329.jpg,data\frames_dense\online_match_02\frame_0329.jpg,0.726,464.8,233.2,478.0,257.6
online_match_02/frame_0329.jpg,data\frames_dense\online_match_02\frame_0329.jpg,0.665,536.0,294.7,548.0,317.8
online_match_02/frame_0329.jpg,data\frames_dense\online_match_02\frame_0329.jpg,0.549,200.0,408.2,212.7,427.1
online_match_02/frame_0329.jpg,data\frames_dense\online_match_02\frame_0329.jpg,0.474,131.3,389.6,143.7,410.6
online_match_02/frame_0329.jpg,data\frames_dense\online_match_02\frame_0329.jpg,0.344,537.7,295.3,552.0,316.7
online_match_02/frame_0329.jpg,data\frames_dense\online_match_02\frame_0329.jpg,0.295,240.8,84.7,252.0,105.3
online_match_02/frame_0330.jpg,data\frames_dense\online_match_02\frame_0330.jpg,0.67,467.5,234.1,480.8,256.5
online_match_02/frame_0330.jpg,data\frames_dense\online_match_02\frame_0330.jpg,0.472,539.7,294.4,552.1,315.2
online_match_02/frame_0331.jpg,data\frames_dense\online_match_02\frame_0331.jpg,0.74,479.2,233.6,490.7,254.3
online_match_02/frame_0331.jpg,data\frames_dense\online_match_02\frame_0331.jpg,0.724,183.4,378.4,194.2,397.0
online_match_02/frame_0331.jpg,data\frames_dense\online_match_02\frame_0331.jpg,0.515,135.9,413.0,145.7,429.5
online_match_02/frame_0331.jpg,data\frames_dense\online_match_02\frame_0331.jpg,0.253,241.3,84.9,252.2,104.1
online_match_02/frame_0332.jpg,data\frames_dense\online_match_02\frame_0332.jpg,0.68,113.8,412.8,123.0,428.5
online_match_02/frame_0332.jpg,data\frames_dense\online_match_02\frame_0332.jpg,0.603,498.4,229.7,511.0,253.4
online_match_02/frame_0332.jpg,data\frames_dense\online_match_02\frame_0332.jpg,0.602,231.8,371.2,242.9,387.8
online_match_02/frame_0332.jpg,data\frames_dense\online_match_02\frame_0332.jpg,0.257,239.6,83.6,252.7,105.9
online_match_02/frame_0333.jpg,data\frames_dense\online_match_02\frame_0333.jpg,0.613,515.7,228.8,528.5,254.7
online_match_02/frame_0333.jpg,data\frames_dense\online_match_02\frame_0333.jpg,0.55,269.0,364.7,279.2,383.8
online_match_02/frame_0333.jpg,data\frames_dense\online_match_02\frame_0333.jpg,0.518,96.4,409.4,106.1,426.9
online_match_02/frame_0334.jpg,data\frames_dense\online_match_02\frame_0334.jpg,0.733,543.1,225.4,556.4,249.0
online_match_02/frame_0334.jpg,data\frames_dense\online_match_02\frame_0334.jpg,0.27,306.6,363.3,314.8,378.6
online_match_02/frame_0334.jpg,data\frames_dense\online_match_02\frame_0334.jpg,0.259,97.4,411.8,106.5,428.0
online_match_02/frame_0335.jpg,data\frames_dense\online_match_02\frame_0335.jpg,0.508,578.5,227.1,588.0,246.6
online_match_02/frame_0335.jpg,data\frames_dense\online_match_02\frame_0335.jpg,0.495,111.6,409.0,120.4,423.5
online_match_02/frame_0335.jpg,data\frames_dense\online_match_02\frame_0335.jpg,0.422,350.8,357.6,360.6,372.8
online_match_02/frame_0336.jpg,data\frames_dense\online_match_02\frame_0336.jpg,0.591,389.5,355.9,400.7,372.7
online_match_02/frame_0336.jpg,data\frames_dense\online_match_02\frame_0336.jpg,0.454,152.0,404.6,163.1,420.7
online_match_02/frame_0336.jpg,data\frames_dense\online_match_02\frame_0336.jpg,0.385,119.8,406.8,128.2,422.5
online_match_02/frame_0337.jpg,data\frames_dense\online_match_02\frame_0337.jpg,0.651,647.8,226.9,659.4,247.0
online_match_02/frame_0337.jpg,data\frames_dense\online_match_02\frame_0337.jpg,0.64,194.7,404.7,204.0,421.1
online_match_02/frame_0337.jpg,data\frames_dense\online_match_02\frame_0337.jpg,0.314,416.0,354.4,427.3,371.3
online_match_02/frame_0338.jpg,data\frames_dense\online_match_02\frame_0338.jpg,0.469,241.5,84.7,252.6,104.3
online_match_02/frame_0338.jpg,data\frames_dense\online_match_02\frame_0338.jpg,0.273,667.6,225.9,680.3,244.9
online_match_02/frame_0339.jpg,data\frames_dense\online_match_02\frame_0339.jpg,0.676,418.4,354.0,430.9,373.9
online_match_02/frame_0339.jpg,data\frames_dense\online_match_02\frame_0339.jpg,0.522,681.9,225.4,696.1,247.0
online_match_02/frame_0339.jpg,data\frames_dense\online_match_02\frame_0339.jpg,0.475,235.2,405.9,243.2,421.3
online_match_02/frame_0339.jpg,data\frames_dense\online_match_02\frame_0339.jpg,0.427,241.7,85.1,252.3,104.4
online_match_02/frame_0340.jpg,data\frames_dense\online_match_02\frame_0340.jpg,0.659,401.2,354.9,413.0,374.8
online_match_02/frame_0340.jpg,data\frames_dense\online_match_02\frame_0340.jpg,0.617,686.7,226.2,699.1,247.7
online_match_02/frame_0340.jpg,data\frames_dense\online_match_02\frame_0340.jpg,0.337,241.6,85.2,252.2,104.5
online_match_02/frame_0340.jpg,data\frames_dense\online_match_02\frame_0340.jpg,0.322,253.2,409.7,264.0,425.6
online_match_02/frame_0341.jpg,data\frames_dense\online_match_02\frame_0341.jpg,0.747,692.7,226.4,704.4,249.4
online_match_02/frame_0341.jpg,data\frames_dense\online_match_02\frame_0341.jpg,0.42,241.3,84.8,252.2,104.5
online_match_02/frame_0341.jpg,data\frames_dense\online_match_02\frame_0341.jpg,0.297,274.6,412.5,282.4,426.9
online_match_02/frame_0341.jpg,data\frames_dense\online_match_02\frame_0341.jpg,0.27,390.7,356.5,401.1,373.3
online_match_02/frame_0342.jpg,data\frames_dense\online_match_02\frame_0342.jpg,0.708,700.9,226.2,712.8,247.4
online_match_02/frame_0342.jpg,data\frames_dense\online_match_02\frame_0342.jpg,0.687,286.6,407.6,296.3,422.9
online_match_02/frame_0342.jpg,data\frames_dense\online_match_02\frame_0342.jpg,0.456,380.5,355.6,392.1,373.4
online_match_02/frame_0342.jpg,data\frames_dense\online_match_02\frame_0342.jpg,0.32,241.5,85.0,251.9,103.6
online_match_02/frame_0343.jpg,data\frames_dense\online_match_02\frame_0343.jpg,0.735,720.9,226.6,733.2,248.5
online_match_02/frame_0343.jpg,data\frames_dense\online_match_02\frame_0343.jpg,0.602,375.8,356.8,387.3,376.5
online_match_02/frame_0343.jpg,data\frames_dense\online_match_02\frame_0343.jpg,0.6,307.9,402.0,317.2,419.4
online_match_02/frame_0343.jpg,data\frames_dense\online_match_02\frame_0343.jpg,0.436,241.5,84.7,252.8,105.0
online_match_02/frame_0344.jpg,data\frames_dense\online_match_02\frame_0344.jpg,0.703,740.0,227.4,751.3,249.0
online_match_02/frame_0344.jpg,data\frames_dense\online_match_02\frame_0344.jpg,0.669,318.8,405.0,328.3,420.6
online_match_02/frame_0344.jpg,data\frames_dense\online_match_02\frame_0344.jpg,0.573,241.8,84.8,252.9,104.8
online_match_02/frame_0344.jpg,data\frames_dense\online_match_02\frame_0344.jpg,0.287,375.9,355.1,387.9,375.6
online_match_02/frame_0345.jpg,data\frames_dense\online_match_02\frame_0345.jpg,0.638,335.8,407.1,345.1,421.6
online_match_02/frame_0345.jpg,data\frames_dense\online_match_02\frame_0345.jpg,0.633,759.1,226.4,771.9,249.1
online_match_02/frame_0345.jpg,data\frames_dense\online_match_02\frame_0345.jpg,0.602,241.6,84.8,252.7,104.6
online_match_02/frame_0345.jpg,data\frames_dense\online_match_02\frame_0345.jpg,0.449,381.5,356.4,392.4,376.5
online_match_02/frame_0346.jpg,data\frames_dense\online_match_02\frame_0346.jpg,0.712,383.4,354.8,394.1,375.0
online_match_02/frame_0346.jpg,data\frames_dense\online_match_02\frame_0346.jpg,0.592,772.4,228.1,785.0,251.2
online_match_02/frame_0346.jpg,data\frames_dense\online_match_02\frame_0346.jpg,0.53,359.9,398.8,369.4,416.9
online_match_02/frame_0346.jpg,data\frames_dense\online_match_02\frame_0346.jpg,0.528,241.6,85.2,252.1,103.9
online_match_02/frame_0347.jpg,data\frames_dense\online_match_02\frame_0347.jpg,0.554,386.8,396.3,397.5,412.9
online_match_02/frame_0347.jpg,data\frames_dense\online_match_02\frame_0347.jpg,0.523,241.5,84.9,252.1,103.8
online_match_02/frame_0347.jpg,data\frames_dense\online_match_02\frame_0347.jpg,0.454,784.1,226.3,797.5,250.7
online_match_02/frame_0348.jpg,data\frames_dense\online_match_02\frame_0348.jpg,0.587,241.5,84.8,252.2,103.6
online_match_02/frame_0348.jpg,data\frames_dense\online_match_02\frame_0348.jpg,0.509,788.5,228.1,801.3,252.9
online_match_02/frame_0348.jpg,data\frames_dense\online_match_02\frame_0348.jpg,0.265,371.1,356.9,380.3,372.4
online_match_02/frame_0349.jpg,data\frames_dense\online_match_02\frame_0349.jpg,0.631,241.6,84.8,252.2,103.6
online_match_02/frame_0349.jpg,data\frames_dense\online_match_02\frame_0349.jpg,0.55,369.2,356.6,378.6,373.2
online_match_02/frame_0349.jpg,data\frames_dense\online_match_02\frame_0349.jpg,0.521,788.3,227.6,801.5,252.9
online_match_02/frame_0349.jpg,data\frames_dense\online_match_02\frame_0349.jpg,0.327,392.0,396.6,404.0,413.4
online_match_02/frame_0349.jpg,data\frames_dense\online_match_02\frame_0349.jpg,0.267,862.5,289.6,873.5,309.4
online_match_02/frame_0350.jpg,data\frames_dense\online_match_02\frame_0350.jpg,0.598,788.7,228.0,801.8,252.7
online_match_02/frame_0350.jpg,data\frames_dense\online_match_02\frame_0350.jpg,0.578,241.7,84.9,252.2,103.4
online_match_02/frame_0350.jpg,data\frames_dense\online_match_02\frame_0350.jpg,0.319,383.5,399.0,392.4,414.9
online_match_02/frame_0350.jpg,data\frames_dense\online_match_02\frame_0350.jpg,0.274,863.3,291.8,873.2,309.4
online_match_02/frame_0351.jpg,data\frames_dense\online_match_02\frame_0351.jpg,0.592,241.7,84.8,252.2,103.3
online_match_02/frame_0351.jpg,data\frames_dense\online_match_02\frame_0351.jpg,0.589,391.8,355.7,401.6,370.8
online_match_02/frame_0351.jpg,data\frames_dense\online_match_02\frame_0351.jpg,0.544,788.7,228.0,801.5,252.8
online_match_02/frame_0351.jpg,data\frames_dense\online_match_02\frame_0351.jpg,0.295,863.6,291.3,873.1,307.9
online_match_02/frame_0352.jpg,data\frames_dense\online_match_02\frame_0352.jpg,0.688,789.4,227.9,803.4,254.6
online_match_02/frame_0352.jpg,data\frames_dense\online_match_02\frame_0352.jpg,0.636,366.2,412.0,376.1,426.4
online_match_02/frame_0352.jpg,data\frames_dense\online_match_02\frame_0352.jpg,0.569,241.7,84.8,252.1,103.5
online_match_02/frame_0352.jpg,data\frames_dense\online_match_02\frame_0352.jpg,0.506,405.3,356.6,415.7,373.0
online_match_02/frame_0352.jpg,data\frames_dense\online_match_02\frame_0352.jpg,0.354,862.1,290.3,872.8,308.8
online_match_02/frame_0353.jpg,data\frames_dense\online_match_02\frame_0353.jpg,0.6,788.7,229.3,801.6,254.0
online_match_02/frame_0353.jpg,data\frames_dense\online_match_02\frame_0353.jpg,0.578,422.7,352.9,433.1,371.6
online_match_02/frame_0353.jpg,data\frames_dense\online_match_02\frame_0353.jpg,0.562,241.6,84.8,252.1,103.5
online_match_02/frame_0353.jpg,data\frames_dense\online_match_02\frame_0353.jpg,0.546,352.2,396.8,360.5,409.0
online_match_02/frame_0353.jpg,data\frames_dense\online_match_02\frame_0353.jpg,0.346,861.4,289.8,872.4,307.3
online_match_02/frame_0354.jpg,data\frames_dense\online_match_02\frame_0354.jpg,0.683,433.0,352.0,445.8,373.5
online_match_02/frame_0354.jpg,data\frames_dense\online_match_02\frame_0354.jpg,0.665,335.9,392.7,344.7,406.7
online_match_02/frame_0354.jpg,data\frames_dense\online_match_02\frame_0354.jpg,0.58,785.2,228.1,797.5,252.7
online_match_02/frame_0354.jpg,data\frames_dense\online_match_02\frame_0354.jpg,0.458,241.4,85.3,251.7,103.8
online_match_02/frame_0354.jpg,data\frames_dense\online_match_02\frame_0354.jpg,0.431,859.7,288.8,872.3,309.5
online_match_02/frame_0354.jpg,data\frames_dense\online_match_02\frame_0354.jpg,0.262,493.5,379.9,504.0,393.0
online_match_02/frame_0355.jpg,data\frames_dense\online_match_02\frame_0355.jpg,0.691,241.1,85.0,251.8,104.2
online_match_02/frame_0355.jpg,data\frames_dense\online_match_02\frame_0355.jpg,0.579,318.1,391.5,328.0,404.4
online_match_02/frame_0355.jpg,data\frames_dense\online_match_02\frame_0355.jpg,0.55,435.2,350.1,446.4,367.6
online_match_02/frame_0355.jpg,data\frames_dense\online_match_02\frame_0355.jpg,0.418,775.9,230.3,788.7,253.1
online_match_02/frame_0355.jpg,data\frames_dense\online_match_02\frame_0355.jpg,0.335,850.2,289.6,862.4,310.5
online_match_02/frame_0355.jpg,data\frames_dense\online_match_02\frame_0355.jpg,0.254,779.0,230.2,792.2,250.7
online_match_02/frame_0356.jpg,data\frames_dense\online_match_02\frame_0356.jpg,0.66,767.2,232.8,778.5,254.9
online_match_02/frame_0356.jpg,data\frames_dense\online_match_02\frame_0356.jpg,0.648,837.2,291.6,849.2,312.6
online_match_02/frame_0356.jpg,data\frames_dense\online_match_02\frame_0356.jpg,0.648,438.2,348.2,449.3,366.3
online_match_02/frame_0356.jpg,data\frames_dense\online_match_02\frame_0356.jpg,0.551,241.4,85.0,252.0,104.4
online_match_02/frame_0356.jpg,data\frames_dense\online_match_02\frame_0356.jpg,0.506,296.0,390.7,307.2,404.4
online_match_02/frame_0356.jpg,data\frames_dense\online_match_02\frame_0356.jpg,0.367,657.7,216.7,669.3,236.7
online_match_02/frame_0357.jpg,data\frames_dense\online_match_02\frame_0357.jpg,0.709,752.1,232.5,763.6,254.4
online_match_02/frame_0357.jpg,data\frames_dense\online_match_02\frame_0357.jpg,0.669,241.3,85.0,252.4,105.0
online_match_02/frame_0357.jpg,data\frames_dense\online_match_02\frame_0357.jpg,0.658,437.9,350.4,448.4,365.6
online_match_02/frame_0357.jpg,data\frames_dense\online_match_02\frame_0357.jpg,0.588,279.8,385.7,288.1,401.0
online_match_02/frame_0358.jpg,data\frames_dense\online_match_02\frame_0358.jpg,0.604,241.3,85.1,252.0,104.6
online_match_02/frame_0358.jpg,data\frames_dense\online_match_02\frame_0358.jpg,0.591,727.9,233.8,740.8,255.0
online_match_02/frame_0358.jpg,data\frames_dense\online_match_02\frame_0358.jpg,0.582,263.9,382.6,273.3,398.2
online_match_02/frame_0358.jpg,data\frames_dense\online_match_02\frame_0358.jpg,0.434,730.5,233.7,744.1,253.7
online_match_02/frame_0359.jpg,data\frames_dense\online_match_02\frame_0359.jpg,0.677,247.9,379.4,258.0,396.2
online_match_02/frame_0359.jpg,data\frames_dense\online_match_02\frame_0359.jpg,0.635,706.4,234.4,716.6,254.4
online_match_02/frame_0359.jpg,data\frames_dense\online_match_02\frame_0359.jpg,0.487,241.7,85.1,252.2,104.1
online_match_02/frame_0360.jpg,data\frames_dense\online_match_02\frame_0360.jpg,0.673,229.7,374.6,239.0,389.8
online_match_02/frame_0360.jpg,data\frames_dense\online_match_02\frame_0360.jpg,0.623,683.8,236.4,696.2,254.8
online_match_02/frame_0360.jpg,data\frames_dense\online_match_02\frame_0360.jpg,0.592,683.4,236.4,693.4,256.8
online_match_02/frame_0360.jpg,data\frames_dense\online_match_02\frame_0360.jpg,0.304,241.6,85.3,252.3,104.7
online_match_02/frame_0361.jpg,data\frames_dense\online_match_02\frame_0361.jpg,0.776,210.8,373.6,221.4,391.0
online_match_02/frame_0361.jpg,data\frames_dense\online_match_02\frame_0361.jpg,0.761,656.5,234.3,668.5,256.8
online_match_02/frame_0361.jpg,data\frames_dense\online_match_02\frame_0361.jpg,0.747,370.2,340.3,379.2,355.5
online_match_02/frame_0361.jpg,data\frames_dense\online_match_02\frame_0361.jpg,0.402,241.4,84.8,252.9,104.8
online_match_02/frame_0362.jpg,data\frames_dense\online_match_02\frame_0362.jpg,0.649,241.4,84.6,253.0,104.9
online_match_02/frame_0362.jpg,data\frames_dense\online_match_02\frame_0362.jpg,0.556,631.7,237.0,643.6,256.0
online_match_02/frame_0362.jpg,data\frames_dense\online_match_02\frame_0362.jpg,0.323,349.7,340.4,360.0,354.2
online_match_02/frame_0363.jpg,data\frames_dense\online_match_02\frame_0363.jpg,0.694,688.1,294.5,703.3,322.8
online_match_02/frame_0363.jpg,data\frames_dense\online_match_02\frame_0363.jpg,0.547,614.8,237.3,627.0,256.5
online_match_02/frame_0363.jpg,data\frames_dense\online_match_02\frame_0363.jpg,0.436,241.6,84.9,252.4,103.9
online_match_02/frame_0364.jpg,data\frames_dense\online_match_02\frame_0364.jpg,0.519,241.7,84.0,253.0,104.6
online_match_02/frame_0364.jpg,data\frames_dense\online_match_02\frame_0364.jpg,0.503,677.5,294.3,693.0,322.3
online_match_02/frame_0364.jpg,data\frames_dense\online_match_02\frame_0364.jpg,0.425,606.4,235.2,617.8,255.3
online_match_02/frame_0364.jpg,data\frames_dense\online_match_02\frame_0364.jpg,0.316,337.1,329.1,347.3,346.7
online_match_02/frame_0365.jpg,data\frames_dense\online_match_02\frame_0365.jpg,0.745,671.2,295.1,686.3,323.1
online_match_02/frame_0365.jpg,data\frames_dense\online_match_02\frame_0365.jpg,0.444,241.7,84.4,253.1,104.5
online_match_02/frame_0366.jpg,data\frames_dense\online_match_02\frame_0366.jpg,0.664,671.1,297.2,684.5,321.8
online_match_02/frame_0366.jpg,data\frames_dense\online_match_02\frame_0366.jpg,0.421,241.7,84.6,252.5,104.5
online_match_02/frame_0367.jpg,data\frames_dense\online_match_02\frame_0367.jpg,0.546,599.4,242.0,612.8,264.7
online_match_02/frame_0367.jpg,data\frames_dense\online_match_02\frame_0367.jpg,0.404,241.8,84.7,252.4,104.0
online_match_02/frame_0367.jpg,data\frames_dense\online_match_02\frame_0367.jpg,0.279,673.0,298.8,684.3,319.8
online_match_02/frame_0368.jpg,data\frames_dense\online_match_02\frame_0368.jpg,0.603,671.2,299.3,684.0,322.7
online_match_02/frame_0368.jpg,data\frames_dense\online_match_02\frame_0368.jpg,0.261,239.6,84.2,252.4,105.6
online_match_02/frame_0369.jpg,data\frames_dense\online_match_02\frame_0369.jpg,0.26,672.1,300.2,683.6,322.0
online_match_02/frame_0370.jpg,data\frames_dense\online_match_02\frame_0370.jpg,0.315,239.4,84.2,252.4,106.0
online_match_02/frame_0371.jpg,data\frames_dense\online_match_02\frame_0371.jpg,0.368,241.3,84.8,252.6,104.4
online_match_02/frame_0371.jpg,data\frames_dense\online_match_02\frame_0371.jpg,0.344,668.4,301.4,681.0,322.8
online_match_02/frame_0372.jpg,data\frames_dense\online_match_02\frame_0372.jpg,0.529,603.4,249.8,616.2,268.8
online_match_02/frame_0372.jpg,data\frames_dense\online_match_02\frame_0372.jpg,0.347,241.3,84.9,252.2,104.3
online_match_02/frame_0373.jpg,data\frames_dense\online_match_02\frame_0373.jpg,0.638,603.2,249.1,616.1,270.2
online_match_02/frame_0373.jpg,data\frames_dense\online_match_02\frame_0373.jpg,0.356,599.9,250.4,613.4,271.2
online_match_02/frame_0373.jpg,data\frames_dense\online_match_02\frame_0373.jpg,0.327,239.5,84.3,252.5,106.0
online_match_02/frame_0374.jpg,data\frames_dense\online_match_02\frame_0374.jpg,0.696,602.9,250.0,616.1,270.7
online_match_02/frame_0374.jpg,data\frames_dense\online_match_02\frame_0374.jpg,0.664,669.8,304.7,681.0,325.5
online_match_02/frame_0374.jpg,data\frames_dense\online_match_02\frame_0374.jpg,0.327,599.9,250.4,614.1,271.0
online_match_02/frame_0374.jpg,data\frames_dense\online_match_02\frame_0374.jpg,0.268,239.5,84.2,252.7,106.0
online_match_02/frame_0375.jpg,data\frames_dense\online_match_02\frame_0375.jpg,0.703,604.3,251.8,616.5,272.1
online_match_02/frame_0375.jpg,data\frames_dense\online_match_02\frame_0375.jpg,0.659,668.8,304.0,680.6,324.6
online_match_02/frame_0376.jpg,data\frames_dense\online_match_02\frame_0376.jpg,0.684,605.9,255.4,616.8,275.8
online_match_02/frame_0376.jpg,data\frames_dense\online_match_02\frame_0376.jpg,0.369,669.4,305.8,680.3,323.1
online_match_02/frame_0377.jpg,data\frames_dense\online_match_02\frame_0377.jpg,0.715,606.9,256.6,618.0,277.7
online_match_02/frame_0377.jpg,data\frames_dense\online_match_02\frame_0377.jpg,0.338,668.9,306.7,680.7,326.3
online_match_02/frame_0377.jpg,data\frames_dense\online_match_02\frame_0377.jpg,0.259,239.6,84.0,253.2,106.3
online_match_02/frame_0378.jpg,data\frames_dense\online_match_02\frame_0378.jpg,0.733,606.8,255.9,619.1,277.8
online_match_02/frame_0379.jpg,data\frames_dense\online_match_02\frame_0379.jpg,0.675,608.0,255.6,620.5,275.9
online_match_02/frame_0379.jpg,data\frames_dense\online_match_02\frame_0379.jpg,0.259,239.5,83.5,253.1,105.5
online_match_02/frame_0380.jpg,data\frames_dense\online_match_02\frame_0380.jpg,0.667,607.9,256.9,619.1,276.0
online_match_02/frame_0381.jpg,data\frames_dense\online_match_02\frame_0381.jpg,0.658,607.5,258.3,619.3,278.3
online_match_02/frame_0382.jpg,data\frames_dense\online_match_02\frame_0382.jpg,0.695,606.9,262.6,617.0,280.9
online_match_02/frame_0382.jpg,data\frames_dense\online_match_02\frame_0382.jpg,0.261,239.5,84.1,252.3,105.1
online_match_02/frame_0383.jpg,data\frames_dense\online_match_02\frame_0383.jpg,0.75,606.2,263.4,616.8,282.9
online_match_02/frame_0384.jpg,data\frames_dense\online_match_02\frame_0384.jpg,0.709,604.8,264.6,616.4,285.3
online_match_02/frame_0384.jpg,data\frames_dense\online_match_02\frame_0384.jpg,0.347,659.0,312.2,671.9,333.0
online_match_02/frame_0385.jpg,data\frames_dense\online_match_02\frame_0385.jpg,0.732,604.5,264.7,616.3,286.0
online_match_02/frame_0385.jpg,data\frames_dense\online_match_02\frame_0385.jpg,0.437,658.9,314.3,669.0,332.5
online_match_02/frame_0386.jpg,data\frames_dense\online_match_02\frame_0386.jpg,0.62,603.8,266.8,616.2,286.6
online_match_02/frame_0386.jpg,data\frames_dense\online_match_02\frame_0386.jpg,0.51,656.5,315.0,667.4,334.7
online_match_02/frame_0386.jpg,data\frames_dense\online_match_02\frame_0386.jpg,0.26,241.1,84.1,253.8,104.9
online_match_02/frame_0387.jpg,data\frames_dense\online_match_02\frame_0387.jpg,0.377,604.1,269.2,616.3,286.8
online_match_02/frame_0387.jpg,data\frames_dense\online_match_02\frame_0387.jpg,0.255,239.3,83.6,252.9,105.3
online_match_02/frame_0388.jpg,data\frames_dense\online_match_02\frame_0388.jpg,0.412,240.7,83.5,253.7,105.3
online_match_02/frame_0389.jpg,data\frames_dense\online_match_02\frame_0389.jpg,0.523,240.8,83.6,253.4,105.4
online_match_02/frame_0389.jpg,data\frames_dense\online_match_02\frame_0389.jpg,0.506,604.2,270.5,616.2,287.1
online_match_02/frame_0390.jpg,data\frames_dense\online_match_02\frame_0390.jpg,0.485,241.1,83.0,253.0,103.9
online_match_02/frame_0391.jpg,data\frames_dense\online_match_02\frame_0391.jpg,0.669,599.7,274.2,610.5,292.6
online_match_02/frame_0391.jpg,data\frames_dense\online_match_02\frame_0391.jpg,0.266,241.1,83.2,252.9,103.9
online_match_02/frame_0392.jpg,data\frames_dense\online_match_02\frame_0392.jpg,0.505,598.7,274.9,608.4,292.5
online_match_02/frame_0393.jpg,data\frames_dense\online_match_02\frame_0393.jpg,0.666,599.1,274.8,609.2,293.2
online_match_02/frame_0393.jpg,data\frames_dense\online_match_02\frame_0393.jpg,0.451,241.2,83.5,253.1,104.9
online_match_02/frame_0394.jpg,data\frames_dense\online_match_02\frame_0394.jpg,0.683,241.2,83.8,253.5,107.1
online_match_02/frame_0394.jpg,data\frames_dense\online_match_02\frame_0394.jpg,0.616,594.4,276.8,605.1,296.2
online_match_02/frame_0395.jpg,data\frames_dense\online_match_02\frame_0395.jpg,0.628,241.2,83.4,253.6,107.9
online_match_02/frame_0395.jpg,data\frames_dense\online_match_02\frame_0395.jpg,0.519,589.0,279.3,601.0,298.9
online_match_02/frame_0396.jpg,data\frames_dense\online_match_02\frame_0396.jpg,0.542,241.3,83.9,253.3,107.5
online_match_02/frame_0396.jpg,data\frames_dense\online_match_02\frame_0396.jpg,0.289,589.3,281.5,600.6,298.9
online_match_02/frame_0397.jpg,data\frames_dense\online_match_02\frame_0397.jpg,0.561,241.2,83.8,253.2,107.2
online_match_02/frame_0398.jpg,data\frames_dense\online_match_02\frame_0398.jpg,0.583,241.2,83.8,253.3,107.3
online_match_02/frame_0399.jpg,data\frames_dense\online_match_02\frame_0399.jpg,0.575,241.2,83.8,253.3,107.3
online_match_02/frame_0400.jpg,data\frames_dense\online_match_02\frame_0400.jpg,0.582,241.2,83.8,253.3,107.4
online_match_02/frame_0401.jpg,data\frames_dense\online_match_02\frame_0401.jpg,0.634,241.3,83.9,253.4,107.5
online_match_02/frame_0402.jpg,data\frames_dense\online_match_02\frame_0402.jpg,0.629,241.3,83.8,253.4,107.6
online_match_02/frame_0403.jpg,data\frames_dense\online_match_02\frame_0403.jpg,0.637,241.4,83.9,253.4,107.5
online_match_02/frame_0404.jpg,data\frames_dense\online_match_02\frame_0404.jpg,0.628,241.4,83.9,253.4,107.4
online_match_02/frame_0405.jpg,data\frames_dense\online_match_02\frame_0405.jpg,0.568,241.4,84.1,253.4,107.4
online_match_02/frame_0406.jpg,data\frames_dense\online_match_02\frame_0406.jpg,0.577,241.2,83.8,253.2,107.4
online_match_02/frame_0407.jpg,data\frames_dense\online_match_02\frame_0407.jpg,0.501,241.3,84.0,253.2,107.3
online_match_02/frame_0408.jpg,data\frames_dense\online_match_02\frame_0408.jpg,0.524,241.3,83.7,253.4,107.6
online_match_02/frame_0409.jpg,data\frames_dense\online_match_02\frame_0409.jpg,0.52,241.3,83.9,253.2,107.3
online_match_02/frame_0410.jpg,data\frames_dense\online_match_02\frame_0410.jpg,0.544,241.2,83.8,253.3,107.4
online_match_02/frame_0411.jpg,data\frames_dense\online_match_02\frame_0411.jpg,0.545,241.2,83.7,253.3,107.5
online_match_02/frame_0412.jpg,data\frames_dense\online_match_02\frame_0412.jpg,0.545,241.3,83.7,253.3,107.4
online_match_02/frame_0413.jpg,data\frames_dense\online_match_02\frame_0413.jpg,0.537,241.3,83.7,253.3,107.1
online_match_02/frame_0414.jpg,data\frames_dense\online_match_02\frame_0414.jpg,0.568,241.3,83.7,253.3,107.1
online_match_02/frame_0415.jpg,data\frames_dense\online_match_02\frame_0415.jpg,0.583,241.3,83.8,253.3,107.0
online_match_02/frame_0416.jpg,data\frames_dense\online_match_02\frame_0416.jpg,0.568,241.4,83.8,253.3,107.0
online_match_02/frame_0417.jpg,data\frames_dense\online_match_02\frame_0417.jpg,0.559,241.4,83.8,253.3,107.0
online_match_02/frame_0418.jpg,data\frames_dense\online_match_02\frame_0418.jpg,0.602,241.3,83.9,253.2,107.2
online_match_02/frame_0419.jpg,data\frames_dense\online_match_02\frame_0419.jpg,0.68,241.3,83.9,253.3,107.4
online_match_02/frame_0420.jpg,data\frames_dense\online_match_02\frame_0420.jpg,0.675,241.3,83.9,253.3,107.4
online_match_02/frame_0421.jpg,data\frames_dense\online_match_02\frame_0421.jpg,0.694,241.4,83.9,253.5,107.8
online_match_02/frame_0422.jpg,data\frames_dense\online_match_02\frame_0422.jpg,0.67,241.5,84.3,253.4,107.5
online_match_02/frame_0422.jpg,data\frames_dense\online_match_02\frame_0422.jpg,0.267,589.4,280.2,601.0,298.4
online_match_02/frame_0423.jpg,data\frames_dense\online_match_02\frame_0423.jpg,0.679,241.5,84.0,253.5,107.7
online_match_02/frame_0423.jpg,data\frames_dense\online_match_02\frame_0423.jpg,0.28,590.1,280.4,601.2,298.2
online_match_02/frame_0424.jpg,data\frames_dense\online_match_02\frame_0424.jpg,0.687,241.4,83.8,253.3,107.2
online_match_02/frame_0425.jpg,data\frames_dense\online_match_02\frame_0425.jpg,0.688,241.4,83.8,253.3,107.0
online_match_02/frame_0425.jpg,data\frames_dense\online_match_02\frame_0425.jpg,0.463,589.5,281.2,601.1,300.3
online_match_02/frame_0426.jpg,data\frames_dense\online_match_02\frame_0426.jpg,0.684,241.4,83.8,253.3,106.9
online_match_02/frame_0426.jpg,data\frames_dense\online_match_02\frame_0426.jpg,0.435,589.8,281.3,601.1,299.9
online_match_02/frame_0427.jpg,data\frames_dense\online_match_02\frame_0427.jpg,0.67,241.4,83.9,253.3,107.1
online_match_02/frame_0427.jpg,data\frames_dense\online_match_02\frame_0427.jpg,0.474,589.8,282.5,600.9,300.4
online_match_02/frame_0428.jpg,data\frames_dense\online_match_02\frame_0428.jpg,0.683,241.4,83.9,253.3,107.1
online_match_02/frame_0428.jpg,data\frames_dense\online_match_02\frame_0428.jpg,0.449,589.8,282.6,600.7,300.7
online_match_02/frame_0429.jpg,data\frames_dense\online_match_02\frame_0429.jpg,0.626,241.6,84.2,253.3,106.9
online_match_02/frame_0429.jpg,data\frames_dense\online_match_02\frame_0429.jpg,0.42,589.9,282.9,600.9,300.8
online_match_02/frame_0430.jpg,data\frames_dense\online_match_02\frame_0430.jpg,0.638,241.2,84.0,253.1,107.2
online_match_02/frame_0430.jpg,data\frames_dense\online_match_02\frame_0430.jpg,0.443,590.1,283.3,601.0,300.9
online_match_02/frame_0431.jpg,data\frames_dense\online_match_02\frame_0431.jpg,0.656,241.2,83.9,253.1,107.2
online_match_02/frame_0431.jpg,data\frames_dense\online_match_02\frame_0431.jpg,0.346,589.9,283.4,601.0,301.1
online_match_02/frame_0432.jpg,data\frames_dense\online_match_02\frame_0432.jpg,0.589,241.2,84.1,253.1,107.1
online_match_02/frame_0432.jpg,data\frames_dense\online_match_02\frame_0432.jpg,0.382,590.4,283.2,601.2,301.0
online_match_02/frame_0433.jpg,data\frames_dense\online_match_02\frame_0433.jpg,0.587,241.2,84.2,252.9,107.0
online_match_02/frame_0433.jpg,data\frames_dense\online_match_02\frame_0433.jpg,0.427,590.2,283.3,601.2,301.0
online_match_02/frame_0434.jpg,data\frames_dense\online_match_02\frame_0434.jpg,0.672,241.2,84.1,253.0,107.2
online_match_02/frame_0434.jpg,data\frames_dense\online_match_02\frame_0434.jpg,0.548,589.6,283.1,600.9,301.1
online_match_02/frame_0435.jpg,data\frames_dense\online_match_02\frame_0435.jpg,0.688,241.3,84.1,253.1,107.1
online_match_02/frame_0435.jpg,data\frames_dense\online_match_02\frame_0435.jpg,0.449,589.7,283.9,600.9,301.1
online_match_02/frame_0436.jpg,data\frames_dense\online_match_02\frame_0436.jpg,0.694,241.3,84.1,253.2,107.2
online_match_02/frame_0436.jpg,data\frames_dense\online_match_02\frame_0436.jpg,0.387,589.9,284.0,600.9,301.0
online_match_02/frame_0437.jpg,data\frames_dense\online_match_02\frame_0437.jpg,0.654,241.5,84.3,253.2,106.7
online_match_02/frame_0437.jpg,data\frames_dense\online_match_02\frame_0437.jpg,0.299,590.0,283.6,601.0,300.5
online_match_02/frame_0438.jpg,data\frames_dense\online_match_02\frame_0438.jpg,0.656,241.4,84.1,253.1,106.8
online_match_02/frame_0438.jpg,data\frames_dense\online_match_02\frame_0438.jpg,0.348,590.1,283.7,601.0,300.5
online_match_02/frame_0439.jpg,data\frames_dense\online_match_02\frame_0439.jpg,0.644,241.4,84.1,253.1,106.8
online_match_02/frame_0439.jpg,data\frames_dense\online_match_02\frame_0439.jpg,0.305,590.0,283.7,601.0,300.5
online_match_02/frame_0440.jpg,data\frames_dense\online_match_02\frame_0440.jpg,0.645,241.4,84.1,253.1,106.8
online_match_02/frame_0440.jpg,data\frames_dense\online_match_02\frame_0440.jpg,0.362,590.0,283.6,601.0,300.7
online_match_02/frame_0441.jpg,data\frames_dense\online_match_02\frame_0441.jpg,0.654,241.4,84.1,253.1,106.9
online_match_02/frame_0441.jpg,data\frames_dense\online_match_02\frame_0441.jpg,0.392,590.2,283.5,601.0,300.5
online_match_02/frame_0442.jpg,data\frames_dense\online_match_02\frame_0442.jpg,0.664,241.2,84.1,253.1,107.1
online_match_02/frame_0442.jpg,data\frames_dense\online_match_02\frame_0442.jpg,0.389,590.4,283.5,601.2,300.7
online_match_02/frame_0443.jpg,data\frames_dense\online_match_02\frame_0443.jpg,0.665,241.4,84.5,253.1,107.2
online_match_02/frame_0443.jpg,data\frames_dense\online_match_02\frame_0443.jpg,0.356,590.4,283.7,601.2,300.8
online_match_02/frame_0444.jpg,data\frames_dense\online_match_02\frame_0444.jpg,0.696,241.3,84.4,253.2,107.2
online_match_02/frame_0444.jpg,data\frames_dense\online_match_02\frame_0444.jpg,0.388,590.6,283.8,601.3,300.9
online_match_02/frame_0445.jpg,data\frames_dense\online_match_02\frame_0445.jpg,0.666,241.4,84.6,253.1,107.1
online_match_02/frame_0445.jpg,data\frames_dense\online_match_02\frame_0445.jpg,0.361,590.5,283.9,601.2,300.9
online_match_02/frame_0446.jpg,data\frames_dense\online_match_02\frame_0446.jpg,0.7,241.4,84.5,253.2,107.1
online_match_02/frame_0446.jpg,data\frames_dense\online_match_02\frame_0446.jpg,0.34,590.4,283.8,601.2,300.9
online_match_02/frame_0447.jpg,data\frames_dense\online_match_02\frame_0447.jpg,0.666,241.5,84.6,253.1,107.0
online_match_02/frame_0447.jpg,data\frames_dense\online_match_02\frame_0447.jpg,0.303,590.1,283.6,601.2,300.9
online_match_02/frame_0448.jpg,data\frames_dense\online_match_02\frame_0448.jpg,0.646,241.7,84.9,253.2,106.9
online_match_02/frame_0448.jpg,data\frames_dense\online_match_02\frame_0448.jpg,0.286,590.1,283.5,601.2,300.8
online_match_02/frame_0449.jpg,data\frames_dense\online_match_02\frame_0449.jpg,0.663,241.6,84.6,253.2,106.9
online_match_02/frame_0449.jpg,data\frames_dense\online_match_02\frame_0449.jpg,0.339,590.2,283.6,601.3,300.9
online_match_02/frame_0450.jpg,data\frames_dense\online_match_02\frame_0450.jpg,0.655,241.7,84.6,253.2,106.9
online_match_02/frame_0450.jpg,data\frames_dense\online_match_02\frame_0450.jpg,0.296,590.3,283.7,601.3,300.9
online_match_02/frame_0451.jpg,data\frames_dense\online_match_02\frame_0451.jpg,0.666,241.7,84.6,253.2,107.0
online_match_02/frame_0451.jpg,data\frames_dense\online_match_02\frame_0451.jpg,0.317,590.3,283.7,601.3,300.9
online_match_02/frame_0452.jpg,data\frames_dense\online_match_02\frame_0452.jpg,0.571,241.4,84.6,253.0,106.9
online_match_02/frame_0452.jpg,data\frames_dense\online_match_02\frame_0452.jpg,0.375,591.2,283.9,601.5,300.7
online_match_02/frame_0453.jpg,data\frames_dense\online_match_02\frame_0453.jpg,0.703,241.4,84.5,253.1,107.3
online_match_02/frame_0453.jpg,data\frames_dense\online_match_02\frame_0453.jpg,0.4,591.0,283.7,601.3,300.6
online_match_02/frame_0454.jpg,data\frames_dense\online_match_02\frame_0454.jpg,0.7,241.4,84.5,253.1,107.3
online_match_02/frame_0454.jpg,data\frames_dense\online_match_02\frame_0454.jpg,0.346,591.2,283.7,601.3,300.4
online_match_02/frame_0455.jpg,data\frames_dense\online_match_02\frame_0455.jpg,0.684,241.4,84.7,253.0,107.2
online_match_02/frame_0455.jpg,data\frames_dense\online_match_02\frame_0455.jpg,0.363,591.3,283.4,601.4,300.5
online_match_02/frame_0456.jpg,data\frames_dense\online_match_02\frame_0456.jpg,0.699,241.4,84.5,253.1,107.3
online_match_02/frame_0456.jpg,data\frames_dense\online_match_02\frame_0456.jpg,0.348,591.1,282.9,601.4,300.3
online_match_02/frame_0457.jpg,data\frames_dense\online_match_02\frame_0457.jpg,0.703,241.4,84.4,253.1,107.4
online_match_02/frame_0457.jpg,data\frames_dense\online_match_02\frame_0457.jpg,0.371,591.3,282.6,601.6,300.2
online_match_02/frame_0458.jpg,data\frames_dense\online_match_02\frame_0458.jpg,0.705,241.4,84.4,253.1,107.4
online_match_02/frame_0458.jpg,data\frames_dense\online_match_02\frame_0458.jpg,0.282,590.5,282.6,601.3,300.0
online_match_02/frame_0459.jpg,data\frames_dense\online_match_02\frame_0459.jpg,0.745,241.5,84.3,253.4,107.3
online_match_02/frame_0459.jpg,data\frames_dense\online_match_02\frame_0459.jpg,0.361,588.9,282.4,600.8,300.6
online_match_02/frame_0460.jpg,data\frames_dense\online_match_02\frame_0460.jpg,0.698,241.5,84.7,253.2,107.1
online_match_02/frame_0460.jpg,data\frames_dense\online_match_02\frame_0460.jpg,0.374,588.8,282.4,600.7,300.5
online_match_02/frame_0461.jpg,data\frames_dense\online_match_02\frame_0461.jpg,0.732,241.5,84.2,253.4,107.4
online_match_02/frame_0461.jpg,data\frames_dense\online_match_02\frame_0461.jpg,0.354,588.2,282.9,600.7,300.9
online_match_02/frame_0462.jpg,data\frames_dense\online_match_02\frame_0462.jpg,0.728,241.5,84.2,253.4,107.4
online_match_02/frame_0462.jpg,data\frames_dense\online_match_02\frame_0462.jpg,0.26,589.3,283.4,600.8,300.8
online_match_02/frame_0463.jpg,data\frames_dense\online_match_02\frame_0463.jpg,0.728,241.5,84.1,253.4,107.5
online_match_02/frame_0463.jpg,data\frames_dense\online_match_02\frame_0463.jpg,0.351,589.6,283.3,600.8,300.8
online_match_02/frame_0464.jpg,data\frames_dense\online_match_02\frame_0464.jpg,0.723,241.4,84.1,253.5,107.7
online_match_02/frame_0465.jpg,data\frames_dense\online_match_02\frame_0465.jpg,0.673,241.5,84.0,253.5,107.7
online_match_02/frame_0466.jpg,data\frames_dense\online_match_02\frame_0466.jpg,0.641,241.5,83.9,253.5,107.8
online_match_02/frame_0469.jpg,data\frames_dense\online_match_02\frame_0469.jpg,0.674,241.4,84.0,253.4,107.9
online_match_02/frame_0469.jpg,data\frames_dense\online_match_02\frame_0469.jpg,0.365,588.6,283.3,600.6,301.1
online_match_02/frame_0470.jpg,data\frames_dense\online_match_02\frame_0470.jpg,0.658,241.3,84.0,253.3,107.9
online_match_02/frame_0470.jpg,data\frames_dense\online_match_02\frame_0470.jpg,0.256,588.5,283.4,600.7,301.4
online_match_02/frame_0471.jpg,data\frames_dense\online_match_02\frame_0471.jpg,0.584,241.3,83.9,253.5,108.1
online_match_02/frame_0472.jpg,data\frames_dense\online_match_02\frame_0472.jpg,0.578,241.3,84.1,253.4,108.0
online_match_02/frame_0472.jpg,data\frames_dense\online_match_02\frame_0472.jpg,0.305,588.3,283.4,600.6,301.5
online_match_02/frame_0473.jpg,data\frames_dense\online_match_02\frame_0473.jpg,0.523,241.3,83.8,253.5,108.0
online_match_02/frame_0473.jpg,data\frames_dense\online_match_02\frame_0473.jpg,0.255,588.4,283.2,600.7,301.3
online_match_02/frame_0474.jpg,data\frames_dense\online_match_02\frame_0474.jpg,0.54,241.3,83.8,253.6,108.0
online_match_02/frame_0474.jpg,data\frames_dense\online_match_02\frame_0474.jpg,0.303,588.2,283.3,600.7,301.4
online_match_02/frame_0475.jpg,data\frames_dense\online_match_02\frame_0475.jpg,0.524,241.4,84.1,253.5,107.9
online_match_02/frame_0475.jpg,data\frames_dense\online_match_02\frame_0475.jpg,0.312,588.2,283.1,600.8,301.5
online_match_02/frame_0476.jpg,data\frames_dense\online_match_02\frame_0476.jpg,0.501,241.3,83.8,253.5,108.1
online_match_02/frame_0476.jpg,data\frames_dense\online_match_02\frame_0476.jpg,0.353,588.3,282.9,600.8,301.6
online_match_02/frame_0477.jpg,data\frames_dense\online_match_02\frame_0477.jpg,0.571,241.2,83.7,253.5,108.0
online_match_02/frame_0477.jpg,data\frames_dense\online_match_02\frame_0477.jpg,0.487,588.9,282.1,600.9,301.3
online_match_02/frame_0478.jpg,data\frames_dense\online_match_02\frame_0478.jpg,0.556,241.3,83.7,253.5,108.0
online_match_02/frame_0478.jpg,data\frames_dense\online_match_02\frame_0478.jpg,0.48,589.2,282.2,600.9,301.1
online_match_02/frame_0479.jpg,data\frames_dense\online_match_02\frame_0479.jpg,0.55,241.3,83.7,253.5,108.0
online_match_02/frame_0479.jpg,data\frames_dense\online_match_02\frame_0479.jpg,0.411,588.7,282.2,600.9,301.2
online_match_02/frame_0480.jpg,data\frames_dense\online_match_02\frame_0480.jpg,0.537,241.3,84.0,253.4,107.8
online_match_02/frame_0480.jpg,data\frames_dense\online_match_02\frame_0480.jpg,0.419,589.2,282.1,601.0,300.9
online_match_02/frame_0481.jpg,data\frames_dense\online_match_02\frame_0481.jpg,0.569,241.3,83.7,253.5,107.9
online_match_02/frame_0481.jpg,data\frames_dense\online_match_02\frame_0481.jpg,0.371,588.9,282.3,600.8,300.8
online_match_02/frame_0482.jpg,data\frames_dense\online_match_02\frame_0482.jpg,0.586,241.3,83.8,253.4,107.9
online_match_02/frame_0482.jpg,data\frames_dense\online_match_02\frame_0482.jpg,0.339,588.5,282.3,600.7,300.9
online_match_02/frame_0483.jpg,data\frames_dense\online_match_02\frame_0483.jpg,0.639,241.0,83.4,253.3,107.5
online_match_02/frame_0483.jpg,data\frames_dense\online_match_02\frame_0483.jpg,0.251,588.2,282.8,600.6,300.8
online_match_02/frame_0484.jpg,data\frames_dense\online_match_02\frame_0484.jpg,0.632,241.1,83.5,253.3,107.4
online_match_02/frame_0484.jpg,data\frames_dense\online_match_02\frame_0484.jpg,0.455,588.4,283.1,600.6,301.2
online_match_02/frame_0485.jpg,data\frames_dense\online_match_02\frame_0485.jpg,0.628,241.1,83.8,253.2,107.2
online_match_02/frame_0485.jpg,data\frames_dense\online_match_02\frame_0485.jpg,0.497,588.3,283.0,600.5,301.6
online_match_02/frame_0486.jpg,data\frames_dense\online_match_02\frame_0486.jpg,0.655,241.0,83.6,253.3,107.5
online_match_02/frame_0486.jpg,data\frames_dense\online_match_02\frame_0486.jpg,0.439,588.2,282.8,600.6,301.5
online_match_02/frame_0487.jpg,data\frames_dense\online_match_02\frame_0487.jpg,0.668,241.0,83.4,253.3,107.6
online_match_02/frame_0488.jpg,data\frames_dense\online_match_02\frame_0488.jpg,0.638,241.3,84.0,253.3,107.3
online_match_02/frame_0489.jpg,data\frames_dense\online_match_02\frame_0489.jpg,0.641,241.2,83.6,253.4,107.7
online_match_02/frame_0490.jpg,data\frames_dense\online_match_02\frame_0490.jpg,0.663,241.3,83.7,253.4,107.6
online_match_02/frame_0491.jpg,data\frames_dense\online_match_02\frame_0491.jpg,0.66,241.2,83.6,253.5,107.7
online_match_02/frame_0492.jpg,data\frames_dense\online_match_02\frame_0492.jpg,0.669,241.3,83.6,253.5,107.7
online_match_02/frame_0493.jpg,data\frames_dense\online_match_02\frame_0493.jpg,0.663,241.3,83.6,253.4,107.6
online_match_02/frame_0494.jpg,data\frames_dense\online_match_02\frame_0494.jpg,0.569,241.3,83.8,253.4,107.7
online_match_02/frame_0495.jpg,data\frames_dense\online_match_02\frame_0495.jpg,0.55,241.3,83.9,253.3,107.6
online_match_02/frame_0496.jpg,data\frames_dense\online_match_02\frame_0496.jpg,0.577,241.3,83.8,253.3,107.6
online_match_02/frame_0496.jpg,data\frames_dense\online_match_02\frame_0496.jpg,0.358,344.0,382.6,354.1,398.8
online_match_02/frame_0497.jpg,data\frames_dense\online_match_02\frame_0497.jpg,0.568,241.3,83.8,253.4,107.6
online_match_02/frame_0498.jpg,data\frames_dense\online_match_02\frame_0498.jpg,0.549,241.4,83.8,253.3,107.4
online_match_02/frame_0499.jpg,data\frames_dense\online_match_02\frame_0499.jpg,0.552,241.4,84.0,253.3,107.5
online_match_03/frame_0000.jpg,data\frames_dense\online_match_03\frame_0000.jpg,0.486,241.7,84.2,252.2,103.3
online_match_03/frame_0001.jpg,data\frames_dense\online_match_03\frame_0001.jpg,0.48,241.7,84.3,252.2,103.3
online_match_03/frame_0002.jpg,data\frames_dense\online_match_03\frame_0002.jpg,0.395,241.8,84.3,252.1,102.9
online_match_03/frame_0003.jpg,data\frames_dense\online_match_03\frame_0003.jpg,0.339,241.9,84.1,252.3,103.0
online_match_03/frame_0004.jpg,data\frames_dense\online_match_03\frame_0004.jpg,0.419,241.8,84.0,252.3,103.0
online_match_03/frame_0005.jpg,data\frames_dense\online_match_03\frame_0005.jpg,0.421,241.9,84.0,252.3,102.8
online_match_03/frame_0006.jpg,data\frames_dense\online_match_03\frame_0006.jpg,0.399,241.9,83.9,252.4,102.8
online_match_03/frame_0007.jpg,data\frames_dense\online_match_03\frame_0007.jpg,0.495,241.9,84.3,252.4,103.6
online_match_03/frame_0008.jpg,data\frames_dense\online_match_03\frame_0008.jpg,0.485,241.9,84.4,252.4,103.6
online_match_03/frame_0009.jpg,data\frames_dense\online_match_03\frame_0009.jpg,0.588,241.8,84.5,252.3,103.5
online_match_03/frame_0010.jpg,data\frames_dense\online_match_03\frame_0010.jpg,0.513,241.8,84.6,252.5,104.0
online_match_03/frame_0011.jpg,data\frames_dense\online_match_03\frame_0011.jpg,0.478,241.8,84.5,252.6,104.5
online_match_03/frame_0014.jpg,data\frames_dense\online_match_03\frame_0014.jpg,0.425,255.4,393.7,265.4,410.2
online_match_03/frame_0020.jpg,data\frames_dense\online_match_03\frame_0020.jpg,0.258,241.5,84.6,252.1,104.1
online_match_03/frame_0021.jpg,data\frames_dense\online_match_03\frame_0021.jpg,0.269,241.4,84.6,252.1,104.1
online_match_03/frame_0023.jpg,data\frames_dense\online_match_03\frame_0023.jpg,0.259,241.4,84.5,252.2,104.3
online_match_03/frame_0024.jpg,data\frames_dense\online_match_03\frame_0024.jpg,0.322,241.5,84.7,252.2,104.5
online_match_03/frame_0025.jpg,data\frames_dense\online_match_03\frame_0025.jpg,0.362,241.6,84.9,252.2,104.4
online_match_03/frame_0026.jpg,data\frames_dense\online_match_03\frame_0026.jpg,0.378,242.0,84.4,252.6,104.5
online_match_03/frame_0029.jpg,data\frames_dense\online_match_03\frame_0029.jpg,0.345,936.5,362.4,949.1,385.5
online_match_03/frame_0033.jpg,data\frames_dense\online_match_03\frame_0033.jpg,0.432,241.3,84.6,252.7,105.4
online_match_03/frame_0055.jpg,data\frames_dense\online_match_03\frame_0055.jpg,0.338,149.1,391.0,156.5,403.5
online_match_03/frame_0060.jpg,data\frames_dense\online_match_03\frame_0060.jpg,0.263,551.9,379.6,560.3,394.2
online_match_03/frame_0061.jpg,data\frames_dense\online_match_03\frame_0061.jpg,0.683,199.4,289.8,209.5,307.4
online_match_03/frame_0061.jpg,data\frames_dense\online_match_03\frame_0061.jpg,0.396,481.2,381.3,489.3,395.0
online_match_03/frame_0061.jpg,data\frames_dense\online_match_03\frame_0061.jpg,0.267,818.1,382.0,827.9,399.9
online_match_03/frame_0062.jpg,data\frames_dense\online_match_03\frame_0062.jpg,0.542,392.0,317.7,404.7,332.3
online_match_03/frame_0062.jpg,data\frames_dense\online_match_03\frame_0062.jpg,0.332,398.2,383.6,408.0,397.5
online_match_03/frame_0063.jpg,data\frames_dense\online_match_03\frame_0063.jpg,0.632,279.7,387.5,288.7,402.4
online_match_03/frame_0063.jpg,data\frames_dense\online_match_03\frame_0063.jpg,0.301,135.7,373.6,143.6,385.6
online_match_03/frame_0064.jpg,data\frames_dense\online_match_03\frame_0064.jpg,0.333,191.4,393.6,200.3,407.3
online_match_03/frame_0064.jpg,data\frames_dense\online_match_03\frame_0064.jpg,0.302,104.0,372.7,113.0,386.3
online_match_03/frame_0065.jpg,data\frames_dense\online_match_03\frame_0065.jpg,0.469,129.0,383.6,137.5,399.3
online_match_03/frame_0066.jpg,data\frames_dense\online_match_03\frame_0066.jpg,0.554,240.8,83.4,253.3,105.5
online_match_03/frame_0067.jpg,data\frames_dense\online_match_03\frame_0067.jpg,0.434,240.9,82.9,253.8,105.7
online_match_03/frame_0068.jpg,data\frames_dense\online_match_03\frame_0068.jpg,0.312,239.5,82.9,253.0,105.8
online_match_03/frame_0068.jpg,data\frames_dense\online_match_03\frame_0068.jpg,0.27,726.9,386.6,738.5,406.6
online_match_03/frame_0069.jpg,data\frames_dense\online_match_03\frame_0069.jpg,0.398,1160.0,397.5,1171.2,409.4
online_match_03/frame_0069.jpg,data\frames_dense\online_match_03\frame_0069.jpg,0.335,241.1,83.0,253.8,105.7
online_match_03/frame_0070.jpg,data\frames_dense\online_match_03\frame_0070.jpg,0.253,239.4,82.8,252.9,107.4
online_match_03/frame_0071.jpg,data\frames_dense\online_match_03\frame_0071.jpg,0.27,239.5,82.6,253.1,107.2
online_match_03/frame_0072.jpg,data\frames_dense\online_match_03\frame_0072.jpg,0.344,125.9,401.3,136.4,417.5
online_match_03/frame_0072.jpg,data\frames_dense\online_match_03\frame_0072.jpg,0.285,289.8,360.9,298.2,376.3
online_match_03/frame_0075.jpg,data\frames_dense\online_match_03\frame_0075.jpg,0.558,961.7,350.8,972.2,369.8
online_match_03/frame_0082.jpg,data\frames_dense\online_match_03\frame_0082.jpg,0.282,241.7,83.5,253.0,104.5
online_match_03/frame_0083.jpg,data\frames_dense\online_match_03\frame_0083.jpg,0.324,241.8,84.1,253.0,104.5
online_match_03/frame_0084.jpg,data\frames_dense\online_match_03\frame_0084.jpg,0.412,241.4,83.5,253.4,106.3
online_match_03/frame_0085.jpg,data\frames_dense\online_match_03\frame_0085.jpg,0.254,241.7,83.7,252.9,104.8
online_match_03/frame_0086.jpg,data\frames_dense\online_match_03\frame_0086.jpg,0.359,241.9,84.4,253.2,105.6
online_match_03/frame_0087.jpg,data\frames_dense\online_match_03\frame_0087.jpg,0.274,241.6,84.1,252.9,105.7
online_match_03/frame_0089.jpg,data\frames_dense\online_match_03\frame_0089.jpg,0.466,241.6,84.8,252.6,105.6
online_match_03/frame_0090.jpg,data\frames_dense\online_match_03\frame_0090.jpg,0.359,241.6,85.5,252.2,105.1
online_match_03/frame_0091.jpg,data\frames_dense\online_match_03\frame_0091.jpg,0.395,241.8,85.0,252.8,105.4
online_match_03/frame_0092.jpg,data\frames_dense\online_match_03\frame_0092.jpg,0.255,241.8,84.1,252.3,103.9
online_match_03/frame_0140.jpg,data\frames_dense\online_match_03\frame_0140.jpg,0.444,241.5,84.3,253.0,105.6
online_match_03/frame_0145.jpg,data\frames_dense\online_match_03\frame_0145.jpg,0.307,241.6,83.7,253.2,105.9
online_match_03/frame_0148.jpg,data\frames_dense\online_match_03\frame_0148.jpg,0.296,241.4,83.3,252.6,104.1
online_match_03/frame_0149.jpg,data\frames_dense\online_match_03\frame_0149.jpg,0.314,151.8,362.9,161.7,378.6
online_match_03/frame_0168.jpg,data\frames_dense\online_match_03\frame_0168.jpg,0.38,495.0,341.6,501.1,353.2
online_match_03/frame_0168.jpg,data\frames_dense\online_match_03\frame_0168.jpg,0.376,241.6,85.4,251.9,103.9
online_match_03/frame_0168.jpg,data\frames_dense\online_match_03\frame_0168.jpg,0.283,495.3,341.2,504.1,353.2
online_match_03/frame_0169.jpg,data\frames_dense\online_match_03\frame_0169.jpg,0.554,401.6,342.3,408.9,354.6
online_match_03/frame_0169.jpg,data\frames_dense\online_match_03\frame_0169.jpg,0.503,708.9,348.1,720.1,366.7
online_match_03/frame_0169.jpg,data\frames_dense\online_match_03\frame_0169.jpg,0.384,776.0,269.1,788.7,287.2
online_match_03/frame_0169.jpg,data\frames_dense\online_match_03\frame_0169.jpg,0.357,241.6,84.7,252.5,104.6
online_match_03/frame_0169.jpg,data\frames_dense\online_match_03\frame_0169.jpg,0.289,1022.7,322.6,1034.6,343.6
online_match_03/frame_0170.jpg,data\frames_dense\online_match_03\frame_0170.jpg,0.633,311.9,341.1,320.4,355.3
online_match_03/frame_0170.jpg,data\frames_dense\online_match_03\frame_0170.jpg,0.295,241.5,84.4,252.3,104.4
online_match_03/frame_0171.jpg,data\frames_dense\online_match_03\frame_0171.jpg,0.261,239.5,83.0,252.9,106.3
online_match_03/frame_0172.jpg,data\frames_dense\online_match_03\frame_0172.jpg,0.43,711.3,0.8,720.7,18.0
online_match_03/frame_0175.jpg,data\frames_dense\online_match_03\frame_0175.jpg,0.745,643.3,4.6,655.7,27.4
online_match_03/frame_0175.jpg,data\frames_dense\online_match_03\frame_0175.jpg,0.377,241.6,81.9,254.1,104.4
online_match_03/frame_0176.jpg,data\frames_dense\online_match_03\frame_0176.jpg,0.349,241.2,82.6,254.6,107.3
online_match_03/frame_0177.jpg,data\frames_dense\online_match_03\frame_0177.jpg,0.624,627.9,275.3,641.7,298.0
online_match_03/frame_0177.jpg,data\frames_dense\online_match_03\frame_0177.jpg,0.47,751.6,261.3,761.5,277.6
online_match_03/frame_0178.jpg,data\frames_dense\online_match_03\frame_0178.jpg,0.739,807.9,262.4,819.6,278.7
online_match_03/frame_0179.jpg,data\frames_dense\online_match_03\frame_0179.jpg,0.564,927.7,234.2,936.8,248.4
online_match_03/frame_0183.jpg,data\frames_dense\online_match_03\frame_0183.jpg,0.345,241.9,84.1,253.1,103.9
online_match_03/frame_0184.jpg,data\frames_dense\online_match_03\frame_0184.jpg,0.631,867.3,260.9,880.4,282.7
online_match_03/frame_0184.jpg,data\frames_dense\online_match_03\frame_0184.jpg,0.418,241.7,83.8,252.8,103.7
online_match_03/frame_0187.jpg,data\frames_dense\online_match_03\frame_0187.jpg,0.407,812.3,269.8,823.3,291.8
online_match_03/frame_0189.jpg,data\frames_dense\online_match_03\frame_0189.jpg,0.255,241.7,84.6,252.6,104.6
online_match_03/frame_0190.jpg,data\frames_dense\online_match_03\frame_0190.jpg,0.253,241.6,84.6,252.6,104.6
online_match_03/frame_0191.jpg,data\frames_dense\online_match_03\frame_0191.jpg,0.358,241.6,84.5,252.8,104.7
online_match_03/frame_0197.jpg,data\frames_dense\online_match_03\frame_0197.jpg,0.268,241.9,84.0,252.7,104.1
online_match_03/frame_0198.jpg,data\frames_dense\online_match_03\frame_0198.jpg,0.309,242.0,84.1,252.7,104.1
online_match_03/frame_0199.jpg,data\frames_dense\online_match_03\frame_0199.jpg,0.288,241.9,84.3,252.7,104.0
online_match_03/frame_0200.jpg,data\frames_dense\online_match_03\frame_0200.jpg,0.406,241.8,84.3,252.6,104.6
online_match_03/frame_0201.jpg,data\frames_dense\online_match_03\frame_0201.jpg,0.407,241.7,84.6,252.3,104.9
online_match_03/frame_0202.jpg,data\frames_dense\online_match_03\frame_0202.jpg,0.433,241.6,84.5,252.3,104.1
online_match_03/frame_0203.jpg,data\frames_dense\online_match_03\frame_0203.jpg,0.518,242.1,84.4,252.9,104.8
online_match_03/frame_0204.jpg,data\frames_dense\online_match_03\frame_0204.jpg,0.564,242.1,84.6,252.8,104.4
online_match_03/frame_0205.jpg,data\frames_dense\online_match_03\frame_0205.jpg,0.615,241.6,84.1,252.6,104.1
online_match_03/frame_0206.jpg,data\frames_dense\online_match_03\frame_0206.jpg,0.631,241.8,84.2,252.7,104.8
online_match_03/frame_0207.jpg,data\frames_dense\online_match_03\frame_0207.jpg,0.586,241.7,84.3,252.8,105.0
online_match_03/frame_0208.jpg,data\frames_dense\online_match_03\frame_0208.jpg,0.599,241.3,84.1,253.2,106.4
online_match_03/frame_0208.jpg,data\frames_dense\online_match_03\frame_0208.jpg,0.295,881.6,261.2,890.5,277.0
online_match_03/frame_0209.jpg,data\frames_dense\online_match_03\frame_0209.jpg,0.606,241.4,84.0,253.2,105.7
online_match_03/frame_0210.jpg,data\frames_dense\online_match_03\frame_0210.jpg,0.449,241.5,83.6,253.3,104.6
online_match_03/frame_0211.jpg,data\frames_dense\online_match_03\frame_0211.jpg,0.351,241.5,83.3,253.2,103.9
online_match_03/frame_0212.jpg,data\frames_dense\online_match_03\frame_0212.jpg,0.345,241.5,83.8,252.7,103.8
online_match_03/frame_0213.jpg,data\frames_dense\online_match_03\frame_0213.jpg,0.501,903.9,260.0,914.7,274.5
online_match_03/frame_0213.jpg,data\frames_dense\online_match_03\frame_0213.jpg,0.402,501.4,328.8,509.6,341.7
online_match_03/frame_0213.jpg,data\frames_dense\online_match_03\frame_0213.jpg,0.333,241.6,84.1,253.1,105.7
online_match_03/frame_0214.jpg,data\frames_dense\online_match_03\frame_0214.jpg,0.432,241.8,83.5,253.0,104.3
online_match_03/frame_0215.jpg,data\frames_dense\online_match_03\frame_0215.jpg,0.383,241.5,83.7,252.6,104.3
online_match_03/frame_0216.jpg,data\frames_dense\online_match_03\frame_0216.jpg,0.312,241.6,83.7,252.6,104.1
online_match_03/frame_0217.jpg,data\frames_dense\online_match_03\frame_0217.jpg,0.401,241.8,83.8,252.7,104.3
online_match_03/frame_0218.jpg,data\frames_dense\online_match_03\frame_0218.jpg,0.317,241.6,83.8,252.7,104.4
online_match_03/frame_0219.jpg,data\frames_dense\online_match_03\frame_0219.jpg,0.338,241.4,84.0,252.6,104.7
online_match_03/frame_0220.jpg,data\frames_dense\online_match_03\frame_0220.jpg,0.433,241.4,83.8,252.9,105.3
online_match_03/frame_0221.jpg,data\frames_dense\online_match_03\frame_0221.jpg,0.462,944.8,261.7,953.9,278.4
online_match_03/frame_0224.jpg,data\frames_dense\online_match_03\frame_0224.jpg,0.479,952.0,260.8,963.5,276.5
online_match_03/frame_0226.jpg,data\frames_dense\online_match_03\frame_0226.jpg,0.271,239.6,83.5,252.5,105.6
online_match_03/frame_0227.jpg,data\frames_dense\online_match_03\frame_0227.jpg,0.345,966.3,339.0,976.4,354.3
online_match_03/frame_0227.jpg,data\frames_dense\online_match_03\frame_0227.jpg,0.285,239.6,84.0,252.3,106.0
online_match_03/frame_0228.jpg,data\frames_dense\online_match_03\frame_0228.jpg,0.251,242.0,85.1,252.7,104.6
online_match_03/frame_0229.jpg,data\frames_dense\online_match_03\frame_0229.jpg,0.485,715.9,269.9,723.9,286.3
online_match_03/frame_0229.jpg,data\frames_dense\online_match_03\frame_0229.jpg,0.341,712.0,269.9,724.7,286.3
online_match_03/frame_0229.jpg,data\frames_dense\online_match_03\frame_0229.jpg,0.297,1000.0,264.1,1010.8,278.7
online_match_03/frame_0230.jpg,data\frames_dense\online_match_03\frame_0230.jpg,0.537,84.6,341.8,93.5,355.1
online_match_03/frame_0232.jpg,data\frames_dense\online_match_03\frame_0232.jpg,0.517,1033.4,275.1,1042.7,292.3
online_match_03/frame_0234.jpg,data\frames_dense\online_match_03\frame_0234.jpg,0.306,241.3,83.4,253.5,106.2
online_match_03/frame_0239.jpg,data\frames_dense\online_match_03\frame_0239.jpg,0.47,1069.3,283.5,1080.2,301.2
online_match_03/frame_0240.jpg,data\frames_dense\online_match_03\frame_0240.jpg,0.543,1069.5,283.4,1080.2,301.3
online_match_03/frame_0241.jpg,data\frames_dense\online_match_03\frame_0241.jpg,0.25,1069.0,283.4,1080.2,300.1
online_match_03/frame_0243.jpg,data\frames_dense\online_match_03\frame_0243.jpg,0.392,159.7,363.1,168.4,376.8
online_match_03/frame_0249.jpg,data\frames_dense\online_match_03\frame_0249.jpg,0.266,239.6,83.5,252.4,107.0
online_match_03/frame_0250.jpg,data\frames_dense\online_match_03\frame_0250.jpg,0.264,239.6,83.5,252.4,107.1
online_match_03/frame_0251.jpg,data\frames_dense\online_match_03\frame_0251.jpg,0.271,239.5,83.6,252.3,107.2
online_match_03/frame_0252.jpg,data\frames_dense\online_match_03\frame_0252.jpg,0.273,239.5,83.6,252.3,107.3
online_match_03/frame_0253.jpg,data\frames_dense\online_match_03\frame_0253.jpg,0.264,239.5,83.6,252.3,107.3
online_match_03/frame_0254.jpg,data\frames_dense\online_match_03\frame_0254.jpg,0.276,239.6,83.0,252.7,106.4
online_match_03/frame_0257.jpg,data\frames_dense\online_match_03\frame_0257.jpg,0.583,962.9,299.4,972.3,316.1
online_match_03/frame_0258.jpg,data\frames_dense\online_match_03\frame_0258.jpg,0.611,242.6,227.3,252.6,242.5
online_match_03/frame_0258.jpg,data\frames_dense\online_match_03\frame_0258.jpg,0.364,1031.7,344.7,1039.6,357.9
online_match_03/frame_0259.jpg,data\frames_dense\online_match_03\frame_0259.jpg,0.582,242.2,274.3,252.2,293.0
online_match_03/frame_0259.jpg,data\frames_dense\online_match_03\frame_0259.jpg,0.416,241.3,84.7,252.8,104.9
online_match_03/frame_0259.jpg,data\frames_dense\online_match_03\frame_0259.jpg,0.281,988.1,340.9,1000.0,357.2
online_match_03/frame_0260.jpg,data\frames_dense\online_match_03\frame_0260.jpg,0.369,423.8,284.8,436.4,302.6
online_match_03/frame_0260.jpg,data\frames_dense\online_match_03\frame_0260.jpg,0.363,241.3,84.5,252.3,104.6
online_match_03/frame_0261.jpg,data\frames_dense\online_match_03\frame_0261.jpg,0.591,744.0,282.8,755.0,300.1
online_match_03/frame_0261.jpg,data\frames_dense\online_match_03\frame_0261.jpg,0.517,290.7,324.8,299.0,340.0
online_match_03/frame_0261.jpg,data\frames_dense\online_match_03\frame_0261.jpg,0.437,247.2,368.8,256.9,386.3
online_match_03/frame_0261.jpg,data\frames_dense\online_match_03\frame_0261.jpg,0.328,884.9,335.7,893.1,351.5
online_match_03/frame_0261.jpg,data\frames_dense\online_match_03\frame_0261.jpg,0.301,241.3,84.4,252.4,104.8
online_match_03/frame_0262.jpg,data\frames_dense\online_match_03\frame_0262.jpg,0.584,231.7,319.4,240.2,335.0
online_match_03/frame_0262.jpg,data\frames_dense\online_match_03\frame_0262.jpg,0.524,241.3,84.1,253.1,105.6
online_match_03/frame_0263.jpg,data\frames_dense\online_match_03\frame_0263.jpg,0.419,241.2,83.9,252.4,105.1
online_match_03/frame_0265.jpg,data\frames_dense\online_match_03\frame_0265.jpg,0.538,241.0,83.7,254.0,109.8
online_match_03/frame_0266.jpg,data\frames_dense\online_match_03\frame_0266.jpg,0.295,241.5,83.3,253.5,105.4
online_match_03/frame_0267.jpg,data\frames_dense\online_match_03\frame_0267.jpg,0.373,241.5,83.8,253.4,105.7
online_match_03/frame_0269.jpg,data\frames_dense\online_match_03\frame_0269.jpg,0.291,241.4,84.1,253.6,106.3
online_match_03/frame_0271.jpg,data\frames_dense\online_match_03\frame_0271.jpg,0.356,744.0,267.5,756.2,287.0
online_match_03/frame_0271.jpg,data\frames_dense\online_match_03\frame_0271.jpg,0.276,239.6,83.2,252.8,106.2
online_match_03/frame_0272.jpg,data\frames_dense\online_match_03\frame_0272.jpg,0.586,744.0,268.5,756.6,287.9
online_match_03/frame_0272.jpg,data\frames_dense\online_match_03\frame_0272.jpg,0.275,746.1,268.3,760.0,287.1
online_match_03/frame_0272.jpg,data\frames_dense\online_match_03\frame_0272.jpg,0.267,241.8,83.8,253.6,105.5
online_match_03/frame_0273.jpg,data\frames_dense\online_match_03\frame_0273.jpg,0.563,744.0,268.6,756.4,287.6
online_match_03/frame_0273.jpg,data\frames_dense\online_match_03\frame_0273.jpg,0.411,1097.9,370.5,1106.6,385.5
online_match_03/frame_0274.jpg,data\frames_dense\online_match_03\frame_0274.jpg,0.576,744.0,268.5,756.0,287.7
online_match_03/frame_0274.jpg,data\frames_dense\online_match_03\frame_0274.jpg,0.26,241.7,83.6,253.6,105.5
online_match_03/frame_0275.jpg,data\frames_dense\online_match_03\frame_0275.jpg,0.577,744.0,268.5,756.1,287.9
online_match_03/frame_0276.jpg,data\frames_dense\online_match_03\frame_0276.jpg,0.663,744.0,268.4,756.3,287.7
online_match_03/frame_0276.jpg,data\frames_dense\online_match_03\frame_0276.jpg,0.275,335.4,334.2,345.2,350.4
online_match_03/frame_0276.jpg,data\frames_dense\online_match_03\frame_0276.jpg,0.25,241.8,83.7,253.5,105.3
online_match_03/frame_0277.jpg,data\frames_dense\online_match_03\frame_0277.jpg,0.677,744.0,268.9,756.0,287.6
online_match_03/frame_0277.jpg,data\frames_dense\online_match_03\frame_0277.jpg,0.301,241.7,83.4,253.6,105.5
online_match_03/frame_0278.jpg,data\frames_dense\online_match_03\frame_0278.jpg,0.676,744.0,268.4,756.3,287.1
online_match_03/frame_0278.jpg,data\frames_dense\online_match_03\frame_0278.jpg,0.37,241.5,83.4,253.3,105.4
online_match_03/frame_0278.jpg,data\frames_dense\online_match_03\frame_0278.jpg,0.258,746.0,268.2,760.0,286.2
online_match_03/frame_0279.jpg,data\frames_dense\online_match_03\frame_0279.jpg,0.657,744.0,268.6,756.1,287.1
online_match_03/frame_0279.jpg,data\frames_dense\online_match_03\frame_0279.jpg,0.331,241.5,83.4,253.3,105.5
online_match_03/frame_0280.jpg,data\frames_dense\online_match_03\frame_0280.jpg,0.622,744.0,268.8,756.2,287.2
online_match_03/frame_0280.jpg,data\frames_dense\online_match_03\frame_0280.jpg,0.362,241.6,83.5,253.2,105.1
online_match_03/frame_0281.jpg,data\frames_dense\online_match_03\frame_0281.jpg,0.6,744.0,268.6,756.3,287.1
online_match_03/frame_0281.jpg,data\frames_dense\online_match_03\frame_0281.jpg,0.388,241.6,83.5,253.2,105.1
online_match_03/frame_0282.jpg,data\frames_dense\online_match_03\frame_0282.jpg,0.617,744.0,268.7,756.2,287.2
online_match_03/frame_0282.jpg,data\frames_dense\online_match_03\frame_0282.jpg,0.353,241.5,51.8,252.9,72.7
online_match_03/frame_0283.jpg,data\frames_dense\online_match_03\frame_0283.jpg,0.613,744.0,268.8,756.1,287.4
online_match_03/frame_0283.jpg,data\frames_dense\online_match_03\frame_0283.jpg,0.335,241.6,51.9,252.9,72.5
online_match_03/frame_0284.jpg,data\frames_dense\online_match_03\frame_0284.jpg,0.63,744.0,268.6,756.2,287.6
online_match_03/frame_0284.jpg,data\frames_dense\online_match_03\frame_0284.jpg,0.328,241.5,51.8,252.9,72.5
online_match_03/frame_0285.jpg,data\frames_dense\online_match_03\frame_0285.jpg,0.561,744.0,268.5,756.5,287.9
online_match_03/frame_0285.jpg,data\frames_dense\online_match_03\frame_0285.jpg,0.354,241.5,51.8,252.9,72.5
online_match_03/frame_0286.jpg,data\frames_dense\online_match_03\frame_0286.jpg,0.343,241.5,51.6,253.0,72.6
online_match_03/frame_0286.jpg,data\frames_dense\online_match_03\frame_0286.jpg,0.277,744.9,267.9,755.3,287.8
online_match_03/frame_0287.jpg,data\frames_dense\online_match_03\frame_0287.jpg,0.306,239.6,50.9,252.6,73.3
online_match_03/frame_0288.jpg,data\frames_dense\online_match_03\frame_0288.jpg,0.318,239.6,51.5,252.2,73.1
online_match_03/frame_0289.jpg,data\frames_dense\online_match_03\frame_0289.jpg,0.286,239.7,51.8,252.4,73.2
online_match_03/frame_0290.jpg,data\frames_dense\online_match_03\frame_0290.jpg,0.348,241.4,51.9,252.6,72.3
online_match_03/frame_0291.jpg,data\frames_dense\online_match_03\frame_0291.jpg,0.539,241.4,51.6,252.9,72.9
online_match_03/frame_0292.jpg,data\frames_dense\online_match_03\frame_0292.jpg,0.442,241.7,52.0,253.1,72.2
online_match_03/frame_0295.jpg,data\frames_dense\online_match_03\frame_0295.jpg,0.274,239.6,52.3,252.2,72.9
online_match_03/frame_0296.jpg,data\frames_dense\online_match_03\frame_0296.jpg,0.264,239.6,51.4,252.6,72.9
online_match_03/frame_0298.jpg,data\frames_dense\online_match_03\frame_0298.jpg,0.409,241.7,52.3,252.7,72.5
online_match_03/frame_0298.jpg,data\frames_dense\online_match_03\frame_0298.jpg,0.319,620.7,267.9,631.6,289.4
online_match_03/frame_0299.jpg,data\frames_dense\online_match_03\frame_0299.jpg,0.352,241.6,52.5,252.5,72.9
online_match_03/frame_0300.jpg,data\frames_dense\online_match_03\frame_0300.jpg,0.27,239.6,52.0,252.2,73.0
online_match_03/frame_0301.jpg,data\frames_dense\online_match_03\frame_0301.jpg,0.269,239.6,51.8,252.1,73.1
online_match_03/frame_0302.jpg,data\frames_dense\online_match_03\frame_0302.jpg,0.516,608.5,269.2,617.4,287.0
online_match_03/frame_0302.jpg,data\frames_dense\online_match_03\frame_0302.jpg,0.262,239.6,51.9,252.0,72.8
online_match_03/frame_0303.jpg,data\frames_dense\online_match_03\frame_0303.jpg,0.251,239.5,51.9,252.2,73.1
online_match_03/frame_0304.jpg,data\frames_dense\online_match_03\frame_0304.jpg,0.272,239.6,52.0,252.3,73.1
online_match_03/frame_0305.jpg,data\frames_dense\online_match_03\frame_0305.jpg,0.261,239.6,51.9,252.3,73.2
online_match_03/frame_0306.jpg,data\frames_dense\online_match_03\frame_0306.jpg,0.267,239.6,51.7,252.3,73.2
online_match_03/frame_0308.jpg,data\frames_dense\online_match_03\frame_0308.jpg,0.263,239.6,51.7,252.0,72.8
online_match_03/frame_0309.jpg,data\frames_dense\online_match_03\frame_0309.jpg,0.26,239.6,51.6,252.0,72.7
online_match_03/frame_0311.jpg,data\frames_dense\online_match_03\frame_0311.jpg,0.264,239.6,51.6,252.1,72.8
online_match_03/frame_0313.jpg,data\frames_dense\online_match_03\frame_0313.jpg,0.256,239.6,51.5,252.1,72.7
online_match_03/frame_0314.jpg,data\frames_dense\online_match_03\frame_0314.jpg,0.285,239.6,51.5,252.1,72.6
online_match_03/frame_0315.jpg,data\frames_dense\online_match_03\frame_0315.jpg,0.643,629.1,268.1,640.2,289.9
online_match_03/frame_0315.jpg,data\frames_dense\online_match_03\frame_0315.jpg,0.316,241.5,52.0,253.0,72.6
online_match_03/frame_0316.jpg,data\frames_dense\online_match_03\frame_0316.jpg,0.423,654.7,268.5,665.2,289.9
online_match_03/frame_0316.jpg,data\frames_dense\online_match_03\frame_0316.jpg,0.315,241.4,52.2,252.6,72.4
online_match_03/frame_0317.jpg,data\frames_dense\online_match_03\frame_0317.jpg,0.259,239.7,51.9,252.3,73.3
online_match_03/frame_0319.jpg,data\frames_dense\online_match_03\frame_0319.jpg,0.281,803.9,271.3,815.7,290.6
online_match_03/frame_0320.jpg,data\frames_dense\online_match_03\frame_0320.jpg,0.262,239.6,52.1,252.5,73.9
online_match_03/frame_0323.jpg,data\frames_dense\online_match_03\frame_0323.jpg,0.698,770.3,280.1,781.3,301.2
online_match_03/frame_0323.jpg,data\frames_dense\online_match_03\frame_0323.jpg,0.397,241.9,52.9,252.5,72.4
online_match_03/frame_0323.jpg,data\frames_dense\online_match_03\frame_0323.jpg,0.263,945.3,253.7,956.4,272.1
online_match_03/frame_0324.jpg,data\frames_dense\online_match_03\frame_0324.jpg,0.392,241.9,52.5,252.9,72.5
online_match_03/frame_0325.jpg,data\frames_dense\online_match_03\frame_0325.jpg,0.386,926.6,250.4,936.2,267.8
online_match_03/frame_0325.jpg,data\frames_dense\online_match_03\frame_0325.jpg,0.26,239.7,52.2,252.8,73.6
online_match_03/frame_0326.jpg,data\frames_dense\online_match_03\frame_0326.jpg,0.339,910.7,244.9,921.7,267.1
online_match_03/frame_0327.jpg,data\frames_dense\online_match_03\frame_0327.jpg,0.313,241.9,52.0,253.0,72.1
online_match_03/frame_0328.jpg,data\frames_dense\online_match_03\frame_0328.jpg,0.563,876.0,241.3,885.7,259.5
online_match_03/frame_0331.jpg,data\frames_dense\online_match_03\frame_0331.jpg,0.282,861.8,239.4,872.2,255.7
online_match_03/frame_0332.jpg,data\frames_dense\online_match_03\frame_0332.jpg,0.316,867.7,243.5,877.9,258.6
online_match_03/frame_0334.jpg,data\frames_dense\online_match_03\frame_0334.jpg,0.332,875.7,241.3,885.4,258.9
online_match_03/frame_0334.jpg,data\frames_dense\online_match_03\frame_0334.jpg,0.283,239.5,50.7,253.0,74.6
online_match_03/frame_0336.jpg,data\frames_dense\online_match_03\frame_0336.jpg,0.452,183.6,326.3,193.5,343.8
online_match_03/frame_0336.jpg,data\frames_dense\online_match_03\frame_0336.jpg,0.285,897.5,245.8,908.8,265.5
online_match_03/frame_0337.jpg,data\frames_dense\online_match_03\frame_0337.jpg,0.597,180.9,323.0,190.7,339.9
online_match_03/frame_0337.jpg,data\frames_dense\online_match_03\frame_0337.jpg,0.343,911.2,246.0,922.9,269.3
online_match_03/frame_0339.jpg,data\frames_dense\online_match_03\frame_0339.jpg,0.548,938.1,245.2,948.3,266.2
online_match_03/frame_0340.jpg,data\frames_dense\online_match_03\frame_0340.jpg,0.388,944.5,247.0,955.4,266.8
online_match_03/frame_0342.jpg,data\frames_dense\online_match_03\frame_0342.jpg,0.329,949.5,245.8,959.2,263.4
online_match_03/frame_0345.jpg,data\frames_dense\online_match_03\frame_0345.jpg,0.32,947.6,248.9,960.6,273.2
online_match_03/frame_0351.jpg,data\frames_dense\online_match_03\frame_0351.jpg,0.345,241.1,81.7,253.9,105.8
online_match_03/frame_0352.jpg,data\frames_dense\online_match_03\frame_0352.jpg,0.386,241.3,81.3,253.4,104.9
online_match_03/frame_0353.jpg,data\frames_dense\online_match_03\frame_0353.jpg,0.448,240.9,81.8,253.5,105.9
online_match_03/frame_0354.jpg,data\frames_dense\online_match_03\frame_0354.jpg,0.402,241.0,82.6,253.4,106.0
online_match_03/frame_0354.jpg,data\frames_dense\online_match_03\frame_0354.jpg,0.399,863.3,264.3,875.3,289.2
online_match_03/frame_0355.jpg,data\frames_dense\online_match_03\frame_0355.jpg,0.407,240.4,82.6,253.3,108.1
online_match_03/frame_0359.jpg,data\frames_dense\online_match_03\frame_0359.jpg,0.28,239.6,82.5,252.7,105.0
online_match_03/frame_0360.jpg,data\frames_dense\online_match_03\frame_0360.jpg,0.305,239.6,82.7,252.9,105.8
online_match_03/frame_0362.jpg,data\frames_dense\online_match_03\frame_0362.jpg,0.688,102.4,345.4,111.9,362.6
online_match_03/frame_0363.jpg,data\frames_dense\online_match_03\frame_0363.jpg,0.36,241.7,83.9,253.4,105.0
online_match_03/frame_0363.jpg,data\frames_dense\online_match_03\frame_0363.jpg,0.301,816.1,291.9,825.4,308.9
online_match_03/frame_0364.jpg,data\frames_dense\online_match_03\frame_0364.jpg,0.343,810.9,295.6,820.9,315.2
online_match_03/frame_0364.jpg,data\frames_dense\online_match_03\frame_0364.jpg,0.308,241.7,84.6,253.1,105.0
online_match_03/frame_0365.jpg,data\frames_dense\online_match_03\frame_0365.jpg,0.341,241.6,84.3,253.2,104.9
online_match_03/frame_0366.jpg,data\frames_dense\online_match_03\frame_0366.jpg,0.305,241.6,84.5,253.1,104.8
online_match_03/frame_0368.jpg,data\frames_dense\online_match_03\frame_0368.jpg,0.293,241.4,84.8,253.0,105.6
online_match_03/frame_0371.jpg,data\frames_dense\online_match_03\frame_0371.jpg,0.338,241.6,84.2,253.3,105.7
online_match_03/frame_0372.jpg,data\frames_dense\online_match_03\frame_0372.jpg,0.257,241.6,83.9,253.5,105.8
online_match_03/frame_0375.jpg,data\frames_dense\online_match_03\frame_0375.jpg,0.271,239.5,83.2,253.2,106.1
online_match_03/frame_0385.jpg,data\frames_dense\online_match_03\frame_0385.jpg,0.365,904.0,396.2,917.1,421.6
online_match_03/frame_0452.jpg,data\frames_dense\online_match_03\frame_0452.jpg,0.283,716.8,271.4,727.4,292.9
online_match_03/frame_0452.jpg,data\frames_dense\online_match_03\frame_0452.jpg,0.266,241.8,52.8,252.3,72.5
online_match_03/frame_0458.jpg,data\frames_dense\online_match_03\frame_0458.jpg,0.299,239.6,51.7,252.3,72.4
online_match_03/frame_0461.jpg,data\frames_dense\online_match_03\frame_0461.jpg,0.258,239.5,52.2,252.0,72.4
online_match_03/frame_0462.jpg,data\frames_dense\online_match_03\frame_0462.jpg,0.277,239.5,52.6,251.7,72.2
online_match_03/frame_0463.jpg,data\frames_dense\online_match_03\frame_0463.jpg,0.276,239.5,52.4,251.8,72.2
online_match_03/frame_0468.jpg,data\frames_dense\online_match_03\frame_0468.jpg,0.254,252.8,389.6,264.1,402.7
online_match_03/frame_0470.jpg,data\frames_dense\online_match_03\frame_0470.jpg,0.285,241.7,52.4,252.9,72.2
online_match_03/frame_0472.jpg,data\frames_dense\online_match_03\frame_0472.jpg,0.351,241.9,53.3,253.0,72.5
online_match_03/frame_0473.jpg,data\frames_dense\online_match_03\frame_0473.jpg,0.526,967.4,297.2,977.9,315.1
online_match_03/frame_0473.jpg,data\frames_dense\online_match_03\frame_0473.jpg,0.27,239.6,51.9,252.1,73.0
online_match_03/frame_0477.jpg,data\frames_dense\online_match_03\frame_0477.jpg,0.453,919.4,297.9,929.8,316.3
online_match_03/frame_0478.jpg,data\frames_dense\online_match_03\frame_0478.jpg,0.742,913.5,297.7,923.4,316.2
online_match_03/frame_0479.jpg,data\frames_dense\online_match_03\frame_0479.jpg,0.722,911.8,298.5,921.4,315.3
online_match_03/frame_0480.jpg,data\frames_dense\online_match_03\frame_0480.jpg,0.574,909.6,299.3,920.1,314.4
online_match_03/frame_0481.jpg,data\frames_dense\online_match_03\frame_0481.jpg,0.548,909.4,299.1,920.1,313.9
online_match_03/frame_0482.jpg,data\frames_dense\online_match_03\frame_0482.jpg,0.431,911.0,297.7,920.4,314.0
online_match_03/frame_0482.jpg,data\frames_dense\online_match_03\frame_0482.jpg,0.297,239.6,51.7,252.6,72.8
online_match_03/frame_0483.jpg,data\frames_dense\online_match_03\frame_0483.jpg,0.268,239.6,51.5,252.8,72.5
online_match_03/frame_0484.jpg,data\frames_dense\online_match_03\frame_0484.jpg,0.293,381.7,364.9,392.3,380.0
online_match_03/frame_0484.jpg,data\frames_dense\online_match_03\frame_0484.jpg,0.264,239.6,51.7,252.5,72.4
online_match_03/frame_0485.jpg,data\frames_dense\online_match_03\frame_0485.jpg,0.518,370.5,399.7,379.1,415.0
online_match_03/frame_0485.jpg,data\frames_dense\online_match_03\frame_0485.jpg,0.266,239.7,51.6,252.5,72.0
online_match_03/frame_0487.jpg,data\frames_dense\online_match_03\frame_0487.jpg,0.757,866.5,282.5,877.1,301.5
online_match_03/frame_0487.jpg,data\frames_dense\online_match_03\frame_0487.jpg,0.701,333.4,392.7,344.3,411.3
online_match_03/frame_0488.jpg,data\frames_dense\online_match_03\frame_0488.jpg,0.74,865.7,281.5,876.4,301.1
online_match_03/frame_0488.jpg,data\frames_dense\online_match_03\frame_0488.jpg,0.431,1190.8,310.6,1198.8,324.9
online_match_03/frame_0491.jpg,data\frames_dense\online_match_03\frame_0491.jpg,0.25,866.0,277.2,878.3,300.5
online_match_03/frame_0492.jpg,data\frames_dense\online_match_03\frame_0492.jpg,0.701,215.0,377.8,223.5,393.6
online_match_03/frame_0492.jpg,data\frames_dense\online_match_03\frame_0492.jpg,0.269,239.5,52.3,251.9,72.4
online_match_03/frame_0493.jpg,data\frames_dense\online_match_03\frame_0493.jpg,0.277,239.6,51.9,252.2,72.9
online_match_03/frame_0494.jpg,data\frames_dense\online_match_03\frame_0494.jpg,0.567,866.5,268.5,878.2,288.6
online_match_03/frame_0495.jpg,data\frames_dense\online_match_03\frame_0495.jpg,0.346,241.3,53.2,252.5,73.9
online_match_03/frame_0496.jpg,data\frames_dense\online_match_03\frame_0496.jpg,0.29,241.6,53.4,252.7,73.6
online_match_03/frame_0497.jpg,data\frames_dense\online_match_03\frame_0497.jpg,0.254,242.1,53.1,253.1,72.8
online_match_03/frame_0498.jpg,data\frames_dense\online_match_03\frame_0498.jpg,0.353,241.8,53.0,252.6,72.6
online_match_03/frame_0499.jpg,data\frames_dense\online_match_03\frame_0499.jpg,0.287,241.8,52.9,252.7,72.6
online_match_04/frame_0008.jpg,data\frames_dense\online_match_04\frame_0008.jpg,0.305,239.5,51.6,252.6,73.0
online_match_04/frame_0009.jpg,data\frames_dense\online_match_04\frame_0009.jpg,0.288,239.5,51.8,252.3,73.2
online_match_04/frame_0010.jpg,data\frames_dense\online_match_04\frame_0010.jpg,0.358,850.0,384.7,870.6,444.8
online_match_04/frame_0012.jpg,data\frames_dense\online_match_04\frame_0012.jpg,0.362,939.0,378.7,961.7,445.9
online_match_04/frame_0013.jpg,data\frames_dense\online_match_04\frame_0013.jpg,0.415,535.3,319.9,542.9,335.2
online_match_04/frame_0013.jpg,data\frames_dense\online_match_04\frame_0013.jpg,0.381,535.1,322.2,541.7,336.4
online_match_04/frame_0014.jpg,data\frames_dense\online_match_04\frame_0014.jpg,0.519,444.5,298.4,456.0,311.1
online_match_04/frame_0015.jpg,data\frames_dense\online_match_04\frame_0015.jpg,0.646,535.6,155.0,545.3,172.0
online_match_04/frame_0015.jpg,data\frames_dense\online_match_04\frame_0015.jpg,0.356,785.9,240.7,798.2,261.0
online_match_04/frame_0015.jpg,data\frames_dense\online_match_04\frame_0015.jpg,0.353,241.2,53.2,252.5,72.5
online_match_04/frame_0017.jpg,data\frames_dense\online_match_04\frame_0017.jpg,0.351,1271.7,350.9,1279.7,387.5
online_match_04/frame_0018.jpg,data\frames_dense\online_match_04\frame_0018.jpg,0.282,241.5,53.6,252.5,72.2
online_match_04/frame_0020.jpg,data\frames_dense\online_match_04\frame_0020.jpg,0.513,679.9,165.8,691.2,183.7
online_match_04/frame_0021.jpg,data\frames_dense\online_match_04\frame_0021.jpg,0.531,974.2,424.2,1010.4,478.9
online_match_04/frame_0023.jpg,data\frames_dense\online_match_04\frame_0023.jpg,0.503,839.2,321.9,846.3,336.6
online_match_04/frame_0024.jpg,data\frames_dense\online_match_04\frame_0024.jpg,0.417,759.5,221.0,769.3,238.5
online_match_04/frame_0025.jpg,data\frames_dense\online_match_04\frame_0025.jpg,0.309,241.5,52.5,252.8,72.9
online_match_04/frame_0025.jpg,data\frames_dense\online_match_04\frame_0025.jpg,0.291,726.6,206.4,733.4,223.1
online_match_04/frame_0026.jpg,data\frames_dense\online_match_04\frame_0026.jpg,0.605,705.3,267.6,718.7,291.6
online_match_04/frame_0026.jpg,data\frames_dense\online_match_04\frame_0026.jpg,0.447,557.1,245.3,568.9,268.3
online_match_04/frame_0027.jpg,data\frames_dense\online_match_04\frame_0027.jpg,0.709,710.6,192.6,721.6,211.9
online_match_04/frame_0027.jpg,data\frames_dense\online_match_04\frame_0027.jpg,0.269,1059.3,367.1,1072.3,388.8
online_match_04/frame_0029.jpg,data\frames_dense\online_match_04\frame_0029.jpg,0.533,704.5,32.4,716.4,53.7
online_match_04/frame_0029.jpg,data\frames_dense\online_match_04\frame_0029.jpg,0.289,975.3,232.8,985.8,250.8
online_match_04/frame_0030.jpg,data\frames_dense\online_match_04\frame_0030.jpg,0.5,693.8,92.5,705.9,115.5
online_match_04/frame_0030.jpg,data\frames_dense\online_match_04\frame_0030.jpg,0.367,241.4,52.5,252.9,72.3
online_match_04/frame_0031.jpg,data\frames_dense\online_match_04\frame_0031.jpg,0.43,679.9,230.7,693.3,248.5
online_match_04/frame_0031.jpg,data\frames_dense\online_match_04\frame_0031.jpg,0.28,241.4,52.3,253.3,72.7
online_match_04/frame_0032.jpg,data\frames_dense\online_match_04\frame_0032.jpg,0.506,644.7,222.0,654.1,237.9
online_match_04/frame_0033.jpg,data\frames_dense\online_match_04\frame_0033.jpg,0.265,241.6,52.6,253.0,72.4
online_match_04/frame_0034.jpg,data\frames_dense\online_match_04\frame_0034.jpg,0.751,533.6,301.1,542.9,317.6
online_match_04/frame_0034.jpg,data\frames_dense\online_match_04\frame_0034.jpg,0.466,805.4,380.2,833.2,445.2
online_match_04/frame_0034.jpg,data\frames_dense\online_match_04\frame_0034.jpg,0.285,241.6,52.8,253.0,72.4
online_match_04/frame_0035.jpg,data\frames_dense\online_match_04\frame_0035.jpg,0.338,241.7,52.6,253.2,72.3
online_match_04/frame_0036.jpg,data\frames_dense\online_match_04\frame_0036.jpg,0.278,241.6,52.8,253.1,72.4
online_match_04/frame_0037.jpg,data\frames_dense\online_match_04\frame_0037.jpg,0.477,902.9,419.0,920.4,453.4
online_match_04/frame_0044.jpg,data\frames_dense\online_match_04\frame_0044.jpg,0.36,405.1,291.7,416.1,311.2
online_match_04/frame_0047.jpg,data\frames_dense\online_match_04\frame_0047.jpg,0.437,380.9,362.5,392.0,376.7
online_match_04/frame_0047.jpg,data\frames_dense\online_match_04\frame_0047.jpg,0.398,896.1,363.4,926.0,421.6
online_match_04/frame_0048.jpg,data\frames_dense\online_match_04\frame_0048.jpg,0.393,896.0,363.5,930.6,411.3
online_match_04/frame_0050.jpg,data\frames_dense\online_match_04\frame_0050.jpg,0.353,889.9,361.0,922.9,427.8
online_match_04/frame_0051.jpg,data\frames_dense\online_match_04\frame_0051.jpg,0.589,884.3,361.6,914.8,422.3
online_match_04/frame_0051.jpg,data\frames_dense\online_match_04\frame_0051.jpg,0.307,350.1,445.8,361.0,462.5
online_match_04/frame_0052.jpg,data\frames_dense\online_match_04\frame_0052.jpg,0.601,885.2,359.6,915.5,421.0
online_match_04/frame_0052.jpg,data\frames_dense\online_match_04\frame_0052.jpg,0.331,341.2,442.0,352.2,458.4
online_match_04/frame_0053.jpg,data\frames_dense\online_match_04\frame_0053.jpg,0.499,901.4,358.0,926.3,420.7
online_match_04/frame_0053.jpg,data\frames_dense\online_match_04\frame_0053.jpg,0.479,328.0,470.6,340.4,488.6
online_match_04/frame_0054.jpg,data\frames_dense\online_match_04\frame_0054.jpg,0.464,914.1,356.5,936.6,413.6
online_match_04/frame_0057.jpg,data\frames_dense\online_match_04\frame_0057.jpg,0.724,710.7,636.6,727.7,670.5
online_match_04/frame_0057.jpg,data\frames_dense\online_match_04\frame_0057.jpg,0.648,254.8,361.2,264.1,375.0
online_match_04/frame_0060.jpg,data\frames_dense\online_match_04\frame_0060.jpg,0.718,783.0,623.9,797.7,651.1
online_match_04/frame_0061.jpg,data\frames_dense\online_match_04\frame_0061.jpg,0.653,825.8,620.4,841.2,649.2
online_match_04/frame_0061.jpg,data\frames_dense\online_match_04\frame_0061.jpg,0.636,1070.0,361.5,1102.2,426.2
online_match_04/frame_0061.jpg,data\frames_dense\online_match_04\frame_0061.jpg,0.329,71.0,332.9,80.0,344.1
online_match_04/frame_0062.jpg,data\frames_dense\online_match_04\frame_0062.jpg,0.71,1107.1,365.5,1139.8,428.0
online_match_04/frame_0062.jpg,data\frames_dense\online_match_04\frame_0062.jpg,0.291,874.9,633.3,890.6,657.4
online_match_04/frame_0063.jpg,data\frames_dense\online_match_04\frame_0063.jpg,0.699,1129.3,367.6,1162.8,436.9
online_match_04/frame_0063.jpg,data\frames_dense\online_match_04\frame_0063.jpg,0.664,703.7,267.6,715.5,289.7
online_match_04/frame_0064.jpg,data\frames_dense\online_match_04\frame_0064.jpg,0.492,1157.0,371.0,1188.5,441.9
online_match_04/frame_0064.jpg,data\frames_dense\online_match_04\frame_0064.jpg,0.309,241.6,53.6,252.5,72.1
online_match_04/frame_0065.jpg,data\frames_dense\online_match_04\frame_0065.jpg,0.399,241.6,53.8,252.6,72.4
online_match_04/frame_0066.jpg,data\frames_dense\online_match_04\frame_0066.jpg,0.451,241.3,83.8,253.0,103.3
online_match_04/frame_0066.jpg,data\frames_dense\online_match_04\frame_0066.jpg,0.368,783.0,274.4,793.5,291.4
online_match_04/frame_0067.jpg,data\frames_dense\online_match_04\frame_0067.jpg,0.335,241.7,84.2,252.8,103.9
online_match_04/frame_0067.jpg,data\frames_dense\online_match_04\frame_0067.jpg,0.29,149.3,398.7,158.2,412.4
online_match_04/frame_0069.jpg,data\frames_dense\online_match_04\frame_0069.jpg,0.674,845.9,284.1,857.6,305.6
online_match_04/frame_0069.jpg,data\frames_dense\online_match_04\frame_0069.jpg,0.297,94.8,695.4,108.1,717.4
online_match_04/frame_0070.jpg,data\frames_dense\online_match_04\frame_0070.jpg,0.307,173.9,368.3,181.6,381.9
online_match_04/frame_0070.jpg,data\frames_dense\online_match_04\frame_0070.jpg,0.297,174.5,369.5,184.0,385.8
online_match_04/frame_0070.jpg,data\frames_dense\online_match_04\frame_0070.jpg,0.251,863.4,286.2,874.3,305.8
online_match_04/frame_0074.jpg,data\frames_dense\online_match_04\frame_0074.jpg,0.727,903.6,294.5,915.1,316.6
online_match_04/frame_0075.jpg,data\frames_dense\online_match_04\frame_0075.jpg,0.461,910.9,299.5,923.4,321.0
online_match_04/frame_0075.jpg,data\frames_dense\online_match_04\frame_0075.jpg,0.342,240.9,83.8,253.3,105.6
online_match_04/frame_0076.jpg,data\frames_dense\online_match_04\frame_0076.jpg,0.349,241.0,83.5,253.5,105.5
online_match_04/frame_0077.jpg,data\frames_dense\online_match_04\frame_0077.jpg,0.523,935.2,302.3,947.4,325.2
online_match_04/frame_0078.jpg,data\frames_dense\online_match_04\frame_0078.jpg,0.634,949.3,301.7,962.2,325.7
online_match_04/frame_0080.jpg,data\frames_dense\online_match_04\frame_0080.jpg,0.289,241.2,84.5,252.7,105.2
online_match_04/frame_0081.jpg,data\frames_dense\online_match_04\frame_0081.jpg,0.265,241.3,84.9,253.2,105.8
online_match_04/frame_0082.jpg,data\frames_dense\online_match_04\frame_0082.jpg,0.519,241.0,84.0,253.5,106.4
online_match_04/frame_0082.jpg,data\frames_dense\online_match_04\frame_0082.jpg,0.445,258.6,686.6,275.0,716.2
online_match_04/frame_0083.jpg,data\frames_dense\online_match_04\frame_0083.jpg,0.429,241.4,83.6,253.7,106.0
online_match_04/frame_0084.jpg,data\frames_dense\online_match_04\frame_0084.jpg,0.447,241.3,83.6,253.4,105.3
online_match_04/frame_0085.jpg,data\frames_dense\online_match_04\frame_0085.jpg,0.544,241.1,83.8,253.0,105.5
online_match_04/frame_0086.jpg,data\frames_dense\online_match_04\frame_0086.jpg,0.581,241.1,83.8,253.1,105.9
online_match_04/frame_0087.jpg,data\frames_dense\online_match_04\frame_0087.jpg,0.655,241.3,83.9,253.2,106.6
online_match_04/frame_0088.jpg,data\frames_dense\online_match_04\frame_0088.jpg,0.461,241.4,83.8,253.0,105.3
online_match_04/frame_0089.jpg,data\frames_dense\online_match_04\frame_0089.jpg,0.608,241.2,83.5,252.7,104.7
online_match_04/frame_0089.jpg,data\frames_dense\online_match_04\frame_0089.jpg,0.366,1015.8,308.5,1027.0,330.6
online_match_04/frame_0090.jpg,data\frames_dense\online_match_04\frame_0090.jpg,0.65,241.4,83.8,253.0,104.7
online_match_04/frame_0090.jpg,data\frames_dense\online_match_04\frame_0090.jpg,0.573,1011.9,308.3,1023.5,331.3
online_match_04/frame_0091.jpg,data\frames_dense\online_match_04\frame_0091.jpg,0.706,241.4,83.4,252.8,104.7
online_match_04/frame_0092.jpg,data\frames_dense\online_match_04\frame_0092.jpg,0.712,241.4,83.4,252.8,104.6
online_match_04/frame_0093.jpg,data\frames_dense\online_match_04\frame_0093.jpg,0.717,241.3,83.3,252.8,104.9
online_match_04/frame_0094.jpg,data\frames_dense\online_match_04\frame_0094.jpg,0.719,241.2,83.4,252.7,104.9
online_match_04/frame_0095.jpg,data\frames_dense\online_match_04\frame_0095.jpg,0.709,241.1,83.7,252.7,105.2
online_match_04/frame_0096.jpg,data\frames_dense\online_match_04\frame_0096.jpg,0.716,241.2,83.4,252.9,105.0
online_match_04/frame_0096.jpg,data\frames_dense\online_match_04\frame_0096.jpg,0.322,723.2,340.7,732.6,359.1
online_match_04/frame_0097.jpg,data\frames_dense\online_match_04\frame_0097.jpg,0.719,241.2,83.3,252.9,105.0
online_match_04/frame_0097.jpg,data\frames_dense\online_match_04\frame_0097.jpg,0.317,724.1,340.1,733.3,357.8
online_match_04/frame_0098.jpg,data\frames_dense\online_match_04\frame_0098.jpg,0.71,241.1,83.3,252.8,105.0
online_match_04/frame_0098.jpg,data\frames_dense\online_match_04\frame_0098.jpg,0.297,723.7,340.3,733.2,358.3
online_match_04/frame_0099.jpg,data\frames_dense\online_match_04\frame_0099.jpg,0.694,241.0,83.2,252.7,105.2
online_match_04/frame_0099.jpg,data\frames_dense\online_match_04\frame_0099.jpg,0.321,723.8,340.0,733.2,358.5
online_match_04/frame_0100.jpg,data\frames_dense\online_match_04\frame_0100.jpg,0.69,241.0,83.4,252.7,105.1
online_match_04/frame_0100.jpg,data\frames_dense\online_match_04\frame_0100.jpg,0.25,723.7,339.9,733.3,358.7
online_match_04/frame_0101.jpg,data\frames_dense\online_match_04\frame_0101.jpg,0.678,241.0,83.4,252.6,105.0
online_match_04/frame_0102.jpg,data\frames_dense\online_match_04\frame_0102.jpg,0.685,241.0,83.7,252.6,105.0
online_match_04/frame_0102.jpg,data\frames_dense\online_match_04\frame_0102.jpg,0.295,723.9,339.8,733.1,358.1
online_match_04/frame_0103.jpg,data\frames_dense\online_match_04\frame_0103.jpg,0.685,241.0,83.7,252.6,105.1
online_match_04/frame_0103.jpg,data\frames_dense\online_match_04\frame_0103.jpg,0.262,724.3,339.4,733.3,357.1
online_match_04/frame_0104.jpg,data\frames_dense\online_match_04\frame_0104.jpg,0.687,241.0,83.5,252.6,105.0
online_match_04/frame_0105.jpg,data\frames_dense\online_match_04\frame_0105.jpg,0.686,241.0,83.4,252.6,105.0
online_match_04/frame_0105.jpg,data\frames_dense\online_match_04\frame_0105.jpg,0.25,724.7,338.4,733.8,356.0
online_match_04/frame_0106.jpg,data\frames_dense\online_match_04\frame_0106.jpg,0.658,241.2,83.3,252.8,104.6
online_match_04/frame_0106.jpg,data\frames_dense\online_match_04\frame_0106.jpg,0.278,726.3,335.4,735.1,352.6
online_match_04/frame_0106.jpg,data\frames_dense\online_match_04\frame_0106.jpg,0.254,725.0,338.7,734.5,356.0
online_match_04/frame_0107.jpg,data\frames_dense\online_match_04\frame_0107.jpg,0.658,241.2,83.6,252.7,104.6
online_match_04/frame_0108.jpg,data\frames_dense\online_match_04\frame_0108.jpg,0.652,241.3,83.4,252.8,104.5
online_match_04/frame_0108.jpg,data\frames_dense\online_match_04\frame_0108.jpg,0.43,724.1,338.7,734.4,357.8
online_match_04/frame_0108.jpg,data\frames_dense\online_match_04\frame_0108.jpg,0.309,725.1,335.1,735.0,354.0
online_match_04/frame_0109.jpg,data\frames_dense\online_match_04\frame_0109.jpg,0.656,241.3,83.4,252.8,104.5
online_match_04/frame_0109.jpg,data\frames_dense\online_match_04\frame_0109.jpg,0.415,724.2,338.7,734.6,358.0
online_match_04/frame_0109.jpg,data\frames_dense\online_match_04\frame_0109.jpg,0.301,725.1,335.0,735.1,354.0
online_match_04/frame_0110.jpg,data\frames_dense\online_match_04\frame_0110.jpg,0.648,241.3,83.5,252.7,104.6
online_match_04/frame_0110.jpg,data\frames_dense\online_match_04\frame_0110.jpg,0.601,723.9,339.7,733.9,358.2
online_match_04/frame_0111.jpg,data\frames_dense\online_match_04\frame_0111.jpg,0.631,241.2,83.4,252.9,105.0
online_match_04/frame_0111.jpg,data\frames_dense\online_match_04\frame_0111.jpg,0.575,722.9,341.2,732.9,359.9
online_match_04/frame_0112.jpg,data\frames_dense\online_match_04\frame_0112.jpg,0.584,241.2,83.3,252.9,105.1
online_match_04/frame_0112.jpg,data\frames_dense\online_match_04\frame_0112.jpg,0.419,721.1,342.0,730.6,360.6
online_match_04/frame_0113.jpg,data\frames_dense\online_match_04\frame_0113.jpg,0.569,241.1,83.3,252.9,104.9
online_match_04/frame_0113.jpg,data\frames_dense\online_match_04\frame_0113.jpg,0.563,719.7,341.7,729.9,362.2
online_match_04/frame_0114.jpg,data\frames_dense\online_match_04\frame_0114.jpg,0.6,241.2,83.4,252.8,104.4
online_match_04/frame_0115.jpg,data\frames_dense\online_match_04\frame_0115.jpg,0.42,679.9,343.6,689.6,360.7
online_match_04/frame_0115.jpg,data\frames_dense\online_match_04\frame_0115.jpg,0.418,682.1,340.3,689.9,356.2
online_match_04/frame_0116.jpg,data\frames_dense\online_match_04\frame_0116.jpg,0.496,240.9,84.1,252.8,105.0
online_match_04/frame_0116.jpg,data\frames_dense\online_match_04\frame_0116.jpg,0.317,627.6,340.9,636.1,357.2
online_match_04/frame_0117.jpg,data\frames_dense\online_match_04\frame_0117.jpg,0.726,211.8,305.6,222.4,323.9
online_match_04/frame_0117.jpg,data\frames_dense\online_match_04\frame_0117.jpg,0.692,1243.3,406.9,1270.6,458.1
online_match_04/frame_0117.jpg,data\frames_dense\online_match_04\frame_0117.jpg,0.481,580.8,340.0,589.5,355.8
online_match_04/frame_0117.jpg,data\frames_dense\online_match_04\frame_0117.jpg,0.268,582.6,335.6,590.3,352.3
online_match_04/frame_0118.jpg,data\frames_dense\online_match_04\frame_0118.jpg,0.599,215.1,279.1,225.6,296.1
online_match_04/frame_0118.jpg,data\frames_dense\online_match_04\frame_0118.jpg,0.463,536.0,344.1,545.6,359.4
online_match_04/frame_0119.jpg,data\frames_dense\online_match_04\frame_0119.jpg,0.738,470.4,340.0,478.8,355.3
online_match_04/frame_0119.jpg,data\frames_dense\online_match_04\frame_0119.jpg,0.485,240.9,84.0,252.5,103.9
online_match_04/frame_0119.jpg,data\frames_dense\online_match_04\frame_0119.jpg,0.406,584.0,343.7,594.2,357.1
online_match_04/frame_0119.jpg,data\frames_dense\online_match_04\frame_0119.jpg,0.349,588.1,341.8,594.7,355.2
online_match_04/frame_0120.jpg,data\frames_dense\online_match_04\frame_0120.jpg,0.658,480.4,343.7,488.7,357.6
online_match_04/frame_0120.jpg,data\frames_dense\online_match_04\frame_0120.jpg,0.605,360.0,343.0,369.8,356.8
online_match_04/frame_0120.jpg,data\frames_dense\online_match_04\frame_0120.jpg,0.595,241.0,84.5,252.8,104.5
online_match_04/frame_0120.jpg,data\frames_dense\online_match_04\frame_0120.jpg,0.591,672.6,319.5,685.7,338.8
online_match_04/frame_0120.jpg,data\frames_dense\online_match_04\frame_0120.jpg,0.512,363.7,341.1,370.2,354.8
online_match_04/frame_0121.jpg,data\frames_dense\online_match_04\frame_0121.jpg,0.675,908.7,374.4,931.0,413.8
online_match_04/frame_0121.jpg,data\frames_dense\online_match_04\frame_0121.jpg,0.453,240.9,83.8,252.5,103.8
online_match_04/frame_0121.jpg,data\frames_dense\online_match_04\frame_0121.jpg,0.431,280.0,343.9,290.4,359.0
online_match_04/frame_0122.jpg,data\frames_dense\online_match_04\frame_0122.jpg,0.685,874.9,373.9,898.5,416.5
online_match_04/frame_0122.jpg,data\frames_dense\online_match_04\frame_0122.jpg,0.409,241.1,83.4,252.8,105.1
online_match_04/frame_0123.jpg,data\frames_dense\online_match_04\frame_0123.jpg,0.628,916.1,163.2,925.0,178.1
online_match_04/frame_0123.jpg,data\frames_dense\online_match_04\frame_0123.jpg,0.607,857.5,377.2,881.6,423.3
online_match_04/frame_0123.jpg,data\frames_dense\online_match_04\frame_0123.jpg,0.575,491.0,302.7,500.4,320.7
online_match_04/frame_0123.jpg,data\frames_dense\online_match_04\frame_0123.jpg,0.511,487.9,301.8,499.4,318.8
online_match_04/frame_0123.jpg,data\frames_dense\online_match_04\frame_0123.jpg,0.432,491.9,304.2,504.1,322.1
online_match_04/frame_0124.jpg,data\frames_dense\online_match_04\frame_0124.jpg,0.727,859.4,375.9,883.3,424.4
online_match_04/frame_0124.jpg,data\frames_dense\online_match_04\frame_0124.jpg,0.605,493.3,304.5,504.2,323.1
online_match_04/frame_0125.jpg,data\frames_dense\online_match_04\frame_0125.jpg,0.594,849.2,384.2,872.5,433.8
online_match_04/frame_0125.jpg,data\frames_dense\online_match_04\frame_0125.jpg,0.352,241.0,83.1,252.8,104.7
online_match_04/frame_0125.jpg,data\frames_dense\online_match_04\frame_0125.jpg,0.255,494.9,301.6,505.4,320.4
online_match_04/frame_0126.jpg,data\frames_dense\online_match_04\frame_0126.jpg,0.291,241.2,83.9,252.6,104.1
online_match_04/frame_0127.jpg,data\frames_dense\online_match_04\frame_0127.jpg,0.524,519.9,293.3,530.3,310.3
online_match_04/frame_0127.jpg,data\frames_dense\online_match_04\frame_0127.jpg,0.364,815.7,375.2,829.7,397.5
online_match_04/frame_0128.jpg,data\frames_dense\online_match_04\frame_0128.jpg,0.65,798.3,153.9,809.6,173.3
online_match_04/frame_0128.jpg,data\frames_dense\online_match_04\frame_0128.jpg,0.489,240.9,83.2,253.1,105.1
online_match_04/frame_0129.jpg,data\frames_dense\online_match_04\frame_0129.jpg,0.476,241.2,83.7,252.7,104.3
online_match_04/frame_0129.jpg,data\frames_dense\online_match_04\frame_0129.jpg,0.275,1014.0,393.3,1024.5,410.4
online_match_04/frame_0130.jpg,data\frames_dense\online_match_04\frame_0130.jpg,0.602,241.0,84.1,253.0,104.9
online_match_04/frame_0130.jpg,data\frames_dense\online_match_04\frame_0130.jpg,0.482,610.3,289.5,620.9,309.3
online_match_04/frame_0130.jpg,data\frames_dense\online_match_04\frame_0130.jpg,0.355,793.5,397.8,813.3,436.4
online_match_04/frame_0130.jpg,data\frames_dense\online_match_04\frame_0130.jpg,0.296,750.5,143.8,763.3,164.8
online_match_04/frame_0130.jpg,data\frames_dense\online_match_04\frame_0130.jpg,0.273,795.2,398.6,816.5,441.5
online_match_04/frame_0131.jpg,data\frames_dense\online_match_04\frame_0131.jpg,0.53,730.6,264.5,744.0,284.2
online_match_04/frame_0131.jpg,data\frames_dense\online_match_04\frame_0131.jpg,0.483,728.0,264.5,741.4,285.3
online_match_04/frame_0131.jpg,data\frames_dense\online_match_04\frame_0131.jpg,0.409,240.9,84.2,252.4,104.6
online_match_04/frame_0131.jpg,data\frames_dense\online_match_04\frame_0131.jpg,0.361,827.5,398.6,849.6,443.5
online_match_04/frame_0132.jpg,data\frames_dense\online_match_04\frame_0132.jpg,0.402,241.4,83.7,252.9,104.0
online_match_04/frame_0133.jpg,data\frames_dense\online_match_04\frame_0133.jpg,0.474,241.3,82.8,253.1,103.9
online_match_04/frame_0134.jpg,data\frames_dense\online_match_04\frame_0134.jpg,0.518,240.9,82.9,252.9,104.5
online_match_04/frame_0135.jpg,data\frames_dense\online_match_04\frame_0135.jpg,0.467,241.0,82.9,252.7,103.9
online_match_04/frame_0136.jpg,data\frames_dense\online_match_04\frame_0136.jpg,0.443,241.1,82.9,252.9,104.0
online_match_04/frame_0137.jpg,data\frames_dense\online_match_04\frame_0137.jpg,0.28,241.3,83.0,253.4,104.1
online_match_04/frame_0138.jpg,data\frames_dense\online_match_04\frame_0138.jpg,0.403,823.9,354.2,832.7,370.8
online_match_04/frame_0142.jpg,data\frames_dense\online_match_04\frame_0142.jpg,0.677,862.4,419.3,895.0,487.3
online_match_04/frame_0144.jpg,data\frames_dense\online_match_04\frame_0144.jpg,0.289,879.8,400.7,895.2,430.8
online_match_04/frame_0145.jpg,data\frames_dense\online_match_04\frame_0145.jpg,0.603,831.3,381.0,866.9,457.7
online_match_04/frame_0146.jpg,data\frames_dense\online_match_04\frame_0146.jpg,0.449,831.4,379.6,855.6,417.5
online_match_04/frame_0148.jpg,data\frames_dense\online_match_04\frame_0148.jpg,0.405,837.8,382.3,860.9,423.3
online_match_04/frame_0148.jpg,data\frames_dense\online_match_04\frame_0148.jpg,0.274,241.4,83.6,253.1,103.7
online_match_04/frame_0149.jpg,data\frames_dense\online_match_04\frame_0149.jpg,0.293,241.7,83.7,253.0,103.2
online_match_04/frame_0156.jpg,data\frames_dense\online_match_04\frame_0156.jpg,0.339,711.7,268.7,725.8,294.5
online_match_04/frame_0159.jpg,data\frames_dense\online_match_04\frame_0159.jpg,0.316,241.0,83.0,252.9,104.9
online_match_04/frame_0160.jpg,data\frames_dense\online_match_04\frame_0160.jpg,0.642,1085.9,376.6,1105.6,411.5
online_match_04/frame_0161.jpg,data\frames_dense\online_match_04\frame_0161.jpg,0.713,1120.9,378.5,1152.1,449.3
online_match_04/frame_0161.jpg,data\frames_dense\online_match_04\frame_0161.jpg,0.256,241.6,83.3,253.0,104.1
online_match_04/frame_0163.jpg,data\frames_dense\online_match_04\frame_0163.jpg,0.419,240.7,82.8,253.1,105.0
online_match_04/frame_0163.jpg,data\frames_dense\online_match_04\frame_0163.jpg,0.357,1205.4,375.3,1235.4,449.0
online_match_04/frame_0164.jpg,data\frames_dense\online_match_04\frame_0164.jpg,0.339,1255.7,376.3,1279.8,453.5
online_match_04/frame_0169.jpg,data\frames_dense\online_match_04\frame_0169.jpg,0.36,240.9,83.7,253.6,105.1
online_match_04/frame_0170.jpg,data\frames_dense\online_match_04\frame_0170.jpg,0.466,241.1,83.9,252.8,104.6
online_match_04/frame_0171.jpg,data\frames_dense\online_match_04\frame_0171.jpg,0.431,241.0,84.1,252.7,104.8
online_match_04/frame_0172.jpg,data\frames_dense\online_match_04\frame_0172.jpg,0.433,240.7,83.6,252.9,105.3
online_match_04/frame_0173.jpg,data\frames_dense\online_match_04\frame_0173.jpg,0.5,240.9,84.1,252.8,105.0
online_match_04/frame_0174.jpg,data\frames_dense\online_match_04\frame_0174.jpg,0.267,241.0,83.8,253.2,104.9
online_match_04/frame_0178.jpg,data\frames_dense\online_match_04\frame_0178.jpg,0.285,1052.0,290.4,1065.2,316.5
online_match_04/frame_0186.jpg,data\frames_dense\online_match_04\frame_0186.jpg,0.301,240.4,83.9,252.6,105.2
online_match_04/frame_0188.jpg,data\frames_dense\online_match_04\frame_0188.jpg,0.314,241.1,83.5,253.3,104.2
online_match_04/frame_0189.jpg,data\frames_dense\online_match_04\frame_0189.jpg,0.283,241.0,83.2,253.3,104.3
online_match_04/frame_0190.jpg,data\frames_dense\online_match_04\frame_0190.jpg,0.469,241.1,83.2,253.4,104.4
online_match_04/frame_0191.jpg,data\frames_dense\online_match_04\frame_0191.jpg,0.566,1009.5,283.8,1022.2,308.2
online_match_04/frame_0191.jpg,data\frames_dense\online_match_04\frame_0191.jpg,0.527,241.0,82.8,253.9,104.8
online_match_04/frame_0192.jpg,data\frames_dense\online_match_04\frame_0192.jpg,0.728,241.0,83.6,253.4,105.4
online_match_04/frame_0192.jpg,data\frames_dense\online_match_04\frame_0192.jpg,0.526,1007.6,285.0,1020.9,309.7
online_match_04/frame_0192.jpg,data\frames_dense\online_match_04\frame_0192.jpg,0.336,1116.9,290.7,1128.3,307.5
online_match_04/frame_0193.jpg,data\frames_dense\online_match_04\frame_0193.jpg,0.651,241.1,83.3,253.5,105.5
online_match_04/frame_0193.jpg,data\frames_dense\online_match_04\frame_0193.jpg,0.406,148.7,348.3,157.4,365.8
online_match_04/frame_0194.jpg,data\frames_dense\online_match_04\frame_0194.jpg,0.6,241.0,82.9,253.7,106.1
online_match_04/frame_0195.jpg,data\frames_dense\online_match_04\frame_0195.jpg,0.556,240.9,83.8,253.2,106.6
online_match_04/frame_0196.jpg,data\frames_dense\online_match_04\frame_0196.jpg,0.524,240.9,83.8,253.0,106.5
online_match_04/frame_0197.jpg,data\frames_dense\online_match_04\frame_0197.jpg,0.562,240.8,83.9,252.5,106.0
online_match_04/frame_0198.jpg,data\frames_dense\online_match_04\frame_0198.jpg,0.585,240.8,83.9,252.6,105.8
online_match_04/frame_0199.jpg,data\frames_dense\online_match_04\frame_0199.jpg,0.586,240.6,83.7,252.5,105.6
online_match_04/frame_0200.jpg,data\frames_dense\online_match_04\frame_0200.jpg,0.514,240.7,83.8,252.5,105.6
online_match_04/frame_0201.jpg,data\frames_dense\online_match_04\frame_0201.jpg,0.626,240.7,83.8,252.6,106.3
online_match_04/frame_0202.jpg,data\frames_dense\online_match_04\frame_0202.jpg,0.609,240.7,83.8,252.6,106.3
online_match_04/frame_0203.jpg,data\frames_dense\online_match_04\frame_0203.jpg,0.566,240.8,84.2,252.5,106.2
online_match_04/frame_0204.jpg,data\frames_dense\online_match_04\frame_0204.jpg,0.575,240.8,83.9,252.6,106.2
online_match_04/frame_0205.jpg,data\frames_dense\online_match_04\frame_0205.jpg,0.575,240.8,83.8,252.6,106.1
online_match_04/frame_0206.jpg,data\frames_dense\online_match_04\frame_0206.jpg,0.555,240.9,83.8,252.7,105.9
online_match_04/frame_0207.jpg,data\frames_dense\online_match_04\frame_0207.jpg,0.566,241.0,84.0,252.7,106.0
online_match_04/frame_0208.jpg,data\frames_dense\online_match_04\frame_0208.jpg,0.574,240.9,83.7,252.8,106.3
online_match_04/frame_0209.jpg,data\frames_dense\online_match_04\frame_0209.jpg,0.585,241.0,84.1,252.7,106.1
online_match_04/frame_0210.jpg,data\frames_dense\online_match_04\frame_0210.jpg,0.63,241.0,84.0,252.9,105.8
online_match_04/frame_0211.jpg,data\frames_dense\online_match_04\frame_0211.jpg,0.532,241.1,84.0,253.1,106.4
online_match_04/frame_0211.jpg,data\frames_dense\online_match_04\frame_0211.jpg,0.273,1068.8,296.2,1080.7,316.7
online_match_04/frame_0212.jpg,data\frames_dense\online_match_04\frame_0212.jpg,0.459,241.0,83.8,253.1,106.2
online_match_04/frame_0212.jpg,data\frames_dense\online_match_04\frame_0212.jpg,0.383,1068.4,297.0,1080.4,316.2
online_match_04/frame_0213.jpg,data\frames_dense\online_match_04\frame_0213.jpg,0.426,1068.3,296.3,1080.4,315.2
online_match_04/frame_0213.jpg,data\frames_dense\online_match_04\frame_0213.jpg,0.42,241.0,83.9,253.0,106.1
online_match_04/frame_0214.jpg,data\frames_dense\online_match_04\frame_0214.jpg,0.383,241.0,83.9,252.9,106.0
online_match_04/frame_0215.jpg,data\frames_dense\online_match_04\frame_0215.jpg,0.291,239.5,83.0,252.7,106.7
online_match_04/frame_0216.jpg,data\frames_dense\online_match_04\frame_0216.jpg,0.293,241.1,83.7,252.7,105.4
online_match_04/frame_0217.jpg,data\frames_dense\online_match_04\frame_0217.jpg,0.462,1054.8,297.5,1065.1,315.6
online_match_04/frame_0217.jpg,data\frames_dense\online_match_04\frame_0217.jpg,0.326,241.2,83.5,252.5,104.7
online_match_04/frame_0218.jpg,data\frames_dense\online_match_04\frame_0218.jpg,0.38,241.1,83.8,253.0,105.7
online_match_04/frame_0218.jpg,data\frames_dense\online_match_04\frame_0218.jpg,0.359,1034.1,296.0,1045.3,315.5
online_match_04/frame_0219.jpg,data\frames_dense\online_match_04\frame_0219.jpg,0.687,999.4,299.2,1010.1,317.4
online_match_04/frame_0220.jpg,data\frames_dense\online_match_04\frame_0220.jpg,0.729,256.3,310.2,265.9,326.3
online_match_04/frame_0220.jpg,data\frames_dense\online_match_04\frame_0220.jpg,0.664,941.9,299.1,952.8,315.5
online_match_04/frame_0220.jpg,data\frames_dense\online_match_04\frame_0220.jpg,0.331,1042.9,391.6,1050.9,402.9
online_match_04/frame_0221.jpg,data\frames_dense\online_match_04\frame_0221.jpg,0.416,1145.4,393.5,1168.1,427.5
online_match_04/frame_0221.jpg,data\frames_dense\online_match_04\frame_0221.jpg,0.261,92.3,686.3,112.1,715.9
online_match_04/frame_0222.jpg,data\frames_dense\online_match_04\frame_0222.jpg,0.588,241.0,83.7,253.0,104.3
online_match_04/frame_0222.jpg,data\frames_dense\online_match_04\frame_0222.jpg,0.437,209.3,302.0,218.0,315.2
online_match_04/frame_0222.jpg,data\frames_dense\online_match_04\frame_0222.jpg,0.392,790.8,291.3,800.4,306.5
online_match_04/frame_0223.jpg,data\frames_dense\online_match_04\frame_0223.jpg,0.357,241.1,84.0,253.0,104.5
online_match_04/frame_0224.jpg,data\frames_dense\online_match_04\frame_0224.jpg,0.477,863.6,268.6,875.7,287.0
online_match_04/frame_0224.jpg,data\frames_dense\online_match_04\frame_0224.jpg,0.472,241.4,83.3,253.1,104.1
online_match_04/frame_0224.jpg,data\frames_dense\online_match_04\frame_0224.jpg,0.321,668.9,285.8,680.4,303.1
online_match_04/frame_0225.jpg,data\frames_dense\online_match_04\frame_0225.jpg,0.553,241.6,83.4,253.0,103.5
online_match_04/frame_0225.jpg,data\frames_dense\online_match_04\frame_0225.jpg,0.357,654.0,282.3,664.4,300.6
online_match_04/frame_0226.jpg,data\frames_dense\online_match_04\frame_0226.jpg,0.576,241.3,83.9,252.5,103.3
online_match_04/frame_0226.jpg,data\frames_dense\online_match_04\frame_0226.jpg,0.423,825.2,392.8,841.3,425.4
online_match_04/frame_0227.jpg,data\frames_dense\online_match_04\frame_0227.jpg,0.481,241.4,83.3,253.4,104.5
online_match_04/frame_0228.jpg,data\frames_dense\online_match_04\frame_0228.jpg,0.667,240.8,83.6,252.7,104.8
online_match_04/frame_0229.jpg,data\frames_dense\online_match_04\frame_0229.jpg,0.747,771.6,316.0,782.4,336.3
online_match_04/frame_0229.jpg,data\frames_dense\online_match_04\frame_0229.jpg,0.465,241.0,83.4,253.5,104.8
online_match_04/frame_0230.jpg,data\frames_dense\online_match_04\frame_0230.jpg,0.328,241.0,83.1,253.2,104.6
online_match_04/frame_0231.jpg,data\frames_dense\online_match_04\frame_0231.jpg,0.478,241.3,83.5,253.1,104.4
online_match_04/frame_0232.jpg,data\frames_dense\online_match_04\frame_0232.jpg,0.437,917.9,365.2,940.1,413.1
online_match_04/frame_0232.jpg,data\frames_dense\online_match_04\frame_0232.jpg,0.424,241.1,83.9,252.7,103.8
online_match_04/frame_0235.jpg,data\frames_dense\online_match_04\frame_0235.jpg,0.649,1072.0,343.5,1102.7,404.8
online_match_04/frame_0235.jpg,data\frames_dense\online_match_04\frame_0235.jpg,0.403,240.5,83.5,253.5,105.1
online_match_04/frame_0236.jpg,data\frames_dense\online_match_04\frame_0236.jpg,0.76,1087.6,350.6,1118.3,425.9
online_match_04/frame_0236.jpg,data\frames_dense\online_match_04\frame_0236.jpg,0.27,240.5,82.7,253.7,105.6
online_match_04/frame_0237.jpg,data\frames_dense\online_match_04\frame_0237.jpg,0.307,240.9,81.8,253.8,104.1
online_match_04/frame_0239.jpg,data\frames_dense\online_match_04\frame_0239.jpg,0.629,1059.0,355.9,1086.4,432.5
online_match_04/frame_0240.jpg,data\frames_dense\online_match_04\frame_0240.jpg,0.734,1028.7,353.2,1061.0,432.2
online_match_04/frame_0241.jpg,data\frames_dense\online_match_04\frame_0241.jpg,0.426,1003.0,356.6,1031.7,432.2
online_match_04/frame_0244.jpg,data\frames_dense\online_match_04\frame_0244.jpg,0.391,935.3,358.4,950.8,394.3
online_match_04/frame_0245.jpg,data\frames_dense\online_match_04\frame_0245.jpg,0.686,786.3,255.0,800.5,282.1
online_match_04/frame_0245.jpg,data\frames_dense\online_match_04\frame_0245.jpg,0.278,911.9,412.9,927.7,440.1
online_match_04/frame_0246.jpg,data\frames_dense\online_match_04\frame_0246.jpg,0.349,240.4,82.0,253.6,104.5
online_match_04/frame_0247.jpg,data\frames_dense\online_match_04\frame_0247.jpg,0.395,240.7,82.0,253.6,104.2
online_match_04/frame_0248.jpg,data\frames_dense\online_match_04\frame_0248.jpg,0.3,240.7,82.1,253.6,104.1
online_match_04/frame_0256.jpg,data\frames_dense\online_match_04\frame_0256.jpg,0.379,876.5,368.1,906.1,435.9
online_match_04/frame_0257.jpg,data\frames_dense\online_match_04\frame_0257.jpg,0.273,663.3,260.8,675.4,287.0
online_match_04/frame_0265.jpg,data\frames_dense\online_match_04\frame_0265.jpg,0.333,705.8,257.8,719.1,284.4
online_match_04/frame_0266.jpg,data\frames_dense\online_match_04\frame_0266.jpg,0.451,715.7,257.8,728.8,283.0
online_match_04/frame_0267.jpg,data\frames_dense\online_match_04\frame_0267.jpg,0.719,725.7,256.0,738.7,280.5
online_match_04/frame_0268.jpg,data\frames_dense\online_match_04\frame_0268.jpg,0.463,738.4,256.5,750.8,281.3
online_match_04/frame_0269.jpg,data\frames_dense\online_match_04\frame_0269.jpg,0.433,754.4,258.1,766.1,280.8
online_match_04/frame_0270.jpg,data\frames_dense\online_match_04\frame_0270.jpg,0.673,867.4,256.7,879.2,277.3
online_match_04/frame_0272.jpg,data\frames_dense\online_match_04\frame_0272.jpg,0.665,807.9,259.2,821.1,283.0
online_match_04/frame_0272.jpg,data\frames_dense\online_match_04\frame_0272.jpg,0.328,903.8,259.2,918.5,285.1
online_match_04/frame_0273.jpg,data\frames_dense\online_match_04\frame_0273.jpg,0.448,816.9,259.9,830.8,283.3
online_match_04/frame_0274.jpg,data\frames_dense\online_match_04\frame_0274.jpg,0.486,820.4,262.5,832.7,283.8
online_match_04/frame_0274.jpg,data\frames_dense\online_match_04\frame_0274.jpg,0.29,241.4,83.5,253.1,104.5
online_match_04/frame_0275.jpg,data\frames_dense\online_match_04\frame_0275.jpg,0.253,241.6,83.3,253.4,105.2
online_match_04/frame_0283.jpg,data\frames_dense\online_match_04\frame_0283.jpg,0.366,241.9,84.9,252.5,103.0
online_match_04/frame_0284.jpg,data\frames_dense\online_match_04\frame_0284.jpg,0.302,241.7,85.0,252.4,103.3
online_match_04/frame_0286.jpg,data\frames_dense\online_match_04\frame_0286.jpg,0.552,241.1,84.9,251.8,103.4
online_match_04/frame_0287.jpg,data\frames_dense\online_match_04\frame_0287.jpg,0.769,848.4,267.6,861.5,289.5
online_match_04/frame_0287.jpg,data\frames_dense\online_match_04\frame_0287.jpg,0.454,241.4,84.1,252.6,103.9
online_match_04/frame_0287.jpg,data\frames_dense\online_match_04\frame_0287.jpg,0.315,989.8,276.3,1000.2,290.5
online_match_04/frame_0287.jpg,data\frames_dense\online_match_04\frame_0287.jpg,0.282,846.5,268.7,860.8,294.4
online_match_04/frame_0288.jpg,data\frames_dense\online_match_04\frame_0288.jpg,0.488,241.2,83.9,253.0,104.4
online_match_04/frame_0288.jpg,data\frames_dense\online_match_04\frame_0288.jpg,0.313,1005.4,277.4,1013.1,292.2
online_match_04/frame_0288.jpg,data\frames_dense\online_match_04\frame_0288.jpg,0.312,855.4,268.9,868.4,289.6
online_match_04/frame_0288.jpg,data\frames_dense\online_match_04\frame_0288.jpg,0.289,857.3,269.8,872.1,288.5
online_match_04/frame_0289.jpg,data\frames_dense\online_match_04\frame_0289.jpg,0.717,865.6,270.7,881.6,301.4
online_match_04/frame_0289.jpg,data\frames_dense\online_match_04\frame_0289.jpg,0.297,241.1,84.3,252.5,103.8
online_match_04/frame_0290.jpg,data\frames_dense\online_match_04\frame_0290.jpg,0.571,876.5,273.6,890.3,299.8
online_match_04/frame_0290.jpg,data\frames_dense\online_match_04\frame_0290.jpg,0.503,877.0,270.9,891.0,294.9
online_match_04/frame_0291.jpg,data\frames_dense\online_match_04\frame_0291.jpg,0.551,887.5,279.2,900.9,303.6
online_match_04/frame_0291.jpg,data\frames_dense\online_match_04\frame_0291.jpg,0.27,241.2,84.2,253.0,104.9
online_match_04/frame_0291.jpg,data\frames_dense\online_match_04\frame_0291.jpg,0.268,889.0,278.0,904.1,300.2
online_match_04/frame_0292.jpg,data\frames_dense\online_match_04\frame_0292.jpg,0.592,897.7,277.2,911.9,303.2
online_match_04/frame_0292.jpg,data\frames_dense\online_match_04\frame_0292.jpg,0.362,241.5,84.7,253.0,104.6
online_match_04/frame_0293.jpg,data\frames_dense\online_match_04\frame_0293.jpg,0.587,903.5,280.4,918.8,305.9
online_match_04/frame_0293.jpg,data\frames_dense\online_match_04\frame_0293.jpg,0.556,240.9,83.7,253.0,105.3
online_match_04/frame_0294.jpg,data\frames_dense\online_match_04\frame_0294.jpg,0.663,240.5,83.6,253.2,106.1
online_match_04/frame_0294.jpg,data\frames_dense\online_match_04\frame_0294.jpg,0.441,911.3,277.5,926.0,304.6
online_match_04/frame_0295.jpg,data\frames_dense\online_match_04\frame_0295.jpg,0.595,240.6,83.7,253.1,105.7
online_match_04/frame_0295.jpg,data\frames_dense\online_match_04\frame_0295.jpg,0.483,912.8,280.0,926.1,304.6
online_match_04/frame_0296.jpg,data\frames_dense\online_match_04\frame_0296.jpg,0.672,240.9,83.1,253.8,106.3
online_match_04/frame_0296.jpg,data\frames_dense\online_match_04\frame_0296.jpg,0.524,913.3,279.3,925.8,304.2
online_match_04/frame_0296.jpg,data\frames_dense\online_match_04\frame_0296.jpg,0.314,1054.4,391.8,1064.1,404.1
online_match_04/frame_0297.jpg,data\frames_dense\online_match_04\frame_0297.jpg,0.673,240.6,82.9,253.6,106.8
online_match_04/frame_0297.jpg,data\frames_dense\online_match_04\frame_0297.jpg,0.497,912.4,278.9,924.7,302.4
online_match_04/frame_0297.jpg,data\frames_dense\online_match_04\frame_0297.jpg,0.286,910.1,278.6,923.9,306.2
online_match_04/frame_0298.jpg,data\frames_dense\online_match_04\frame_0298.jpg,0.647,240.8,83.8,253.5,107.1
online_match_04/frame_0298.jpg,data\frames_dense\online_match_04\frame_0298.jpg,0.473,907.1,281.8,922.7,306.6
online_match_04/frame_0298.jpg,data\frames_dense\online_match_04\frame_0298.jpg,0.453,1063.8,289.6,1074.0,306.7
online_match_04/frame_0299.jpg,data\frames_dense\online_match_04\frame_0299.jpg,0.697,1060.5,291.2,1070.3,307.5
online_match_04/frame_0299.jpg,data\frames_dense\online_match_04\frame_0299.jpg,0.582,240.7,84.2,253.0,107.0
online_match_04/frame_0299.jpg,data\frames_dense\online_match_04\frame_0299.jpg,0.406,904.9,286.7,920.3,312.0
online_match_04/frame_0300.jpg,data\frames_dense\online_match_04\frame_0300.jpg,0.528,240.7,84.8,252.6,106.3
online_match_04/frame_0300.jpg,data\frames_dense\online_match_04\frame_0300.jpg,0.451,900.0,288.5,915.2,312.7
online_match_04/frame_0300.jpg,data\frames_dense\online_match_04\frame_0300.jpg,0.361,901.8,286.0,915.8,309.6
online_match_04/frame_0301.jpg,data\frames_dense\online_match_04\frame_0301.jpg,0.64,895.7,288.7,910.4,314.9
online_match_04/frame_0301.jpg,data\frames_dense\online_match_04\frame_0301.jpg,0.48,240.6,83.8,252.4,106.3
online_match_04/frame_0302.jpg,data\frames_dense\online_match_04\frame_0302.jpg,0.741,890.2,287.1,907.1,315.5
online_match_04/frame_0302.jpg,data\frames_dense\online_match_04\frame_0302.jpg,0.498,240.8,83.7,252.4,105.7
online_match_04/frame_0303.jpg,data\frames_dense\online_match_04\frame_0303.jpg,0.588,889.1,288.6,904.3,312.9
online_match_04/frame_0303.jpg,data\frames_dense\online_match_04\frame_0303.jpg,0.422,240.9,83.8,252.4,105.5
online_match_04/frame_0304.jpg,data\frames_dense\online_match_04\frame_0304.jpg,0.451,889.4,289.7,904.2,312.5
online_match_04/frame_0304.jpg,data\frames_dense\online_match_04\frame_0304.jpg,0.406,240.9,83.5,252.5,105.3
online_match_04/frame_0304.jpg,data\frames_dense\online_match_04\frame_0304.jpg,0.388,887.8,291.7,902.5,316.3
online_match_04/frame_0305.jpg,data\frames_dense\online_match_04\frame_0305.jpg,0.497,241.0,83.5,252.5,105.1
online_match_04/frame_0306.jpg,data\frames_dense\online_match_04\frame_0306.jpg,0.451,141.2,374.3,152.0,388.8
online_match_04/frame_0306.jpg,data\frames_dense\online_match_04\frame_0306.jpg,0.41,241.1,83.6,252.4,104.9
online_match_04/frame_0306.jpg,data\frames_dense\online_match_04\frame_0306.jpg,0.278,1037.7,300.4,1048.9,319.7
online_match_04/frame_0307.jpg,data\frames_dense\online_match_04\frame_0307.jpg,0.427,1038.1,300.0,1049.0,319.1
online_match_04/frame_0307.jpg,data\frames_dense\online_match_04\frame_0307.jpg,0.405,241.1,83.7,252.3,104.8
online_match_04/frame_0308.jpg,data\frames_dense\online_match_04\frame_0308.jpg,0.536,241.1,83.9,252.3,104.9
online_match_04/frame_0308.jpg,data\frames_dense\online_match_04\frame_0308.jpg,0.471,1038.0,299.5,1048.1,317.7
online_match_04/frame_0309.jpg,data\frames_dense\online_match_04\frame_0309.jpg,0.679,1037.0,299.6,1048.2,316.8
online_match_04/frame_0309.jpg,data\frames_dense\online_match_04\frame_0309.jpg,0.491,241.1,84.2,252.3,104.7
online_match_04/frame_0310.jpg,data\frames_dense\online_match_04\frame_0310.jpg,0.556,1036.8,299.6,1048.1,316.6
online_match_04/frame_0310.jpg,data\frames_dense\online_match_04\frame_0310.jpg,0.529,241.1,84.1,252.2,104.7
online_match_04/frame_0311.jpg,data\frames_dense\online_match_04\frame_0311.jpg,0.538,241.0,84.3,252.1,104.8
online_match_04/frame_0311.jpg,data\frames_dense\online_match_04\frame_0311.jpg,0.366,1036.4,300.4,1048.1,316.9
online_match_04/frame_0312.jpg,data\frames_dense\online_match_04\frame_0312.jpg,0.537,241.1,83.9,252.2,104.6
online_match_04/frame_0313.jpg,data\frames_dense\online_match_04\frame_0313.jpg,0.475,241.1,83.7,252.2,104.3
online_match_04/frame_0314.jpg,data\frames_dense\online_match_04\frame_0314.jpg,0.447,241.2,83.6,252.2,104.3
online_match_04/frame_0315.jpg,data\frames_dense\online_match_04\frame_0315.jpg,0.516,879.7,292.1,896.2,322.5
online_match_04/frame_0315.jpg,data\frames_dense\online_match_04\frame_0315.jpg,0.412,241.3,83.4,252.4,104.3
online_match_04/frame_0316.jpg,data\frames_dense\online_match_04\frame_0316.jpg,0.38,876.6,288.9,892.8,319.6
online_match_04/frame_0316.jpg,data\frames_dense\online_match_04\frame_0316.jpg,0.338,241.3,83.8,252.3,104.3
online_match_04/frame_0317.jpg,data\frames_dense\online_match_04\frame_0317.jpg,0.48,871.7,288.9,886.3,315.2
online_match_04/frame_0317.jpg,data\frames_dense\online_match_04\frame_0317.jpg,0.344,241.2,83.3,252.4,104.3
online_match_04/frame_0318.jpg,data\frames_dense\online_match_04\frame_0318.jpg,0.579,871.4,288.8,885.1,314.3
online_match_04/frame_0318.jpg,data\frames_dense\online_match_04\frame_0318.jpg,0.337,241.3,82.9,252.6,104.1
online_match_04/frame_0319.jpg,data\frames_dense\online_match_04\frame_0319.jpg,0.326,241.3,83.0,252.6,104.2
online_match_04/frame_0319.jpg,data\frames_dense\online_match_04\frame_0319.jpg,0.259,871.3,290.6,883.4,311.3
online_match_04/frame_0320.jpg,data\frames_dense\online_match_04\frame_0320.jpg,0.353,241.3,83.1,252.5,104.1
online_match_04/frame_0321.jpg,data\frames_dense\online_match_04\frame_0321.jpg,0.34,241.5,83.6,252.7,104.3
online_match_04/frame_0322.jpg,data\frames_dense\online_match_04\frame_0322.jpg,0.425,866.2,289.7,881.5,319.3
online_match_04/frame_0322.jpg,data\frames_dense\online_match_04\frame_0322.jpg,0.401,241.2,83.5,252.6,104.9
online_match_04/frame_0323.jpg,data\frames_dense\online_match_04\frame_0323.jpg,0.642,863.7,289.4,880.3,322.0
online_match_04/frame_0323.jpg,data\frames_dense\online_match_04\frame_0323.jpg,0.424,241.3,83.5,252.7,104.9
online_match_04/frame_0324.jpg,data\frames_dense\online_match_04\frame_0324.jpg,0.605,860.5,289.2,878.8,321.4
online_match_04/frame_0324.jpg,data\frames_dense\online_match_04\frame_0324.jpg,0.399,241.3,83.5,252.8,104.9
online_match_04/frame_0325.jpg,data\frames_dense\online_match_04\frame_0325.jpg,0.358,241.3,83.4,252.8,104.8
online_match_04/frame_0326.jpg,data\frames_dense\online_match_04\frame_0326.jpg,0.418,241.2,83.2,252.8,105.0
online_match_04/frame_0327.jpg,data\frames_dense\online_match_04\frame_0327.jpg,0.467,241.2,83.8,252.7,105.2
online_match_04/frame_0328.jpg,data\frames_dense\online_match_04\frame_0328.jpg,0.533,241.1,82.9,252.8,105.1
online_match_04/frame_0329.jpg,data\frames_dense\online_match_04\frame_0329.jpg,0.569,241.0,82.8,252.9,105.3
online_match_04/frame_0330.jpg,data\frames_dense\online_match_04\frame_0330.jpg,0.543,241.1,83.4,252.6,105.3
online_match_04/frame_0331.jpg,data\frames_dense\online_match_04\frame_0331.jpg,0.547,240.8,83.2,252.6,105.7
online_match_04/frame_0332.jpg,data\frames_dense\online_match_04\frame_0332.jpg,0.556,240.8,83.2,252.6,106.0
online_match_04/frame_0332.jpg,data\frames_dense\online_match_04\frame_0332.jpg,0.487,1028.9,306.1,1040.1,328.0
online_match_04/frame_0333.jpg,data\frames_dense\online_match_04\frame_0333.jpg,0.566,240.8,83.1,252.7,106.0
online_match_04/frame_0333.jpg,data\frames_dense\online_match_04\frame_0333.jpg,0.494,1028.2,305.9,1039.7,327.5
online_match_04/frame_0334.jpg,data\frames_dense\online_match_04\frame_0334.jpg,0.555,1027.9,306.0,1039.5,327.6
online_match_04/frame_0334.jpg,data\frames_dense\online_match_04\frame_0334.jpg,0.533,240.7,83.2,252.7,106.0
online_match_04/frame_0335.jpg,data\frames_dense\online_match_04\frame_0335.jpg,0.585,240.6,83.1,252.6,106.1
online_match_04/frame_0335.jpg,data\frames_dense\online_match_04\frame_0335.jpg,0.379,1027.9,306.7,1039.4,327.6
online_match_04/frame_0336.jpg,data\frames_dense\online_match_04\frame_0336.jpg,0.56,240.7,83.5,252.6,106.0
online_match_04/frame_0337.jpg,data\frames_dense\online_match_04\frame_0337.jpg,0.591,240.7,83.6,252.6,106.0
online_match_04/frame_0338.jpg,data\frames_dense\online_match_04\frame_0338.jpg,0.595,240.6,83.4,252.6,106.0
online_match_04/frame_0339.jpg,data\frames_dense\online_match_04\frame_0339.jpg,0.597,240.6,83.5,252.5,106.0
online_match_04/frame_0339.jpg,data\frames_dense\online_match_04\frame_0339.jpg,0.281,1028.1,308.3,1039.6,329.3
online_match_04/frame_0340.jpg,data\frames_dense\online_match_04\frame_0340.jpg,0.561,240.6,83.5,252.6,106.1
online_match_04/frame_0340.jpg,data\frames_dense\online_match_04\frame_0340.jpg,0.378,1027.9,308.4,1039.7,330.3
online_match_04/frame_0341.jpg,data\frames_dense\online_match_04\frame_0341.jpg,0.574,240.5,83.5,252.6,106.2
online_match_04/frame_0341.jpg,data\frames_dense\online_match_04\frame_0341.jpg,0.407,1027.6,308.1,1039.7,330.6
online_match_04/frame_0342.jpg,data\frames_dense\online_match_04\frame_0342.jpg,0.559,240.7,83.5,252.6,105.8
online_match_04/frame_0343.jpg,data\frames_dense\online_match_04\frame_0343.jpg,0.552,240.7,83.4,252.7,105.9
online_match_04/frame_0344.jpg,data\frames_dense\online_match_04\frame_0344.jpg,0.52,240.7,83.4,252.8,105.9
online_match_04/frame_0345.jpg,data\frames_dense\online_match_04\frame_0345.jpg,0.495,240.7,83.3,252.9,105.8
online_match_04/frame_0346.jpg,data\frames_dense\online_match_04\frame_0346.jpg,0.482,1014.6,310.7,1025.0,330.4
online_match_04/frame_0347.jpg,data\frames_dense\online_match_04\frame_0347.jpg,0.428,318.9,281.9,328.1,293.2
online_match_04/frame_0349.jpg,data\frames_dense\online_match_04\frame_0349.jpg,0.518,240.7,84.4,252.6,104.5
online_match_04/frame_0350.jpg,data\frames_dense\online_match_04\frame_0350.jpg,0.706,959.7,369.1,982.8,407.7
online_match_04/frame_0350.jpg,data\frames_dense\online_match_04\frame_0350.jpg,0.4,240.7,84.0,252.4,104.7
online_match_04/frame_0351.jpg,data\frames_dense\online_match_04\frame_0351.jpg,0.744,911.5,354.6,933.9,397.3
online_match_04/frame_0351.jpg,data\frames_dense\online_match_04\frame_0351.jpg,0.37,241.1,83.6,253.2,105.1
online_match_04/frame_0352.jpg,data\frames_dense\online_match_04\frame_0352.jpg,0.333,239.4,83.3,252.9,106.2
online_match_04/frame_0353.jpg,data\frames_dense\online_match_04\frame_0353.jpg,0.319,239.4,83.2,252.8,106.1
online_match_04/frame_0353.jpg,data\frames_dense\online_match_04\frame_0353.jpg,0.291,894.7,366.7,908.0,391.8
online_match_04/frame_0354.jpg,data\frames_dense\online_match_04\frame_0354.jpg,0.377,241.1,83.2,253.1,104.5
online_match_04/frame_0355.jpg,data\frames_dense\online_match_04\frame_0355.jpg,0.487,241.2,83.4,253.2,104.9
online_match_04/frame_0356.jpg,data\frames_dense\online_match_04\frame_0356.jpg,0.598,241.3,83.5,253.4,104.9
online_match_04/frame_0357.jpg,data\frames_dense\online_match_04\frame_0357.jpg,0.665,241.3,83.4,253.1,104.9
online_match_04/frame_0358.jpg,data\frames_dense\online_match_04\frame_0358.jpg,0.459,241.3,83.3,252.7,104.2
online_match_04/frame_0359.jpg,data\frames_dense\online_match_04\frame_0359.jpg,0.477,240.8,82.7,253.1,104.8
online_match_04/frame_0359.jpg,data\frames_dense\online_match_04\frame_0359.jpg,0.449,767.8,77.7,777.9,94.8
online_match_04/frame_0360.jpg,data\frames_dense\online_match_04\frame_0360.jpg,0.346,239.4,82.6,253.1,106.5
online_match_04/frame_0361.jpg,data\frames_dense\online_match_04\frame_0361.jpg,0.501,1079.7,381.5,1088.4,397.3
online_match_04/frame_0361.jpg,data\frames_dense\online_match_04\frame_0361.jpg,0.291,239.4,82.6,253.3,105.9
online_match_04/frame_0362.jpg,data\frames_dense\online_match_04\frame_0362.jpg,0.68,895.8,382.1,919.3,436.4
online_match_04/frame_0362.jpg,data\frames_dense\online_match_04\frame_0362.jpg,0.267,241.2,83.7,252.8,103.7
online_match_04/frame_0367.jpg,data\frames_dense\online_match_04\frame_0367.jpg,0.273,240.9,82.4,253.4,104.1
online_match_04/frame_0368.jpg,data\frames_dense\online_match_04\frame_0368.jpg,0.372,895.6,372.2,916.5,425.8
online_match_04/frame_0370.jpg,data\frames_dense\online_match_04\frame_0370.jpg,0.32,240.9,83.7,253.0,104.8
online_match_04/frame_0371.jpg,data\frames_dense\online_match_04\frame_0371.jpg,0.513,241.6,83.7,252.8,103.2
online_match_04/frame_0372.jpg,data\frames_dense\online_match_04\frame_0372.jpg,0.622,241.4,83.4,253.0,104.5
online_match_04/frame_0373.jpg,data\frames_dense\online_match_04\frame_0373.jpg,0.601,240.9,83.3,253.2,105.0
online_match_04/frame_0374.jpg,data\frames_dense\online_match_04\frame_0374.jpg,0.5,241.1,83.7,252.9,104.9
online_match_04/frame_0375.jpg,data\frames_dense\online_match_04\frame_0375.jpg,0.602,241.3,84.0,252.9,104.6
online_match_04/frame_0376.jpg,data\frames_dense\online_match_04\frame_0376.jpg,0.67,241.2,83.9,253.0,104.6
online_match_04/frame_0376.jpg,data\frames_dense\online_match_04\frame_0376.jpg,0.55,568.0,318.9,579.5,335.0
online_match_04/frame_0376.jpg,data\frames_dense\online_match_04\frame_0376.jpg,0.294,570.5,318.1,584.0,334.1
online_match_04/frame_0377.jpg,data\frames_dense\online_match_04\frame_0377.jpg,0.726,563.9,260.4,575.5,280.1
online_match_04/frame_0377.jpg,data\frames_dense\online_match_04\frame_0377.jpg,0.643,241.4,83.9,253.3,104.5
online_match_04/frame_0377.jpg,data\frames_dense\online_match_04\frame_0377.jpg,0.396,1051.8,468.2,1073.4,506.4
online_match_04/frame_0378.jpg,data\frames_dense\online_match_04\frame_0378.jpg,0.717,581.6,190.7,594.8,214.3
online_match_04/frame_0378.jpg,data\frames_dense\online_match_04\frame_0378.jpg,0.667,241.0,83.9,252.9,104.2
online_match_04/frame_0379.jpg,data\frames_dense\online_match_04\frame_0379.jpg,0.704,592.3,205.8,604.6,225.3
online_match_04/frame_0379.jpg,data\frames_dense\online_match_04\frame_0379.jpg,0.326,765.8,293.6,776.6,311.7
online_match_04/frame_0379.jpg,data\frames_dense\online_match_04\frame_0379.jpg,0.276,241.4,84.7,252.9,104.0
online_match_04/frame_0380.jpg,data\frames_dense\online_match_04\frame_0380.jpg,0.607,241.1,84.0,252.9,104.2
online_match_04/frame_0380.jpg,data\frames_dense\online_match_04\frame_0380.jpg,0.547,590.2,305.3,600.4,324.5
online_match_04/frame_0380.jpg,data\frames_dense\online_match_04\frame_0380.jpg,0.474,1136.7,491.8,1157.7,528.3
online_match_04/frame_0381.jpg,data\frames_dense\online_match_04\frame_0381.jpg,0.687,241.3,84.0,252.9,104.3
online_match_04/frame_0381.jpg,data\frames_dense\online_match_04\frame_0381.jpg,0.604,557.7,270.9,568.5,288.8
online_match_04/frame_0382.jpg,data\frames_dense\online_match_04\frame_0382.jpg,0.654,516.5,214.6,529.3,234.7
online_match_04/frame_0382.jpg,data\frames_dense\online_match_04\frame_0382.jpg,0.583,241.5,84.2,252.7,104.1
online_match_04/frame_0383.jpg,data\frames_dense\online_match_04\frame_0383.jpg,0.762,484.0,230.4,497.1,253.7
online_match_04/frame_0383.jpg,data\frames_dense\online_match_04\frame_0383.jpg,0.7,241.3,83.8,253.1,104.4
online_match_04/frame_0384.jpg,data\frames_dense\online_match_04\frame_0384.jpg,0.532,241.4,83.9,253.4,104.1
online_match_04/frame_0384.jpg,data\frames_dense\online_match_04\frame_0384.jpg,0.335,1112.0,397.2,1123.8,414.8
online_match_04/frame_0385.jpg,data\frames_dense\online_match_04\frame_0385.jpg,0.394,574.4,279.8,585.3,300.0
online_match_04/frame_0389.jpg,data\frames_dense\online_match_04\frame_0389.jpg,0.327,240.8,82.4,254.9,107.8
online_match_04/frame_0390.jpg,data\frames_dense\online_match_04\frame_0390.jpg,0.386,241.0,82.2,253.7,105.7
online_match_04/frame_0391.jpg,data\frames_dense\online_match_04\frame_0391.jpg,0.442,241.0,82.2,253.5,105.0
online_match_04/frame_0392.jpg,data\frames_dense\online_match_04\frame_0392.jpg,0.65,652.5,277.6,666.2,302.9
online_match_04/frame_0392.jpg,data\frames_dense\online_match_04\frame_0392.jpg,0.393,241.0,82.8,254.0,105.4
online_match_04/frame_0393.jpg,data\frames_dense\online_match_04\frame_0393.jpg,0.671,655.6,276.9,670.0,305.1
online_match_04/frame_0393.jpg,data\frames_dense\online_match_04\frame_0393.jpg,0.381,240.8,83.0,253.6,105.6
online_match_04/frame_0394.jpg,data\frames_dense\online_match_04\frame_0394.jpg,0.507,241.2,83.3,253.5,104.9
online_match_04/frame_0394.jpg,data\frames_dense\online_match_04\frame_0394.jpg,0.338,657.5,276.6,671.3,305.6
online_match_04/frame_0395.jpg,data\frames_dense\online_match_04\frame_0395.jpg,0.584,241.1,83.1,253.2,104.8
online_match_04/frame_0396.jpg,data\frames_dense\online_match_04\frame_0396.jpg,0.421,241.0,83.7,253.1,105.2
online_match_04/frame_0396.jpg,data\frames_dense\online_match_04\frame_0396.jpg,0.32,920.0,392.4,942.8,451.1
online_match_04/frame_0397.jpg,data\frames_dense\online_match_04\frame_0397.jpg,0.597,241.2,84.1,253.1,105.2
online_match_04/frame_0398.jpg,data\frames_dense\online_match_04\frame_0398.jpg,0.433,241.2,84.1,253.0,104.6
online_match_04/frame_0398.jpg,data\frames_dense\online_match_04\frame_0398.jpg,0.293,909.6,401.3,928.1,449.3
online_match_04/frame_0399.jpg,data\frames_dense\online_match_04\frame_0399.jpg,0.583,241.2,84.0,252.9,104.9
online_match_04/frame_0399.jpg,data\frames_dense\online_match_04\frame_0399.jpg,0.495,907.8,405.9,936.7,467.4
online_match_04/frame_0400.jpg,data\frames_dense\online_match_04\frame_0400.jpg,0.694,912.0,407.7,945.4,472.0
online_match_04/frame_0400.jpg,data\frames_dense\online_match_04\frame_0400.jpg,0.512,649.3,303.6,661.2,325.6
online_match_04/frame_0400.jpg,data\frames_dense\online_match_04\frame_0400.jpg,0.309,241.2,84.4,252.6,104.2
online_match_04/frame_0401.jpg,data\frames_dense\online_match_04\frame_0401.jpg,0.751,912.4,407.5,943.8,471.3
online_match_04/frame_0401.jpg,data\frames_dense\online_match_04\frame_0401.jpg,0.432,241.1,84.1,252.6,104.3
online_match_04/frame_0402.jpg,data\frames_dense\online_match_04\frame_0402.jpg,0.55,241.1,83.8,253.5,104.9
online_match_04/frame_0402.jpg,data\frames_dense\online_match_04\frame_0402.jpg,0.307,916.6,406.1,942.3,463.5
online_match_04/frame_0402.jpg,data\frames_dense\online_match_04\frame_0402.jpg,0.264,917.2,405.6,941.2,448.4
online_match_04/frame_0403.jpg,data\frames_dense\online_match_04\frame_0403.jpg,0.425,240.9,83.7,253.4,105.1
online_match_04/frame_0404.jpg,data\frames_dense\online_match_04\frame_0404.jpg,0.392,240.9,83.4,253.5,104.9
online_match_04/frame_0404.jpg,data\frames_dense\online_match_04\frame_0404.jpg,0.33,905.6,401.2,930.1,457.4
online_match_04/frame_0405.jpg,data\frames_dense\online_match_04\frame_0405.jpg,0.384,904.1,399.6,925.0,450.5
online_match_04/frame_0405.jpg,data\frames_dense\online_match_04\frame_0405.jpg,0.365,240.8,83.2,253.3,104.4
online_match_04/frame_0406.jpg,data\frames_dense\online_match_04\frame_0406.jpg,0.315,241.0,83.5,253.3,104.5
online_match_04/frame_0407.jpg,data\frames_dense\online_match_04\frame_0407.jpg,0.668,896.6,401.6,917.4,448.0
online_match_04/frame_0407.jpg,data\frames_dense\online_match_04\frame_0407.jpg,0.294,241.1,83.5,253.5,104.7
online_match_04/frame_0408.jpg,data\frames_dense\online_match_04\frame_0408.jpg,0.775,889.5,400.5,919.1,461.3
online_match_04/frame_0409.jpg,data\frames_dense\online_match_04\frame_0409.jpg,0.719,892.1,401.3,918.7,459.9
online_match_04/frame_0410.jpg,data\frames_dense\online_match_04\frame_0410.jpg,0.638,894.7,401.3,917.1,457.4
online_match_04/frame_0412.jpg,data\frames_dense\online_match_04\frame_0412.jpg,0.313,891.7,401.3,904.0,427.4
online_match_04/frame_0418.jpg,data\frames_dense\online_match_04\frame_0418.jpg,0.361,894.4,413.6,913.9,462.0
online_match_04/frame_0419.jpg,data\frames_dense\online_match_04\frame_0419.jpg,0.309,812.6,407.4,824.2,423.7
online_match_04/frame_0425.jpg,data\frames_dense\online_match_04\frame_0425.jpg,0.259,812.3,404.9,827.0,438.9
online_match_04/frame_0426.jpg,data\frames_dense\online_match_04\frame_0426.jpg,0.643,796.5,403.3,816.0,453.9
online_match_04/frame_0427.jpg,data\frames_dense\online_match_04\frame_0427.jpg,0.407,789.9,402.0,813.3,441.8
online_match_04/frame_0428.jpg,data\frames_dense\online_match_04\frame_0428.jpg,0.616,788.4,401.3,810.0,446.9
online_match_04/frame_0429.jpg,data\frames_dense\online_match_04\frame_0429.jpg,0.253,795.9,405.5,811.6,432.1
online_match_04/frame_0435.jpg,data\frames_dense\online_match_04\frame_0435.jpg,0.471,853.2,439.5,867.9,469.5
online_match_04/frame_0437.jpg,data\frames_dense\online_match_04\frame_0437.jpg,0.291,868.1,445.2,883.2,468.5
online_match_04/frame_0446.jpg,data\frames_dense\online_match_04\frame_0446.jpg,0.31,771.2,410.3,781.1,429.5
online_match_04/frame_0448.jpg,data\frames_dense\online_match_04\frame_0448.jpg,0.346,791.1,293.1,800.9,307.3
online_match_04/frame_0452.jpg,data\frames_dense\online_match_04\frame_0452.jpg,0.26,807.4,451.7,819.4,469.8
online_match_04/frame_0452.jpg,data\frames_dense\online_match_04\frame_0452.jpg,0.252,785.5,293.4,794.7,306.7
online_match_04/frame_0453.jpg,data\frames_dense\online_match_04\frame_0453.jpg,0.265,807.7,445.0,822.0,468.8
online_match_04/frame_0454.jpg,data\frames_dense\online_match_04\frame_0454.jpg,0.252,804.4,449.2,818.0,470.1
online_match_04/frame_0459.jpg,data\frames_dense\online_match_04\frame_0459.jpg,0.304,767.2,451.9,781.2,473.9
online_match_04/frame_0462.jpg,data\frames_dense\online_match_04\frame_0462.jpg,0.262,791.9,455.7,807.1,476.4
online_match_04/frame_0467.jpg,data\frames_dense\online_match_04\frame_0467.jpg,0.422,877.8,423.6,898.8,478.8
online_match_04/frame_0472.jpg,data\frames_dense\online_match_04\frame_0472.jpg,0.503,988.5,412.7,1020.2,475.9
online_match_04/frame_0473.jpg,data\frames_dense\online_match_04\frame_0473.jpg,0.793,973.3,403.4,1005.4,467.4
online_match_04/frame_0474.jpg,data\frames_dense\online_match_04\frame_0474.jpg,0.463,966.5,402.9,992.2,458.4
online_match_04/frame_0475.jpg,data\frames_dense\online_match_04\frame_0475.jpg,0.481,619.8,303.3,631.2,326.0
online_match_04/frame_0476.jpg,data\frames_dense\online_match_04\frame_0476.jpg,0.642,613.6,299.5,626.3,320.6
online_match_04/frame_0476.jpg,data\frames_dense\online_match_04\frame_0476.jpg,0.385,952.7,395.6,980.0,446.4
online_match_04/frame_0477.jpg,data\frames_dense\online_match_04\frame_0477.jpg,0.536,943.3,391.4,971.8,453.3
online_match_04/frame_0477.jpg,data\frames_dense\online_match_04\frame_0477.jpg,0.45,609.1,296.0,621.7,318.5
online_match_04/frame_0478.jpg,data\frames_dense\online_match_04\frame_0478.jpg,0.486,603.4,293.5,617.3,322.6
online_match_04/frame_0480.jpg,data\frames_dense\online_match_04\frame_0480.jpg,0.297,587.1,278.3,600.4,301.2
online_match_04/frame_0487.jpg,data\frames_dense\online_match_04\frame_0487.jpg,0.451,241.0,83.2,253.1,104.7
online_match_04/frame_0488.jpg,data\frames_dense\online_match_04\frame_0488.jpg,0.428,1147.4,402.3,1168.8,441.8
online_match_04/frame_0488.jpg,data\frames_dense\online_match_04\frame_0488.jpg,0.417,241.3,83.6,253.1,104.4
online_match_04/frame_0489.jpg,data\frames_dense\online_match_04\frame_0489.jpg,0.396,240.9,83.5,253.3,105.9
online_match_04/frame_0494.jpg,data\frames_dense\online_match_04\frame_0494.jpg,0.271,241.3,84.2,252.3,103.2
online_match_04/frame_0497.jpg,data\frames_dense\online_match_04\frame_0497.jpg,0.306,241.1,82.8,253.3,104.5
online_match_04/frame_0498.jpg,data\frames_dense\online_match_04\frame_0498.jpg,0.512,241.3,82.8,253.4,105.0
online_match_04/frame_0499.jpg,data\frames_dense\online_match_04\frame_0499.jpg,0.325,241.3,83.8,253.4,105.1
SLAP_SVIT_1z_upr/frame_00947.jpg,data\frames_dense\SLAP_SVIT_1z_upr\frame_00947.jpg,0.589,1411.8,241.9,1475.0,301.4
SLAP_SVIT_1z_upr/frame_00976.jpg,data\frames_dense\SLAP_SVIT_1z_upr\frame_00976.jpg,0.782,1097.8,506.6,1162.7,566.2
SLAP_SVIT_1z_upr/frame_01212.jpg,data\frames_dense\SLAP_SVIT_1z_upr\frame_01212.jpg,0.388,449.6,415.5,488.9,452.5
SLAP_SVIT_1z_upr/frame_01271.jpg,data\frames_dense\SLAP_SVIT_1z_upr\frame_01271.jpg,0.327,872.3,387.6,926.5,432.4
SLAP_SVIT_1z_upr/frame_01329.jpg,data\frames_dense\SLAP_SVIT_1z_upr\frame_01329.jpg,0.374,1653.6,454.3,1688.5,493.6
SLAP_SVIT_1z_upr/frame_01359.jpg,data\frames_dense\SLAP_SVIT_1z_upr\frame_01359.jpg,0.711,1664.4,273.5,1700.4,309.8
SLAP_SVIT_1z_upr/frame_01800.jpg,data\frames_dense\SLAP_SVIT_1z_upr\frame_01800.jpg,0.42,1521.6,258.9,1557.0,296.0
SLAP_SVIT_1z_upr/frame_01859.jpg,data\frames_dense\SLAP_SVIT_1z_upr\frame_01859.jpg,0.788,1197.1,262.9,1228.1,292.2
SLAP_SVIT_1z_upr/frame_01977.jpg,data\frames_dense\SLAP_SVIT_1z_upr\frame_01977.jpg,0.75,858.0,273.2,888.0,307.1
SLAP_SVIT_1z_upr/frame_02330.jpg,data\frames_dense\SLAP_SVIT_1z_upr\frame_02330.jpg,0.458,870.5,398.3,913.3,433.3
SLAP_SVIT_1z_upr/frame_02565.jpg,data\frames_dense\SLAP_SVIT_1z_upr\frame_02565.jpg,0.635,1309.8,441.5,1361.5,484.7
SLAP_SVIT_1z_upr/frame_02624.jpg,data\frames_dense\SLAP_SVIT_1z_upr\frame_02624.jpg,0.497,839.1,874.3,879.1,914.8
SLAP_SVIT_1z_upr/frame_02830.jpg,data\frames_dense\SLAP_SVIT_1z_upr\frame_02830.jpg,0.698,1390.9,202.0,1434.9,245.6
SLAP_SVIT_1z_upr/frame_02918.jpg,data\frames_dense\SLAP_SVIT_1z_upr\frame_02918.jpg,0.257,166.7,392.9,193.5,421.9
SLAP_SVIT_1z_upr/frame_03065.jpg,data\frames_dense\SLAP_SVIT_1z_upr\frame_03065.jpg,0.608,1857.5,313.3,1885.2,346.3
SLAP_SVIT_1z_upr/frame_03977.jpg,data\frames_dense\SLAP_SVIT_1z_upr\frame_03977.jpg,0.584,1816.6,271.7,1838.9,295.5
SLAP_SVIT_1z_upr/frame_04007.jpg,data\frames_dense\SLAP_SVIT_1z_upr\frame_04007.jpg,0.74,895.3,426.4,940.5,458.2
SLAP_SVIT_1z_upr/frame_04389.jpg,data\frames_dense\SLAP_SVIT_1z_upr\frame_04389.jpg,0.774,1192.2,153.8,1246.1,208.4
SLAP_SVIT_1z_upr/frame_04890.jpg,data\frames_dense\SLAP_SVIT_1z_upr\frame_04890.jpg,0.688,803.3,275.6,835.2,311.8
SLAP_SVIT_1z_upr/frame_05243.jpg,data\frames_dense\SLAP_SVIT_1z_upr\frame_05243.jpg,0.763,886.8,259.6,928.2,302.4
SLAP_SVIT_1z_upr/frame_05331.jpg,data\frames_dense\SLAP_SVIT_1z_upr\frame_05331.jpg,0.558,1380.1,233.9,1408.3,264.7
SLAP_SVIT_1z_upr/frame_05390.jpg,data\frames_dense\SLAP_SVIT_1z_upr\frame_05390.jpg,0.423,1425.7,121.6,1467.2,167.6
SLAP_SVIT_1z_upr/frame_05419.jpg,data\frames_dense\SLAP_SVIT_1z_upr\frame_05419.jpg,0.352,764.3,374.5,814.0,410.9
SLAP_SVIT_1z_upr/frame_05743.jpg,data\frames_dense\SLAP_SVIT_1z_upr\frame_05743.jpg,0.735,1266.2,105.2,1316.9,157.6
SLAP_SVIT_1z_upr/frame_05772.jpg,data\frames_dense\SLAP_SVIT_1z_upr\frame_05772.jpg,0.307,897.6,883.4,946.2,929.8
SLAP_SVIT_1z_upr/frame_05802.jpg,data\frames_dense\SLAP_SVIT_1z_upr\frame_05802.jpg,0.715,1147.1,280.0,1195.3,327.3
SLAP_SVIT_1z_upr/frame_05802.jpg,data\frames_dense\SLAP_SVIT_1z_upr\frame_05802.jpg,0.462,828.3,907.6,873.6,958.7
SLAP_SVIT_1z_upr/frame_05831.jpg,data\frames_dense\SLAP_SVIT_1z_upr\frame_05831.jpg,0.623,1203.8,291.5,1241.6,330.3
SLAP_SVIT_1z_upr/frame_05890.jpg,data\frames_dense\SLAP_SVIT_1z_upr\frame_05890.jpg,0.265,1129.8,153.3,1173.3,202.6
SLAP_SVIT_1z_upr/frame_06125.jpg,data\frames_dense\SLAP_SVIT_1z_upr\frame_06125.jpg,0.542,530.8,390.5,562.5,421.1
SLAP_SVIT_1z_upr/frame_06155.jpg,data\frames_dense\SLAP_SVIT_1z_upr\frame_06155.jpg,0.478,782.0,216.8,820.0,251.8
SLAP_SVIT_1z_upr/frame_06184.jpg,data\frames_dense\SLAP_SVIT_1z_upr\frame_06184.jpg,0.361,931.4,373.3,968.2,406.7
SLAP_SVIT_1z_upr/frame_06361.jpg,data\frames_dense\SLAP_SVIT_1z_upr\frame_06361.jpg,0.26,824.0,806.2,859.9,838.5
SLAP_SVIT_1z_upr/frame_06596.jpg,data\frames_dense\SLAP_SVIT_1z_upr\frame_06596.jpg,0.378,1076.5,894.3,1119.3,933.3
SLAP_SVIT_1z_upr/frame_06743.jpg,data\frames_dense\SLAP_SVIT_1z_upr\frame_06743.jpg,0.434,1138.8,15.2,1175.7,57.0
SLAP_SVIT_1z_upr/frame_07126.jpg,data\frames_dense\SLAP_SVIT_1z_upr\frame_07126.jpg,0.45,233.8,388.6,260.7,415.3
SLAP_SVIT_1z_upr/frame_07185.jpg,data\frames_dense\SLAP_SVIT_1z_upr\frame_07185.jpg,0.821,1276.7,245.5,1309.4,279.2
SLAP_SVIT_1z_upr/frame_07243.jpg,data\frames_dense\SLAP_SVIT_1z_upr\frame_07243.jpg,0.78,1107.7,249.2,1134.9,276.9
SLAP_SVIT_1z_upr/frame_07361.jpg,data\frames_dense\SLAP_SVIT_1z_upr\frame_07361.jpg,0.487,1867.6,404.9,1891.3,432.7
SLAP_SVIT_1z_upr/frame_07479.jpg,data\frames_dense\SLAP_SVIT_1z_upr\frame_07479.jpg,0.285,938.9,390.9,972.7,420.6
SLAP_SVIT_1z_upr/frame_07597.jpg,data\frames_dense\SLAP_SVIT_1z_upr\frame_07597.jpg,0.33,1809.3,341.8,1837.5,370.4
SLAP_SVIT_1z_upr/frame_07979.jpg,data\frames_dense\SLAP_SVIT_1z_upr\frame_07979.jpg,0.347,1855.7,368.1,1879.8,397.4
SLAP_SVIT_1z_upr/frame_08097.jpg,data\frames_dense\SLAP_SVIT_1z_upr\frame_08097.jpg,0.765,958.0,239.8,985.1,269.5
SLAP_SVIT_1z_upr/frame_08156.jpg,data\frames_dense\SLAP_SVIT_1z_upr\frame_08156.jpg,0.252,1438.0,932.2,1494.9,975.8
SLAP_SVIT_1z_upr/frame_08185.jpg,data\frames_dense\SLAP_SVIT_1z_upr\frame_08185.jpg,0.506,1846.2,341.2,1870.8,367.4
SLAP_SVIT_1z_upr/frame_08303.jpg,data\frames_dense\SLAP_SVIT_1z_upr\frame_08303.jpg,0.276,185.7,435.4,217.2,464.2
SLAP_SVIT_1z_upr/frame_08420.jpg,data\frames_dense\SLAP_SVIT_1z_upr\frame_08420.jpg,0.484,1142.6,269.4,1169.2,295.7
SLAP_SVIT_1z_upr/frame_08450.jpg,data\frames_dense\SLAP_SVIT_1z_upr\frame_08450.jpg,0.579,362.2,395.0,396.5,431.0
SLAP_SVIT_1z_upr/frame_08538.jpg,data\frames_dense\SLAP_SVIT_1z_upr\frame_08538.jpg,0.406,1205.8,412.3,1245.0,444.6
SLAP_SVIT_1z_upr/frame_08567.jpg,data\frames_dense\SLAP_SVIT_1z_upr\frame_08567.jpg,0.749,1647.2,230.4,1677.3,264.5
SLAP_SVIT_1z_upr/frame_08685.jpg,data\frames_dense\SLAP_SVIT_1z_upr\frame_08685.jpg,0.604,168.8,379.5,195.6,408.7
SLAP_SVIT_1z_upr/frame_08950.jpg,data\frames_dense\SLAP_SVIT_1z_upr\frame_08950.jpg,0.47,431.3,310.0,470.6,353.2
SLAP_SVIT_1z_upr/frame_08979.jpg,data\frames_dense\SLAP_SVIT_1z_upr\frame_08979.jpg,0.719,423.3,225.6,473.4,276.4
SLAP_SVIT_1z_upr/frame_09215.jpg,data\frames_dense\SLAP_SVIT_1z_upr\frame_09215.jpg,0.423,1201.6,786.5,1257.7,833.4
SLAP_SVIT_1z_upr/frame_09656.jpg,data\frames_dense\SLAP_SVIT_1z_upr\frame_09656.jpg,0.516,180.5,283.7,215.7,317.4
SLAP_SVIT_1z_upr/frame_09891.jpg,data\frames_dense\SLAP_SVIT_1z_upr\frame_09891.jpg,0.307,715.7,397.4,756.6,431.4
SLAP_SVIT_1z_upr/frame_09980.jpg,data\frames_dense\SLAP_SVIT_1z_upr\frame_09980.jpg,0.555,1248.2,437.1,1295.2,475.1
SLAP_SVIT_1z_upr/frame_10333.jpg,data\frames_dense\SLAP_SVIT_1z_upr\frame_10333.jpg,0.308,1280.9,270.0,1315.9,299.9
SLAP_SVIT_1z_upr/frame_10362.jpg,data\frames_dense\SLAP_SVIT_1z_upr\frame_10362.jpg,0.787,1244.3,152.4,1286.6,191.4
SLAP_SVIT_1z_upr/frame_10392.jpg,data\frames_dense\SLAP_SVIT_1z_upr\frame_10392.jpg,0.735,936.0,422.3,983.6,460.9
SLAP_SVIT_1z_upr/frame_10451.jpg,data\frames_dense\SLAP_SVIT_1z_upr\frame_10451.jpg,0.495,377.1,219.7,414.8,250.6
SLAP_SVIT_1z_upr/frame_10627.jpg,data\frames_dense\SLAP_SVIT_1z_upr\frame_10627.jpg,0.525,1866.1,326.0,1889.7,354.8
SLAP_SVIT_1z_upr/frame_11245.jpg,data\frames_dense\SLAP_SVIT_1z_upr\frame_11245.jpg,0.493,509.7,424.1,548.9,458.9
SLAP_SVIT_1z_upr/frame_11274.jpg,data\frames_dense\SLAP_SVIT_1z_upr\frame_11274.jpg,0.337,825.7,327.7,863.0,361.8
SLAP_SVIT_1z_upr/frame_11451.jpg,data\frames_dense\SLAP_SVIT_1z_upr\frame_11451.jpg,0.562,843.8,519.7,881.5,556.9
SLAP_SVIT_1z_upr/frame_11510.jpg,data\frames_dense\SLAP_SVIT_1z_upr\frame_11510.jpg,0.666,899.5,384.0,938.3,417.8
SLAP_SVIT_1z_upr/frame_11539.jpg,data\frames_dense\SLAP_SVIT_1z_upr\frame_11539.jpg,0.629,983.6,222.4,1007.3,249.7
SLAP_SVIT_1z_upr/frame_11686.jpg,data\frames_dense\SLAP_SVIT_1z_upr\frame_11686.jpg,0.718,1242.4,286.1,1272.1,320.0
SLAP_SVIT_1z_upr/frame_11745.jpg,data\frames_dense\SLAP_SVIT_1z_upr\frame_11745.jpg,0.556,1390.9,204.0,1442.0,245.0
SLAP_SVIT_1z_upr/frame_11775.jpg,data\frames_dense\SLAP_SVIT_1z_upr\frame_11775.jpg,0.706,1288.8,155.1,1328.5,200.1
SLAP_SVIT_1z_upr/frame_11804.jpg,data\frames_dense\SLAP_SVIT_1z_upr\frame_11804.jpg,0.42,1165.4,497.4,1229.3,549.9
SLAP_SVIT_1z_upr/frame_12275.jpg,data\frames_dense\SLAP_SVIT_1z_upr\frame_12275.jpg,0.672,1603.2,202.4,1633.4,235.9
SLAP_SVIT_1z_upr/frame_12334.jpg,data\frames_dense\SLAP_SVIT_1z_upr\frame_12334.jpg,0.532,1233.4,292.5,1262.6,322.6
SLAP_SVIT_1z_upr/frame_12451.jpg,data\frames_dense\SLAP_SVIT_1z_upr\frame_12451.jpg,0.696,1128.1,401.2,1178.9,447.9
SLAP_SVIT_1z_upr/frame_12481.jpg,data\frames_dense\SLAP_SVIT_1z_upr\frame_12481.jpg,0.698,1289.2,399.1,1334.7,441.7
SLAP_SVIT_1z_upr/frame_12540.jpg,data\frames_dense\SLAP_SVIT_1z_upr\frame_12540.jpg,0.318,866.6,354.3,902.1,388.8
SLAP_SVIT_1z_upr/frame_12569.jpg,data\frames_dense\SLAP_SVIT_1z_upr\frame_12569.jpg,0.736,790.3,288.2,840.2,330.7
SLAP_SVIT_1z_upr/frame_13069.jpg,data\frames_dense\SLAP_SVIT_1z_upr\frame_13069.jpg,0.788,843.6,245.1,880.6,275.9
SLAP_SVIT_1z_upr/frame_13128.jpg,data\frames_dense\SLAP_SVIT_1z_upr\frame_13128.jpg,0.25,1576.6,872.4,1632.1,909.9
SLAP_SVIT_1z_upr/frame_13187.jpg,data\frames_dense\SLAP_SVIT_1z_upr\frame_13187.jpg,0.751,1257.8,251.4,1296.7,292.6
SLAP_SVIT_1z_upr/frame_13305.jpg,data\frames_dense\SLAP_SVIT_1z_upr\frame_13305.jpg,0.524,1296.0,173.5,1338.6,213.6
SLAP_SVIT_1z_upr/frame_13334.jpg,data\frames_dense\SLAP_SVIT_1z_upr\frame_13334.jpg,0.69,1124.4,396.3,1169.5,440.6
SLAP_SVIT_1z_upr/frame_13363.jpg,data\frames_dense\SLAP_SVIT_1z_upr\frame_13363.jpg,0.545,499.7,381.9,541.0,417.4
SLAP_SVIT_1z_upr/frame_13716.jpg,data\frames_dense\SLAP_SVIT_1z_upr\frame_13716.jpg,0.802,1282.7,120.2,1325.9,167.5
SLAP_SVIT_1z_upr/frame_14276.jpg,data\frames_dense\SLAP_SVIT_1z_upr\frame_14276.jpg,0.824,1139.7,174.7,1178.6,219.6
SLAP_SVIT_1z_upr/frame_14393.jpg,data\frames_dense\SLAP_SVIT_1z_upr\frame_14393.jpg,0.468,1182.3,312.2,1228.4,351.0
SLAP_SVIT_1z_upr/frame_14393.jpg,data\frames_dense\SLAP_SVIT_1z_upr\frame_14393.jpg,0.266,861.0,917.7,908.6,956.0
SLAP_SVIT_1z_upr/frame_14481.jpg,data\frames_dense\SLAP_SVIT_1z_upr\frame_14481.jpg,0.797,1104.6,113.7,1154.0,158.7
SLAP_SVIT_1z_upr/frame_14658.jpg,data\frames_dense\SLAP_SVIT_1z_upr\frame_14658.jpg,0.307,882.6,818.7,922.5,855.4
SLAP_SVIT_1z_upr/frame_15188.jpg,data\frames_dense\SLAP_SVIT_1z_upr\frame_15188.jpg,0.763,1108.9,190.6,1146.0,227.9
SLAP_SVIT_1z_upr/frame_15188.jpg,data\frames_dense\SLAP_SVIT_1z_upr\frame_15188.jpg,0.383,815.3,926.8,863.8,970.4
SLAP_SVIT_1z_upr/frame_15217.jpg,data\frames_dense\SLAP_SVIT_1z_upr\frame_15217.jpg,0.756,799.3,370.4,853.3,417.0
SLAP_SVIT_1z_upr/frame_15217.jpg,data\frames_dense\SLAP_SVIT_1z_upr\frame_15217.jpg,0.333,760.5,763.4,814.5,814.4
SLAP_SVIT_1z_upr/frame_15452.jpg,data\frames_dense\SLAP_SVIT_1z_upr\frame_15452.jpg,0.508,136.6,320.4,171.7,356.6
SLAP_SVIT_1z_upr/frame_15688.jpg,data\frames_dense\SLAP_SVIT_1z_upr\frame_15688.jpg,0.375,1392.7,266.5,1435.5,303.2
SLAP_SVIT_1z_upr/frame_15717.jpg,data\frames_dense\SLAP_SVIT_1z_upr\frame_15717.jpg,0.497,1307.3,246.5,1342.4,275.2
SLAP_SVIT_1z_upr/frame_15923.jpg,data\frames_dense\SLAP_SVIT_1z_upr\frame_15923.jpg,0.376,1380.1,287.3,1418.7,319.9
SLAP_SVIT_1z_upr/frame_15982.jpg,data\frames_dense\SLAP_SVIT_1z_upr\frame_15982.jpg,0.635,1277.4,216.3,1331.1,265.4
SLAP_SVIT_1z_upr/frame_16070.jpg,data\frames_dense\SLAP_SVIT_1z_upr\frame_16070.jpg,0.423,1305.2,572.7,1347.5,611.9
SLAP_SVIT_1z_upr/frame_16100.jpg,data\frames_dense\SLAP_SVIT_1z_upr\frame_16100.jpg,0.331,904.6,917.4,949.3,962.5
SLAP_SVIT_1z_upr/frame_16217.jpg,data\frames_dense\SLAP_SVIT_1z_upr\frame_16217.jpg,0.465,1184.0,388.2,1235.3,431.1
SLAP_SVIT_1z_upr/frame_16306.jpg,data\frames_dense\SLAP_SVIT_1z_upr\frame_16306.jpg,0.425,741.7,780.6,781.9,822.6
SLAP_SVIT_1z_upr/frame_16629.jpg,data\frames_dense\SLAP_SVIT_1z_upr\frame_16629.jpg,0.302,798.6,602.9,840.3,639.9
SLAP_SVIT_1z_upr/frame_17071.jpg,data\frames_dense\SLAP_SVIT_1z_upr\frame_17071.jpg,0.539,616.3,382.7,669.8,424.9
SLAP_SVIT_1z_upr/frame_17336.jpg,data\frames_dense\SLAP_SVIT_1z_upr\frame_17336.jpg,0.502,602.3,289.3,647.4,327.1
SLAP_SVIT_1z_upr/frame_17394.jpg,data\frames_dense\SLAP_SVIT_1z_upr\frame_17394.jpg,0.595,1416.4,242.6,1460.5,284.8
SLAP_SVIT_1z_upr/frame_17424.jpg,data\frames_dense\SLAP_SVIT_1z_upr\frame_17424.jpg,0.389,1257.9,220.6,1287.4,252.0
SLAP_SVIT_1z_upr/frame_17453.jpg,data\frames_dense\SLAP_SVIT_1z_upr\frame_17453.jpg,0.262,719.7,850.2,761.0,887.1
SLAP_SVIT_1z_upr/frame_17512.jpg,data\frames_dense\SLAP_SVIT_1z_upr\frame_17512.jpg,0.572,752.1,877.0,789.0,915.3
SLAP_SVIT_1z_upr/frame_17571.jpg,data\frames_dense\SLAP_SVIT_1z_upr\frame_17571.jpg,0.302,1848.1,317.9,1872.6,348.3
SLAP_SVIT_1z_upr/frame_17689.jpg,data\frames_dense\SLAP_SVIT_1z_upr\frame_17689.jpg,0.266,1153.7,771.9,1210.2,822.0
SLAP_SVIT_1z_upr/frame_18630.jpg,data\frames_dense\SLAP_SVIT_1z_upr\frame_18630.jpg,0.376,1215.2,429.5,1255.4,464.2
SLAP_SVIT_1z_upr/frame_18660.jpg,data\frames_dense\SLAP_SVIT_1z_upr\frame_18660.jpg,0.759,1237.4,149.1,1267.1,178.6
SLAP_SVIT_1z_upr/frame_18718.jpg,data\frames_dense\SLAP_SVIT_1z_upr\frame_18718.jpg,0.442,1112.7,195.8,1144.6,222.6
SLAP_SVIT_1z_upr/frame_18777.jpg,data\frames_dense\SLAP_SVIT_1z_upr\frame_18777.jpg,0.669,1249.3,64.8,1290.4,107.8
SLAP_SVIT_1z_upr/frame_18983.jpg,data\frames_dense\SLAP_SVIT_1z_upr\frame_18983.jpg,0.669,574.5,300.7,625.5,346.6
SLAP_SVIT_1z_upr/frame_18983.jpg,data\frames_dense\SLAP_SVIT_1z_upr\frame_18983.jpg,0.29,653.1,395.8,694.7,442.8
SLAP_SVIT_1z_upr/frame_19013.jpg,data\frames_dense\SLAP_SVIT_1z_upr\frame_19013.jpg,0.38,622.2,301.9,669.3,346.1
SLAP_SVIT_1z_upr/frame_19219.jpg,data\frames_dense\SLAP_SVIT_1z_upr\frame_19219.jpg,0.481,1157.3,410.1,1190.9,446.1
SLAP_SVIT_1z_upr/frame_19336.jpg,data\frames_dense\SLAP_SVIT_1z_upr\frame_19336.jpg,0.453,1858.2,403.7,1883.2,431.1
SLAP_SVIT_1z_upr/frame_19425.jpg,data\frames_dense\SLAP_SVIT_1z_upr\frame_19425.jpg,0.604,421.0,211.6,458.9,248.8
SLAP_SVIT_1z_upr/frame_19630.jpg,data\frames_dense\SLAP_SVIT_1z_upr\frame_19630.jpg,0.639,761.6,625.1,822.3,679.4
SLAP_SVIT_1z_upr/frame_19866.jpg,data\frames_dense\SLAP_SVIT_1z_upr\frame_19866.jpg,0.553,1844.1,268.2,1868.1,295.7
SLAP_SVIT_1z_upr/frame_19954.jpg,data\frames_dense\SLAP_SVIT_1z_upr\frame_19954.jpg,0.531,1051.9,874.2,1112.8,917.8
SLAP_SVIT_1z_upr/frame_19984.jpg,data\frames_dense\SLAP_SVIT_1z_upr\frame_19984.jpg,0.318,1397.3,68.7,1440.7,116.5
SLAP_SVIT_1z_upr/frame_20042.jpg,data\frames_dense\SLAP_SVIT_1z_upr\frame_20042.jpg,0.765,1171.6,183.8,1200.0,216.5
SLAP_SVIT_1z_upr/frame_20131.jpg,data\frames_dense\SLAP_SVIT_1z_upr\frame_20131.jpg,0.277,1578.1,479.1,1607.1,503.7
SLAP_SVIT_1z_upr/frame_20278.jpg,data\frames_dense\SLAP_SVIT_1z_upr\frame_20278.jpg,0.627,1567.7,223.0,1597.5,255.9
SLAP_SVIT_1z_upr/frame_20425.jpg,data\frames_dense\SLAP_SVIT_1z_upr\frame_20425.jpg,0.344,91.7,477.7,118.9,507.3
SLAP_SVIT_1z_upr/frame_20513.jpg,data\frames_dense\SLAP_SVIT_1z_upr\frame_20513.jpg,0.715,1273.6,207.9,1309.0,246.9
SLAP_SVIT_1z_upr/frame_20543.jpg,data\frames_dense\SLAP_SVIT_1z_upr\frame_20543.jpg,0.803,1246.9,198.9,1297.9,248.9
SLAP_SVIT_1z_upr/frame_20572.jpg,data\frames_dense\SLAP_SVIT_1z_upr\frame_20572.jpg,0.514,555.6,409.1,597.1,441.9
SLAP_SVIT_1z_upr/frame_20572.jpg,data\frames_dense\SLAP_SVIT_1z_upr\frame_20572.jpg,0.273,1043.0,751.1,1089.4,796.3
SLAP_SVIT_1z_upr/frame_20631.jpg,data\frames_dense\SLAP_SVIT_1z_upr\frame_20631.jpg,0.305,801.4,405.0,841.5,446.1
SLAP_SVIT_1z_upr/frame_20837.jpg,data\frames_dense\SLAP_SVIT_1z_upr\frame_20837.jpg,0.307,937.6,422.7,979.0,452.4
SLAP_SVIT_1z_upr/frame_20896.jpg,data\frames_dense\SLAP_SVIT_1z_upr\frame_20896.jpg,0.491,1090.8,271.5,1117.1,301.4
SLAP_SVIT_1z_upr/frame_20955.jpg,data\frames_dense\SLAP_SVIT_1z_upr\frame_20955.jpg,0.338,1578.5,825.8,1641.9,875.1
SLAP_SVIT_1z_upr/frame_21072.jpg,data\frames_dense\SLAP_SVIT_1z_upr\frame_21072.jpg,0.518,137.4,384.3,168.1,416.1
SLAP_SVIT_1z_upr/frame_21160.jpg,data\frames_dense\SLAP_SVIT_1z_upr\frame_21160.jpg,0.425,1039.9,649.8,1072.4,681.3
SLAP_SVIT_1z_upr/frame_21249.jpg,data\frames_dense\SLAP_SVIT_1z_upr\frame_21249.jpg,0.618,800.2,392.5,843.9,430.1
SLAP_SVIT_1z_upr/frame_21572.jpg,data\frames_dense\SLAP_SVIT_1z_upr\frame_21572.jpg,0.321,1551.9,155.7,1592.9,201.1
SLAP_SVIT_1z_upr/frame_21602.jpg,data\frames_dense\SLAP_SVIT_1z_upr\frame_21602.jpg,0.452,1499.7,288.4,1535.2,320.2
SLAP_SVIT_1z_upr/frame_21867.jpg,data\frames_dense\SLAP_SVIT_1z_upr\frame_21867.jpg,0.291,425.7,405.1,465.0,436.5
SLAP_SVIT_1z_upr/frame_21955.jpg,data\frames_dense\SLAP_SVIT_1z_upr\frame_21955.jpg,0.529,1819.1,271.4,1842.4,294.6
SLAP_SVIT_1z_upr/frame_22190.jpg,data\frames_dense\SLAP_SVIT_1z_upr\frame_22190.jpg,0.44,1879.9,460.5,1909.7,488.5
SLAP_SVIT_1z_upr/frame_22308.jpg,data\frames_dense\SLAP_SVIT_1z_upr\frame_22308.jpg,0.541,883.6,415.3,929.9,451.9
SLAP_SVIT_1z_upr/frame_22867.jpg,data\frames_dense\SLAP_SVIT_1z_upr\frame_22867.jpg,0.644,913.9,487.1,957.2,528.5
SLAP_SVIT_1z_upr/frame_23044.jpg,data\frames_dense\SLAP_SVIT_1z_upr\frame_23044.jpg,0.297,89.3,474.4,117.5,504.7
SLAP_SVIT_1z_upr/frame_23132.jpg,data\frames_dense\SLAP_SVIT_1z_upr\frame_23132.jpg,0.71,1197.3,305.0,1245.7,345.7
SLAP_SVIT_1z_upr/frame_23250.jpg,data\frames_dense\SLAP_SVIT_1z_upr\frame_23250.jpg,0.453,686.5,430.7,719.1,455.7
SLAP_SVIT_1z_upr/frame_23308.jpg,data\frames_dense\SLAP_SVIT_1z_upr\frame_23308.jpg,0.31,1844.9,295.0,1868.6,322.3
SLAP_SVIT_1z_upr/frame_23691.jpg,data\frames_dense\SLAP_SVIT_1z_upr\frame_23691.jpg,0.394,1226.4,813.4,1265.2,851.4
SLAP_SVIT_1z_upr/frame_23720.jpg,data\frames_dense\SLAP_SVIT_1z_upr\frame_23720.jpg,0.706,1104.9,123.5,1134.1,151.0
SLAP_SVIT_1z_upr/frame_23750.jpg,data\frames_dense\SLAP_SVIT_1z_upr\frame_23750.jpg,0.778,1105.8,244.6,1141.7,280.4
SLAP_SVIT_1z_upr/frame_23779.jpg,data\frames_dense\SLAP_SVIT_1z_upr\frame_23779.jpg,0.265,1309.3,636.8,1354.2,684.0
SLAP_SVIT_1z_upr/frame_24250.jpg,data\frames_dense\SLAP_SVIT_1z_upr\frame_24250.jpg,0.397,702.2,192.7,746.0,222.8
SLAP_SVIT_1z_upr/frame_24309.jpg,data\frames_dense\SLAP_SVIT_1z_upr\frame_24309.jpg,0.304,607.2,268.9,649.6,311.9
SLAP_SVIT_1z_upr/frame_24368.jpg,data\frames_dense\SLAP_SVIT_1z_upr\frame_24368.jpg,0.566,715.1,277.8,768.2,322.5
SLAP_SVIT_1z_upr/frame_24868.jpg,data\frames_dense\SLAP_SVIT_1z_upr\frame_24868.jpg,0.507,1834.4,267.4,1859.9,297.1
SLAP_SVIT_1z_upr/frame_24927.jpg,data\frames_dense\SLAP_SVIT_1z_upr\frame_24927.jpg,0.57,449.2,387.6,479.0,417.5
SLAP_SVIT_1z_upr/frame_25044.jpg,data\frames_dense\SLAP_SVIT_1z_upr\frame_25044.jpg,0.262,1097.1,377.3,1125.2,403.8
SLAP_SVIT_1z_upr/frame_25103.jpg,data\frames_dense\SLAP_SVIT_1z_upr\frame_25103.jpg,0.826,1128.4,244.6,1161.5,274.7
SLAP_SVIT_1z_upr/frame_25515.jpg,data\frames_dense\SLAP_SVIT_1z_upr\frame_25515.jpg,0.462,1857.1,302.4,1883.3,332.9
SLAP_SVIT_1z_upr/frame_25927.jpg,data\frames_dense\SLAP_SVIT_1z_upr\frame_25927.jpg,0.64,1446.6,281.7,1488.4,315.9
SLAP_SVIT_1z_upr/frame_26015.jpg,data\frames_dense\SLAP_SVIT_1z_upr\frame_26015.jpg,0.571,732.4,788.9,780.1,830.9
SLAP_SVIT_1z_upr/frame_26515.jpg,data\frames_dense\SLAP_SVIT_1z_upr\frame_26515.jpg,0.723,770.4,381.3,809.7,421.0
SLAP_SVIT_1z_upr/frame_26545.jpg,data\frames_dense\SLAP_SVIT_1z_upr\frame_26545.jpg,0.672,507.7,388.2,562.5,436.0
SLAP_SVIT_1z_upr/frame_27222.jpg,data\frames_dense\SLAP_SVIT_1z_upr\frame_27222.jpg,0.775,840.9,249.8,879.7,282.8
SLAP_SVIT_1z_upr/frame_27339.jpg,data\frames_dense\SLAP_SVIT_1z_upr\frame_27339.jpg,0.279,1487.8,42.5,1515.6,78.2
SLAP_SVIT_1z_upr/frame_27398.jpg,data\frames_dense\SLAP_SVIT_1z_upr\frame_27398.jpg,0.758,1246.0,215.6,1283.2,250.4
SLAP_SVIT_1z_upr/frame_27781.jpg,data\frames_dense\SLAP_SVIT_1z_upr\frame_27781.jpg,0.255,610.7,279.3,654.8,323.1
SLAP_SVIT_1z_upr/frame_27898.jpg,data\frames_dense\SLAP_SVIT_1z_upr\frame_27898.jpg,0.277,1600.3,425.6,1636.8,457.1
SLAP_SVIT_1z_upr/frame_28457.jpg,data\frames_dense\SLAP_SVIT_1z_upr\frame_28457.jpg,0.41,738.8,398.4,785.1,436.4
SLAP_SVIT_1z_upr/frame_28752.jpg,data\frames_dense\SLAP_SVIT_1z_upr\frame_28752.jpg,0.726,910.1,218.9,943.6,251.4
SLAP_SVIT_1z_upr/frame_28810.jpg,data\frames_dense\SLAP_SVIT_1z_upr\frame_28810.jpg,0.28,1803.2,418.2,1829.0,447.5
SLAP_SVIT_1z_upr/frame_28928.jpg,data\frames_dense\SLAP_SVIT_1z_upr\frame_28928.jpg,0.62,435.1,409.7,476.2,445.0
SLAP_SVIT_1z_upr/frame_28987.jpg,data\frames_dense\SLAP_SVIT_1z_upr\frame_28987.jpg,0.447,1097.8,869.4,1149.9,920.2
SLAP_SVIT_1z_upr/frame_29016.jpg,data\frames_dense\SLAP_SVIT_1z_upr\frame_29016.jpg,0.588,1288.3,223.2,1321.9,256.0
SLAP_SVIT_1z_upr/frame_29281.jpg,data\frames_dense\SLAP_SVIT_1z_upr\frame_29281.jpg,0.296,1050.6,707.6,1091.0,740.5
SLAP_SVIT_1z_upr/frame_29369.jpg,data\frames_dense\SLAP_SVIT_1z_upr\frame_29369.jpg,0.634,363.1,447.4,392.6,478.2
SLAP_SVIT_1z_upr/frame_29458.jpg,data\frames_dense\SLAP_SVIT_1z_upr\frame_29458.jpg,0.417,1115.9,298.2,1149.6,329.1
SLAP_SVIT_1z_upr/frame_29487.jpg,data\frames_dense\SLAP_SVIT_1z_upr\frame_29487.jpg,0.301,1283.8,309.1,1318.3,341.2
SLAP_SVIT_1z_upr/frame_29517.jpg,data\frames_dense\SLAP_SVIT_1z_upr\frame_29517.jpg,0.776,1160.3,203.7,1193.5,239.3
SLAP_SVIT_1z_upr/frame_29575.jpg,data\frames_dense\SLAP_SVIT_1z_upr\frame_29575.jpg,0.538,761.0,349.4,809.8,393.8
SLAP_SVIT_1z_upr/frame_29605.jpg,data\frames_dense\SLAP_SVIT_1z_upr\frame_29605.jpg,0.516,670.9,589.9,720.8,629.7
SLAP_SVIT_1z_upr/frame_29634.jpg,data\frames_dense\SLAP_SVIT_1z_upr\frame_29634.jpg,0.435,416.9,441.1,450.6,476.5
SLAP_SVIT_1z_upr/frame_29752.jpg,data\frames_dense\SLAP_SVIT_1z_upr\frame_29752.jpg,0.591,884.0,886.1,932.3,930.7
SLAP_SVIT_1z_upr/frame_30576.jpg,data\frames_dense\SLAP_SVIT_1z_upr\frame_30576.jpg,0.618,1320.6,408.6,1367.6,447.9
SLAP_SVIT_1z_upr/frame_30635.jpg,data\frames_dense\SLAP_SVIT_1z_upr\frame_30635.jpg,0.69,1080.1,449.4,1115.6,482.8
SLAP_SVIT_1z_upr/frame_30694.jpg,data\frames_dense\SLAP_SVIT_1z_upr\frame_30694.jpg,0.834,852.6,380.2,897.0,423.7
SLAP_SVIT_1z_upr/frame_30723.jpg,data\frames_dense\SLAP_SVIT_1z_upr\frame_30723.jpg,0.648,879.2,430.7,920.0,466.8
SLAP_SVIT_1z_upr/frame_30752.jpg,data\frames_dense\SLAP_SVIT_1z_upr\frame_30752.jpg,0.778,793.3,248.4,834.0,288.4
SLAP_SVIT_1z_upr/frame_31076.jpg,data\frames_dense\SLAP_SVIT_1z_upr\frame_31076.jpg,0.445,1612.6,922.8,1670.3,959.8
SLAP_SVIT_1z_upr/frame_31076.jpg,data\frames_dense\SLAP_SVIT_1z_upr\frame_31076.jpg,0.29,989.9,290.6,1015.7,316.3
SLAP_SVIT_1z_upr/frame_31341.jpg,data\frames_dense\SLAP_SVIT_1z_upr\frame_31341.jpg,0.597,1282.4,401.1,1340.6,449.6
SLAP_SVIT_1z_upr/frame_31400.jpg,data\frames_dense\SLAP_SVIT_1z_upr\frame_31400.jpg,0.554,1343.0,493.5,1380.7,535.3
SLAP_SVIT_1z_upr/frame_31547.jpg,data\frames_dense\SLAP_SVIT_1z_upr\frame_31547.jpg,0.616,1478.5,172.1,1521.2,204.5
SLAP_SVIT_1z_upr/frame_31606.jpg,data\frames_dense\SLAP_SVIT_1z_upr\frame_31606.jpg,0.798,1238.2,199.2,1266.2,228.9
SLAP_SVIT_1z_upr/frame_31812.jpg,data\frames_dense\SLAP_SVIT_1z_upr\frame_31812.jpg,0.693,542.3,378.5,584.1,417.0
SLAP_SVIT_1z_upr/frame_31841.jpg,data\frames_dense\SLAP_SVIT_1z_upr\frame_31841.jpg,0.352,615.6,278.6,669.0,325.1
SLAP_SVIT_1z_upr/frame_32282.jpg,data\frames_dense\SLAP_SVIT_1z_upr\frame_32282.jpg,0.623,636.8,384.7,696.0,434.6
SLAP_SVIT_1z_upr/frame_32312.jpg,data\frames_dense\SLAP_SVIT_1z_upr\frame_32312.jpg,0.561,691.1,380.2,729.4,416.4
SLAP_SVIT_1z_upr/frame_32400.jpg,data\frames_dense\SLAP_SVIT_1z_upr\frame_32400.jpg,0.574,1454.9,945.6,1502.4,988.8
SLAP_SVIT_1z_upr/frame_32488.jpg,data\frames_dense\SLAP_SVIT_1z_upr\frame_32488.jpg,0.701,798.3,401.4,862.9,450.0
SLAP_SVIT_1z_upr/frame_32518.jpg,data\frames_dense\SLAP_SVIT_1z_upr\frame_32518.jpg,0.698,1563.5,466.0,1606.0,506.5
SLAP_SVIT_1z_upr/frame_32547.jpg,data\frames_dense\SLAP_SVIT_1z_upr\frame_32547.jpg,0.773,1237.7,402.7,1291.5,448.3
SLAP_SVIT_1z_upr/frame_32577.jpg,data\frames_dense\SLAP_SVIT_1z_upr\frame_32577.jpg,0.685,1151.4,257.5,1188.1,292.7
SLAP_SVIT_1z_upr/frame_32606.jpg,data\frames_dense\SLAP_SVIT_1z_upr\frame_32606.jpg,0.336,678.9,967.6,717.2,1004.6
SLAP_SVIT_1z_upr/frame_32753.jpg,data\frames_dense\SLAP_SVIT_1z_upr\frame_32753.jpg,0.61,1842.4,332.5,1866.8,361.8
SLAP_SVIT_1z_upr/frame_32989.jpg,data\frames_dense\SLAP_SVIT_1z_upr\frame_32989.jpg,0.723,1380.5,273.7,1417.2,311.5
SLAP_SVIT_1z_upr/frame_33018.jpg,data\frames_dense\SLAP_SVIT_1z_upr\frame_33018.jpg,0.781,1319.8,197.5,1353.3,234.2
SLAP_SVIT_1z_upr/frame_33077.jpg,data\frames_dense\SLAP_SVIT_1z_upr\frame_33077.jpg,0.366,284.1,916.5,330.5,963.6
SLAP_SVIT_1z_upr/frame_33224.jpg,data\frames_dense\SLAP_SVIT_1z_upr\frame_33224.jpg,0.583,568.7,380.3,606.7,416.2
SLAP_SVIT_1z_upr/frame_33548.jpg,data\frames_dense\SLAP_SVIT_1z_upr\frame_33548.jpg,0.617,1188.5,265.1,1217.0,292.3
SLAP_SVIT_1z_upr/frame_33783.jpg,data\frames_dense\SLAP_SVIT_1z_upr\frame_33783.jpg,0.695,1626.5,330.5,1656.7,365.1
SLAP_SVIT_1z_upr/frame_33812.jpg,data\frames_dense\SLAP_SVIT_1z_upr\frame_33812.jpg,0.665,1500.2,224.3,1543.4,262.8
SLAP_SVIT_1z_upr/frame_34165.jpg,data\frames_dense\SLAP_SVIT_1z_upr\frame_34165.jpg,0.312,1811.7,222.8,1836.9,252.2
SLAP_SVIT_1z_upr/frame_34371.jpg,data\frames_dense\SLAP_SVIT_1z_upr\frame_34371.jpg,0.812,1187.3,374.4,1237.1,424.1
SLAP_SVIT_1z_upr/frame_34489.jpg,data\frames_dense\SLAP_SVIT_1z_upr\frame_34489.jpg,0.703,797.1,263.7,831.5,297.6
SLAP_SVIT_1z_upr/frame_34519.jpg,data\frames_dense\SLAP_SVIT_1z_upr\frame_34519.jpg,0.607,937.3,292.5,968.5,319.3
SLAP_SVIT_1z_upr/frame_34548.jpg,data\frames_dense\SLAP_SVIT_1z_upr\frame_34548.jpg,0.268,1770.7,596.5,1799.4,623.2
SLAP_SVIT_1z_upr/frame_34548.jpg,data\frames_dense\SLAP_SVIT_1z_upr\frame_34548.jpg,0.258,1428.2,912.6,1495.1,955.6
SLAP_SVIT_1z_upr/frame_34901.jpg,data\frames_dense\SLAP_SVIT_1z_upr\frame_34901.jpg,0.296,1180.3,584.5,1214.9,618.2
SLAP_SVIT_1z_upr/frame_35019.jpg,data\frames_dense\SLAP_SVIT_1z_upr\frame_35019.jpg,0.742,548.2,395.9,602.6,443.4
SLAP_SVIT_1z_upr/frame_35048.jpg,data\frames_dense\SLAP_SVIT_1z_upr\frame_35048.jpg,0.727,638.6,231.1,685.8,274.5
SLAP_SVIT_1z_upr/frame_35107.jpg,data\frames_dense\SLAP_SVIT_1z_upr\frame_35107.jpg,0.698,1240.5,299.0,1278.1,337.2
SLAP_SVIT_1z_upr/frame_35401.jpg,data\frames_dense\SLAP_SVIT_1z_upr\frame_35401.jpg,0.637,502.4,376.9,551.3,422.4
SLAP_SVIT_1z_upr/frame_35637.jpg,data\frames_dense\SLAP_SVIT_1z_upr\frame_35637.jpg,0.642,893.1,424.6,943.8,458.0
SLAP_SVIT_1z_upr/frame_35813.jpg,data\frames_dense\SLAP_SVIT_1z_upr\frame_35813.jpg,0.814,1284.1,102.6,1319.4,142.2
SLAP_SVIT_1z_upr/frame_36049.jpg,data\frames_dense\SLAP_SVIT_1z_upr\frame_36049.jpg,0.696,576.6,396.3,621.2,439.1
SLAP_SVIT_1z_upr/frame_36078.jpg,data\frames_dense\SLAP_SVIT_1z_upr\frame_36078.jpg,0.414,793.6,400.3,840.4,442.3
SLAP_SVIT_1z_upr/frame_36137.jpg,data\frames_dense\SLAP_SVIT_1z_upr\frame_36137.jpg,0.704,1643.9,234.6,1681.0,274.1
SLAP_SVIT_1z_upr/frame_36196.jpg,data\frames_dense\SLAP_SVIT_1z_upr\frame_36196.jpg,0.441,1533.0,199.4,1581.8,236.9
SLAP_SVIT_1z_upr/frame_36578.jpg,data\frames_dense\SLAP_SVIT_1z_upr\frame_36578.jpg,0.692,1278.9,236.4,1308.3,268.5
SLAP_SVIT_1z_upr/frame_36578.jpg,data\frames_dense\SLAP_SVIT_1z_upr\frame_36578.jpg,0.387,847.5,876.1,895.6,918.0
SLAP_SVIT_1z_upr/frame_36637.jpg,data\frames_dense\SLAP_SVIT_1z_upr\frame_36637.jpg,0.687,1276.3,164.2,1312.9,205.6
SLAP_SVIT_1z_upr/frame_36696.jpg,data\frames_dense\SLAP_SVIT_1z_upr\frame_36696.jpg,0.747,1153.9,203.7,1203.5,249.8
SLAP_SVIT_1z_upr/frame_37078.jpg,data\frames_dense\SLAP_SVIT_1z_upr\frame_37078.jpg,0.332,630.5,273.8,670.8,312.3
SLAP_SVIT_1z_upr/frame_37196.jpg,data\frames_dense\SLAP_SVIT_1z_upr\frame_37196.jpg,0.716,1467.7,237.9,1509.5,274.1
SLAP_SVIT_1z_upr/frame_37225.jpg,data\frames_dense\SLAP_SVIT_1z_upr\frame_37225.jpg,0.808,1264.3,176.5,1300.4,217.9
SLAP_SVIT_1z_upr/frame_37255.jpg,data\frames_dense\SLAP_SVIT_1z_upr\frame_37255.jpg,0.761,1158.1,221.7,1185.9,252.4
SLAP_SVIT_1z_upr/frame_37520.jpg,data\frames_dense\SLAP_SVIT_1z_upr\frame_37520.jpg,0.738,1561.3,523.1,1604.7,565.6
SLAP_SVIT_1z_upr/frame_37578.jpg,data\frames_dense\SLAP_SVIT_1z_upr\frame_37578.jpg,0.789,875.6,370.1,927.7,418.6
SLAP_SVIT_1z_upr/frame_37696.jpg,data\frames_dense\SLAP_SVIT_1z_upr\frame_37696.jpg,0.614,1855.2,322.4,1880.2,353.3
SLAP_SVIT_1z_upr/frame_37726.jpg,data\frames_dense\SLAP_SVIT_1z_upr\frame_37726.jpg,0.559,1397.7,455.8,1440.7,488.0
SLAP_SVIT_1z_upr/frame_37932.jpg,data\frames_dense\SLAP_SVIT_1z_upr\frame_37932.jpg,0.767,1136.4,247.6,1166.1,277.0
SLAP_SVIT_1z_upr/frame_37961.jpg,data\frames_dense\SLAP_SVIT_1z_upr\frame_37961.jpg,0.537,978.4,288.7,1006.3,316.0
SLAP_SVIT_1z_upr/frame_38020.jpg,data\frames_dense\SLAP_SVIT_1z_upr\frame_38020.jpg,0.718,717.1,213.7,753.2,251.9
SLAP_SVIT_1z_upr/frame_38079.jpg,data\frames_dense\SLAP_SVIT_1z_upr\frame_38079.jpg,0.601,1290.0,256.8,1319.2,288.8
SLAP_SVIT_1z_upr/frame_38138.jpg,data\frames_dense\SLAP_SVIT_1z_upr\frame_38138.jpg,0.448,1206.9,132.5,1233.2,159.3
SLAP_SVIT_1z_upr/frame_38226.jpg,data\frames_dense\SLAP_SVIT_1z_upr\frame_38226.jpg,0.305,1161.4,909.9,1212.1,953.4
SLAP_SVIT_1z_upr/frame_38255.jpg,data\frames_dense\SLAP_SVIT_1z_upr\frame_38255.jpg,0.735,1588.9,465.9,1626.3,502.5
SLAP_SVIT_1z_upr/frame_38255.jpg,data\frames_dense\SLAP_SVIT_1z_upr\frame_38255.jpg,0.252,1138.7,772.0,1214.0,832.2
SLAP_SVIT_1z_upr/frame_38285.jpg,data\frames_dense\SLAP_SVIT_1z_upr\frame_38285.jpg,0.825,1625.0,192.9,1663.6,234.6
SLAP_SVIT_1z_upr/frame_38402.jpg,data\frames_dense\SLAP_SVIT_1z_upr\frame_38402.jpg,0.79,934.6,252.7,965.4,284.4
SLAP_SVIT_1z_upr/frame_38491.jpg,data\frames_dense\SLAP_SVIT_1z_upr\frame_38491.jpg,0.702,1095.3,193.4,1119.9,219.1
SLAP_SVIT_1z_upr/frame_38579.jpg,data\frames_dense\SLAP_SVIT_1z_upr\frame_38579.jpg,0.328,996.0,286.8,1029.8,313.6
SLAP_SVIT_1z_upr/frame_38638.jpg,data\frames_dense\SLAP_SVIT_1z_upr\frame_38638.jpg,0.357,186.4,433.6,223.2,464.8
SLAP_SVIT_1z_upr/frame_38785.jpg,data\frames_dense\SLAP_SVIT_1z_upr\frame_38785.jpg,0.465,644.2,429.9,675.5,456.5
SLAP_SVIT_1z_upr/frame_39079.jpg,data\frames_dense\SLAP_SVIT_1z_upr\frame_39079.jpg,0.79,1159.3,246.1,1198.5,290.6
SLAP_SVIT_1z_upr/frame_39138.jpg,data\frames_dense\SLAP_SVIT_1z_upr\frame_39138.jpg,0.693,1322.7,262.5,1366.1,306.7
SLAP_SVIT_1z_upr/frame_39167.jpg,data\frames_dense\SLAP_SVIT_1z_upr\frame_39167.jpg,0.347,1194.5,561.2,1238.1,602.3
SLAP_SVIT_1z_upr/frame_39197.jpg,data\frames_dense\SLAP_SVIT_1z_upr\frame_39197.jpg,0.769,1170.4,270.6,1223.8,324.6
SLAP_SVIT_1z_upr/frame_39314.jpg,data\frames_dense\SLAP_SVIT_1z_upr\frame_39314.jpg,0.402,406.6,247.9,464.2,315.7
SLAP_SVIT_1z_upr/frame_39373.jpg,data\frames_dense\SLAP_SVIT_1z_upr\frame_39373.jpg,0.825,841.0,246.2,879.0,278.0
SLAP_SVIT_1z_upr/frame_39432.jpg,data\frames_dense\SLAP_SVIT_1z_upr\frame_39432.jpg,0.824,1197.8,267.5,1233.9,302.4
SLAP_SVIT_1z_upr/frame_39462.jpg,data\frames_dense\SLAP_SVIT_1z_upr\frame_39462.jpg,0.757,1134.5,213.8,1165.2,246.7
SLAP_SVIT_1z_upr/frame_39579.jpg,data\frames_dense\SLAP_SVIT_1z_upr\frame_39579.jpg,0.548,1874.6,319.1,1898.0,346.8
SLAP_SVIT_1z_upr/frame_39697.jpg,data\frames_dense\SLAP_SVIT_1z_upr\frame_39697.jpg,0.435,825.7,404.5,863.2,437.9
SLAP_SVIT_1z_upr/frame_39932.jpg,data\frames_dense\SLAP_SVIT_1z_upr\frame_39932.jpg,0.666,1862.9,269.8,1886.3,296.4
SLAP_SVIT_1z_upr/frame_40050.jpg,data\frames_dense\SLAP_SVIT_1z_upr\frame_40050.jpg,0.822,789.5,242.3,823.3,272.9
SLAP_SVIT_1z_upr/frame_41139.jpg,data\frames_dense\SLAP_SVIT_1z_upr\frame_41139.jpg,0.471,1419.6,207.4,1463.1,248.8
SLAP_SVIT_1z_upr/frame_41256.jpg,data\frames_dense\SLAP_SVIT_1z_upr\frame_41256.jpg,0.393,956.1,494.6,1008.8,541.1
SLAP_SVIT_1z_upr/frame_41286.jpg,data\frames_dense\SLAP_SVIT_1z_upr\frame_41286.jpg,0.749,1315.8,403.6,1373.2,449.3
SLAP_SVIT_1z_upr/frame_41315.jpg,data\frames_dense\SLAP_SVIT_1z_upr\frame_41315.jpg,0.704,1300.4,251.6,1340.4,289.4
SLAP_SVIT_1z_upr/frame_41374.jpg,data\frames_dense\SLAP_SVIT_1z_upr\frame_41374.jpg,0.779,1220.1,210.2,1242.9,237.8
SLAP_SVIT_1z_upr/frame_42080.jpg,data\frames_dense\SLAP_SVIT_1z_upr\frame_42080.jpg,0.441,1282.3,429.2,1319.6,465.8
SLAP_SVIT_1z_upr/frame_42110.jpg,data\frames_dense\SLAP_SVIT_1z_upr\frame_42110.jpg,0.819,1402.2,436.3,1464.8,491.7
SLAP_SVIT_1z_upr/frame_42139.jpg,data\frames_dense\SLAP_SVIT_1z_upr\frame_42139.jpg,0.73,1613.8,885.5,1666.6,929.4
SLAP_SVIT_1z_upr/frame_42316.jpg,data\frames_dense\SLAP_SVIT_1z_upr\frame_42316.jpg,0.711,1383.9,263.3,1417.8,296.1
SLAP_SVIT_1z_upr/frame_42374.jpg,data\frames_dense\SLAP_SVIT_1z_upr\frame_42374.jpg,0.71,1307.0,252.0,1342.1,286.7
SLAP_SVIT_1z_upr/frame_42404.jpg,data\frames_dense\SLAP_SVIT_1z_upr\frame_42404.jpg,0.716,1363.2,510.3,1412.7,559.3
SLAP_SVIT_1z_upr/frame_43051.jpg,data\frames_dense\SLAP_SVIT_1z_upr\frame_43051.jpg,0.628,433.5,242.2,477.5,281.7
SLAP_SVIT_1z_upr/frame_43110.jpg,data\frames_dense\SLAP_SVIT_1z_upr\frame_43110.jpg,0.66,1394.8,255.1,1439.9,297.2
SLAP_SVIT_1z_upr/frame_43198.jpg,data\frames_dense\SLAP_SVIT_1z_upr\frame_43198.jpg,0.789,955.7,287.0,989.4,318.0
SLAP_SVIT_1z_upr/frame_43257.jpg,data\frames_dense\SLAP_SVIT_1z_upr\frame_43257.jpg,0.726,921.1,222.2,958.4,252.9
SLAP_SVIT_1z_upr/frame_43728.jpg,data\frames_dense\SLAP_SVIT_1z_upr\frame_43728.jpg,0.364,1061.4,603.9,1096.6,635.8
SLAP_SVIT_1z_upr/frame_43875.jpg,data\frames_dense\SLAP_SVIT_1z_upr\frame_43875.jpg,0.452,1048.2,594.3,1082.9,625.3
SLAP_SVIT_1z_upr/frame_44052.jpg,data\frames_dense\SLAP_SVIT_1z_upr\frame_44052.jpg,0.773,811.7,254.7,845.1,292.1
SLAP_SVIT_1z_upr/frame_44434.jpg,data\frames_dense\SLAP_SVIT_1z_upr\frame_44434.jpg,0.324,417.3,966.3,467.8,1009.2
SLAP_SVIT_1z_upr/frame_44611.jpg,data\frames_dense\SLAP_SVIT_1z_upr\frame_44611.jpg,0.367,1450.8,160.4,1486.5,194.0
SLAP_SVIT_1z_upr/frame_44669.jpg,data\frames_dense\SLAP_SVIT_1z_upr\frame_44669.jpg,0.306,837.2,917.0,883.0,958.1
SLAP_SVIT_1z_upr/frame_44846.jpg,data\frames_dense\SLAP_SVIT_1z_upr\frame_44846.jpg,0.515,1464.6,855.4,1560.1,950.9
SLAP_SVIT_1z_upr/frame_44875.jpg,data\frames_dense\SLAP_SVIT_1z_upr\frame_44875.jpg,0.555,1464.2,854.0,1559.0,949.2
