frame_id,image_path,confidence,x1,y1,x2,y2
online_match_01/frame_00123.jpg,data\frames_dense2\online_match_01\frame_00123.jpg,0.677,367.1,395.9,390.8,417.6
online_match_01/frame_00125.jpg,data\frames_dense2\online_match_01\frame_00125.jpg,0.512,315.0,435.6,338.5,458.5
online_match_01/frame_00131.jpg,data\frames_dense2\online_match_01\frame_00131.jpg,0.567,324.6,331.0,345.9,351.4
online_match_01/frame_00136.jpg,data\frames_dense2\online_match_01\frame_00136.jpg,0.812,346.3,228.9,367.4,250.7
online_match_01/frame_00139.jpg,data\frames_dense2\online_match_01\frame_00139.jpg,0.521,356.3,188.9,379.7,209.9
online_match_01/frame_00141.jpg,data\frames_dense2\online_match_01\frame_00141.jpg,0.721,363.8,149.2,386.3,171.0
online_match_01/frame_00144.jpg,data\frames_dense2\online_match_01\frame_00144.jpg,0.472,375.7,117.6,396.8,137.9
online_match_01/frame_00152.jpg,data\frames_dense2\online_match_01\frame_00152.jpg,0.514,407.4,45.3,429.0,64.5
online_match_01/frame_00155.jpg,data\frames_dense2\online_match_01\frame_00155.jpg,0.756,417.6,37.8,438.6,56.7
online_match_01/frame_00157.jpg,data\frames_dense2\online_match_01\frame_00157.jpg,0.645,425.5,40.5,444.9,58.1
online_match_01/frame_00160.jpg,data\frames_dense2\online_match_01\frame_00160.jpg,0.617,436.7,40.5,459.2,60.9
online_match_01/frame_00163.jpg,data\frames_dense2\online_match_01\frame_00163.jpg,0.807,444.7,50.1,468.2,71.7
online_match_01/frame_00165.jpg,data\frames_dense2\online_match_01\frame_00165.jpg,0.639,452.8,60.4,478.4,84.7
online_match_01/frame_00168.jpg,data\frames_dense2\online_match_01\frame_00168.jpg,0.794,465.0,81.9,491.7,104.0
online_match_01/frame_00170.jpg,data\frames_dense2\online_match_01\frame_00170.jpg,0.61,477.6,106.0,498.8,126.1
online_match_01/frame_00181.jpg,data\frames_dense2\online_match_01\frame_00181.jpg,0.519,523.7,258.2,548.3,282.4
online_match_01/frame_00184.jpg,data\frames_dense2\online_match_01\frame_00184.jpg,0.597,531.9,318.8,558.4,342.5
online_match_01/frame_00186.jpg,data\frames_dense2\online_match_01\frame_00186.jpg,0.559,533.4,318.1,557.7,341.1
online_match_01/frame_00186.jpg,data\frames_dense2\online_match_01\frame_00186.jpg,0.4,331.3,399.7,349.6,417.0
online_match_01/frame_00189.jpg,data\frames_dense2\online_match_01\frame_00189.jpg,0.702,523.1,272.4,544.4,293.3
online_match_01/frame_00197.jpg,data\frames_dense2\online_match_01\frame_00197.jpg,0.541,489.3,208.9,510.5,229.2
online_match_01/frame_00200.jpg,data\frames_dense2\online_match_01\frame_00200.jpg,0.448,476.7,205.1,496.7,224.7
online_match_01/frame_00202.jpg,data\frames_dense2\online_match_01\frame_00202.jpg,0.76,464.7,202.9,486.5,223.0
online_match_01/frame_00205.jpg,data\frames_dense2\online_match_01\frame_00205.jpg,0.55,453.7,202.3,474.5,222.2
online_match_01/frame_00210.jpg,data\frames_dense2\online_match_01\frame_00210.jpg,0.684,416.2,225.4,440.3,248.0
online_match_01/frame_00213.jpg,data\frames_dense2\online_match_01\frame_00213.jpg,0.714,674.3,449.9,694.2,469.4
online_match_01/frame_00213.jpg,data\frames_dense2\online_match_01\frame_00213.jpg,0.569,392.4,255.4,414.7,276.5
online_match_01/frame_00216.jpg,data\frames_dense2\online_match_01\frame_00216.jpg,0.494,286.7,411.5,308.3,431.8
online_match_01/frame_00216.jpg,data\frames_dense2\online_match_01\frame_00216.jpg,0.423,374.4,277.0,397.6,300.3
online_match_01/frame_00224.jpg,data\frames_dense2\online_match_01\frame_00224.jpg,0.315,638.2,329.6,661.3,350.2
online_match_01/frame_00226.jpg,data\frames_dense2\online_match_01\frame_00226.jpg,0.663,710.3,316.9,735.7,341.2
online_match_01/frame_00229.jpg,data\frames_dense2\online_match_01\frame_00229.jpg,0.324,772.7,308.8,798.8,333.7
online_match_01/frame_00229.jpg,data\frames_dense2\online_match_01\frame_00229.jpg,0.281,757.3,136.8,773.0,151.9
online_match_01/frame_00231.jpg,data\frames_dense2\online_match_01\frame_00231.jpg,0.265,836.3,307.5,861.2,330.2
online_match_01/frame_00234.jpg,data\frames_dense2\online_match_01\frame_00234.jpg,0.539,883.9,309.2,908.9,332.3
online_match_01/frame_00239.jpg,data\frames_dense2\online_match_01\frame_00239.jpg,0.837,939.9,303.9,961.9,324.9
online_match_01/frame_00242.jpg,data\frames_dense2\online_match_01\frame_00242.jpg,0.582,915.8,278.7,940.9,302.2
online_match_01/frame_00245.jpg,data\frames_dense2\online_match_01\frame_00245.jpg,0.856,881.7,257.0,903.3,277.1
online_match_01/frame_00247.jpg,data\frames_dense2\online_match_01\frame_00247.jpg,0.322,0.0,387.9,19.7,409.6
online_match_01/frame_00247.jpg,data\frames_dense2\online_match_01\frame_00247.jpg,0.264,866.6,252.3,891.4,275.3
online_match_01/frame_00250.jpg,data\frames_dense2\online_match_01\frame_00250.jpg,0.802,830.9,240.3,855.6,262.8
online_match_01/frame_00250.jpg,data\frames_dense2\online_match_01\frame_00250.jpg,0.338,1018.6,288.5,1040.2,310.1
online_match_01/frame_00253.jpg,data\frames_dense2\online_match_01\frame_00253.jpg,0.733,812.6,239.7,838.5,263.8
online_match_01/frame_00255.jpg,data\frames_dense2\online_match_01\frame_00255.jpg,0.767,797.2,242.7,823.1,267.4
online_match_01/frame_00258.jpg,data\frames_dense2\online_match_01\frame_00258.jpg,0.787,784.9,255.2,809.7,277.1
online_match_01/frame_00261.jpg,data\frames_dense2\online_match_01\frame_00261.jpg,0.474,773.5,275.0,799.6,300.4
online_match_01/frame_00261.jpg,data\frames_dense2\online_match_01\frame_00261.jpg,0.34,441.8,184.5,464.8,206.5
online_match_01/frame_00263.jpg,data\frames_dense2\online_match_01\frame_00263.jpg,0.597,764.2,299.4,789.0,321.9
online_match_01/frame_00266.jpg,data\frames_dense2\online_match_01\frame_00266.jpg,0.585,751.5,323.2,778.6,346.5
online_match_01/frame_00269.jpg,data\frames_dense2\online_match_01\frame_00269.jpg,0.785,745.9,371.1,771.0,396.7
online_match_01/frame_00271.jpg,data\frames_dense2\online_match_01\frame_00271.jpg,0.586,745.6,390.4,770.1,415.1
online_match_01/frame_00274.jpg,data\frames_dense2\online_match_01\frame_00274.jpg,0.757,739.6,388.3,763.4,410.8
online_match_01/frame_00279.jpg,data\frames_dense2\online_match_01\frame_00279.jpg,0.373,730.7,273.2,754.5,296.6
online_match_01/frame_00282.jpg,data\frames_dense2\online_match_01\frame_00282.jpg,0.814,730.9,227.5,754.0,250.8
online_match_01/frame_00284.jpg,data\frames_dense2\online_match_01\frame_00284.jpg,0.602,729.7,183.2,751.2,205.2
online_match_01/frame_00287.jpg,data\frames_dense2\online_match_01\frame_00287.jpg,0.764,732.3,130.9,753.9,151.9
online_match_01/frame_00290.jpg,data\frames_dense2\online_match_01\frame_00290.jpg,0.76,733.4,99.8,755.6,120.6
online_match_01/frame_00292.jpg,data\frames_dense2\online_match_01\frame_00292.jpg,0.641,733.3,76.8,753.7,95.9
online_match_01/frame_00295.jpg,data\frames_dense2\online_match_01\frame_00295.jpg,0.616,734.2,62.5,754.7,81.7
online_match_01/frame_00298.jpg,data\frames_dense2\online_match_01\frame_00298.jpg,0.617,735.2,44.3,757.5,64.6
online_match_01/frame_00300.jpg,data\frames_dense2\online_match_01\frame_00300.jpg,0.549,736.5,45.9,760.3,67.1
online_match_01/frame_00303.jpg,data\frames_dense2\online_match_01\frame_00303.jpg,0.646,734.2,47.2,759.6,70.8
online_match_01/frame_00306.jpg,data\frames_dense2\online_match_01\frame_00306.jpg,0.619,731.7,54.7,759.2,79.3
online_match_01/frame_00308.jpg,data\frames_dense2\online_match_01\frame_00308.jpg,0.528,732.5,76.9,755.0,99.5
online_match_01/frame_00311.jpg,data\frames_dense2\online_match_01\frame_00311.jpg,0.775,731.4,102.1,751.2,121.6
online_match_01/frame_00314.jpg,data\frames_dense2\online_match_01\frame_00314.jpg,0.51,726.9,128.9,750.2,151.1
online_match_01/frame_00316.jpg,data\frames_dense2\online_match_01\frame_00316.jpg,0.695,727.9,161.2,749.8,182.0
online_match_01/frame_00319.jpg,data\frames_dense2\online_match_01\frame_00319.jpg,0.763,721.4,194.1,745.8,215.6
online_match_01/frame_00322.jpg,data\frames_dense2\online_match_01\frame_00322.jpg,0.446,717.3,252.3,739.0,273.5
online_match_01/frame_00327.jpg,data\frames_dense2\online_match_01\frame_00327.jpg,0.269,707.1,341.4,730.6,364.5
online_match_01/frame_00330.jpg,data\frames_dense2\online_match_01\frame_00330.jpg,0.658,699.2,391.4,722.3,413.4
online_match_01/frame_00330.jpg,data\frames_dense2\online_match_01\frame_00330.jpg,0.4,380.0,406.5,400.9,425.1
online_match_01/frame_00332.jpg,data\frames_dense2\online_match_01\frame_00332.jpg,0.625,701.2,403.3,723.8,424.1
online_match_01/frame_00335.jpg,data\frames_dense2\online_match_01\frame_00335.jpg,0.677,707.1,416.4,730.0,436.8
online_match_01/frame_00338.jpg,data\frames_dense2\online_match_01\frame_00338.jpg,0.813,713.8,423.7,734.7,443.4
online_match_01/frame_00340.jpg,data\frames_dense2\online_match_01\frame_00340.jpg,0.645,717.9,426.8,742.3,449.6
online_match_01/frame_00343.jpg,data\frames_dense2\online_match_01\frame_00343.jpg,0.489,716.1,427.4,742.4,450.8
online_match_01/frame_00343.jpg,data\frames_dense2\online_match_01\frame_00343.jpg,0.253,720.6,430.2,749.1,452.7
online_match_01/frame_00345.jpg,data\frames_dense2\online_match_01\frame_00345.jpg,0.613,717.8,437.1,742.7,460.1
online_match_01/frame_00348.jpg,data\frames_dense2\online_match_01\frame_00348.jpg,0.465,720.5,438.7,744.7,461.6
online_match_01/frame_00353.jpg,data\frames_dense2\online_match_01\frame_00353.jpg,0.407,721.6,437.1,746.7,461.0
online_match_01/frame_00356.jpg,data\frames_dense2\online_match_01\frame_00356.jpg,0.613,720.8,433.4,747.9,459.1
online_match_01/frame_00359.jpg,data\frames_dense2\online_match_01\frame_00359.jpg,0.539,722.8,430.0,747.6,454.2
online_match_01/frame_00361.jpg,data\frames_dense2\online_match_01\frame_00361.jpg,0.439,724.0,429.5,748.4,452.7
online_match_01/frame_00364.jpg,data\frames_dense2\online_match_01\frame_00364.jpg,0.613,728.3,428.4,750.9,449.3
online_match_01/frame_00367.jpg,data\frames_dense2\online_match_01\frame_00367.jpg,0.621,733.7,426.2,755.4,447.2
online_match_01/frame_00369.jpg,data\frames_dense2\online_match_01\frame_00369.jpg,0.671,735.2,424.2,758.2,445.8
online_match_01/frame_00372.jpg,data\frames_dense2\online_match_01\frame_00372.jpg,0.444,736.6,422.5,759.3,444.7
online_match_01/frame_00375.jpg,data\frames_dense2\online_match_01\frame_00375.jpg,0.666,742.0,420.7,766.8,444.4
online_match_01/frame_00377.jpg,data\frames_dense2\online_match_01\frame_00377.jpg,0.784,745.4,419.8,769.3,443.1
online_match_01/frame_00380.jpg,data\frames_dense2\online_match_01\frame_00380.jpg,0.833,747.8,417.8,770.6,440.4
online_match_01/frame_00383.jpg,data\frames_dense2\online_match_01\frame_00383.jpg,0.838,754.6,416.4,778.2,438.4
online_match_01/frame_00385.jpg,data\frames_dense2\online_match_01\frame_00385.jpg,0.848,757.8,416.7,780.8,438.4
online_match_01/frame_00388.jpg,data\frames_dense2\online_match_01\frame_00388.jpg,0.923,765.3,417.3,788.3,438.6
online_match_01/frame_00391.jpg,data\frames_dense2\online_match_01\frame_00391.jpg,0.935,768.6,417.2,794.2,440.7
online_match_01/frame_00393.jpg,data\frames_dense2\online_match_01\frame_00393.jpg,0.922,776.2,418.1,798.5,440.3
online_match_01/frame_00396.jpg,data\frames_dense2\online_match_01\frame_00396.jpg,0.903,781.1,419.0,804.5,441.6
online_match_01/frame_00398.jpg,data\frames_dense2\online_match_01\frame_00398.jpg,0.733,787.3,418.3,813.1,442.7
online_match_01/frame_00401.jpg,data\frames_dense2\online_match_01\frame_00401.jpg,0.877,799.5,417.5,823.5,440.7
online_match_01/frame_00404.jpg,data\frames_dense2\online_match_01\frame_00404.jpg,0.858,804.5,415.6,829.6,439.0
online_match_01/frame_00406.jpg,data\frames_dense2\online_match_01\frame_00406.jpg,0.892,810.7,416.0,833.6,437.9
online_match_01/frame_00409.jpg,data\frames_dense2\online_match_01\frame_00409.jpg,0.866,815.9,414.4,840.0,436.9
online_match_01/frame_00412.jpg,data\frames_dense2\online_match_01\frame_00412.jpg,0.695,823.5,413.4,847.1,435.3
online_match_01/frame_00414.jpg,data\frames_dense2\online_match_01\frame_00414.jpg,0.739,826.4,414.8,849.0,435.7
online_match_01/frame_00417.jpg,data\frames_dense2\online_match_01\frame_00417.jpg,0.823,832.2,415.5,859.8,439.4
online_match_01/frame_00420.jpg,data\frames_dense2\online_match_01\frame_00420.jpg,0.804,837.6,415.3,862.8,440.2
online_match_01/frame_00422.jpg,data\frames_dense2\online_match_01\frame_00422.jpg,0.846,842.5,416.4,866.9,440.2
online_match_01/frame_00425.jpg,data\frames_dense2\online_match_01\frame_00425.jpg,0.76,848.6,416.2,873.2,438.6
online_match_01/frame_00428.jpg,data\frames_dense2\online_match_01\frame_00428.jpg,0.653,850.6,412.1,875.1,435.1
online_match_01/frame_00430.jpg,data\frames_dense2\online_match_01\frame_00430.jpg,0.642,854.2,414.4,878.0,436.8
online_match_01/frame_00430.jpg,data\frames_dense2\online_match_01\frame_00430.jpg,0.254,60.9,307.0,82.0,328.1
online_match_01/frame_00433.jpg,data\frames_dense2\online_match_01\frame_00433.jpg,0.753,857.8,415.2,880.3,437.1
online_match_01/frame_00433.jpg,data\frames_dense2\online_match_01\frame_00433.jpg,0.256,58.8,306.6,81.0,328.6
online_match_01/frame_00436.jpg,data\frames_dense2\online_match_01\frame_00436.jpg,0.8,864.0,418.0,888.1,441.3
online_match_01/frame_00438.jpg,data\frames_dense2\online_match_01\frame_00438.jpg,0.786,865.2,418.0,890.3,441.4
online_match_01/frame_00441.jpg,data\frames_dense2\online_match_01\frame_00441.jpg,0.821,875.2,421.7,897.0,444.0
online_match_01/frame_00444.jpg,data\frames_dense2\online_match_01\frame_00444.jpg,0.712,880.6,426.1,903.2,447.0
online_match_01/frame_00446.jpg,data\frames_dense2\online_match_01\frame_00446.jpg,0.574,887.9,427.0,910.3,447.7
online_match_01/frame_00449.jpg,data\frames_dense2\online_match_01\frame_00449.jpg,0.603,902.1,427.6,923.7,448.7
online_match_01/frame_00452.jpg,data\frames_dense2\online_match_01\frame_00452.jpg,0.803,906.9,415.2,931.1,437.9
online_match_01/frame_00454.jpg,data\frames_dense2\online_match_01\frame_00454.jpg,0.557,913.1,407.3,941.3,431.8
online_match_01/frame_00457.jpg,data\frames_dense2\online_match_01\frame_00457.jpg,0.394,923.8,404.2,949.4,428.4
online_match_01/frame_00459.jpg,data\frames_dense2\online_match_01\frame_00459.jpg,0.687,939.1,412.2,958.9,431.1
online_match_01/frame_00462.jpg,data\frames_dense2\online_match_01\frame_00462.jpg,0.817,944.2,419.1,966.3,440.1
online_match_01/frame_00465.jpg,data\frames_dense2\online_match_01\frame_00465.jpg,0.827,959.2,435.2,983.9,459.2
online_match_01/frame_00467.jpg,data\frames_dense2\online_match_01\frame_00467.jpg,0.784,969.0,451.7,991.5,475.3
online_match_01/frame_00475.jpg,data\frames_dense2\online_match_01\frame_00475.jpg,0.476,994.0,517.3,1019.0,541.9
online_match_01/frame_00481.jpg,data\frames_dense2\online_match_01\frame_00481.jpg,0.794,1077.8,481.2,1104.4,507.5
online_match_01/frame_00483.jpg,data\frames_dense2\online_match_01\frame_00483.jpg,0.657,1116.7,473.5,1149.3,500.7
online_match_01/frame_00486.jpg,data\frames_dense2\online_match_01\frame_00486.jpg,0.662,1162.2,473.6,1192.8,499.9
online_match_01/frame_00489.jpg,data\frames_dense2\online_match_01\frame_00489.jpg,0.687,1231.1,478.7,1260.2,503.4
online_match_01/frame_00489.jpg,data\frames_dense2\online_match_01\frame_00489.jpg,0.261,1228.3,477.6,1264.8,508.1
online_match_01/frame_00701.jpg,data\frames_dense2\online_match_01\frame_00701.jpg,0.564,1131.0,374.5,1151.0,395.2
online_match_01/frame_00709.jpg,data\frames_dense2\online_match_01\frame_00709.jpg,0.267,1142.4,375.6,1165.3,397.5
online_match_01/frame_00881.jpg,data\frames_dense2\online_match_01\frame_00881.jpg,0.434,1134.2,363.3,1155.0,382.9
online_match_01/frame_00884.jpg,data\frames_dense2\online_match_01\frame_00884.jpg,0.329,1132.6,364.4,1153.1,384.3
online_match_01/frame_00886.jpg,data\frames_dense2\online_match_01\frame_00886.jpg,0.459,1131.5,369.0,1150.7,387.8
online_match_01/frame_01210.jpg,data\frames_dense2\online_match_01\frame_01210.jpg,0.291,21.3,328.8,41.2,346.9
online_match_01/frame_01212.jpg,data\frames_dense2\online_match_01\frame_01212.jpg,0.657,27.5,326.2,47.0,344.9
online_match_01/frame_01220.jpg,data\frames_dense2\online_match_01\frame_01220.jpg,0.465,77.7,341.7,96.0,360.1
online_match_01/frame_01223.jpg,data\frames_dense2\online_match_01\frame_01223.jpg,0.719,93.3,352.3,111.0,369.6
online_match_01/frame_01226.jpg,data\frames_dense2\online_match_01\frame_01226.jpg,0.706,100.0,352.0,120.7,372.0
online_match_01/frame_01228.jpg,data\frames_dense2\online_match_01\frame_01228.jpg,0.611,111.9,347.8,135.6,368.9
online_match_01/frame_01231.jpg,data\frames_dense2\online_match_01\frame_01231.jpg,0.821,127.9,338.6,147.5,357.5
online_match_01/frame_01242.jpg,data\frames_dense2\online_match_01\frame_01242.jpg,0.689,159.0,261.5,177.9,279.6
online_match_01/frame_01244.jpg,data\frames_dense2\online_match_01\frame_01244.jpg,0.506,160.2,250.5,181.9,269.9
online_match_01/frame_01247.jpg,data\frames_dense2\online_match_01\frame_01247.jpg,0.534,168.5,242.7,186.3,260.4
online_match_01/frame_01250.jpg,data\frames_dense2\online_match_01\frame_01250.jpg,0.534,171.7,241.9,189.4,258.9
online_match_01/frame_01252.jpg,data\frames_dense2\online_match_01\frame_01252.jpg,0.816,173.8,242.4,192.2,261.0
online_match_01/frame_01255.jpg,data\frames_dense2\online_match_01\frame_01255.jpg,0.773,175.8,246.7,195.3,265.0
online_match_01/frame_01297.jpg,data\frames_dense2\online_match_01\frame_01297.jpg,0.559,846.2,355.6,865.5,374.7
online_match_01/frame_01300.jpg,data\frames_dense2\online_match_01\frame_01300.jpg,0.387,825.2,310.3,846.4,331.2
online_match_01/frame_01303.jpg,data\frames_dense2\online_match_01\frame_01303.jpg,0.715,808.8,288.4,831.3,309.8
online_match_01/frame_01305.jpg,data\frames_dense2\online_match_01\frame_01305.jpg,0.675,795.7,269.2,814.5,287.0
online_match_01/frame_01308.jpg,data\frames_dense2\online_match_01\frame_01308.jpg,0.706,784.4,252.6,804.3,271.7
online_match_01/frame_01311.jpg,data\frames_dense2\online_match_01\frame_01311.jpg,0.605,766.6,239.1,788.1,259.6
online_match_01/frame_01313.jpg,data\frames_dense2\online_match_01\frame_01313.jpg,0.55,759.7,229.8,777.9,248.6
online_match_01/frame_01329.jpg,data\frames_dense2\online_match_01\frame_01329.jpg,0.649,701.9,280.6,722.5,300.4
online_match_01/frame_01332.jpg,data\frames_dense2\online_match_01\frame_01332.jpg,0.371,696.7,302.7,717.1,321.8
online_match_01/frame_01334.jpg,data\frames_dense2\online_match_01\frame_01334.jpg,0.665,686.8,323.7,707.1,343.5
online_match_01/frame_01350.jpg,data\frames_dense2\online_match_01\frame_01350.jpg,0.477,716.4,180.2,733.3,197.1
online_match_01/frame_01364.jpg,data\frames_dense2\online_match_01\frame_01364.jpg,0.815,736.8,179.9,753.6,197.0
online_match_01/frame_01387.jpg,data\frames_dense2\online_match_01\frame_01387.jpg,0.465,435.6,349.4,454.8,367.9
online_match_01/frame_01390.jpg,data\frames_dense2\online_match_01\frame_01390.jpg,0.7,440.1,357.4,457.9,375.4
online_match_01/frame_01393.jpg,data\frames_dense2\online_match_01\frame_01393.jpg,0.53,436.5,363.6,458.4,383.6
online_match_01/frame_01395.jpg,data\frames_dense2\online_match_01\frame_01395.jpg,0.682,432.7,375.4,457.6,397.9
online_match_01/frame_01398.jpg,data\frames_dense2\online_match_01\frame_01398.jpg,0.704,429.4,394.0,453.7,416.4
online_match_01/frame_01401.jpg,data\frames_dense2\online_match_01\frame_01401.jpg,0.863,432.1,403.6,458.1,428.6
online_match_01/frame_01403.jpg,data\frames_dense2\online_match_01\frame_01403.jpg,0.69,444.5,392.8,471.0,417.1
online_match_01/frame_01406.jpg,data\frames_dense2\online_match_01\frame_01406.jpg,0.818,453.8,385.5,478.0,409.1
online_match_01/frame_01409.jpg,data\frames_dense2\online_match_01\frame_01409.jpg,0.655,468.0,382.8,493.5,405.6
online_match_01/frame_01411.jpg,data\frames_dense2\online_match_01\frame_01411.jpg,0.884,476.4,384.3,499.1,405.5
online_match_01/frame_01414.jpg,data\frames_dense2\online_match_01\frame_01414.jpg,0.813,488.1,388.5,511.3,412.8
online_match_01/frame_01417.jpg,data\frames_dense2\online_match_01\frame_01417.jpg,0.881,496.7,399.6,522.1,421.7
online_match_01/frame_01419.jpg,data\frames_dense2\online_match_01\frame_01419.jpg,0.801,503.1,404.3,526.6,429.3
online_match_01/frame_01422.jpg,data\frames_dense2\online_match_01\frame_01422.jpg,0.742,503.3,389.8,526.5,413.2
online_match_01/frame_01425.jpg,data\frames_dense2\online_match_01\frame_01425.jpg,0.665,502.9,376.6,524.8,397.4
online_match_01/frame_01427.jpg,data\frames_dense2\online_match_01\frame_01427.jpg,0.805,505.2,370.6,524.5,389.1
online_match_01/frame_01430.jpg,data\frames_dense2\online_match_01\frame_01430.jpg,0.681,504.4,368.9,523.4,387.0
online_match_01/frame_01433.jpg,data\frames_dense2\online_match_01\frame_01433.jpg,0.803,504.7,369.3,525.2,388.7
online_match_01/frame_01435.jpg,data\frames_dense2\online_match_01\frame_01435.jpg,0.692,504.7,372.3,524.0,390.9
online_match_01/frame_01440.jpg,data\frames_dense2\online_match_01\frame_01440.jpg,0.725,504.1,385.0,526.5,406.5
online_match_01/frame_01446.jpg,data\frames_dense2\online_match_01\frame_01446.jpg,0.556,501.3,361.3,521.6,379.9
online_match_01/frame_01448.jpg,data\frames_dense2\online_match_01\frame_01448.jpg,0.462,492.1,346.2,509.5,362.9
online_match_01/frame_01459.jpg,data\frames_dense2\online_match_01\frame_01459.jpg,0.383,445.5,300.6,464.2,319.2
online_match_01/frame_01486.jpg,data\frames_dense2\online_match_01\frame_01486.jpg,0.399,325.5,322.7,346.8,342.9
online_match_01/frame_01488.jpg,data\frames_dense2\online_match_01\frame_01488.jpg,0.598,322.3,322.1,341.9,341.3
online_match_01/frame_01499.jpg,data\frames_dense2\online_match_01\frame_01499.jpg,0.583,317.3,327.2,338.6,348.0
online_match_01/frame_01501.jpg,data\frames_dense2\online_match_01\frame_01501.jpg,0.702,313.8,323.7,334.6,343.4
online_match_01/frame_01512.jpg,data\frames_dense2\online_match_01\frame_01512.jpg,0.351,213.1,364.8,233.4,384.4
online_match_01/frame_01515.jpg,data\frames_dense2\online_match_01\frame_01515.jpg,0.618,155.7,378.5,180.0,400.5
online_match_01/frame_01517.jpg,data\frames_dense2\online_match_01\frame_01517.jpg,0.76,118.9,389.5,142.8,413.6
online_match_01/frame_01520.jpg,data\frames_dense2\online_match_01\frame_01520.jpg,0.65,77.9,405.4,108.4,432.2
online_match_01/frame_01523.jpg,data\frames_dense2\online_match_01\frame_01523.jpg,0.658,51.6,394.8,77.9,419.2
online_match_01/frame_01525.jpg,data\frames_dense2\online_match_01\frame_01525.jpg,0.669,43.1,393.1,69.8,417.2
online_match_01/frame_01528.jpg,data\frames_dense2\online_match_01\frame_01528.jpg,0.75,13.2,391.1,40.6,415.2
online_match_01/frame_01528.jpg,data\frames_dense2\online_match_01\frame_01528.jpg,0.271,414.9,346.0,436.5,364.9
online_match_01/frame_01531.jpg,data\frames_dense2\online_match_01\frame_01531.jpg,0.427,0.4,397.2,23.0,418.2
online_match_01/frame_01642.jpg,data\frames_dense2\online_match_01\frame_01642.jpg,0.307,668.6,323.8,688.2,342.5
online_match_01/frame_01658.jpg,data\frames_dense2\online_match_01\frame_01658.jpg,0.265,1211.6,341.1,1231.5,362.2
online_match_01/frame_01661.jpg,data\frames_dense2\online_match_01\frame_01661.jpg,0.619,1197.8,380.0,1223.2,403.3
online_match_01/frame_01663.jpg,data\frames_dense2\online_match_01\frame_01663.jpg,0.752,1196.0,381.3,1221.3,405.0
online_match_01/frame_01666.jpg,data\frames_dense2\online_match_01\frame_01666.jpg,0.781,1193.5,358.8,1215.6,381.3
online_match_01/frame_01668.jpg,data\frames_dense2\online_match_01\frame_01668.jpg,0.84,1191.4,352.4,1214.1,374.4
online_match_01/frame_01671.jpg,data\frames_dense2\online_match_01\frame_01671.jpg,0.547,1186.4,338.6,1207.0,358.2
online_match_01/frame_01679.jpg,data\frames_dense2\online_match_01\frame_01679.jpg,0.284,1153.9,338.9,1175.5,357.9
online_match_01/frame_01682.jpg,data\frames_dense2\online_match_01\frame_01682.jpg,0.683,1163.0,338.9,1183.6,358.6
online_match_01/frame_01684.jpg,data\frames_dense2\online_match_01\frame_01684.jpg,0.751,1166.7,352.1,1185.7,371.7
online_match_01/frame_01687.jpg,data\frames_dense2\online_match_01\frame_01687.jpg,0.413,1167.2,378.3,1189.6,398.8
online_match_01/frame_01690.jpg,data\frames_dense2\online_match_01\frame_01690.jpg,0.266,1166.1,402.9,1190.4,426.4
online_match_01/frame_01692.jpg,data\frames_dense2\online_match_01\frame_01692.jpg,0.57,1166.2,392.9,1192.1,416.0
online_match_01/frame_01695.jpg,data\frames_dense2\online_match_01\frame_01695.jpg,0.703,1179.9,364.8,1198.9,383.4
online_match_01/frame_01698.jpg,data\frames_dense2\online_match_01\frame_01698.jpg,0.677,1184.2,349.7,1207.0,370.9
online_match_01/frame_01700.jpg,data\frames_dense2\online_match_01\frame_01700.jpg,0.567,1186.1,342.7,1210.4,365.8
online_match_01/frame_01703.jpg,data\frames_dense2\online_match_01\frame_01703.jpg,0.847,1201.7,360.0,1226.6,382.9
online_match_01/frame_01706.jpg,data\frames_dense2\online_match_01\frame_01706.jpg,0.853,1209.4,385.4,1232.9,408.7
online_match_01/frame_01708.jpg,data\frames_dense2\online_match_01\frame_01708.jpg,0.644,1215.7,410.9,1245.6,437.9
online_match_01/frame_01711.jpg,data\frames_dense2\online_match_01\frame_01711.jpg,0.78,1222.5,391.2,1246.2,415.2
online_match_01/frame_01711.jpg,data\frames_dense2\online_match_01\frame_01711.jpg,0.292,539.0,340.0,556.8,358.3
online_match_01/frame_01714.jpg,data\frames_dense2\online_match_01\frame_01714.jpg,0.718,1230.0,365.0,1253.2,386.7
online_match_01/frame_01716.jpg,data\frames_dense2\online_match_01\frame_01716.jpg,0.831,1229.0,358.0,1253.6,381.2
online_match_01/frame_01719.jpg,data\frames_dense2\online_match_01\frame_01719.jpg,0.754,1235.3,352.0,1261.1,373.7
online_match_01/frame_01722.jpg,data\frames_dense2\online_match_01\frame_01722.jpg,0.789,1242.0,358.5,1263.7,380.8
online_match_01/frame_01729.jpg,data\frames_dense2\online_match_01\frame_01729.jpg,0.518,1212.2,374.2,1232.1,394.2
online_match_01/frame_01732.jpg,data\frames_dense2\online_match_01\frame_01732.jpg,0.832,1196.0,386.3,1220.1,409.4
online_match_01/frame_01735.jpg,data\frames_dense2\online_match_01\frame_01735.jpg,0.741,1187.7,397.4,1214.3,422.8
online_match_01/frame_01737.jpg,data\frames_dense2\online_match_01\frame_01737.jpg,0.774,1181.3,402.8,1208.4,428.0
online_match_01/frame_01740.jpg,data\frames_dense2\online_match_01\frame_01740.jpg,0.832,1179.6,388.9,1205.8,413.9
online_match_01/frame_01743.jpg,data\frames_dense2\online_match_01\frame_01743.jpg,0.82,1178.0,374.2,1201.4,397.5
online_match_01/frame_01745.jpg,data\frames_dense2\online_match_01\frame_01745.jpg,0.881,1176.5,368.9,1198.6,389.8
online_match_01/frame_01748.jpg,data\frames_dense2\online_match_01\frame_01748.jpg,0.784,1172.1,364.6,1198.1,388.7
online_match_01/frame_01751.jpg,data\frames_dense2\online_match_01\frame_01751.jpg,0.892,1168.0,368.7,1194.5,392.4
online_match_01/frame_01753.jpg,data\frames_dense2\online_match_01\frame_01753.jpg,0.86,1166.7,370.7,1191.8,394.6
online_match_01/frame_01756.jpg,data\frames_dense2\online_match_01\frame_01756.jpg,0.822,1162.5,384.3,1185.2,405.9
online_match_01/frame_01759.jpg,data\frames_dense2\online_match_01\frame_01759.jpg,0.723,1161.1,394.1,1182.7,414.6
online_match_01/frame_01761.jpg,data\frames_dense2\online_match_01\frame_01761.jpg,0.602,1158.6,377.9,1182.6,401.1
online_match_01/frame_01764.jpg,data\frames_dense2\online_match_01\frame_01764.jpg,0.713,1155.9,373.9,1179.3,395.9
online_match_01/frame_01767.jpg,data\frames_dense2\online_match_01\frame_01767.jpg,0.808,1166.4,387.1,1188.5,407.9
online_match_01/frame_02029.jpg,data\frames_dense2\online_match_01\frame_02029.jpg,0.491,1254.5,95.7,1272.9,113.0
online_match_01/frame_02032.jpg,data\frames_dense2\online_match_01\frame_02032.jpg,0.512,1232.1,125.9,1250.4,142.9
online_match_01/frame_02037.jpg,data\frames_dense2\online_match_01\frame_02037.jpg,0.328,1197.0,170.9,1218.8,190.9
online_match_01/frame_02040.jpg,data\frames_dense2\online_match_01\frame_02040.jpg,0.366,1206.0,379.7,1231.0,404.2
online_match_01/frame_02040.jpg,data\frames_dense2\online_match_01\frame_02040.jpg,0.36,1197.9,370.3,1227.7,397.5
online_match_01/frame_02040.jpg,data\frames_dense2\online_match_01\frame_02040.jpg,0.258,1194.6,363.3,1216.7,386.8
online_match_01/frame_02042.jpg,data\frames_dense2\online_match_01\frame_02042.jpg,0.25,1146.7,299.0,1164.4,316.3
online_match_01/frame_02069.jpg,data\frames_dense2\online_match_01\frame_02069.jpg,0.538,724.3,392.8,750.3,417.2
online_match_01/frame_02071.jpg,data\frames_dense2\online_match_01\frame_02071.jpg,0.772,736.2,384.9,760.3,407.4
online_match_01/frame_02074.jpg,data\frames_dense2\online_match_01\frame_02074.jpg,0.576,766.2,364.6,786.3,384.1
online_match_01/frame_02077.jpg,data\frames_dense2\online_match_01\frame_02077.jpg,0.613,789.0,355.0,806.4,373.1
online_match_01/frame_02082.jpg,data\frames_dense2\online_match_01\frame_02082.jpg,0.284,828.6,339.8,847.4,358.8
online_match_01/frame_02085.jpg,data\frames_dense2\online_match_01\frame_02085.jpg,0.393,853.5,338.8,876.1,360.4
online_match_01/frame_02087.jpg,data\frames_dense2\online_match_01\frame_02087.jpg,0.492,866.5,340.3,889.7,361.7
online_match_01/frame_02090.jpg,data\frames_dense2\online_match_01\frame_02090.jpg,0.282,879.8,346.4,901.4,366.2
online_match_01/frame_02093.jpg,data\frames_dense2\online_match_01\frame_02093.jpg,0.609,907.8,364.8,926.1,382.6
online_match_01/frame_02095.jpg,data\frames_dense2\online_match_01\frame_02095.jpg,0.778,912.9,369.9,934.8,389.9
online_match_01/frame_02109.jpg,data\frames_dense2\online_match_01\frame_02109.jpg,0.689,1017.6,374.7,1038.8,395.5
online_match_01/frame_02111.jpg,data\frames_dense2\online_match_01\frame_02111.jpg,0.819,1033.4,369.3,1054.5,389.4
online_match_01/frame_02114.jpg,data\frames_dense2\online_match_01\frame_02114.jpg,0.794,1050.6,369.0,1070.4,388.4
online_match_01/frame_02117.jpg,data\frames_dense2\online_match_01\frame_02117.jpg,0.765,1072.3,371.5,1096.7,393.4
online_match_01/frame_02119.jpg,data\frames_dense2\online_match_01\frame_02119.jpg,0.48,1082.9,378.0,1104.8,397.8
online_match_01/frame_02122.jpg,data\frames_dense2\online_match_01\frame_02122.jpg,0.371,1100.0,387.3,1127.6,413.0
online_match_01/frame_02125.jpg,data\frames_dense2\online_match_01\frame_02125.jpg,0.72,1114.7,400.8,1142.9,427.5
online_match_01/frame_02127.jpg,data\frames_dense2\online_match_01\frame_02127.jpg,0.608,1130.1,418.3,1155.7,442.8
online_match_01/frame_02130.jpg,data\frames_dense2\online_match_01\frame_02130.jpg,0.636,1147.8,405.4,1173.3,429.6
online_match_01/frame_02132.jpg,data\frames_dense2\online_match_01\frame_02132.jpg,0.717,1166.2,395.6,1191.7,418.2
online_match_01/frame_02135.jpg,data\frames_dense2\online_match_01\frame_02135.jpg,0.853,1189.2,386.5,1214.0,411.6
online_match_01/frame_02138.jpg,data\frames_dense2\online_match_01\frame_02138.jpg,0.873,1205.7,385.6,1229.9,409.3
online_match_01/frame_02140.jpg,data\frames_dense2\online_match_01\frame_02140.jpg,0.751,1219.9,387.3,1245.4,412.2
online_match_01/frame_02143.jpg,data\frames_dense2\online_match_01\frame_02143.jpg,0.696,1234.3,394.0,1261.2,417.6
online_match_01/frame_02146.jpg,data\frames_dense2\online_match_01\frame_02146.jpg,0.553,1256.8,409.7,1278.1,431.5
online_match_01/frame_02148.jpg,data\frames_dense2\online_match_01\frame_02148.jpg,0.576,1262.5,415.3,1280.0,437.1
online_match_01/frame_02207.jpg,data\frames_dense2\online_match_01\frame_02207.jpg,0.277,473.8,325.1,491.2,343.3
online_match_01/frame_02268.jpg,data\frames_dense2\online_match_01\frame_02268.jpg,0.318,780.9,322.7,800.7,342.4
online_match_01/frame_02270.jpg,data\frames_dense2\online_match_01\frame_02270.jpg,0.348,778.7,324.2,797.6,343.0
online_match_01/frame_02284.jpg,data\frames_dense2\online_match_01\frame_02284.jpg,0.477,3.9,394.9,30.0,418.2
online_match_01/frame_02286.jpg,data\frames_dense2\online_match_01\frame_02286.jpg,0.688,9.9,397.8,38.8,422.7
online_match_01/frame_02289.jpg,data\frames_dense2\online_match_01\frame_02289.jpg,0.745,32.3,413.4,61.2,438.7
online_match_01/frame_02292.jpg,data\frames_dense2\online_match_01\frame_02292.jpg,0.391,32.5,428.5,63.6,456.7
online_match_01/frame_02294.jpg,data\frames_dense2\online_match_01\frame_02294.jpg,0.4,31.6,451.0,62.6,477.8
online_match_01/frame_02297.jpg,data\frames_dense2\online_match_01\frame_02297.jpg,0.585,29.8,423.3,59.9,449.7
online_match_01/frame_02299.jpg,data\frames_dense2\online_match_01\frame_02299.jpg,0.682,28.5,415.6,55.9,441.0
online_match_01/frame_02302.jpg,data\frames_dense2\online_match_01\frame_02302.jpg,0.687,27.8,398.4,51.3,421.1
online_match_01/frame_02305.jpg,data\frames_dense2\online_match_01\frame_02305.jpg,0.667,24.7,390.4,47.0,412.3
online_match_01/frame_02307.jpg,data\frames_dense2\online_match_01\frame_02307.jpg,0.757,14.3,383.7,39.3,405.6
online_match_01/frame_02310.jpg,data\frames_dense2\online_match_01\frame_02310.jpg,0.635,5.0,378.9,28.6,400.2
online_match_01/frame_02315.jpg,data\frames_dense2\online_match_01\frame_02315.jpg,0.273,1.1,321.6,24.2,341.8
online_match_01/frame_02318.jpg,data\frames_dense2\online_match_01\frame_02318.jpg,0.264,1.2,322.1,23.8,341.2
online_match_01/frame_02321.jpg,data\frames_dense2\online_match_01\frame_02321.jpg,0.266,259.2,319.0,278.9,339.2
online_match_01/frame_02321.jpg,data\frames_dense2\online_match_01\frame_02321.jpg,0.261,1.9,322.3,23.3,341.2
online_match_01/frame_02323.jpg,data\frames_dense2\online_match_01\frame_02323.jpg,0.282,1.7,322.9,23.0,342.1
online_match_01/frame_02329.jpg,data\frames_dense2\online_match_01\frame_02329.jpg,0.275,1.5,323.3,22.5,342.5
online_match_01/frame_02337.jpg,data\frames_dense2\online_match_01\frame_02337.jpg,0.273,1098.0,359.5,1114.9,376.6
online_match_01/frame_02427.jpg,data\frames_dense2\online_match_01\frame_02427.jpg,0.404,972.9,324.0,992.5,344.5
online_match_01/frame_02443.jpg,data\frames_dense2\online_match_01\frame_02443.jpg,0.541,783.0,321.4,810.8,346.3
online_match_01/frame_02445.jpg,data\frames_dense2\online_match_01\frame_02445.jpg,0.669,784.1,321.2,812.0,345.5
online_match_01/frame_02448.jpg,data\frames_dense2\online_match_01\frame_02448.jpg,0.601,781.7,322.3,807.5,345.7
online_match_01/frame_02451.jpg,data\frames_dense2\online_match_01\frame_02451.jpg,0.454,778.9,321.6,802.6,344.8
online_match_01/frame_02679.jpg,data\frames_dense2\online_match_01\frame_02679.jpg,0.5,0.9,345.6,27.0,369.4
online_match_01/frame_02684.jpg,data\frames_dense2\online_match_01\frame_02684.jpg,0.434,28.4,291.9,48.2,311.8
online_match_01/frame_02697.jpg,data\frames_dense2\online_match_01\frame_02697.jpg,0.477,99.5,223.8,121.6,245.2
online_match_01/frame_02700.jpg,data\frames_dense2\online_match_01\frame_02700.jpg,0.795,114.6,225.0,135.0,244.4
online_match_01/frame_02702.jpg,data\frames_dense2\online_match_01\frame_02702.jpg,0.825,127.7,229.2,149.3,249.4
online_match_01/frame_02705.jpg,data\frames_dense2\online_match_01\frame_02705.jpg,0.796,149.5,241.5,169.3,261.1
online_match_01/frame_02708.jpg,data\frames_dense2\online_match_01\frame_02708.jpg,0.553,164.3,255.7,183.0,273.1
online_match_01/frame_02734.jpg,data\frames_dense2\online_match_01\frame_02734.jpg,0.694,930.9,343.8,951.8,364.4
online_match_01/frame_02737.jpg,data\frames_dense2\online_match_01\frame_02737.jpg,0.311,1000.5,373.2,1019.5,392.0
online_match_01/frame_02740.jpg,data\frames_dense2\online_match_01\frame_02740.jpg,0.519,1007.0,336.9,1028.5,357.5
online_match_01/frame_02745.jpg,data\frames_dense2\online_match_01\frame_02745.jpg,0.399,973.5,257.0,993.0,275.9
online_match_01/frame_02748.jpg,data\frames_dense2\online_match_01\frame_02748.jpg,0.69,957.0,226.6,975.8,245.3
online_match_01/frame_02748.jpg,data\frames_dense2\online_match_01\frame_02748.jpg,0.257,408.9,396.5,429.3,414.8
online_match_01/frame_02750.jpg,data\frames_dense2\online_match_01\frame_02750.jpg,0.331,408.7,396.0,429.6,414.6
online_match_01/frame_02750.jpg,data\frames_dense2\online_match_01\frame_02750.jpg,0.274,939.9,199.1,959.9,218.6
online_match_01/frame_02758.jpg,data\frames_dense2\online_match_01\frame_02758.jpg,0.501,884.3,145.1,899.5,160.4
online_match_01/frame_02761.jpg,data\frames_dense2\online_match_01\frame_02761.jpg,0.287,867.7,135.6,882.8,150.7
online_match_01/frame_02766.jpg,data\frames_dense2\online_match_01\frame_02766.jpg,0.467,840.3,136.2,857.0,151.3
online_match_01/frame_02771.jpg,data\frames_dense2\online_match_01\frame_02771.jpg,0.353,802.1,154.3,819.0,170.4
online_match_01/frame_02779.jpg,data\frames_dense2\online_match_01\frame_02779.jpg,0.302,755.7,205.5,773.7,222.8
online_match_01/frame_02790.jpg,data\frames_dense2\online_match_01\frame_02790.jpg,0.333,922.7,528.6,942.2,546.4
online_match_01/frame_02795.jpg,data\frames_dense2\online_match_01\frame_02795.jpg,0.333,742.6,306.4,764.5,327.4
online_match_01/frame_02798.jpg,data\frames_dense2\online_match_01\frame_02798.jpg,0.469,651.7,283.5,671.5,301.4
online_match_01/frame_02801.jpg,data\frames_dense2\online_match_01\frame_02801.jpg,0.617,581.1,326.8,601.3,346.5
online_match_01/frame_02803.jpg,data\frames_dense2\online_match_01\frame_02803.jpg,0.775,556.2,343.7,577.1,364.6
online_match_01/frame_02809.jpg,data\frames_dense2\online_match_01\frame_02809.jpg,0.686,431.6,443.3,457.3,465.9
online_match_01/frame_02809.jpg,data\frames_dense2\online_match_01\frame_02809.jpg,0.377,420.3,394.9,440.3,414.6
online_match_01/frame_02811.jpg,data\frames_dense2\online_match_01\frame_02811.jpg,0.664,385.9,478.5,411.2,500.8
online_match_01/frame_02814.jpg,data\frames_dense2\online_match_01\frame_02814.jpg,0.701,383.1,446.8,405.3,467.8
online_match_01/frame_02817.jpg,data\frames_dense2\online_match_01\frame_02817.jpg,0.392,395.4,413.0,413.0,430.4
online_match_01/frame_02824.jpg,data\frames_dense2\online_match_01\frame_02824.jpg,0.65,412.0,372.2,428.3,388.4
online_match_01/frame_02827.jpg,data\frames_dense2\online_match_01\frame_02827.jpg,0.612,418.4,363.4,438.3,382.3
online_match_01/frame_02830.jpg,data\frames_dense2\online_match_01\frame_02830.jpg,0.745,431.2,356.8,449.7,374.5
online_match_01/frame_02832.jpg,data\frames_dense2\online_match_01\frame_02832.jpg,0.673,433.1,358.6,454.0,377.3
online_match_01/frame_02835.jpg,data\frames_dense2\online_match_01\frame_02835.jpg,0.731,446.1,368.0,465.1,387.5
online_match_01/frame_02838.jpg,data\frames_dense2\online_match_01\frame_02838.jpg,0.669,449.5,375.6,474.2,397.9
online_match_01/frame_02840.jpg,data\frames_dense2\online_match_01\frame_02840.jpg,0.699,457.5,387.1,485.3,414.3
online_match_01/frame_02843.jpg,data\frames_dense2\online_match_01\frame_02843.jpg,0.776,472.2,420.1,494.3,443.2
online_match_01/frame_02848.jpg,data\frames_dense2\online_match_01\frame_02848.jpg,0.628,488.9,476.3,515.2,502.0
online_match_01/frame_02851.jpg,data\frames_dense2\online_match_01\frame_02851.jpg,0.562,498.8,517.0,522.3,538.9
online_match_01/frame_02854.jpg,data\frames_dense2\online_match_01\frame_02854.jpg,0.288,492.8,512.0,515.0,533.4
online_match_01/frame_02856.jpg,data\frames_dense2\online_match_01\frame_02856.jpg,0.455,488.1,500.1,514.0,524.8
online_match_01/frame_02859.jpg,data\frames_dense2\online_match_01\frame_02859.jpg,0.483,475.2,478.3,501.1,503.0
online_match_01/frame_02862.jpg,data\frames_dense2\online_match_01\frame_02862.jpg,0.689,466.6,473.4,490.7,495.0
online_match_01/frame_02864.jpg,data\frames_dense2\online_match_01\frame_02864.jpg,0.717,456.5,466.7,481.9,491.4
online_match_01/frame_02867.jpg,data\frames_dense2\online_match_01\frame_02867.jpg,0.718,446.1,472.8,468.4,493.4
online_match_01/frame_02870.jpg,data\frames_dense2\online_match_01\frame_02870.jpg,0.549,439.9,476.8,459.7,495.4
online_match_01/frame_02872.jpg,data\frames_dense2\online_match_01\frame_02872.jpg,0.417,433.2,486.8,453.6,505.8
online_match_01/frame_02872.jpg,data\frames_dense2\online_match_01\frame_02872.jpg,0.309,457.5,412.0,478.2,430.9
online_match_01/frame_02875.jpg,data\frames_dense2\online_match_01\frame_02875.jpg,0.354,464.3,410.8,486.0,430.7
online_match_01/frame_02877.jpg,data\frames_dense2\online_match_01\frame_02877.jpg,0.407,470.8,421.6,489.9,441.1
online_match_01/frame_02880.jpg,data\frames_dense2\online_match_01\frame_02880.jpg,0.355,470.6,422.3,490.1,442.5
online_match_01/frame_02880.jpg,data\frames_dense2\online_match_01\frame_02880.jpg,0.268,429.5,408.6,450.2,429.1
online_match_01/frame_02891.jpg,data\frames_dense2\online_match_01\frame_02891.jpg,0.533,367.2,521.9,398.7,547.7
online_match_01/frame_02893.jpg,data\frames_dense2\online_match_01\frame_02893.jpg,0.418,378.5,532.2,405.4,557.7
online_match_01/frame_02896.jpg,data\frames_dense2\online_match_01\frame_02896.jpg,0.656,461.6,551.7,489.9,577.2
online_match_01/frame_02899.jpg,data\frames_dense2\online_match_01\frame_02899.jpg,0.511,538.7,538.4,563.7,561.9
online_match_01/frame_02904.jpg,data\frames_dense2\online_match_01\frame_02904.jpg,0.785,461.0,437.4,482.1,457.8
online_match_01/frame_02904.jpg,data\frames_dense2\online_match_01\frame_02904.jpg,0.612,694.4,530.0,719.9,554.0
online_match_01/frame_02907.jpg,data\frames_dense2\online_match_01\frame_02907.jpg,0.715,448.5,439.7,472.7,461.2
online_match_01/frame_02907.jpg,data\frames_dense2\online_match_01\frame_02907.jpg,0.557,814.9,536.1,844.0,561.0
online_match_01/frame_02909.jpg,data\frames_dense2\online_match_01\frame_02909.jpg,0.643,896.1,549.2,925.9,576.6
online_match_01/frame_02909.jpg,data\frames_dense2\online_match_01\frame_02909.jpg,0.439,446.3,443.7,468.9,464.0
online_match_01/frame_02912.jpg,data\frames_dense2\online_match_01\frame_02912.jpg,0.483,976.6,569.2,1006.2,594.1
online_match_01/frame_02915.jpg,data\frames_dense2\online_match_01\frame_02915.jpg,0.379,1102.5,615.0,1135.4,641.8
online_match_01/frame_02957.jpg,data\frames_dense2\online_match_01\frame_02957.jpg,0.7,377.5,469.3,398.7,490.9
online_match_01/frame_02960.jpg,data\frames_dense2\online_match_01\frame_02960.jpg,0.459,371.1,466.7,394.0,490.2
online_match_01/frame_02962.jpg,data\frames_dense2\online_match_01\frame_02962.jpg,0.607,358.4,466.7,381.0,489.2
online_match_01/frame_02976.jpg,data\frames_dense2\online_match_01\frame_02976.jpg,0.471,318.2,473.9,341.6,495.4
online_match_01/frame_02978.jpg,data\frames_dense2\online_match_01\frame_02978.jpg,0.423,304.1,474.5,325.5,494.4
online_match_01/frame_02984.jpg,data\frames_dense2\online_match_01\frame_02984.jpg,0.636,272.7,489.4,299.0,511.7
online_match_01/frame_02986.jpg,data\frames_dense2\online_match_01\frame_02986.jpg,0.691,272.0,489.2,298.3,511.7
online_match_01/frame_02989.jpg,data\frames_dense2\online_match_01\frame_02989.jpg,0.569,269.4,488.2,295.8,512.0
online_match_01/frame_02991.jpg,data\frames_dense2\online_match_01\frame_02991.jpg,0.619,264.9,483.4,288.1,507.8
online_match_01/frame_02994.jpg,data\frames_dense2\online_match_01\frame_02994.jpg,0.648,249.8,483.5,271.7,506.4
online_match_01/frame_03432.jpg,data\frames_dense2\online_match_01\frame_03432.jpg,0.444,1266.1,432.4,1279.6,449.8
online_match_01/frame_03434.jpg,data\frames_dense2\online_match_01\frame_03434.jpg,0.51,1259.0,448.2,1278.5,469.3
online_match_01/frame_03437.jpg,data\frames_dense2\online_match_01\frame_03437.jpg,0.65,1261.7,422.3,1278.5,440.8
online_match_01/frame_03440.jpg,data\frames_dense2\online_match_01\frame_03440.jpg,0.385,1264.7,407.7,1279.2,424.8
online_match_01/frame_03442.jpg,data\frames_dense2\online_match_01\frame_03442.jpg,0.515,1263.4,402.6,1278.6,420.3
online_match_01/frame_03445.jpg,data\frames_dense2\online_match_01\frame_03445.jpg,0.471,1261.4,428.9,1278.3,448.2
online_match_01/frame_03448.jpg,data\frames_dense2\online_match_01\frame_03448.jpg,0.446,1260.0,431.6,1278.3,450.1
online_match_01/frame_03450.jpg,data\frames_dense2\online_match_01\frame_03450.jpg,0.526,1260.1,421.3,1278.0,439.4
online_match_01/frame_03453.jpg,data\frames_dense2\online_match_01\frame_03453.jpg,0.551,1253.4,400.9,1270.8,417.3
online_match_01/frame_03455.jpg,data\frames_dense2\online_match_01\frame_03455.jpg,0.722,1252.2,402.3,1270.7,420.9
online_match_01/frame_03458.jpg,data\frames_dense2\online_match_01\frame_03458.jpg,0.774,1246.9,416.6,1266.6,435.7
online_match_01/frame_03461.jpg,data\frames_dense2\online_match_01\frame_03461.jpg,0.377,1238.5,447.1,1259.2,465.6
online_match_01/frame_03463.jpg,data\frames_dense2\online_match_01\frame_03463.jpg,0.616,1239.6,438.1,1259.9,458.4
online_match_01/frame_03466.jpg,data\frames_dense2\online_match_01\frame_03466.jpg,0.365,1238.9,415.6,1257.1,433.0
online_match_01/frame_03469.jpg,data\frames_dense2\online_match_01\frame_03469.jpg,0.533,1234.2,413.0,1254.9,432.7
online_match_01/frame_03469.jpg,data\frames_dense2\online_match_01\frame_03469.jpg,0.254,1235.9,415.1,1257.4,434.0
online_match_01/frame_03471.jpg,data\frames_dense2\online_match_01\frame_03471.jpg,0.716,1229.6,432.1,1249.2,452.0
online_match_01/frame_03474.jpg,data\frames_dense2\online_match_01\frame_03474.jpg,0.685,1226.1,439.3,1247.1,460.1
online_match_01/frame_03477.jpg,data\frames_dense2\online_match_01\frame_03477.jpg,0.588,1224.7,426.8,1243.2,444.3
online_match_01/frame_03479.jpg,data\frames_dense2\online_match_01\frame_03479.jpg,0.715,1220.0,439.4,1240.6,459.1
online_match_01/frame_03482.jpg,data\frames_dense2\online_match_01\frame_03482.jpg,0.836,1216.2,433.9,1236.9,453.6
online_match_01/frame_03485.jpg,data\frames_dense2\online_match_01\frame_03485.jpg,0.701,1212.4,428.2,1232.0,447.0
online_match_01/frame_03487.jpg,data\frames_dense2\online_match_01\frame_03487.jpg,0.682,1210.5,434.4,1231.9,455.1
online_match_01/frame_03490.jpg,data\frames_dense2\online_match_01\frame_03490.jpg,0.553,1209.6,431.3,1230.4,450.4
online_match_01/frame_03493.jpg,data\frames_dense2\online_match_01\frame_03493.jpg,0.516,1207.7,427.6,1225.7,443.8
online_match_01/frame_03495.jpg,data\frames_dense2\online_match_01\frame_03495.jpg,0.528,1204.2,436.3,1223.3,455.3
online_match_01/frame_03498.jpg,data\frames_dense2\online_match_01\frame_03498.jpg,0.73,1201.1,433.8,1221.0,453.2
online_match_01/frame_03501.jpg,data\frames_dense2\online_match_01\frame_03501.jpg,0.793,1200.4,418.8,1218.3,436.0
online_match_01/frame_03503.jpg,data\frames_dense2\online_match_01\frame_03503.jpg,0.837,1196.4,418.3,1214.8,436.4
online_match_01/frame_03506.jpg,data\frames_dense2\online_match_01\frame_03506.jpg,0.527,1189.9,435.4,1211.2,456.3
online_match_01/frame_03508.jpg,data\frames_dense2\online_match_01\frame_03508.jpg,0.699,1190.0,424.6,1210.7,444.8
online_match_01/frame_03511.jpg,data\frames_dense2\online_match_01\frame_03511.jpg,0.686,1188.6,409.8,1207.9,428.7
online_match_01/frame_03514.jpg,data\frames_dense2\online_match_01\frame_03514.jpg,0.72,1193.4,401.3,1211.0,417.7
online_match_01/frame_03516.jpg,data\frames_dense2\online_match_01\frame_03516.jpg,0.685,1194.5,400.5,1211.9,417.0
online_match_01/frame_03519.jpg,data\frames_dense2\online_match_01\frame_03519.jpg,0.643,1196.1,397.6,1215.4,416.4
online_match_01/frame_03522.jpg,data\frames_dense2\online_match_01\frame_03522.jpg,0.7,1199.0,396.3,1217.1,413.8
online_match_01/frame_03524.jpg,data\frames_dense2\online_match_01\frame_03524.jpg,0.786,1200.8,393.9,1220.9,412.7
online_match_01/frame_03527.jpg,data\frames_dense2\online_match_01\frame_03527.jpg,0.712,1201.7,394.2,1222.0,413.4
online_match_01/frame_03530.jpg,data\frames_dense2\online_match_01\frame_03530.jpg,0.591,1203.3,395.1,1222.7,413.9
online_match_01/frame_03532.jpg,data\frames_dense2\online_match_01\frame_03532.jpg,0.575,1200.8,396.0,1221.7,415.2
online_match_01/frame_03532.jpg,data\frames_dense2\online_match_01\frame_03532.jpg,0.268,156.9,441.3,174.0,457.6
online_match_01/frame_03535.jpg,data\frames_dense2\online_match_01\frame_03535.jpg,0.605,1200.0,396.2,1221.5,416.0
online_match_01/frame_03538.jpg,data\frames_dense2\online_match_01\frame_03538.jpg,0.663,1203.1,394.0,1223.2,413.6
online_match_01/frame_03538.jpg,data\frames_dense2\online_match_01\frame_03538.jpg,0.273,156.1,441.7,173.7,458.0
online_match_01/frame_03540.jpg,data\frames_dense2\online_match_01\frame_03540.jpg,0.698,1202.8,393.5,1223.1,413.3
online_match_01/frame_03540.jpg,data\frames_dense2\online_match_01\frame_03540.jpg,0.323,155.4,441.9,173.2,458.4
online_match_01/frame_03543.jpg,data\frames_dense2\online_match_01\frame_03543.jpg,0.542,1200.5,395.3,1221.4,414.4
online_match_01/frame_03543.jpg,data\frames_dense2\online_match_01\frame_03543.jpg,0.303,153.1,441.6,170.7,458.1
online_match_01/frame_03546.jpg,data\frames_dense2\online_match_01\frame_03546.jpg,0.505,1199.4,396.2,1219.2,414.7
online_match_01/frame_03546.jpg,data\frames_dense2\online_match_01\frame_03546.jpg,0.443,149.9,441.8,167.9,458.6
online_match_01/frame_03548.jpg,data\frames_dense2\online_match_01\frame_03548.jpg,0.641,1194.5,396.5,1213.2,413.9
online_match_01/frame_03548.jpg,data\frames_dense2\online_match_01\frame_03548.jpg,0.391,149.6,442.2,166.5,458.2
online_match_01/frame_03551.jpg,data\frames_dense2\online_match_01\frame_03551.jpg,0.634,1193.4,396.6,1213.4,414.5
online_match_01/frame_03551.jpg,data\frames_dense2\online_match_01\frame_03551.jpg,0.326,149.1,442.3,165.4,458.5
online_match_01/frame_03554.jpg,data\frames_dense2\online_match_01\frame_03554.jpg,0.584,1188.1,396.2,1207.8,415.2
online_match_01/frame_03554.jpg,data\frames_dense2\online_match_01\frame_03554.jpg,0.345,148.6,442.3,164.7,458.3
online_match_01/frame_03554.jpg,data\frames_dense2\online_match_01\frame_03554.jpg,0.26,126.6,457.0,145.3,474.7
online_match_01/frame_03556.jpg,data\frames_dense2\online_match_01\frame_03556.jpg,0.644,1185.2,399.2,1206.1,417.3
online_match_01/frame_03556.jpg,data\frames_dense2\online_match_01\frame_03556.jpg,0.376,148.1,442.2,164.4,458.4
online_match_01/frame_03556.jpg,data\frames_dense2\online_match_01\frame_03556.jpg,0.269,126.2,456.6,145.1,474.6
online_match_01/frame_03559.jpg,data\frames_dense2\online_match_01\frame_03559.jpg,0.566,1185.7,397.1,1207.3,416.8
online_match_01/frame_03559.jpg,data\frames_dense2\online_match_01\frame_03559.jpg,0.372,147.9,442.1,164.1,458.4
online_match_01/frame_03562.jpg,data\frames_dense2\online_match_01\frame_03562.jpg,0.639,1182.5,400.6,1201.7,419.0
online_match_01/frame_03562.jpg,data\frames_dense2\online_match_01\frame_03562.jpg,0.286,148.2,442.3,164.2,458.3
online_match_01/frame_03564.jpg,data\frames_dense2\online_match_01\frame_03564.jpg,0.729,1181.1,401.2,1200.6,420.4
online_match_01/frame_03564.jpg,data\frames_dense2\online_match_01\frame_03564.jpg,0.263,147.7,442.3,163.5,458.2
online_match_01/frame_03567.jpg,data\frames_dense2\online_match_01\frame_03567.jpg,0.801,1179.1,401.6,1200.6,422.2
online_match_01/frame_03567.jpg,data\frames_dense2\online_match_01\frame_03567.jpg,0.33,126.5,457.2,144.9,474.8
online_match_01/frame_03569.jpg,data\frames_dense2\online_match_01\frame_03569.jpg,0.651,1174.5,406.7,1194.3,427.1
online_match_01/frame_03572.jpg,data\frames_dense2\online_match_01\frame_03572.jpg,0.706,1168.5,410.6,1191.2,431.2
online_match_01/frame_03572.jpg,data\frames_dense2\online_match_01\frame_03572.jpg,0.281,126.5,457.8,144.7,475.1
online_match_01/frame_03575.jpg,data\frames_dense2\online_match_01\frame_03575.jpg,0.58,1158.6,415.0,1179.0,434.7
online_match_01/frame_03577.jpg,data\frames_dense2\online_match_01\frame_03577.jpg,0.785,1152.9,416.5,1174.7,437.1
online_match_01/frame_03580.jpg,data\frames_dense2\online_match_01\frame_03580.jpg,0.544,1140.2,420.7,1160.5,439.8
online_match_01/frame_03583.jpg,data\frames_dense2\online_match_01\frame_03583.jpg,0.807,1120.0,416.9,1142.3,437.3
online_match_01/frame_03585.jpg,data\frames_dense2\online_match_01\frame_03585.jpg,0.709,1097.4,407.7,1119.5,429.1
online_match_01/frame_03588.jpg,data\frames_dense2\online_match_01\frame_03588.jpg,0.625,1073.4,394.5,1095.5,414.5
online_match_01/frame_03591.jpg,data\frames_dense2\online_match_01\frame_03591.jpg,0.631,1051.2,362.7,1071.2,382.2
online_match_01/frame_03593.jpg,data\frames_dense2\online_match_01\frame_03593.jpg,0.694,1040.4,343.8,1058.7,361.1
online_match_01/frame_03596.jpg,data\frames_dense2\online_match_01\frame_03596.jpg,0.638,1036.5,322.0,1056.4,341.8
online_match_01/frame_03601.jpg,data\frames_dense2\online_match_01\frame_03601.jpg,0.539,1025.4,295.8,1047.1,316.0
online_match_01/frame_03604.jpg,data\frames_dense2\online_match_01\frame_03604.jpg,0.422,1024.7,288.0,1044.5,305.5
online_match_01/frame_03607.jpg,data\frames_dense2\online_match_01\frame_03607.jpg,0.466,1023.4,283.7,1042.2,302.3
online_match_01/frame_03609.jpg,data\frames_dense2\online_match_01\frame_03609.jpg,0.406,1018.2,279.9,1040.3,302.1
online_match_01/frame_03609.jpg,data\frames_dense2\online_match_01\frame_03609.jpg,0.298,1019.7,283.3,1041.3,305.3
online_match_01/frame_03612.jpg,data\frames_dense2\online_match_01\frame_03612.jpg,0.425,1022.7,279.1,1046.0,300.7
online_match_01/frame_03615.jpg,data\frames_dense2\online_match_01\frame_03615.jpg,0.549,233.0,447.8,256.5,470.8
online_match_01/frame_03615.jpg,data\frames_dense2\online_match_01\frame_03615.jpg,0.466,1016.0,292.5,1033.5,310.2
online_match_01/frame_03615.jpg,data\frames_dense2\online_match_01\frame_03615.jpg,0.328,1047.7,269.0,1065.7,286.9
online_match_01/frame_03617.jpg,data\frames_dense2\online_match_01\frame_03617.jpg,0.275,1057.1,269.9,1076.4,287.4
online_match_01/frame_03620.jpg,data\frames_dense2\online_match_01\frame_03620.jpg,0.433,1009.4,310.1,1026.4,326.9
online_match_01/frame_03620.jpg,data\frames_dense2\online_match_01\frame_03620.jpg,0.267,1066.8,269.7,1086.0,287.9
online_match_01/frame_03628.jpg,data\frames_dense2\online_match_01\frame_03628.jpg,0.348,1102.6,270.5,1121.7,288.6
online_match_01/frame_03630.jpg,data\frames_dense2\online_match_01\frame_03630.jpg,0.264,1108.4,270.1,1128.4,288.3
online_match_01/frame_03633.jpg,data\frames_dense2\online_match_01\frame_03633.jpg,0.389,1127.0,269.6,1145.5,288.3
online_match_01/frame_03638.jpg,data\frames_dense2\online_match_01\frame_03638.jpg,0.408,1150.9,268.3,1172.4,287.6
online_match_01/frame_03646.jpg,data\frames_dense2\online_match_01\frame_03646.jpg,0.267,1197.3,265.5,1218.0,284.6
online_match_01/frame_03649.jpg,data\frames_dense2\online_match_01\frame_03649.jpg,0.6,1211.5,265.4,1231.2,284.0
online_match_01/frame_03652.jpg,data\frames_dense2\online_match_01\frame_03652.jpg,0.478,1231.5,265.6,1252.6,284.4
online_match_01/frame_03654.jpg,data\frames_dense2\online_match_01\frame_03654.jpg,0.399,1239.8,265.0,1257.5,281.5
online_match_01/frame_03654.jpg,data\frames_dense2\online_match_01\frame_03654.jpg,0.287,446.0,272.9,464.9,290.9
online_match_01/frame_03657.jpg,data\frames_dense2\online_match_01\frame_03657.jpg,0.379,1257.9,263.4,1277.8,282.3
online_match_01/frame_03697.jpg,data\frames_dense2\online_match_01\frame_03697.jpg,0.309,430.5,523.3,457.2,545.7
online_match_01/frame_03721.jpg,data\frames_dense2\online_match_01\frame_03721.jpg,0.709,983.8,481.3,1005.8,502.6
online_match_01/frame_03723.jpg,data\frames_dense2\online_match_01\frame_03723.jpg,0.485,974.1,463.1,998.1,485.5
online_match_01/frame_03726.jpg,data\frames_dense2\online_match_01\frame_03726.jpg,0.688,968.2,453.4,992.3,477.9
online_match_01/frame_03729.jpg,data\frames_dense2\online_match_01\frame_03729.jpg,0.798,966.9,456.5,991.6,481.6
online_match_01/frame_03731.jpg,data\frames_dense2\online_match_01\frame_03731.jpg,0.941,967.8,462.1,993.8,487.6
online_match_01/frame_03734.jpg,data\frames_dense2\online_match_01\frame_03734.jpg,0.751,972.7,474.6,999.3,499.5
online_match_01/frame_03737.jpg,data\frames_dense2\online_match_01\frame_03737.jpg,0.797,975.8,470.2,1004.4,496.0
online_match_01/frame_03739.jpg,data\frames_dense2\online_match_01\frame_03739.jpg,0.798,975.9,466.8,1004.3,493.5
online_match_01/frame_03742.jpg,data\frames_dense2\online_match_01\frame_03742.jpg,0.77,980.6,461.2,1007.8,489.2
online_match_01/frame_03744.jpg,data\frames_dense2\online_match_01\frame_03744.jpg,0.803,981.5,462.3,1008.6,490.1
online_match_01/frame_03747.jpg,data\frames_dense2\online_match_01\frame_03747.jpg,0.67,986.8,471.8,1012.8,495.8
online_match_01/frame_03750.jpg,data\frames_dense2\online_match_01\frame_03750.jpg,0.841,985.7,479.4,1013.6,506.4
online_match_01/frame_03752.jpg,data\frames_dense2\online_match_01\frame_03752.jpg,0.705,990.4,476.4,1018.7,502.6
online_match_01/frame_03755.jpg,data\frames_dense2\online_match_01\frame_03755.jpg,0.742,999.1,469.8,1022.9,494.4
online_match_01/frame_03758.jpg,data\frames_dense2\online_match_01\frame_03758.jpg,0.481,290.5,431.3,313.3,453.6
online_match_01/frame_03758.jpg,data\frames_dense2\online_match_01\frame_03758.jpg,0.346,1001.9,469.6,1027.5,494.5
online_match_01/frame_03760.jpg,data\frames_dense2\online_match_01\frame_03760.jpg,0.555,1004.5,474.9,1031.1,500.7
online_match_01/frame_03763.jpg,data\frames_dense2\online_match_01\frame_03763.jpg,0.74,1002.2,481.0,1030.3,507.6
online_match_01/frame_03774.jpg,data\frames_dense2\online_match_01\frame_03774.jpg,0.391,1006.9,481.9,1034.6,507.7
online_match_01/frame_03790.jpg,data\frames_dense2\online_match_01\frame_03790.jpg,0.779,1142.0,471.6,1168.4,496.5
online_match_01/frame_03792.jpg,data\frames_dense2\online_match_01\frame_03792.jpg,0.653,1170.1,475.3,1198.7,500.6
online_match_01/frame_03795.jpg,data\frames_dense2\online_match_01\frame_03795.jpg,0.372,1255.1,489.4,1277.9,511.2
online_match_01/frame_03797.jpg,data\frames_dense2\online_match_01\frame_03797.jpg,0.387,442.0,436.7,464.2,459.0
online_match_01/frame_03800.jpg,data\frames_dense2\online_match_01\frame_03800.jpg,0.334,443.0,437.5,465.1,459.7
online_match_01/frame_03811.jpg,data\frames_dense2\online_match_01\frame_03811.jpg,0.399,455.0,440.9,474.7,461.4
online_match_01/frame_03965.jpg,data\frames_dense2\online_match_01\frame_03965.jpg,0.283,471.1,410.4,492.5,430.5
online_match_01/frame_03967.jpg,data\frames_dense2\online_match_01\frame_03967.jpg,0.253,471.8,409.4,492.8,429.5
online_match_01/frame_04004.jpg,data\frames_dense2\online_match_01\frame_04004.jpg,0.707,12.4,339.6,31.6,357.9
online_match_01/frame_04007.jpg,data\frames_dense2\online_match_01\frame_04007.jpg,0.79,44.8,388.5,69.0,411.1
online_match_01/frame_04010.jpg,data\frames_dense2\online_match_01\frame_04010.jpg,0.488,64.8,398.2,89.4,419.4
online_match_01/frame_04012.jpg,data\frames_dense2\online_match_01\frame_04012.jpg,0.652,82.0,366.5,105.3,387.1
online_match_01/frame_04015.jpg,data\frames_dense2\online_match_01\frame_04015.jpg,0.76,98.6,340.4,119.2,360.2
online_match_01/frame_04026.jpg,data\frames_dense2\online_match_01\frame_04026.jpg,0.309,125.9,320.8,145.2,338.9
online_match_01/frame_04044.jpg,data\frames_dense2\online_match_01\frame_04044.jpg,0.395,123.1,358.8,140.3,375.8
online_match_01/frame_04047.jpg,data\frames_dense2\online_match_01\frame_04047.jpg,0.474,124.7,360.7,144.8,380.0
online_match_01/frame_04047.jpg,data\frames_dense2\online_match_01\frame_04047.jpg,0.454,912.0,338.5,930.1,356.6
online_match_01/frame_04047.jpg,data\frames_dense2\online_match_01\frame_04047.jpg,0.323,167.9,319.4,187.5,338.1
online_match_01/frame_04049.jpg,data\frames_dense2\online_match_01\frame_04049.jpg,0.339,169.1,321.1,187.4,338.6
online_match_01/frame_04052.jpg,data\frames_dense2\online_match_01\frame_04052.jpg,0.423,169.0,320.8,188.7,340.3
online_match_01/frame_04055.jpg,data\frames_dense2\online_match_01\frame_04055.jpg,0.453,170.0,320.5,189.4,339.2
online_match_01/frame_04057.jpg,data\frames_dense2\online_match_01\frame_04057.jpg,0.454,170.7,320.5,189.9,339.0
online_match_01/frame_04060.jpg,data\frames_dense2\online_match_01\frame_04060.jpg,0.319,171.7,320.5,189.8,337.7
online_match_01/frame_04065.jpg,data\frames_dense2\online_match_01\frame_04065.jpg,0.431,136.2,340.4,152.9,357.6
online_match_01/frame_04079.jpg,data\frames_dense2\online_match_01\frame_04079.jpg,0.814,131.6,356.3,150.0,375.1
online_match_01/frame_04081.jpg,data\frames_dense2\online_match_01\frame_04081.jpg,0.833,128.3,357.7,148.8,377.2
online_match_01/frame_04092.jpg,data\frames_dense2\online_match_01\frame_04092.jpg,0.292,117.0,309.4,132.6,324.8
online_match_01/frame_04094.jpg,data\frames_dense2\online_match_01\frame_04094.jpg,0.468,111.8,304.9,128.3,320.9
online_match_01/frame_04097.jpg,data\frames_dense2\online_match_01\frame_04097.jpg,0.42,112.3,301.7,131.1,318.9
online_match_01/frame_04100.jpg,data\frames_dense2\online_match_01\frame_04100.jpg,0.564,113.1,299.1,131.2,315.6
online_match_01/frame_04102.jpg,data\frames_dense2\online_match_01\frame_04102.jpg,0.509,114.5,298.0,132.9,314.8
online_match_01/frame_04105.jpg,data\frames_dense2\online_match_01\frame_04105.jpg,0.583,114.9,298.4,134.4,316.3
online_match_01/frame_04108.jpg,data\frames_dense2\online_match_01\frame_04108.jpg,0.339,117.0,304.3,135.4,321.1
online_match_01/frame_04110.jpg,data\frames_dense2\online_match_01\frame_04110.jpg,0.693,120.2,307.3,138.7,325.4
online_match_01/frame_04113.jpg,data\frames_dense2\online_match_01\frame_04113.jpg,0.68,123.3,327.7,138.9,343.5
online_match_01/frame_04116.jpg,data\frames_dense2\online_match_01\frame_04116.jpg,0.585,123.6,349.9,140.2,366.6
online_match_01/frame_04118.jpg,data\frames_dense2\online_match_01\frame_04118.jpg,0.573,123.0,349.7,139.5,366.4
online_match_01/frame_04121.jpg,data\frames_dense2\online_match_01\frame_04121.jpg,0.638,115.7,327.8,130.0,342.5
online_match_01/frame_04124.jpg,data\frames_dense2\online_match_01\frame_04124.jpg,0.61,113.0,315.9,130.1,332.3
online_match_01/frame_04126.jpg,data\frames_dense2\online_match_01\frame_04126.jpg,0.292,108.8,304.9,124.4,321.0
online_match_01/frame_04126.jpg,data\frames_dense2\online_match_01\frame_04126.jpg,0.267,491.2,451.8,517.4,477.3
online_match_01/frame_04129.jpg,data\frames_dense2\online_match_01\frame_04129.jpg,0.525,106.6,300.3,123.9,316.9
online_match_01/frame_04132.jpg,data\frames_dense2\online_match_01\frame_04132.jpg,0.492,100.5,296.8,119.7,315.4
online_match_01/frame_04134.jpg,data\frames_dense2\online_match_01\frame_04134.jpg,0.597,100.5,294.9,119.3,314.1
online_match_01/frame_04137.jpg,data\frames_dense2\online_match_01\frame_04137.jpg,0.391,101.7,291.7,118.9,309.9
online_match_01/frame_04140.jpg,data\frames_dense2\online_match_01\frame_04140.jpg,0.398,101.7,291.5,118.6,310.0
online_match_01/frame_04145.jpg,data\frames_dense2\online_match_01\frame_04145.jpg,0.538,105.9,290.5,122.1,306.2
online_match_01/frame_04147.jpg,data\frames_dense2\online_match_01\frame_04147.jpg,0.535,107.5,291.5,122.9,306.7
online_match_01/frame_04150.jpg,data\frames_dense2\online_match_01\frame_04150.jpg,0.42,109.9,300.3,128.2,317.6
online_match_01/frame_04153.jpg,data\frames_dense2\online_match_01\frame_04153.jpg,0.302,113.0,317.3,129.3,331.6
online_match_01/frame_04155.jpg,data\frames_dense2\online_match_01\frame_04155.jpg,0.561,115.6,334.1,130.7,349.0
online_match_01/frame_04158.jpg,data\frames_dense2\online_match_01\frame_04158.jpg,0.544,117.6,351.7,137.1,369.7
online_match_01/frame_04161.jpg,data\frames_dense2\online_match_01\frame_04161.jpg,0.554,115.2,337.5,129.8,352.6
online_match_01/frame_04163.jpg,data\frames_dense2\online_match_01\frame_04163.jpg,0.807,112.7,324.7,127.3,338.5
online_match_01/frame_04166.jpg,data\frames_dense2\online_match_01\frame_04166.jpg,0.508,111.0,316.5,127.2,331.9
online_match_01/frame_04174.jpg,data\frames_dense2\online_match_01\frame_04174.jpg,0.276,102.8,303.3,118.9,319.0
online_match_01/frame_04177.jpg,data\frames_dense2\online_match_01\frame_04177.jpg,0.262,101.6,305.7,116.3,320.8
online_match_01/frame_04179.jpg,data\frames_dense2\online_match_01\frame_04179.jpg,0.709,100.1,307.4,115.4,322.2
online_match_01/frame_04182.jpg,data\frames_dense2\online_match_01\frame_04182.jpg,0.578,100.3,311.5,114.5,326.4
online_match_01/frame_04185.jpg,data\frames_dense2\online_match_01\frame_04185.jpg,0.667,100.0,306.5,114.9,321.1
online_match_01/frame_04190.jpg,data\frames_dense2\online_match_01\frame_04190.jpg,0.476,104.9,299.8,122.3,316.1
online_match_01/frame_04193.jpg,data\frames_dense2\online_match_01\frame_04193.jpg,0.363,106.6,294.0,122.3,309.5
online_match_01/frame_04195.jpg,data\frames_dense2\online_match_01\frame_04195.jpg,0.398,107.0,293.5,122.7,308.7
online_match_01/frame_04198.jpg,data\frames_dense2\online_match_01\frame_04198.jpg,0.386,108.7,296.1,125.2,312.2
online_match_01/frame_04200.jpg,data\frames_dense2\online_match_01\frame_04200.jpg,0.62,108.8,298.0,127.5,315.5
online_match_01/frame_04203.jpg,data\frames_dense2\online_match_01\frame_04203.jpg,0.368,114.2,319.1,130.2,334.1
online_match_01/frame_04206.jpg,data\frames_dense2\online_match_01\frame_04206.jpg,0.603,116.0,333.6,132.1,349.1
online_match_01/frame_04208.jpg,data\frames_dense2\online_match_01\frame_04208.jpg,0.329,114.8,352.5,133.6,370.3
online_match_01/frame_04211.jpg,data\frames_dense2\online_match_01\frame_04211.jpg,0.47,116.4,335.0,132.2,350.3
online_match_01/frame_04214.jpg,data\frames_dense2\online_match_01\frame_04214.jpg,0.689,112.3,324.3,127.4,338.3
online_match_01/frame_04216.jpg,data\frames_dense2\online_match_01\frame_04216.jpg,0.626,112.2,315.5,128.4,331.1
online_match_01/frame_04219.jpg,data\frames_dense2\online_match_01\frame_04219.jpg,0.548,111.7,315.2,127.9,330.5
online_match_01/frame_04224.jpg,data\frames_dense2\online_match_01\frame_04224.jpg,0.464,117.7,337.8,134.4,353.5
online_match_01/frame_04224.jpg,data\frames_dense2\online_match_01\frame_04224.jpg,0.268,119.5,335.4,137.1,352.7
online_match_01/frame_04230.jpg,data\frames_dense2\online_match_01\frame_04230.jpg,0.718,112.5,298.6,131.1,316.2
online_match_01/frame_04232.jpg,data\frames_dense2\online_match_01\frame_04232.jpg,0.682,112.4,298.4,130.4,315.3
online_match_01/frame_04235.jpg,data\frames_dense2\online_match_01\frame_04235.jpg,0.712,113.0,311.6,129.4,327.6
online_match_01/frame_04240.jpg,data\frames_dense2\online_match_01\frame_04240.jpg,0.356,113.8,351.9,133.0,369.5
online_match_01/frame_04246.jpg,data\frames_dense2\online_match_01\frame_04246.jpg,0.424,566.6,413.1,586.3,432.5
online_match_01/frame_04248.jpg,data\frames_dense2\online_match_01\frame_04248.jpg,0.353,566.5,412.5,585.8,431.5
online_match_01/frame_04248.jpg,data\frames_dense2\online_match_01\frame_04248.jpg,0.289,111.3,310.3,126.7,325.0
online_match_01/frame_04251.jpg,data\frames_dense2\online_match_01\frame_04251.jpg,0.452,117.4,338.4,134.0,353.9
online_match_01/frame_04254.jpg,data\frames_dense2\online_match_01\frame_04254.jpg,0.429,113.8,351.9,133.6,370.0
online_match_01/frame_04259.jpg,data\frames_dense2\online_match_01\frame_04259.jpg,0.624,109.8,316.3,125.5,331.5
online_match_01/frame_04261.jpg,data\frames_dense2\online_match_01\frame_04261.jpg,0.459,108.4,316.5,122.9,330.7
online_match_01/frame_04267.jpg,data\frames_dense2\online_match_01\frame_04267.jpg,0.574,108.8,354.0,127.9,373.2
online_match_01/frame_04272.jpg,data\frames_dense2\online_match_01\frame_04272.jpg,0.567,107.4,325.0,121.3,337.6
online_match_01/frame_04275.jpg,data\frames_dense2\online_match_01\frame_04275.jpg,0.6,105.4,316.2,121.3,331.4
online_match_01/frame_04275.jpg,data\frames_dense2\online_match_01\frame_04275.jpg,0.31,541.8,405.7,560.9,425.4
online_match_01/frame_04277.jpg,data\frames_dense2\online_match_01\frame_04277.jpg,0.526,105.3,326.0,120.8,339.6
online_match_01/frame_04277.jpg,data\frames_dense2\online_match_01\frame_04277.jpg,0.422,540.1,405.2,559.1,425.1
online_match_01/frame_04277.jpg,data\frames_dense2\online_match_01\frame_04277.jpg,0.359,103.5,326.4,119.5,341.8
online_match_01/frame_04280.jpg,data\frames_dense2\online_match_01\frame_04280.jpg,0.554,539.9,404.7,559.0,424.3
online_match_01/frame_04283.jpg,data\frames_dense2\online_match_01\frame_04283.jpg,0.412,541.5,403.5,562.2,423.8
online_match_01/frame_04291.jpg,data\frames_dense2\online_match_01\frame_04291.jpg,0.46,90.0,315.8,106.0,330.8
online_match_01/frame_04293.jpg,data\frames_dense2\online_match_01\frame_04293.jpg,0.349,98.6,324.6,113.4,339.0
online_match_01/frame_04299.jpg,data\frames_dense2\online_match_01\frame_04299.jpg,0.341,117.3,339.4,132.9,354.1
online_match_01/frame_04301.jpg,data\frames_dense2\online_match_01\frame_04301.jpg,0.563,118.1,323.6,133.3,337.4
online_match_01/frame_04304.jpg,data\frames_dense2\online_match_01\frame_04304.jpg,0.536,118.4,307.2,135.5,324.4
online_match_01/frame_04307.jpg,data\frames_dense2\online_match_01\frame_04307.jpg,0.65,116.6,296.3,134.5,313.8
online_match_01/frame_04309.jpg,data\frames_dense2\online_match_01\frame_04309.jpg,0.644,116.4,295.9,134.3,313.4
online_match_01/frame_04312.jpg,data\frames_dense2\online_match_01\frame_04312.jpg,0.435,118.6,299.0,136.2,316.4
online_match_01/frame_04315.jpg,data\frames_dense2\online_match_01\frame_04315.jpg,0.725,124.8,309.1,140.4,325.4
online_match_01/frame_04317.jpg,data\frames_dense2\online_match_01\frame_04317.jpg,0.42,129.3,329.2,143.7,342.9
online_match_01/frame_04320.jpg,data\frames_dense2\online_match_01\frame_04320.jpg,0.589,129.2,347.4,149.2,366.0
online_match_01/frame_04322.jpg,data\frames_dense2\online_match_01\frame_04322.jpg,0.585,127.4,337.1,143.9,353.0
online_match_01/frame_04325.jpg,data\frames_dense2\online_match_01\frame_04325.jpg,0.675,126.5,315.1,142.6,330.5
online_match_01/frame_04328.jpg,data\frames_dense2\online_match_01\frame_04328.jpg,0.583,125.8,310.3,141.8,326.3
online_match_01/frame_04330.jpg,data\frames_dense2\online_match_01\frame_04330.jpg,0.593,126.0,310.5,141.8,326.3
online_match_01/frame_04333.jpg,data\frames_dense2\online_match_01\frame_04333.jpg,0.492,125.7,311.5,140.6,326.5
online_match_01/frame_04336.jpg,data\frames_dense2\online_match_01\frame_04336.jpg,0.643,128.5,311.5,143.5,326.0
online_match_01/frame_04338.jpg,data\frames_dense2\online_match_01\frame_04338.jpg,0.616,131.8,310.0,146.1,324.8
online_match_01/frame_04341.jpg,data\frames_dense2\online_match_01\frame_04341.jpg,0.416,142.7,302.7,159.5,318.6
online_match_01/frame_04344.jpg,data\frames_dense2\online_match_01\frame_04344.jpg,0.461,145.9,301.1,163.3,317.0
online_match_01/frame_04346.jpg,data\frames_dense2\online_match_01\frame_04346.jpg,0.452,155.7,299.0,174.3,315.7
online_match_01/frame_04349.jpg,data\frames_dense2\online_match_01\frame_04349.jpg,0.515,159.1,300.2,177.1,316.6
online_match_01/frame_04352.jpg,data\frames_dense2\online_match_01\frame_04352.jpg,0.489,164.6,301.6,182.6,318.4
online_match_01/frame_04354.jpg,data\frames_dense2\online_match_01\frame_04354.jpg,0.276,172.3,306.7,187.2,321.1
online_match_01/frame_04357.jpg,data\frames_dense2\online_match_01\frame_04357.jpg,0.482,174.2,309.3,188.9,323.2
online_match_01/frame_04362.jpg,data\frames_dense2\online_match_01\frame_04362.jpg,0.333,182.2,312.8,199.5,330.0
online_match_01/frame_04368.jpg,data\frames_dense2\online_match_01\frame_04368.jpg,0.5,188.3,330.8,208.9,349.9
online_match_01/frame_04370.jpg,data\frames_dense2\online_match_01\frame_04370.jpg,0.559,195.7,335.6,214.8,352.9
online_match_01/frame_04373.jpg,data\frames_dense2\online_match_01\frame_04373.jpg,0.678,211.8,326.5,231.0,345.2
online_match_01/frame_04378.jpg,data\frames_dense2\online_match_01\frame_04378.jpg,0.352,154.9,310.4,175.1,330.2
online_match_01/frame_04389.jpg,data\frames_dense2\online_match_01\frame_04389.jpg,0.642,234.6,212.6,252.1,229.9
online_match_01/frame_04391.jpg,data\frames_dense2\online_match_01\frame_04391.jpg,0.435,237.3,205.3,255.7,222.1
online_match_01/frame_04397.jpg,data\frames_dense2\online_match_01\frame_04397.jpg,0.629,242.5,201.6,259.5,217.2
online_match_01/frame_04399.jpg,data\frames_dense2\online_match_01\frame_04399.jpg,0.517,240.7,203.3,260.5,221.3
online_match_01/frame_04402.jpg,data\frames_dense2\online_match_01\frame_04402.jpg,0.632,243.3,212.9,259.0,229.4
online_match_01/frame_04405.jpg,data\frames_dense2\online_match_01\frame_04405.jpg,0.75,238.3,225.4,255.5,242.0
online_match_01/frame_04434.jpg,data\frames_dense2\online_match_01\frame_04434.jpg,0.412,800.3,369.7,821.1,389.7
online_match_01/frame_04436.jpg,data\frames_dense2\online_match_01\frame_04436.jpg,0.633,835.4,376.9,857.9,398.6
online_match_01/frame_04442.jpg,data\frames_dense2\online_match_01\frame_04442.jpg,0.536,783.8,270.0,810.2,294.1
online_match_01/frame_04444.jpg,data\frames_dense2\online_match_01\frame_04444.jpg,0.638,767.6,238.7,789.4,258.4
online_match_01/frame_04447.jpg,data\frames_dense2\online_match_01\frame_04447.jpg,0.591,751.0,204.4,773.5,225.4
online_match_01/frame_04450.jpg,data\frames_dense2\online_match_01\frame_04450.jpg,0.464,733.8,170.6,753.3,189.4
online_match_01/frame_04455.jpg,data\frames_dense2\online_match_01\frame_04455.jpg,0.284,703.5,127.4,720.2,143.4
online_match_01/frame_04458.jpg,data\frames_dense2\online_match_01\frame_04458.jpg,0.702,689.6,116.1,708.7,134.0
online_match_01/frame_04460.jpg,data\frames_dense2\online_match_01\frame_04460.jpg,0.559,680.9,114.1,699.6,132.4
online_match_01/frame_04463.jpg,data\frames_dense2\online_match_01\frame_04463.jpg,0.484,660.6,111.7,679.1,129.6
online_match_01/frame_04468.jpg,data\frames_dense2\online_match_01\frame_04468.jpg,0.63,638.0,125.5,657.2,144.3
online_match_01/frame_04468.jpg,data\frames_dense2\online_match_01\frame_04468.jpg,0.31,20.2,705.4,46.9,720.0
online_match_01/frame_04474.jpg,data\frames_dense2\online_match_01\frame_04474.jpg,0.321,565.7,325.5,587.0,347.2
online_match_01/frame_04476.jpg,data\frames_dense2\online_match_01\frame_04476.jpg,0.595,607.8,177.7,627.0,197.0
online_match_01/frame_04479.jpg,data\frames_dense2\online_match_01\frame_04479.jpg,0.609,590.1,207.8,610.2,226.4
online_match_01/frame_04484.jpg,data\frames_dense2\online_match_01\frame_04484.jpg,0.333,575.8,251.3,597.2,271.7
online_match_01/frame_04487.jpg,data\frames_dense2\online_match_01\frame_04487.jpg,0.466,573.1,241.5,593.9,261.0
online_match_01/frame_04492.jpg,data\frames_dense2\online_match_01\frame_04492.jpg,0.323,617.2,309.0,637.0,327.9
online_match_01/frame_04505.jpg,data\frames_dense2\online_match_01\frame_04505.jpg,0.755,515.0,305.8,534.9,325.7
online_match_01/frame_04508.jpg,data\frames_dense2\online_match_01\frame_04508.jpg,0.572,227.1,405.2,253.0,429.4
online_match_01/frame_04511.jpg,data\frames_dense2\online_match_01\frame_04511.jpg,0.562,254.0,404.1,278.0,426.9
online_match_01/frame_04513.jpg,data\frames_dense2\online_match_01\frame_04513.jpg,0.372,265.3,401.6,290.3,425.1
online_match_01/frame_04519.jpg,data\frames_dense2\online_match_01\frame_04519.jpg,0.422,331.7,395.4,353.8,415.9
online_match_01/frame_04519.jpg,data\frames_dense2\online_match_01\frame_04519.jpg,0.316,526.2,339.2,544.4,357.3
online_match_01/frame_04521.jpg,data\frames_dense2\online_match_01\frame_04521.jpg,0.259,522.3,359.8,540.5,377.5
online_match_01/frame_04524.jpg,data\frames_dense2\online_match_01\frame_04524.jpg,0.592,521.2,374.3,542.6,394.3
online_match_01/frame_04535.jpg,data\frames_dense2\online_match_01\frame_04535.jpg,0.374,399.9,383.4,426.7,408.1
online_match_01/frame_04537.jpg,data\frames_dense2\online_match_01\frame_04537.jpg,0.304,401.4,382.0,429.4,408.4
online_match_01/frame_04540.jpg,data\frames_dense2\online_match_01\frame_04540.jpg,0.554,415.4,381.2,441.2,406.0
online_match_01/frame_04543.jpg,data\frames_dense2\online_match_01\frame_04543.jpg,0.487,429.7,381.9,452.3,404.0
online_match_01/frame_04553.jpg,data\frames_dense2\online_match_01\frame_04553.jpg,0.449,454.4,387.9,478.0,410.4
online_match_01/frame_04564.jpg,data\frames_dense2\online_match_01\frame_04564.jpg,0.494,709.6,326.2,729.0,346.0
online_match_01/frame_04566.jpg,data\frames_dense2\online_match_01\frame_04566.jpg,0.467,711.4,326.8,729.9,345.7
online_match_01/frame_04569.jpg,data\frames_dense2\online_match_01\frame_04569.jpg,0.51,716.2,325.8,735.7,345.6
online_match_01/frame_04572.jpg,data\frames_dense2\online_match_01\frame_04572.jpg,0.351,716.7,324.5,739.2,346.3
online_match_01/frame_04577.jpg,data\frames_dense2\online_match_01\frame_04577.jpg,0.259,454.8,366.7,475.7,385.7
online_match_01/frame_04580.jpg,data\frames_dense2\online_match_01\frame_04580.jpg,0.552,458.1,365.0,477.9,383.0
online_match_01/frame_04582.jpg,data\frames_dense2\online_match_01\frame_04582.jpg,0.581,459.6,363.4,479.2,381.7
online_match_01/frame_04609.jpg,data\frames_dense2\online_match_01\frame_04609.jpg,0.615,445.2,370.0,464.3,389.4
online_match_01/frame_04611.jpg,data\frames_dense2\online_match_01\frame_04611.jpg,0.491,439.4,368.4,459.6,387.3
online_match_01/frame_04614.jpg,data\frames_dense2\online_match_01\frame_04614.jpg,0.619,430.1,364.6,451.2,384.0
online_match_01/frame_04617.jpg,data\frames_dense2\online_match_01\frame_04617.jpg,0.751,427.0,358.5,446.5,376.9
online_match_01/frame_04619.jpg,data\frames_dense2\online_match_01\frame_04619.jpg,0.602,425.9,356.2,445.7,375.1
online_match_01/frame_04622.jpg,data\frames_dense2\online_match_01\frame_04622.jpg,0.699,426.6,355.5,445.8,374.0
online_match_01/frame_04625.jpg,data\frames_dense2\online_match_01\frame_04625.jpg,0.748,427.1,355.1,446.7,374.1
online_match_01/frame_04627.jpg,data\frames_dense2\online_match_01\frame_04627.jpg,0.722,427.3,355.2,446.8,374.2
online_match_01/frame_04633.jpg,data\frames_dense2\online_match_01\frame_04633.jpg,0.424,428.5,356.7,448.5,376.1
online_match_01/frame_04635.jpg,data\frames_dense2\online_match_01\frame_04635.jpg,0.556,429.3,356.4,449.4,375.5
online_match_01/frame_04638.jpg,data\frames_dense2\online_match_01\frame_04638.jpg,0.719,428.3,356.7,447.7,375.3
online_match_01/frame_04641.jpg,data\frames_dense2\online_match_01\frame_04641.jpg,0.76,424.9,357.0,443.9,375.3
online_match_01/frame_04643.jpg,data\frames_dense2\online_match_01\frame_04643.jpg,0.626,422.8,358.0,441.8,376.6
online_match_01/frame_04646.jpg,data\frames_dense2\online_match_01\frame_04646.jpg,0.75,421.4,360.0,438.8,377.0
online_match_01/frame_04649.jpg,data\frames_dense2\online_match_01\frame_04649.jpg,0.766,414.4,360.7,433.2,378.8
online_match_01/frame_04651.jpg,data\frames_dense2\online_match_01\frame_04651.jpg,0.753,412.4,361.3,431.5,380.0
online_match_01/frame_04654.jpg,data\frames_dense2\online_match_01\frame_04654.jpg,0.695,408.0,362.6,425.4,379.7
online_match_01/frame_04657.jpg,data\frames_dense2\online_match_01\frame_04657.jpg,0.837,404.1,361.3,422.7,379.7
online_match_01/frame_04659.jpg,data\frames_dense2\online_match_01\frame_04659.jpg,0.824,400.9,361.3,421.5,380.4
online_match_01/frame_04662.jpg,data\frames_dense2\online_match_01\frame_04662.jpg,0.792,398.8,361.3,418.9,380.2
online_match_01/frame_04664.jpg,data\frames_dense2\online_match_01\frame_04664.jpg,0.789,396.8,361.1,416.2,379.7
online_match_01/frame_04667.jpg,data\frames_dense2\online_match_01\frame_04667.jpg,0.769,395.5,361.7,414.8,379.9
online_match_01/frame_04670.jpg,data\frames_dense2\online_match_01\frame_04670.jpg,0.724,394.9,362.8,414.1,380.5
online_match_01/frame_04672.jpg,data\frames_dense2\online_match_01\frame_04672.jpg,0.732,395.1,363.3,413.6,380.4
online_match_01/frame_04675.jpg,data\frames_dense2\online_match_01\frame_04675.jpg,0.705,395.0,362.7,413.5,380.1
online_match_01/frame_04678.jpg,data\frames_dense2\online_match_01\frame_04678.jpg,0.681,391.7,358.2,410.5,377.5
online_match_01/frame_04680.jpg,data\frames_dense2\online_match_01\frame_04680.jpg,0.679,391.7,356.4,410.8,375.5
online_match_01/frame_04683.jpg,data\frames_dense2\online_match_01\frame_04683.jpg,0.723,395.7,353.7,415.0,372.6
online_match_01/frame_04686.jpg,data\frames_dense2\online_match_01\frame_04686.jpg,0.638,396.9,354.3,416.8,374.1
online_match_01/frame_04688.jpg,data\frames_dense2\online_match_01\frame_04688.jpg,0.494,397.6,362.4,417.4,381.0
online_match_01/frame_04691.jpg,data\frames_dense2\online_match_01\frame_04691.jpg,0.388,401.2,390.8,418.7,407.8
online_match_01/frame_04702.jpg,data\frames_dense2\online_match_01\frame_04702.jpg,0.369,396.7,383.6,415.6,401.1
online_match_01/frame_04704.jpg,data\frames_dense2\online_match_01\frame_04704.jpg,0.543,394.6,376.4,414.4,395.0
online_match_01/frame_04707.jpg,data\frames_dense2\online_match_01\frame_04707.jpg,0.576,398.0,364.8,416.2,382.4
online_match_01/frame_04710.jpg,data\frames_dense2\online_match_01\frame_04710.jpg,0.609,399.1,364.7,418.9,383.3
online_match_01/frame_04712.jpg,data\frames_dense2\online_match_01\frame_04712.jpg,0.608,403.6,367.5,423.2,385.1
online_match_01/frame_04715.jpg,data\frames_dense2\online_match_01\frame_04715.jpg,0.446,409.5,368.9,427.2,385.6
online_match_01/frame_04731.jpg,data\frames_dense2\online_match_01\frame_04731.jpg,0.288,413.5,432.8,433.4,452.6
online_match_01/frame_04733.jpg,data\frames_dense2\online_match_01\frame_04733.jpg,0.537,413.4,432.8,434.0,453.2
online_match_01/frame_04736.jpg,data\frames_dense2\online_match_01\frame_04736.jpg,0.269,414.4,432.8,434.5,452.7
online_match_01/frame_04744.jpg,data\frames_dense2\online_match_01\frame_04744.jpg,0.266,410.0,364.3,429.2,381.9
online_match_01/frame_04747.jpg,data\frames_dense2\online_match_01\frame_04747.jpg,0.442,408.9,363.7,428.4,381.4
online_match_01/frame_04749.jpg,data\frames_dense2\online_match_01\frame_04749.jpg,0.438,408.7,363.9,428.6,381.9
online_match_01/frame_04752.jpg,data\frames_dense2\online_match_01\frame_04752.jpg,0.471,410.0,363.9,429.5,381.6
online_match_01/frame_04755.jpg,data\frames_dense2\online_match_01\frame_04755.jpg,0.467,412.3,360.2,431.5,378.6
online_match_01/frame_04776.jpg,data\frames_dense2\online_match_01\frame_04776.jpg,0.755,314.1,352.4,334.1,372.2
online_match_01/frame_04778.jpg,data\frames_dense2\online_match_01\frame_04778.jpg,0.525,296.5,364.2,314.9,381.7
online_match_01/frame_04781.jpg,data\frames_dense2\online_match_01\frame_04781.jpg,0.499,270.9,384.4,291.8,404.8
online_match_01/frame_04784.jpg,data\frames_dense2\online_match_01\frame_04784.jpg,0.532,258.9,376.9,277.0,393.8
online_match_01/frame_04786.jpg,data\frames_dense2\online_match_01\frame_04786.jpg,0.589,249.5,363.3,268.3,381.1
online_match_01/frame_04789.jpg,data\frames_dense2\online_match_01\frame_04789.jpg,0.767,238.8,352.5,257.4,372.0
online_match_01/frame_04802.jpg,data\frames_dense2\online_match_01\frame_04802.jpg,0.754,190.2,354.3,208.9,373.5
online_match_01/frame_04805.jpg,data\frames_dense2\online_match_01\frame_04805.jpg,0.593,177.9,371.0,197.1,389.4
online_match_01/frame_04808.jpg,data\frames_dense2\online_match_01\frame_04808.jpg,0.666,170.8,368.9,189.8,386.7
online_match_01/frame_04810.jpg,data\frames_dense2\online_match_01\frame_04810.jpg,0.711,160.3,359.8,180.7,379.6
online_match_01/frame_04813.jpg,data\frames_dense2\online_match_01\frame_04813.jpg,0.553,154.9,351.4,173.9,369.9
online_match_01/frame_04824.jpg,data\frames_dense2\online_match_01\frame_04824.jpg,0.631,120.7,356.6,139.4,375.7
online_match_01/frame_04826.jpg,data\frames_dense2\online_match_01\frame_04826.jpg,0.498,111.8,366.6,133.0,385.9
online_match_01/frame_04829.jpg,data\frames_dense2\online_match_01\frame_04829.jpg,0.532,101.6,360.8,120.9,380.8
online_match_01/frame_04832.jpg,data\frames_dense2\online_match_01\frame_04832.jpg,0.516,95.0,354.0,112.4,373.0
online_match_01/frame_04842.jpg,data\frames_dense2\online_match_01\frame_04842.jpg,0.704,67.3,354.7,87.4,374.6
online_match_01/frame_04845.jpg,data\frames_dense2\online_match_01\frame_04845.jpg,0.528,56.1,359.3,74.6,378.7
online_match_01/frame_04847.jpg,data\frames_dense2\online_match_01\frame_04847.jpg,0.751,48.9,353.8,69.3,373.3
online_match_01/frame_04919.jpg,data\frames_dense2\online_match_01\frame_04919.jpg,0.25,522.8,292.0,541.7,311.0
online_match_01/frame_05001.jpg,data\frames_dense2\online_match_01\frame_05001.jpg,0.332,1216.0,336.6,1233.9,353.5
online_match_01/frame_05028.jpg,data\frames_dense2\online_match_01\frame_05028.jpg,0.4,1211.5,274.0,1231.1,292.5
online_match_01/frame_05038.jpg,data\frames_dense2\online_match_01\frame_05038.jpg,0.262,1207.8,275.0,1227.9,293.6
online_match_01/frame_05041.jpg,data\frames_dense2\online_match_01\frame_05041.jpg,0.307,1208.5,275.0,1228.4,293.5
online_match_01/frame_05044.jpg,data\frames_dense2\online_match_01\frame_05044.jpg,0.329,1208.3,274.9,1228.2,293.5
online_match_01/frame_05046.jpg,data\frames_dense2\online_match_01\frame_05046.jpg,0.413,1208.4,274.8,1228.2,293.3
online_match_01/frame_05049.jpg,data\frames_dense2\online_match_01\frame_05049.jpg,0.376,1208.1,274.8,1227.8,293.3
online_match_01/frame_05052.jpg,data\frames_dense2\online_match_01\frame_05052.jpg,0.328,1208.0,274.7,1227.9,293.5
online_match_01/frame_05054.jpg,data\frames_dense2\online_match_01\frame_05054.jpg,0.282,1208.1,274.7,1228.2,293.6
online_match_01/frame_05105.jpg,data\frames_dense2\online_match_01\frame_05105.jpg,0.256,1196.8,346.3,1214.6,363.4
online_match_01/frame_05110.jpg,data\frames_dense2\online_match_01\frame_05110.jpg,0.627,1208.2,273.8,1229.6,293.5
online_match_01/frame_05113.jpg,data\frames_dense2\online_match_01\frame_05113.jpg,0.495,1108.6,289.5,1127.2,306.9
online_match_01/frame_05115.jpg,data\frames_dense2\online_match_01\frame_05115.jpg,0.255,1054.3,367.7,1073.1,385.2
online_match_01/frame_05121.jpg,data\frames_dense2\online_match_01\frame_05121.jpg,0.296,1006.2,372.2,1023.8,388.8
online_match_01/frame_05142.jpg,data\frames_dense2\online_match_01\frame_05142.jpg,0.596,1020.4,373.5,1040.1,392.2
online_match_01/frame_05171.jpg,data\frames_dense2\online_match_01\frame_05171.jpg,0.353,1048.6,388.3,1065.4,403.9
online_match_01/frame_05174.jpg,data\frames_dense2\online_match_01\frame_05174.jpg,0.583,1051.8,386.9,1067.8,401.8
online_match_01/frame_05179.jpg,data\frames_dense2\online_match_01\frame_05179.jpg,0.473,0.5,471.8,16.6,488.6
online_match_01/frame_05181.jpg,data\frames_dense2\online_match_01\frame_05181.jpg,0.585,1056.6,386.9,1073.4,401.6
online_match_01/frame_05184.jpg,data\frames_dense2\online_match_01\frame_05184.jpg,0.642,1055.2,392.3,1073.1,408.6
online_match_01/frame_05192.jpg,data\frames_dense2\online_match_01\frame_05192.jpg,0.259,955.2,312.0,971.3,328.1
online_match_01/frame_05195.jpg,data\frames_dense2\online_match_01\frame_05195.jpg,0.318,955.0,312.0,971.3,328.0
online_match_01/frame_05197.jpg,data\frames_dense2\online_match_01\frame_05197.jpg,0.362,954.8,312.1,971.1,328.1
online_match_01/frame_05200.jpg,data\frames_dense2\online_match_01\frame_05200.jpg,0.42,954.8,312.2,971.1,328.1
online_match_01/frame_05203.jpg,data\frames_dense2\online_match_01\frame_05203.jpg,0.418,954.7,312.3,971.3,328.3
online_match_01/frame_05203.jpg,data\frames_dense2\online_match_01\frame_05203.jpg,0.386,1076.8,402.2,1092.0,417.1
online_match_01/frame_05203.jpg,data\frames_dense2\online_match_01\frame_05203.jpg,0.28,950.3,355.9,963.3,368.4
online_match_01/frame_05205.jpg,data\frames_dense2\online_match_01\frame_05205.jpg,0.446,954.8,312.0,971.4,328.1
online_match_01/frame_05205.jpg,data\frames_dense2\online_match_01\frame_05205.jpg,0.432,12.1,444.0,30.7,460.4
online_match_01/frame_05205.jpg,data\frames_dense2\online_match_01\frame_05205.jpg,0.251,950.6,356.2,963.7,368.5
online_match_01/frame_05208.jpg,data\frames_dense2\online_match_01\frame_05208.jpg,0.371,954.7,311.9,971.7,328.3
online_match_01/frame_05211.jpg,data\frames_dense2\online_match_01\frame_05211.jpg,0.451,955.4,311.9,971.6,327.8
online_match_01/frame_05211.jpg,data\frames_dense2\online_match_01\frame_05211.jpg,0.339,1183.1,468.4,1201.5,486.1
online_match_01/frame_05213.jpg,data\frames_dense2\online_match_01\frame_05213.jpg,0.552,30.4,480.3,46.4,496.5
online_match_01/frame_05213.jpg,data\frames_dense2\online_match_01\frame_05213.jpg,0.498,955.6,312.1,971.3,327.7
online_match_01/frame_05213.jpg,data\frames_dense2\online_match_01\frame_05213.jpg,0.487,1183.9,464.1,1201.7,481.0
online_match_01/frame_05213.jpg,data\frames_dense2\online_match_01\frame_05213.jpg,0.32,949.8,357.3,962.8,369.3
online_match_01/frame_05216.jpg,data\frames_dense2\online_match_01\frame_05216.jpg,0.59,1186.2,458.4,1206.3,477.1
online_match_01/frame_05216.jpg,data\frames_dense2\online_match_01\frame_05216.jpg,0.488,955.8,312.1,971.3,327.7
online_match_01/frame_05216.jpg,data\frames_dense2\online_match_01\frame_05216.jpg,0.434,32.2,493.0,51.9,511.2
online_match_01/frame_05216.jpg,data\frames_dense2\online_match_01\frame_05216.jpg,0.294,950.3,357.9,963.1,369.6
online_match_01/frame_05219.jpg,data\frames_dense2\online_match_01\frame_05219.jpg,0.572,1192.6,454.8,1212.1,473.8
online_match_01/frame_05219.jpg,data\frames_dense2\online_match_01\frame_05219.jpg,0.473,34.9,477.5,52.5,494.3
online_match_01/frame_05219.jpg,data\frames_dense2\online_match_01\frame_05219.jpg,0.451,955.5,312.0,971.1,327.6
online_match_01/frame_05219.jpg,data\frames_dense2\online_match_01\frame_05219.jpg,0.286,950.7,358.2,963.8,370.0
online_match_01/frame_05221.jpg,data\frames_dense2\online_match_01\frame_05221.jpg,0.582,35.4,471.0,51.1,486.9
online_match_01/frame_05221.jpg,data\frames_dense2\online_match_01\frame_05221.jpg,0.529,1195.2,456.2,1214.3,474.2
online_match_01/frame_05221.jpg,data\frames_dense2\online_match_01\frame_05221.jpg,0.448,955.2,311.8,970.8,327.4
online_match_01/frame_05224.jpg,data\frames_dense2\online_match_01\frame_05224.jpg,0.746,35.6,459.5,52.3,475.3
online_match_01/frame_05224.jpg,data\frames_dense2\online_match_01\frame_05224.jpg,0.514,1070.4,389.4,1087.6,406.5
online_match_01/frame_05224.jpg,data\frames_dense2\online_match_01\frame_05224.jpg,0.414,955.3,310.9,970.4,326.2
online_match_01/frame_05227.jpg,data\frames_dense2\online_match_01\frame_05227.jpg,0.713,37.6,454.1,54.9,470.9
online_match_01/frame_05227.jpg,data\frames_dense2\online_match_01\frame_05227.jpg,0.295,955.2,310.7,970.2,326.2
online_match_01/frame_05229.jpg,data\frames_dense2\online_match_01\frame_05229.jpg,0.579,38.6,454.5,57.1,471.9
online_match_01/frame_05229.jpg,data\frames_dense2\online_match_01\frame_05229.jpg,0.257,955.2,310.6,970.1,326.1
online_match_01/frame_05232.jpg,data\frames_dense2\online_match_01\frame_05232.jpg,0.68,44.5,475.8,61.1,491.7
online_match_01/frame_05232.jpg,data\frames_dense2\online_match_01\frame_05232.jpg,0.344,955.1,310.4,970.2,326.0
online_match_01/frame_05235.jpg,data\frames_dense2\online_match_01\frame_05235.jpg,0.339,955.3,310.4,970.2,325.8
online_match_01/frame_05237.jpg,data\frames_dense2\online_match_01\frame_05237.jpg,0.325,955.2,310.4,970.2,325.8
online_match_01/frame_05237.jpg,data\frames_dense2\online_match_01\frame_05237.jpg,0.254,948.1,356.7,961.5,369.3
online_match_01/frame_05240.jpg,data\frames_dense2\online_match_01\frame_05240.jpg,0.461,33.3,460.6,48.8,475.6
online_match_01/frame_05240.jpg,data\frames_dense2\online_match_01\frame_05240.jpg,0.332,1249.1,473.4,1266.9,489.8
online_match_01/frame_05240.jpg,data\frames_dense2\online_match_01\frame_05240.jpg,0.319,955.2,310.4,970.2,325.8
online_match_01/frame_05242.jpg,data\frames_dense2\online_match_01\frame_05242.jpg,0.487,26.5,452.7,41.0,465.9
online_match_01/frame_05242.jpg,data\frames_dense2\online_match_01\frame_05242.jpg,0.32,955.4,310.2,970.5,325.8
online_match_01/frame_05245.jpg,data\frames_dense2\online_match_01\frame_05245.jpg,0.365,955.4,310.8,970.5,326.1
online_match_01/frame_05245.jpg,data\frames_dense2\online_match_01\frame_05245.jpg,0.325,947.6,357.0,960.6,369.5
online_match_01/frame_05248.jpg,data\frames_dense2\online_match_01\frame_05248.jpg,0.328,947.7,356.4,961.0,369.1
online_match_01/frame_05248.jpg,data\frames_dense2\online_match_01\frame_05248.jpg,0.325,955.2,310.8,970.4,326.1
online_match_01/frame_05253.jpg,data\frames_dense2\online_match_01\frame_05253.jpg,0.302,956.3,311.2,970.7,326.1
online_match_01/frame_05290.jpg,data\frames_dense2\online_match_01\frame_05290.jpg,0.289,356.0,370.8,369.5,384.8
online_match_01/frame_05295.jpg,data\frames_dense2\online_match_01\frame_05295.jpg,0.267,356.1,373.0,369.9,386.7
online_match_01/frame_05301.jpg,data\frames_dense2\online_match_01\frame_05301.jpg,0.47,355.6,376.2,370.3,391.0
online_match_01/frame_05301.jpg,data\frames_dense2\online_match_01\frame_05301.jpg,0.27,915.8,356.8,928.6,369.4
online_match_01/frame_05303.jpg,data\frames_dense2\online_match_01\frame_05303.jpg,0.472,356.0,377.1,371.2,392.0
online_match_01/frame_05306.jpg,data\frames_dense2\online_match_01\frame_05306.jpg,0.38,356.0,377.9,371.2,392.4
online_match_01/frame_05311.jpg,data\frames_dense2\online_match_01\frame_05311.jpg,0.344,354.6,378.1,370.3,393.5
online_match_01/frame_05322.jpg,data\frames_dense2\online_match_01\frame_05322.jpg,0.26,955.2,310.5,970.0,325.9
online_match_01/frame_05325.jpg,data\frames_dense2\online_match_01\frame_05325.jpg,0.379,955.3,310.5,970.1,325.9
online_match_01/frame_05327.jpg,data\frames_dense2\online_match_01\frame_05327.jpg,0.352,955.4,310.9,970.1,326.1
online_match_01/frame_05327.jpg,data\frames_dense2\online_match_01\frame_05327.jpg,0.254,354.3,387.0,369.2,401.9
online_match_01/frame_05330.jpg,data\frames_dense2\online_match_01\frame_05330.jpg,0.493,353.0,388.6,368.3,403.9
online_match_01/frame_05330.jpg,data\frames_dense2\online_match_01\frame_05330.jpg,0.294,955.0,310.8,970.1,326.3
online_match_01/frame_05333.jpg,data\frames_dense2\online_match_01\frame_05333.jpg,0.326,352.3,390.7,368.0,406.5
online_match_01/frame_05338.jpg,data\frames_dense2\online_match_01\frame_05338.jpg,0.353,955.1,311.2,970.2,326.7
online_match_01/frame_05338.jpg,data\frames_dense2\online_match_01\frame_05338.jpg,0.325,350.9,389.1,367.6,406.1
online_match_01/frame_05341.jpg,data\frames_dense2\online_match_01\frame_05341.jpg,0.68,349.6,392.0,366.5,408.6
online_match_01/frame_05341.jpg,data\frames_dense2\online_match_01\frame_05341.jpg,0.408,955.4,311.1,970.1,326.4
online_match_01/frame_05343.jpg,data\frames_dense2\online_match_01\frame_05343.jpg,0.655,350.8,395.7,366.9,411.7
online_match_01/frame_05343.jpg,data\frames_dense2\online_match_01\frame_05343.jpg,0.491,955.6,311.4,970.2,326.5
online_match_01/frame_05346.jpg,data\frames_dense2\online_match_01\frame_05346.jpg,0.479,955.5,311.4,970.0,326.4
online_match_01/frame_05349.jpg,data\frames_dense2\online_match_01\frame_05349.jpg,0.511,955.5,311.3,969.9,326.1
online_match_01/frame_05351.jpg,data\frames_dense2\online_match_01\frame_05351.jpg,0.591,955.7,311.6,970.0,326.4
online_match_01/frame_05354.jpg,data\frames_dense2\online_match_01\frame_05354.jpg,0.577,955.4,312.3,969.9,326.9
online_match_01/frame_05356.jpg,data\frames_dense2\online_match_01\frame_05356.jpg,0.541,955.6,311.5,970.0,326.3
online_match_01/frame_05359.jpg,data\frames_dense2\online_match_01\frame_05359.jpg,0.549,955.4,311.5,970.0,326.4
online_match_01/frame_05362.jpg,data\frames_dense2\online_match_01\frame_05362.jpg,0.531,955.4,311.5,970.1,326.4
online_match_01/frame_05362.jpg,data\frames_dense2\online_match_01\frame_05362.jpg,0.298,342.6,405.6,358.4,422.0
online_match_01/frame_05364.jpg,data\frames_dense2\online_match_01\frame_05364.jpg,0.524,955.5,311.5,970.1,326.3
online_match_01/frame_05364.jpg,data\frames_dense2\online_match_01\frame_05364.jpg,0.251,341.9,405.3,356.7,420.7
online_match_01/frame_05367.jpg,data\frames_dense2\online_match_01\frame_05367.jpg,0.538,955.4,311.6,970.1,326.4
online_match_01/frame_05367.jpg,data\frames_dense2\online_match_01\frame_05367.jpg,0.261,338.9,408.8,352.9,423.2
online_match_01/frame_05370.jpg,data\frames_dense2\online_match_01\frame_05370.jpg,0.559,955.4,311.8,970.1,326.6
online_match_01/frame_05370.jpg,data\frames_dense2\online_match_01\frame_05370.jpg,0.547,1091.1,388.0,1105.4,401.7
online_match_01/frame_05372.jpg,data\frames_dense2\online_match_01\frame_05372.jpg,0.54,955.2,311.6,970.1,326.5
online_match_01/frame_05375.jpg,data\frames_dense2\online_match_01\frame_05375.jpg,0.544,955.2,311.7,970.1,326.7
online_match_01/frame_05378.jpg,data\frames_dense2\online_match_01\frame_05378.jpg,0.537,955.3,311.6,970.1,326.5
online_match_01/frame_05380.jpg,data\frames_dense2\online_match_01\frame_05380.jpg,0.546,955.5,311.7,970.2,326.5
online_match_01/frame_05383.jpg,data\frames_dense2\online_match_01\frame_05383.jpg,0.54,955.5,311.6,970.2,326.4
online_match_01/frame_05386.jpg,data\frames_dense2\online_match_01\frame_05386.jpg,0.535,955.5,311.6,970.2,326.6
online_match_01/frame_05388.jpg,data\frames_dense2\online_match_01\frame_05388.jpg,0.539,955.6,311.5,970.3,326.3
online_match_01/frame_05391.jpg,data\frames_dense2\online_match_01\frame_05391.jpg,0.513,956.0,311.4,970.5,326.3
online_match_01/frame_05394.jpg,data\frames_dense2\online_match_01\frame_05394.jpg,0.504,955.8,311.5,970.5,326.4
online_match_01/frame_05396.jpg,data\frames_dense2\online_match_01\frame_05396.jpg,0.512,956.0,311.8,970.4,326.5
online_match_01/frame_05399.jpg,data\frames_dense2\online_match_01\frame_05399.jpg,0.513,956.0,311.7,970.4,326.4
online_match_02/frame_00113.jpg,data\frames_dense2\online_match_02\frame_00113.jpg,0.713,1114.2,359.1,1134.1,378.3
online_match_02/frame_00115.jpg,data\frames_dense2\online_match_02\frame_00115.jpg,0.609,1112.5,369.2,1130.1,386.1
online_match_02/frame_00118.jpg,data\frames_dense2\online_match_02\frame_00118.jpg,0.746,1102.9,393.7,1125.2,414.5
online_match_02/frame_00120.jpg,data\frames_dense2\online_match_02\frame_00120.jpg,0.805,1104.0,391.6,1126.8,413.1
online_match_02/frame_00123.jpg,data\frames_dense2\online_match_02\frame_00123.jpg,0.592,1111.1,372.8,1129.8,391.4
online_match_02/frame_00126.jpg,data\frames_dense2\online_match_02\frame_00126.jpg,0.703,1114.5,361.4,1134.0,380.0
online_match_02/frame_00128.jpg,data\frames_dense2\online_match_02\frame_00128.jpg,0.696,1118.2,355.3,1138.2,374.5
online_match_02/frame_00131.jpg,data\frames_dense2\online_match_02\frame_00131.jpg,0.653,1116.3,354.6,1136.2,373.7
online_match_02/frame_00133.jpg,data\frames_dense2\online_match_02\frame_00133.jpg,0.603,1115.9,354.8,1135.1,373.2
online_match_02/frame_00136.jpg,data\frames_dense2\online_match_02\frame_00136.jpg,0.255,1110.4,360.6,1130.9,379.8
online_match_02/frame_00139.jpg,data\frames_dense2\online_match_02\frame_00139.jpg,0.822,1104.6,384.3,1126.0,404.8
online_match_02/frame_00141.jpg,data\frames_dense2\online_match_02\frame_00141.jpg,0.839,1103.9,390.8,1126.2,412.0
online_match_02/frame_00144.jpg,data\frames_dense2\online_match_02\frame_00144.jpg,0.696,1107.3,372.3,1125.2,390.9
online_match_02/frame_00146.jpg,data\frames_dense2\online_match_02\frame_00146.jpg,0.584,1109.4,361.2,1129.2,381.2
online_match_02/frame_00149.jpg,data\frames_dense2\online_match_02\frame_00149.jpg,0.801,1106.2,371.5,1126.2,391.2
online_match_02/frame_00152.jpg,data\frames_dense2\online_match_02\frame_00152.jpg,0.724,1105.4,394.1,1127.3,414.8
online_match_02/frame_00154.jpg,data\frames_dense2\online_match_02\frame_00154.jpg,0.7,1108.2,382.9,1129.1,402.1
online_match_02/frame_00157.jpg,data\frames_dense2\online_match_02\frame_00157.jpg,0.609,1111.4,368.6,1130.1,387.9
online_match_02/frame_00159.jpg,data\frames_dense2\online_match_02\frame_00159.jpg,0.725,1107.8,378.4,1130.9,400.2
online_match_02/frame_00162.jpg,data\frames_dense2\online_match_02\frame_00162.jpg,0.79,1107.1,392.0,1129.9,414.2
online_match_02/frame_00165.jpg,data\frames_dense2\online_match_02\frame_00165.jpg,0.743,1109.2,372.2,1127.6,391.6
online_match_02/frame_00167.jpg,data\frames_dense2\online_match_02\frame_00167.jpg,0.666,1107.6,379.5,1130.9,401.4
online_match_02/frame_00170.jpg,data\frames_dense2\online_match_02\frame_00170.jpg,0.744,1107.7,391.5,1130.0,413.6
online_match_02/frame_00172.jpg,data\frames_dense2\online_match_02\frame_00172.jpg,0.766,1108.5,377.2,1130.3,398.6
online_match_02/frame_00175.jpg,data\frames_dense2\online_match_02\frame_00175.jpg,0.61,1108.1,380.4,1131.3,401.7
online_match_02/frame_00178.jpg,data\frames_dense2\online_match_02\frame_00178.jpg,0.723,1109.2,385.9,1130.9,408.0
online_match_02/frame_00180.jpg,data\frames_dense2\online_match_02\frame_00180.jpg,0.648,1108.2,379.6,1130.0,400.6
online_match_02/frame_00183.jpg,data\frames_dense2\online_match_02\frame_00183.jpg,0.758,1107.4,389.1,1130.8,412.3
online_match_02/frame_00185.jpg,data\frames_dense2\online_match_02\frame_00185.jpg,0.735,1108.6,386.2,1129.4,407.2
online_match_02/frame_00188.jpg,data\frames_dense2\online_match_02\frame_00188.jpg,0.597,1107.8,381.0,1129.4,401.2
online_match_02/frame_00190.jpg,data\frames_dense2\online_match_02\frame_00190.jpg,0.705,1106.9,390.9,1131.0,414.0
online_match_02/frame_00193.jpg,data\frames_dense2\online_match_02\frame_00193.jpg,0.783,1108.3,386.5,1129.8,407.7
online_match_02/frame_00196.jpg,data\frames_dense2\online_match_02\frame_00196.jpg,0.801,1107.9,386.5,1130.2,408.3
online_match_02/frame_00198.jpg,data\frames_dense2\online_match_02\frame_00198.jpg,0.74,1106.4,391.9,1130.8,414.8
online_match_02/frame_00201.jpg,data\frames_dense2\online_match_02\frame_00201.jpg,0.619,1108.7,383.2,1128.2,402.0
online_match_02/frame_00203.jpg,data\frames_dense2\online_match_02\frame_00203.jpg,0.755,1107.3,388.4,1131.2,412.0
online_match_02/frame_00206.jpg,data\frames_dense2\online_match_02\frame_00206.jpg,0.746,1107.6,387.6,1130.8,410.3
online_match_02/frame_00209.jpg,data\frames_dense2\online_match_02\frame_00209.jpg,0.797,1108.8,385.6,1129.9,406.5
online_match_02/frame_00211.jpg,data\frames_dense2\online_match_02\frame_00211.jpg,0.668,1107.3,390.0,1131.5,413.5
online_match_02/frame_00214.jpg,data\frames_dense2\online_match_02\frame_00214.jpg,0.674,1109.2,383.5,1128.5,402.6
online_match_02/frame_00216.jpg,data\frames_dense2\online_match_02\frame_00216.jpg,0.679,1109.2,383.5,1128.7,402.7
online_match_02/frame_00219.jpg,data\frames_dense2\online_match_02\frame_00219.jpg,0.707,1108.2,389.7,1131.7,413.0
online_match_02/frame_00222.jpg,data\frames_dense2\online_match_02\frame_00222.jpg,0.689,1109.2,383.5,1129.1,403.5
online_match_02/frame_00224.jpg,data\frames_dense2\online_match_02\frame_00224.jpg,0.74,1108.7,388.6,1131.3,411.5
online_match_02/frame_00227.jpg,data\frames_dense2\online_match_02\frame_00227.jpg,0.818,1108.8,384.8,1129.8,405.8
online_match_02/frame_00229.jpg,data\frames_dense2\online_match_02\frame_00229.jpg,0.693,1109.2,383.1,1129.9,403.5
online_match_02/frame_00232.jpg,data\frames_dense2\online_match_02\frame_00232.jpg,0.772,1106.9,391.4,1130.3,414.1
online_match_02/frame_00235.jpg,data\frames_dense2\online_match_02\frame_00235.jpg,0.709,1109.3,383.5,1129.9,404.6
online_match_02/frame_00237.jpg,data\frames_dense2\online_match_02\frame_00237.jpg,0.715,1109.0,386.8,1131.4,409.3
online_match_02/frame_00240.jpg,data\frames_dense2\online_match_02\frame_00240.jpg,0.713,1108.0,390.3,1131.6,413.6
online_match_02/frame_00242.jpg,data\frames_dense2\online_match_02\frame_00242.jpg,0.583,1109.6,382.7,1130.5,402.4
online_match_02/frame_00245.jpg,data\frames_dense2\online_match_02\frame_00245.jpg,0.656,1106.5,392.4,1131.5,415.8
online_match_02/frame_00248.jpg,data\frames_dense2\online_match_02\frame_00248.jpg,0.699,1109.4,383.6,1130.6,405.3
online_match_02/frame_00250.jpg,data\frames_dense2\online_match_02\frame_00250.jpg,0.776,1108.8,385.4,1130.7,407.0
online_match_02/frame_00253.jpg,data\frames_dense2\online_match_02\frame_00253.jpg,0.754,1107.1,389.4,1131.2,412.7
online_match_02/frame_00255.jpg,data\frames_dense2\online_match_02\frame_00255.jpg,0.589,1108.6,381.6,1131.2,402.4
online_match_02/frame_00258.jpg,data\frames_dense2\online_match_02\frame_00258.jpg,0.755,1107.8,386.2,1131.2,409.0
online_match_02/frame_00261.jpg,data\frames_dense2\online_match_02\frame_00261.jpg,0.614,1108.7,382.3,1130.4,403.3
online_match_02/frame_00263.jpg,data\frames_dense2\online_match_02\frame_00263.jpg,0.703,1109.0,385.1,1130.5,406.6
online_match_02/frame_00266.jpg,data\frames_dense2\online_match_02\frame_00266.jpg,0.687,1107.5,387.7,1130.4,410.0
online_match_02/frame_00268.jpg,data\frames_dense2\online_match_02\frame_00268.jpg,0.521,1108.8,381.3,1131.3,402.0
online_match_02/frame_00271.jpg,data\frames_dense2\online_match_02\frame_00271.jpg,0.61,1108.8,386.9,1131.7,410.0
online_match_02/frame_00273.jpg,data\frames_dense2\online_match_02\frame_00273.jpg,0.622,1109.0,385.7,1131.4,408.2
online_match_02/frame_00276.jpg,data\frames_dense2\online_match_02\frame_00276.jpg,0.62,1108.8,382.3,1130.3,402.6
online_match_02/frame_00279.jpg,data\frames_dense2\online_match_02\frame_00279.jpg,0.646,1108.3,387.6,1131.5,410.7
online_match_02/frame_00281.jpg,data\frames_dense2\online_match_02\frame_00281.jpg,0.573,1108.9,381.8,1130.9,402.1
online_match_02/frame_00284.jpg,data\frames_dense2\online_match_02\frame_00284.jpg,0.672,1108.5,387.6,1131.8,411.0
online_match_02/frame_00286.jpg,data\frames_dense2\online_match_02\frame_00286.jpg,0.755,1108.5,385.3,1130.9,407.5
online_match_02/frame_00289.jpg,data\frames_dense2\online_match_02\frame_00289.jpg,0.583,1108.7,381.9,1130.4,402.0
online_match_02/frame_00292.jpg,data\frames_dense2\online_match_02\frame_00292.jpg,0.689,1108.2,389.2,1131.2,412.2
online_match_02/frame_00294.jpg,data\frames_dense2\online_match_02\frame_00294.jpg,0.716,1108.9,385.0,1130.5,406.7
online_match_02/frame_00297.jpg,data\frames_dense2\online_match_02\frame_00297.jpg,0.599,1109.3,385.9,1131.7,408.6
online_match_02/frame_00299.jpg,data\frames_dense2\online_match_02\frame_00299.jpg,0.599,1109.2,386.3,1132.4,409.1
online_match_02/frame_00302.jpg,data\frames_dense2\online_match_02\frame_00302.jpg,0.524,1110.3,380.7,1131.1,401.4
online_match_02/frame_00305.jpg,data\frames_dense2\online_match_02\frame_00305.jpg,0.675,1107.1,390.3,1130.8,413.3
online_match_02/frame_00307.jpg,data\frames_dense2\online_match_02\frame_00307.jpg,0.664,1109.1,385.4,1131.3,407.7
online_match_02/frame_00310.jpg,data\frames_dense2\online_match_02\frame_00310.jpg,0.644,1109.7,384.8,1132.9,406.7
online_match_02/frame_00312.jpg,data\frames_dense2\online_match_02\frame_00312.jpg,0.544,1109.2,388.8,1132.3,412.4
online_match_02/frame_00315.jpg,data\frames_dense2\online_match_02\frame_00315.jpg,0.648,1110.1,383.0,1131.5,403.9
online_match_02/frame_00318.jpg,data\frames_dense2\online_match_02\frame_00318.jpg,0.676,1110.8,388.5,1134.5,412.3
online_match_02/frame_00320.jpg,data\frames_dense2\online_match_02\frame_00320.jpg,0.665,1112.8,383.8,1134.2,404.7
online_match_02/frame_00323.jpg,data\frames_dense2\online_match_02\frame_00323.jpg,0.716,1114.9,375.1,1135.7,395.3
online_match_02/frame_00325.jpg,data\frames_dense2\online_match_02\frame_00325.jpg,0.526,1116.4,372.2,1136.7,391.5
online_match_02/frame_00328.jpg,data\frames_dense2\online_match_02\frame_00328.jpg,0.426,1121.5,370.3,1140.1,387.9
online_match_02/frame_00333.jpg,data\frames_dense2\online_match_02\frame_00333.jpg,0.479,1114.7,358.2,1134.8,377.9
online_match_02/frame_00336.jpg,data\frames_dense2\online_match_02\frame_00336.jpg,0.574,1113.2,357.3,1132.5,376.6
online_match_02/frame_00338.jpg,data\frames_dense2\online_match_02\frame_00338.jpg,0.366,1112.3,355.4,1130.6,373.7
online_match_02/frame_00349.jpg,data\frames_dense2\online_match_02\frame_00349.jpg,0.635,1096.5,363.6,1115.6,382.1
online_match_02/frame_00351.jpg,data\frames_dense2\online_match_02\frame_00351.jpg,0.634,1090.1,362.3,1111.7,383.0
online_match_02/frame_00354.jpg,data\frames_dense2\online_match_02\frame_00354.jpg,0.548,1083.4,360.7,1102.5,379.7
online_match_02/frame_00362.jpg,data\frames_dense2\online_match_02\frame_00362.jpg,0.381,1056.6,351.8,1076.5,370.1
online_match_02/frame_00364.jpg,data\frames_dense2\online_match_02\frame_00364.jpg,0.373,1038.8,230.8,1058.6,249.9
online_match_02/frame_00375.jpg,data\frames_dense2\online_match_02\frame_00375.jpg,0.485,1088.1,353.3,1109.1,373.6
online_match_02/frame_00380.jpg,data\frames_dense2\online_match_02\frame_00380.jpg,0.307,1024.0,130.9,1040.0,145.5
online_match_02/frame_00382.jpg,data\frames_dense2\online_match_02\frame_00382.jpg,0.508,1020.9,126.8,1038.9,143.7
online_match_02/frame_00385.jpg,data\frames_dense2\online_match_02\frame_00385.jpg,0.571,1020.1,125.5,1038.9,143.6
online_match_02/frame_00388.jpg,data\frames_dense2\online_match_02\frame_00388.jpg,0.763,1017.5,132.3,1035.7,149.4
online_match_02/frame_00390.jpg,data\frames_dense2\online_match_02\frame_00390.jpg,0.654,1018.9,135.2,1035.8,150.8
online_match_02/frame_00395.jpg,data\frames_dense2\online_match_02\frame_00395.jpg,0.609,1018.7,165.2,1038.8,183.6
online_match_02/frame_00398.jpg,data\frames_dense2\online_match_02\frame_00398.jpg,0.339,1023.5,181.7,1042.2,199.4
online_match_02/frame_00401.jpg,data\frames_dense2\online_match_02\frame_00401.jpg,0.608,1035.0,216.8,1053.0,233.6
online_match_02/frame_00403.jpg,data\frames_dense2\online_match_02\frame_00403.jpg,0.51,1039.7,229.0,1055.3,244.5
online_match_02/frame_00406.jpg,data\frames_dense2\online_match_02\frame_00406.jpg,0.559,1040.8,263.5,1056.1,278.0
online_match_02/frame_00408.jpg,data\frames_dense2\online_match_02\frame_00408.jpg,0.698,987.2,261.7,1005.4,279.3
online_match_02/frame_00408.jpg,data\frames_dense2\online_match_02\frame_00408.jpg,0.355,1037.0,330.9,1059.9,350.9
online_match_02/frame_00421.jpg,data\frames_dense2\online_match_02\frame_00421.jpg,0.326,734.8,277.1,751.4,293.9
online_match_02/frame_00424.jpg,data\frames_dense2\online_match_02\frame_00424.jpg,0.273,757.7,274.3,773.9,289.3
online_match_02/frame_00426.jpg,data\frames_dense2\online_match_02\frame_00426.jpg,0.349,340.5,359.8,357.9,377.2
online_match_02/frame_00429.jpg,data\frames_dense2\online_match_02\frame_00429.jpg,0.656,353.4,293.0,374.0,312.4
online_match_02/frame_00432.jpg,data\frames_dense2\online_match_02\frame_00432.jpg,0.704,360.3,258.2,380.3,277.7
online_match_02/frame_00442.jpg,data\frames_dense2\online_match_02\frame_00442.jpg,0.294,356.8,154.2,378.9,175.0
online_match_02/frame_00445.jpg,data\frames_dense2\online_match_02\frame_00445.jpg,0.623,355.0,138.0,374.8,156.9
online_match_02/frame_00447.jpg,data\frames_dense2\online_match_02\frame_00447.jpg,0.345,355.2,125.4,376.0,144.2
online_match_02/frame_00450.jpg,data\frames_dense2\online_match_02\frame_00450.jpg,0.307,352.5,120.9,373.3,140.3
online_match_02/frame_00452.jpg,data\frames_dense2\online_match_02\frame_00452.jpg,0.576,352.0,119.1,370.7,136.9
online_match_02/frame_00455.jpg,data\frames_dense2\online_match_02\frame_00455.jpg,0.502,351.0,123.8,370.6,142.7
online_match_02/frame_00458.jpg,data\frames_dense2\online_match_02\frame_00458.jpg,0.768,349.5,133.3,366.7,150.8
online_match_02/frame_00460.jpg,data\frames_dense2\online_match_02\frame_00460.jpg,0.436,352.5,147.3,367.5,161.6
online_match_02/frame_00463.jpg,data\frames_dense2\online_match_02\frame_00463.jpg,0.355,349.0,161.8,370.7,182.6
online_match_02/frame_00471.jpg,data\frames_dense2\online_match_02\frame_00471.jpg,0.405,353.6,251.9,378.3,273.8
online_match_02/frame_00473.jpg,data\frames_dense2\online_match_02\frame_00473.jpg,0.481,355.5,285.7,380.7,310.3
online_match_02/frame_00481.jpg,data\frames_dense2\online_match_02\frame_00481.jpg,0.562,380.2,282.6,398.2,299.9
online_match_02/frame_00491.jpg,data\frames_dense2\online_match_02\frame_00491.jpg,0.55,463.6,41.4,478.2,54.8
online_match_02/frame_00496.jpg,data\frames_dense2\online_match_02\frame_00496.jpg,0.551,447.8,44.2,464.2,59.5
online_match_02/frame_00499.jpg,data\frames_dense2\online_match_02\frame_00499.jpg,0.868,447.2,36.5,463.0,52.9
online_match_02/frame_00502.jpg,data\frames_dense2\online_match_02\frame_00502.jpg,0.533,450.1,23.4,466.3,39.0
online_match_02/frame_00504.jpg,data\frames_dense2\online_match_02\frame_00504.jpg,0.719,451.3,19.9,466.2,34.7
online_match_02/frame_00507.jpg,data\frames_dense2\online_match_02\frame_00507.jpg,0.277,453.6,20.2,470.3,36.1
online_match_02/frame_00509.jpg,data\frames_dense2\online_match_02\frame_00509.jpg,0.555,451.7,21.3,471.2,39.1
online_match_02/frame_00512.jpg,data\frames_dense2\online_match_02\frame_00512.jpg,0.504,453.2,31.5,472.1,49.0
online_match_02/frame_00517.jpg,data\frames_dense2\online_match_02\frame_00517.jpg,0.268,459.6,60.4,473.8,73.4
online_match_02/frame_00520.jpg,data\frames_dense2\online_match_02\frame_00520.jpg,0.506,453.9,81.7,470.6,97.3
online_match_02/frame_00522.jpg,data\frames_dense2\online_match_02\frame_00522.jpg,0.663,453.1,91.9,470.1,108.6
online_match_02/frame_00528.jpg,data\frames_dense2\online_match_02\frame_00528.jpg,0.571,458.9,157.3,478.0,174.6
online_match_02/frame_00530.jpg,data\frames_dense2\online_match_02\frame_00530.jpg,0.609,452.7,184.5,475.0,204.8
online_match_02/frame_00533.jpg,data\frames_dense2\online_match_02\frame_00533.jpg,0.459,653.9,289.2,669.7,304.9
online_match_02/frame_00535.jpg,data\frames_dense2\online_match_02\frame_00535.jpg,0.272,645.0,287.0,665.5,305.9
online_match_02/frame_00538.jpg,data\frames_dense2\online_match_02\frame_00538.jpg,0.486,624.3,285.6,643.9,303.7
online_match_02/frame_00541.jpg,data\frames_dense2\online_match_02\frame_00541.jpg,0.56,608.2,284.6,627.7,303.6
online_match_02/frame_00543.jpg,data\frames_dense2\online_match_02\frame_00543.jpg,0.466,591.9,283.7,610.3,300.8
online_match_02/frame_00543.jpg,data\frames_dense2\online_match_02\frame_00543.jpg,0.284,579.0,278.7,598.5,295.6
online_match_02/frame_00548.jpg,data\frames_dense2\online_match_02\frame_00548.jpg,0.52,532.9,322.7,550.9,341.4
online_match_02/frame_00548.jpg,data\frames_dense2\online_match_02\frame_00548.jpg,0.307,567.4,284.0,585.2,301.9
online_match_02/frame_00554.jpg,data\frames_dense2\online_match_02\frame_00554.jpg,0.625,490.4,399.8,509.9,418.5
online_match_02/frame_00556.jpg,data\frames_dense2\online_match_02\frame_00556.jpg,0.503,475.5,397.6,493.9,415.3
online_match_02/frame_00569.jpg,data\frames_dense2\online_match_02\frame_00569.jpg,0.362,400.1,234.0,421.2,253.3
online_match_02/frame_00574.jpg,data\frames_dense2\online_match_02\frame_00574.jpg,0.555,378.6,209.3,399.2,229.8
online_match_02/frame_00595.jpg,data\frames_dense2\online_match_02\frame_00595.jpg,0.257,350.5,283.7,370.4,303.1
online_match_02/frame_00598.jpg,data\frames_dense2\online_match_02\frame_00598.jpg,0.766,347.4,320.8,366.7,339.3
online_match_02/frame_00600.jpg,data\frames_dense2\online_match_02\frame_00600.jpg,0.707,345.1,323.6,366.9,345.2
online_match_02/frame_00603.jpg,data\frames_dense2\online_match_02\frame_00603.jpg,0.75,346.9,258.9,366.3,277.5
online_match_02/frame_00605.jpg,data\frames_dense2\online_match_02\frame_00605.jpg,0.417,348.2,214.7,366.5,232.6
online_match_02/frame_00608.jpg,data\frames_dense2\online_match_02\frame_00608.jpg,0.817,347.1,177.1,366.6,196.5
online_match_02/frame_00611.jpg,data\frames_dense2\online_match_02\frame_00611.jpg,0.41,347.7,125.2,367.0,144.6
online_match_02/frame_00613.jpg,data\frames_dense2\online_match_02\frame_00613.jpg,0.428,347.3,108.2,366.7,126.5
online_match_02/frame_00616.jpg,data\frames_dense2\online_match_02\frame_00616.jpg,0.563,345.5,69.4,367.1,90.5
online_match_02/frame_00618.jpg,data\frames_dense2\online_match_02\frame_00618.jpg,0.427,345.0,57.8,366.5,77.5
online_match_02/frame_00621.jpg,data\frames_dense2\online_match_02\frame_00621.jpg,0.575,347.1,29.6,366.3,48.2
online_match_02/frame_00624.jpg,data\frames_dense2\online_match_02\frame_00624.jpg,0.749,343.9,17.0,366.0,37.0
online_match_02/frame_00626.jpg,data\frames_dense2\online_match_02\frame_00626.jpg,0.641,344.2,10.8,365.9,30.4
online_match_02/frame_00629.jpg,data\frames_dense2\online_match_02\frame_00629.jpg,0.632,340.4,5.8,360.6,26.2
online_match_02/frame_00631.jpg,data\frames_dense2\online_match_02\frame_00631.jpg,0.695,339.8,8.4,359.9,28.7
online_match_02/frame_00634.jpg,data\frames_dense2\online_match_02\frame_00634.jpg,0.644,336.8,15.8,357.5,35.1
online_match_02/frame_00637.jpg,data\frames_dense2\online_match_02\frame_00637.jpg,0.589,336.7,28.0,358.2,47.8
online_match_02/frame_00639.jpg,data\frames_dense2\online_match_02\frame_00639.jpg,0.315,335.8,47.0,357.0,67.1
online_match_02/frame_00647.jpg,data\frames_dense2\online_match_02\frame_00647.jpg,0.651,324.9,147.1,347.9,168.9
online_match_02/frame_00649.jpg,data\frames_dense2\online_match_02\frame_00649.jpg,0.687,320.4,167.4,345.6,189.5
online_match_02/frame_00652.jpg,data\frames_dense2\online_match_02\frame_00652.jpg,0.573,314.8,226.8,338.2,250.1
online_match_02/frame_00655.jpg,data\frames_dense2\online_match_02\frame_00655.jpg,0.574,303.8,271.1,328.0,293.6
online_match_02/frame_00657.jpg,data\frames_dense2\online_match_02\frame_00657.jpg,0.704,295.8,322.3,318.5,344.3
online_match_02/frame_00673.jpg,data\frames_dense2\online_match_02\frame_00673.jpg,0.64,864.4,293.0,887.9,315.5
online_match_02/frame_00678.jpg,data\frames_dense2\online_match_02\frame_00678.jpg,0.653,986.7,330.9,1007.0,350.7
online_match_02/frame_00683.jpg,data\frames_dense2\online_match_02\frame_00683.jpg,0.695,955.8,228.7,981.9,253.8
online_match_02/frame_00686.jpg,data\frames_dense2\online_match_02\frame_00686.jpg,0.648,940.7,187.9,962.9,208.3
online_match_02/frame_00688.jpg,data\frames_dense2\online_match_02\frame_00688.jpg,0.854,925.6,147.4,943.8,165.5
online_match_02/frame_00694.jpg,data\frames_dense2\online_match_02\frame_00694.jpg,0.847,878.0,65.0,902.8,88.0
online_match_02/frame_00696.jpg,data\frames_dense2\online_match_02\frame_00696.jpg,0.672,871.4,53.2,896.1,77.1
online_match_02/frame_00699.jpg,data\frames_dense2\online_match_02\frame_00699.jpg,0.847,847.9,18.5,870.3,39.5
online_match_02/frame_00701.jpg,data\frames_dense2\online_match_02\frame_00701.jpg,0.72,833.7,5.9,858.7,28.8
online_match_02/frame_00704.jpg,data\frames_dense2\online_match_02\frame_00704.jpg,0.565,816.8,1.0,837.7,21.3
online_match_02/frame_00712.jpg,data\frames_dense2\online_match_02\frame_00712.jpg,0.769,770.1,6.4,790.0,25.2
online_match_02/frame_00714.jpg,data\frames_dense2\online_match_02\frame_00714.jpg,0.76,763.7,7.1,784.0,27.4
online_match_02/frame_00717.jpg,data\frames_dense2\online_match_02\frame_00717.jpg,0.657,748.3,28.3,769.9,47.7
online_match_02/frame_00720.jpg,data\frames_dense2\online_match_02\frame_00720.jpg,0.896,733.1,50.8,750.6,68.6
online_match_02/frame_00722.jpg,data\frames_dense2\online_match_02\frame_00722.jpg,0.766,716.6,72.5,739.1,93.6
online_match_02/frame_00725.jpg,data\frames_dense2\online_match_02\frame_00725.jpg,0.84,698.5,115.2,720.7,137.4
online_match_02/frame_00727.jpg,data\frames_dense2\online_match_02\frame_00727.jpg,0.735,691.4,132.7,712.2,152.7
online_match_02/frame_00730.jpg,data\frames_dense2\online_match_02\frame_00730.jpg,0.557,669.4,189.6,689.3,208.8
online_match_02/frame_00732.jpg,data\frames_dense2\online_match_02\frame_00732.jpg,0.712,663.6,211.2,681.9,229.5
online_match_02/frame_00740.jpg,data\frames_dense2\online_match_02\frame_00740.jpg,0.704,601.3,390.5,622.7,411.0
online_match_02/frame_00743.jpg,data\frames_dense2\online_match_02\frame_00743.jpg,0.724,569.5,482.4,591.1,503.6
online_match_02/frame_00745.jpg,data\frames_dense2\online_match_02\frame_00745.jpg,0.298,559.3,513.7,581.1,534.3
online_match_02/frame_00753.jpg,data\frames_dense2\online_match_02\frame_00753.jpg,0.5,511.7,507.4,538.7,530.0
online_match_02/frame_00758.jpg,data\frames_dense2\online_match_02\frame_00758.jpg,0.514,496.9,446.1,519.2,465.5
online_match_02/frame_00764.jpg,data\frames_dense2\online_match_02\frame_00764.jpg,0.319,474.1,394.1,497.4,415.5
online_match_02/frame_00766.jpg,data\frames_dense2\online_match_02\frame_00766.jpg,0.471,465.0,384.1,485.9,404.0
online_match_02/frame_00777.jpg,data\frames_dense2\online_match_02\frame_00777.jpg,0.706,419.3,400.3,445.2,423.5
online_match_02/frame_00779.jpg,data\frames_dense2\online_match_02\frame_00779.jpg,0.81,412.0,420.0,433.3,440.4
online_match_02/frame_00782.jpg,data\frames_dense2\online_match_02\frame_00782.jpg,0.375,403.8,443.1,430.8,467.5
online_match_02/frame_00784.jpg,data\frames_dense2\online_match_02\frame_00784.jpg,0.36,394.8,472.9,417.9,494.8
online_match_02/frame_00787.jpg,data\frames_dense2\online_match_02\frame_00787.jpg,0.573,385.9,511.3,406.5,529.4
online_match_02/frame_00790.jpg,data\frames_dense2\online_match_02\frame_00790.jpg,0.49,370.4,567.1,399.2,592.6
online_match_02/frame_00792.jpg,data\frames_dense2\online_match_02\frame_00792.jpg,0.428,366.9,596.0,395.3,619.7
online_match_02/frame_00795.jpg,data\frames_dense2\online_match_02\frame_00795.jpg,0.449,353.9,651.0,382.4,677.3
online_match_02/frame_00797.jpg,data\frames_dense2\online_match_02\frame_00797.jpg,0.644,340.9,619.9,367.5,645.9
online_match_02/frame_00797.jpg,data\frames_dense2\online_match_02\frame_00797.jpg,0.292,338.3,616.3,372.5,646.2
online_match_02/frame_00800.jpg,data\frames_dense2\online_match_02\frame_00800.jpg,0.429,328.2,589.5,354.4,614.0
online_match_02/frame_00803.jpg,data\frames_dense2\online_match_02\frame_00803.jpg,0.648,309.6,554.8,337.2,582.5
online_match_02/frame_00805.jpg,data\frames_dense2\online_match_02\frame_00805.jpg,0.634,304.5,548.2,333.5,574.8
online_match_02/frame_00808.jpg,data\frames_dense2\online_match_02\frame_00808.jpg,0.576,285.9,534.3,314.8,559.6
online_match_02/frame_00810.jpg,data\frames_dense2\online_match_02\frame_00810.jpg,0.763,278.8,529.7,306.9,557.5
online_match_02/frame_00813.jpg,data\frames_dense2\online_match_02\frame_00813.jpg,0.724,259.6,534.6,287.4,561.3
online_match_02/frame_00815.jpg,data\frames_dense2\online_match_02\frame_00815.jpg,0.575,244.3,541.9,273.7,570.9
online_match_02/frame_00818.jpg,data\frames_dense2\online_match_02\frame_00818.jpg,0.593,231.8,558.0,262.4,587.6
online_match_02/frame_00821.jpg,data\frames_dense2\online_match_02\frame_00821.jpg,0.351,216.0,590.7,246.5,620.0
online_match_02/frame_00823.jpg,data\frames_dense2\online_match_02\frame_00823.jpg,0.704,211.2,608.2,239.1,636.0
online_match_02/frame_00826.jpg,data\frames_dense2\online_match_02\frame_00826.jpg,0.494,193.1,659.6,222.6,687.1
online_match_02/frame_00828.jpg,data\frames_dense2\online_match_02\frame_00828.jpg,0.582,187.5,679.4,219.7,707.7
online_match_02/frame_00831.jpg,data\frames_dense2\online_match_02\frame_00831.jpg,0.525,167.9,681.9,197.4,709.0
online_match_02/frame_00834.jpg,data\frames_dense2\online_match_02\frame_00834.jpg,0.455,153.6,658.8,182.2,685.3
online_match_02/frame_00836.jpg,data\frames_dense2\online_match_02\frame_00836.jpg,0.398,139.5,640.9,169.6,667.7
online_match_02/frame_00839.jpg,data\frames_dense2\online_match_02\frame_00839.jpg,0.601,122.0,624.2,151.9,652.3
online_match_02/frame_00841.jpg,data\frames_dense2\online_match_02\frame_00841.jpg,0.608,117.2,624.0,143.1,648.0
online_match_02/frame_00844.jpg,data\frames_dense2\online_match_02\frame_00844.jpg,0.472,97.1,626.3,126.3,653.6
online_match_02/frame_00847.jpg,data\frames_dense2\online_match_02\frame_00847.jpg,0.255,87.1,637.4,113.6,662.1
online_match_02/frame_00852.jpg,data\frames_dense2\online_match_02\frame_00852.jpg,0.505,59.5,675.9,90.9,703.8
online_match_02/frame_00854.jpg,data\frames_dense2\online_match_02\frame_00854.jpg,0.627,50.5,703.0,78.3,720.0
online_match_02/frame_00860.jpg,data\frames_dense2\online_match_02\frame_00860.jpg,0.307,18.8,702.7,48.0,720.0
online_match_02/frame_00867.jpg,data\frames_dense2\online_match_02\frame_00867.jpg,0.256,0.0,687.2,18.0,707.8
online_match_02/frame_00950.jpg,data\frames_dense2\online_match_02\frame_00950.jpg,0.272,251.1,388.3,269.1,406.1
online_match_02/frame_01031.jpg,data\frames_dense2\online_match_02\frame_01031.jpg,0.269,987.5,396.0,1008.0,415.7
online_match_02/frame_01083.jpg,data\frames_dense2\online_match_02\frame_01083.jpg,0.355,96.5,347.1,117.3,366.9
online_match_02/frame_01085.jpg,data\frames_dense2\online_match_02\frame_01085.jpg,0.384,73.9,436.1,93.9,456.5
online_match_02/frame_01085.jpg,data\frames_dense2\online_match_02\frame_01085.jpg,0.38,103.3,349.6,123.4,370.6
online_match_02/frame_01096.jpg,data\frames_dense2\online_match_02\frame_01096.jpg,0.661,94.2,441.9,119.2,465.1
online_match_02/frame_01098.jpg,data\frames_dense2\online_match_02\frame_01098.jpg,0.582,94.4,428.3,116.8,449.0
online_match_02/frame_01103.jpg,data\frames_dense2\online_match_02\frame_01103.jpg,0.295,105.0,373.9,122.8,392.8
online_match_02/frame_01106.jpg,data\frames_dense2\online_match_02\frame_01106.jpg,0.304,110.1,371.0,128.6,389.9
online_match_02/frame_01109.jpg,data\frames_dense2\online_match_02\frame_01109.jpg,0.388,116.1,371.0,137.8,392.7
online_match_02/frame_01111.jpg,data\frames_dense2\online_match_02\frame_01111.jpg,0.557,119.4,372.9,141.2,394.4
online_match_02/frame_01114.jpg,data\frames_dense2\online_match_02\frame_01114.jpg,0.831,126.6,399.2,148.6,420.4
online_match_02/frame_01116.jpg,data\frames_dense2\online_match_02\frame_01116.jpg,0.749,127.6,410.2,149.4,430.3
online_match_02/frame_01119.jpg,data\frames_dense2\online_match_02\frame_01119.jpg,0.754,130.8,420.4,155.0,443.9
online_match_02/frame_01121.jpg,data\frames_dense2\online_match_02\frame_01121.jpg,0.683,133.7,404.3,154.4,426.0
online_match_02/frame_01124.jpg,data\frames_dense2\online_match_02\frame_01124.jpg,0.69,135.0,391.6,154.6,412.0
online_match_02/frame_01127.jpg,data\frames_dense2\online_match_02\frame_01127.jpg,0.72,138.3,395.8,158.6,415.0
online_match_02/frame_01129.jpg,data\frames_dense2\online_match_02\frame_01129.jpg,0.663,139.8,411.4,160.9,431.5
online_match_02/frame_01132.jpg,data\frames_dense2\online_match_02\frame_01132.jpg,0.852,144.4,409.9,166.5,430.4
online_match_02/frame_01134.jpg,data\frames_dense2\online_match_02\frame_01134.jpg,0.707,144.6,398.2,167.2,418.0
online_match_02/frame_01137.jpg,data\frames_dense2\online_match_02\frame_01137.jpg,0.252,150.7,371.2,170.1,390.9
online_match_02/frame_01145.jpg,data\frames_dense2\online_match_02\frame_01145.jpg,0.251,121.0,405.2,139.8,423.5
online_match_02/frame_01147.jpg,data\frames_dense2\online_match_02\frame_01147.jpg,0.309,121.6,404.2,140.5,422.7
online_match_02/frame_01150.jpg,data\frames_dense2\online_match_02\frame_01150.jpg,0.756,160.6,395.0,182.9,414.8
online_match_02/frame_01153.jpg,data\frames_dense2\online_match_02\frame_01153.jpg,0.768,160.4,414.7,186.3,437.7
online_match_02/frame_01155.jpg,data\frames_dense2\online_match_02\frame_01155.jpg,0.786,160.9,415.2,185.1,437.2
online_match_02/frame_01158.jpg,data\frames_dense2\online_match_02\frame_01158.jpg,0.743,160.3,399.4,181.8,418.3
online_match_02/frame_01160.jpg,data\frames_dense2\online_match_02\frame_01160.jpg,0.721,159.1,385.6,177.8,403.6
online_match_02/frame_01163.jpg,data\frames_dense2\online_match_02\frame_01163.jpg,0.598,158.7,382.2,178.8,401.1
online_match_02/frame_01166.jpg,data\frames_dense2\online_match_02\frame_01166.jpg,0.737,159.2,410.8,181.5,431.3
online_match_02/frame_01168.jpg,data\frames_dense2\online_match_02\frame_01168.jpg,0.841,158.0,405.4,181.7,428.0
online_match_02/frame_01171.jpg,data\frames_dense2\online_match_02\frame_01171.jpg,0.822,158.8,385.4,178.7,404.9
online_match_02/frame_01173.jpg,data\frames_dense2\online_match_02\frame_01173.jpg,0.27,159.3,367.1,185.7,390.0
online_match_02/frame_01181.jpg,data\frames_dense2\online_match_02\frame_01181.jpg,0.549,157.1,340.8,178.1,361.4
online_match_02/frame_01184.jpg,data\frames_dense2\online_match_02\frame_01184.jpg,0.308,158.0,343.2,179.3,363.1
online_match_02/frame_01186.jpg,data\frames_dense2\online_match_02\frame_01186.jpg,0.335,159.4,347.3,181.0,367.1
online_match_02/frame_01191.jpg,data\frames_dense2\online_match_02\frame_01191.jpg,0.28,160.0,369.3,186.8,391.8
online_match_02/frame_01194.jpg,data\frames_dense2\online_match_02\frame_01194.jpg,0.678,158.4,385.8,180.6,406.8
online_match_02/frame_01194.jpg,data\frames_dense2\online_match_02\frame_01194.jpg,0.26,163.6,378.2,189.5,399.2
online_match_02/frame_01197.jpg,data\frames_dense2\online_match_02\frame_01197.jpg,0.773,156.0,421.8,177.8,443.8
online_match_02/frame_01199.jpg,data\frames_dense2\online_match_02\frame_01199.jpg,0.718,151.8,409.9,171.7,429.3
online_match_02/frame_01202.jpg,data\frames_dense2\online_match_02\frame_01202.jpg,0.831,145.6,395.7,166.8,415.0
online_match_02/frame_01204.jpg,data\frames_dense2\online_match_02\frame_01204.jpg,0.694,141.9,385.1,159.1,401.7
online_match_02/frame_01207.jpg,data\frames_dense2\online_match_02\frame_01207.jpg,0.593,137.7,377.0,156.8,395.7
online_match_02/frame_01210.jpg,data\frames_dense2\online_match_02\frame_01210.jpg,0.792,142.4,421.0,165.8,443.8
online_match_02/frame_01212.jpg,data\frames_dense2\online_match_02\frame_01212.jpg,0.802,142.5,419.9,166.2,443.0
online_match_02/frame_01215.jpg,data\frames_dense2\online_match_02\frame_01215.jpg,0.711,144.5,385.1,165.9,405.1
online_match_02/frame_01233.jpg,data\frames_dense2\online_match_02\frame_01233.jpg,0.769,155.1,396.8,174.9,416.3
online_match_02/frame_01236.jpg,data\frames_dense2\online_match_02\frame_01236.jpg,0.87,155.6,417.6,178.9,439.7
online_match_02/frame_01238.jpg,data\frames_dense2\online_match_02\frame_01238.jpg,0.797,154.4,423.3,176.9,445.8
online_match_02/frame_01241.jpg,data\frames_dense2\online_match_02\frame_01241.jpg,0.819,148.9,401.3,170.9,421.9
online_match_02/frame_01243.jpg,data\frames_dense2\online_match_02\frame_01243.jpg,0.678,149.2,394.9,170.0,414.9
online_match_02/frame_01246.jpg,data\frames_dense2\online_match_02\frame_01246.jpg,0.812,146.3,384.7,167.2,404.7
online_match_02/frame_01249.jpg,data\frames_dense2\online_match_02\frame_01249.jpg,0.809,149.8,402.5,169.6,422.5
online_match_02/frame_01251.jpg,data\frames_dense2\online_match_02\frame_01251.jpg,0.761,151.5,421.4,174.0,443.7
online_match_02/frame_01254.jpg,data\frames_dense2\online_match_02\frame_01254.jpg,0.646,148.7,419.3,171.2,440.5
online_match_02/frame_01256.jpg,data\frames_dense2\online_match_02\frame_01256.jpg,0.768,149.8,403.0,168.8,422.5
online_match_02/frame_01259.jpg,data\frames_dense2\online_match_02\frame_01259.jpg,0.476,149.8,384.2,168.8,401.6
online_match_02/frame_01262.jpg,data\frames_dense2\online_match_02\frame_01262.jpg,0.656,146.9,375.1,168.4,395.7
online_match_02/frame_01264.jpg,data\frames_dense2\online_match_02\frame_01264.jpg,0.592,146.2,370.8,167.4,391.3
online_match_02/frame_01267.jpg,data\frames_dense2\online_match_02\frame_01267.jpg,0.606,148.3,372.0,167.8,391.9
online_match_02/frame_01269.jpg,data\frames_dense2\online_match_02\frame_01269.jpg,0.527,148.1,381.7,167.4,400.0
online_match_02/frame_01272.jpg,data\frames_dense2\online_match_02\frame_01272.jpg,0.451,151.7,388.3,170.4,406.9
online_match_02/frame_01272.jpg,data\frames_dense2\online_match_02\frame_01272.jpg,0.422,172.3,355.2,194.4,376.6
online_match_02/frame_01274.jpg,data\frames_dense2\online_match_02\frame_01274.jpg,0.701,154.3,405.0,171.4,422.5
online_match_02/frame_01274.jpg,data\frames_dense2\online_match_02\frame_01274.jpg,0.554,172.3,355.7,195.0,377.5
online_match_02/frame_01277.jpg,data\frames_dense2\online_match_02\frame_01277.jpg,0.552,151.1,429.4,174.5,451.2
online_match_02/frame_01280.jpg,data\frames_dense2\online_match_02\frame_01280.jpg,0.723,154.4,421.4,175.1,443.6
online_match_02/frame_01282.jpg,data\frames_dense2\online_match_02\frame_01282.jpg,0.687,156.2,410.4,174.3,427.6
online_match_02/frame_01282.jpg,data\frames_dense2\online_match_02\frame_01282.jpg,0.311,172.0,354.9,193.8,376.5
online_match_02/frame_01285.jpg,data\frames_dense2\online_match_02\frame_01285.jpg,0.624,155.6,400.9,174.3,418.7
online_match_02/frame_01285.jpg,data\frames_dense2\online_match_02\frame_01285.jpg,0.284,143.5,403.3,171.1,425.6
online_match_02/frame_01287.jpg,data\frames_dense2\online_match_02\frame_01287.jpg,0.732,156.1,395.1,174.5,413.2
online_match_02/frame_01290.jpg,data\frames_dense2\online_match_02\frame_01290.jpg,0.707,156.2,410.5,175.1,429.0
online_match_02/frame_01293.jpg,data\frames_dense2\online_match_02\frame_01293.jpg,0.752,155.1,422.8,178.0,445.3
online_match_02/frame_01295.jpg,data\frames_dense2\online_match_02\frame_01295.jpg,0.752,155.0,404.4,174.9,423.4
online_match_02/frame_01298.jpg,data\frames_dense2\online_match_02\frame_01298.jpg,0.689,153.3,391.1,174.2,411.2
online_match_02/frame_01300.jpg,data\frames_dense2\online_match_02\frame_01300.jpg,0.556,156.9,384.6,175.0,401.4
online_match_02/frame_01303.jpg,data\frames_dense2\online_match_02\frame_01303.jpg,0.659,159.9,384.3,177.7,401.3
online_match_02/frame_01306.jpg,data\frames_dense2\online_match_02\frame_01306.jpg,0.636,167.6,405.6,185.4,423.6
online_match_02/frame_01308.jpg,data\frames_dense2\online_match_02\frame_01308.jpg,0.625,169.4,414.1,189.1,433.5
online_match_02/frame_01311.jpg,data\frames_dense2\online_match_02\frame_01311.jpg,0.763,172.1,416.3,191.1,435.5
online_match_02/frame_01313.jpg,data\frames_dense2\online_match_02\frame_01313.jpg,0.699,172.5,400.0,190.4,417.5
online_match_02/frame_01316.jpg,data\frames_dense2\online_match_02\frame_01316.jpg,0.783,172.4,386.1,190.7,404.7
online_match_02/frame_01319.jpg,data\frames_dense2\online_match_02\frame_01319.jpg,0.673,170.3,370.0,193.1,391.7
online_match_02/frame_01321.jpg,data\frames_dense2\online_match_02\frame_01321.jpg,0.642,171.0,368.1,193.6,389.3
online_match_02/frame_01324.jpg,data\frames_dense2\online_match_02\frame_01324.jpg,0.568,170.3,366.0,193.7,387.8
online_match_02/frame_01326.jpg,data\frames_dense2\online_match_02\frame_01326.jpg,0.579,169.4,366.6,192.9,388.5
online_match_02/frame_01329.jpg,data\frames_dense2\online_match_02\frame_01329.jpg,0.587,169.5,393.2,187.0,410.3
online_match_02/frame_01332.jpg,data\frames_dense2\online_match_02\frame_01332.jpg,0.636,165.6,412.2,186.7,431.7
online_match_02/frame_01332.jpg,data\frames_dense2\online_match_02\frame_01332.jpg,0.401,170.9,356.4,193.4,377.6
online_match_02/frame_01332.jpg,data\frames_dense2\online_match_02\frame_01332.jpg,0.306,161.3,411.7,188.4,434.5
online_match_02/frame_01334.jpg,data\frames_dense2\online_match_02\frame_01334.jpg,0.675,160.9,417.6,186.7,440.8
online_match_02/frame_01334.jpg,data\frames_dense2\online_match_02\frame_01334.jpg,0.431,170.6,355.5,193.5,377.3
online_match_02/frame_01337.jpg,data\frames_dense2\online_match_02\frame_01337.jpg,0.754,160.4,395.6,180.1,414.0
online_match_02/frame_01339.jpg,data\frames_dense2\online_match_02\frame_01339.jpg,0.802,159.7,387.2,177.0,405.0
online_match_02/frame_01342.jpg,data\frames_dense2\online_match_02\frame_01342.jpg,0.631,154.0,370.7,174.2,390.2
online_match_02/frame_01345.jpg,data\frames_dense2\online_match_02\frame_01345.jpg,0.48,151.6,367.0,171.2,385.3
online_match_02/frame_01347.jpg,data\frames_dense2\online_match_02\frame_01347.jpg,0.403,150.1,361.7,170.8,381.0
online_match_02/frame_01350.jpg,data\frames_dense2\online_match_02\frame_01350.jpg,0.369,149.9,360.2,170.6,379.0
online_match_02/frame_01352.jpg,data\frames_dense2\online_match_02\frame_01352.jpg,0.381,149.4,360.1,169.7,378.7
online_match_02/frame_01352.jpg,data\frames_dense2\online_match_02\frame_01352.jpg,0.323,153.4,358.0,173.1,377.6
online_match_02/frame_01355.jpg,data\frames_dense2\online_match_02\frame_01355.jpg,0.536,149.1,363.5,171.0,383.9
online_match_02/frame_01357.jpg,data\frames_dense2\online_match_02\frame_01357.jpg,0.457,148.9,368.7,170.1,388.4
online_match_02/frame_01360.jpg,data\frames_dense2\online_match_02\frame_01360.jpg,0.766,155.0,392.6,174.1,410.9
online_match_02/frame_01363.jpg,data\frames_dense2\online_match_02\frame_01363.jpg,0.793,155.1,410.7,174.4,429.7
online_match_02/frame_01365.jpg,data\frames_dense2\online_match_02\frame_01365.jpg,0.813,154.7,417.1,175.3,437.4
online_match_02/frame_01368.jpg,data\frames_dense2\online_match_02\frame_01368.jpg,0.889,156.8,403.4,174.8,421.5
online_match_02/frame_01368.jpg,data\frames_dense2\online_match_02\frame_01368.jpg,0.27,176.0,351.8,198.5,373.2
online_match_02/frame_01370.jpg,data\frames_dense2\online_match_02\frame_01370.jpg,0.779,155.6,392.3,174.3,410.5
online_match_02/frame_01373.jpg,data\frames_dense2\online_match_02\frame_01373.jpg,0.651,156.8,379.4,175.5,396.9
online_match_02/frame_01376.jpg,data\frames_dense2\online_match_02\frame_01376.jpg,0.746,156.4,374.1,175.4,392.4
online_match_02/frame_01378.jpg,data\frames_dense2\online_match_02\frame_01378.jpg,0.511,158.8,376.9,178.7,395.0
online_match_02/frame_01381.jpg,data\frames_dense2\online_match_02\frame_01381.jpg,0.795,160.3,386.1,180.6,405.1
online_match_02/frame_01383.jpg,data\frames_dense2\online_match_02\frame_01383.jpg,0.827,163.3,404.6,183.3,424.5
online_match_02/frame_01386.jpg,data\frames_dense2\online_match_02\frame_01386.jpg,0.733,165.4,422.4,187.6,444.8
online_match_02/frame_01389.jpg,data\frames_dense2\online_match_02\frame_01389.jpg,0.827,165.0,402.0,186.1,422.9
online_match_02/frame_01391.jpg,data\frames_dense2\online_match_02\frame_01391.jpg,0.646,164.7,392.3,184.7,412.2
online_match_02/frame_01394.jpg,data\frames_dense2\online_match_02\frame_01394.jpg,0.704,165.9,385.4,184.2,403.5
online_match_02/frame_01396.jpg,data\frames_dense2\online_match_02\frame_01396.jpg,0.637,169.3,384.1,187.3,401.0
online_match_02/frame_01399.jpg,data\frames_dense2\online_match_02\frame_01399.jpg,0.529,172.7,381.3,194.0,399.6
online_match_02/frame_01402.jpg,data\frames_dense2\online_match_02\frame_01402.jpg,0.67,178.2,384.0,198.4,402.1
online_match_02/frame_01404.jpg,data\frames_dense2\online_match_02\frame_01404.jpg,0.724,181.1,384.7,199.8,403.9
online_match_02/frame_01407.jpg,data\frames_dense2\online_match_02\frame_01407.jpg,0.813,185.9,388.8,205.3,407.3
online_match_02/frame_01409.jpg,data\frames_dense2\online_match_02\frame_01409.jpg,0.809,188.1,391.7,206.4,410.2
online_match_02/frame_01412.jpg,data\frames_dense2\online_match_02\frame_01412.jpg,0.732,189.5,392.8,208.4,411.9
online_match_02/frame_01415.jpg,data\frames_dense2\online_match_02\frame_01415.jpg,0.66,198.7,391.1,218.8,411.9
online_match_02/frame_01417.jpg,data\frames_dense2\online_match_02\frame_01417.jpg,0.833,202.6,388.1,222.7,408.0
online_match_02/frame_01420.jpg,data\frames_dense2\online_match_02\frame_01420.jpg,0.491,216.3,368.6,237.5,388.3
online_match_02/frame_01420.jpg,data\frames_dense2\online_match_02\frame_01420.jpg,0.332,158.0,354.3,179.5,375.0
online_match_02/frame_01422.jpg,data\frames_dense2\online_match_02\frame_01422.jpg,0.434,155.8,354.0,178.5,375.2
online_match_02/frame_01425.jpg,data\frames_dense2\online_match_02\frame_01425.jpg,0.442,221.9,325.2,241.5,344.4
online_match_02/frame_01430.jpg,data\frames_dense2\online_match_02\frame_01430.jpg,0.673,223.9,299.6,242.7,317.1
online_match_02/frame_01433.jpg,data\frames_dense2\online_match_02\frame_01433.jpg,0.551,222.2,284.1,244.6,303.9
online_match_02/frame_01435.jpg,data\frames_dense2\online_match_02\frame_01435.jpg,0.695,224.7,282.0,245.5,300.9
online_match_02/frame_01438.jpg,data\frames_dense2\online_match_02\frame_01438.jpg,0.642,227.5,278.5,246.0,296.3
online_match_02/frame_01440.jpg,data\frames_dense2\online_match_02\frame_01440.jpg,0.746,227.2,278.5,246.2,296.2
online_match_02/frame_01443.jpg,data\frames_dense2\online_match_02\frame_01443.jpg,0.622,228.0,283.4,248.1,302.3
online_match_02/frame_01446.jpg,data\frames_dense2\online_match_02\frame_01446.jpg,0.778,228.3,290.7,249.4,311.0
online_match_02/frame_01472.jpg,data\frames_dense2\online_match_02\frame_01472.jpg,0.301,817.5,312.3,837.2,331.4
online_match_02/frame_01474.jpg,data\frames_dense2\online_match_02\frame_01474.jpg,0.539,875.5,334.5,897.7,356.7
online_match_02/frame_01477.jpg,data\frames_dense2\online_match_02\frame_01477.jpg,0.344,939.3,355.6,959.7,375.6
online_match_02/frame_01479.jpg,data\frames_dense2\online_match_02\frame_01479.jpg,0.833,960.4,353.4,982.6,374.0
online_match_02/frame_01482.jpg,data\frames_dense2\online_match_02\frame_01482.jpg,0.491,942.5,315.2,965.5,336.3
online_match_02/frame_01485.jpg,data\frames_dense2\online_match_02\frame_01485.jpg,0.791,925.2,258.4,943.4,276.9
online_match_02/frame_01487.jpg,data\frames_dense2\online_match_02\frame_01487.jpg,0.668,910.6,228.5,932.6,249.1
online_match_02/frame_01490.jpg,data\frames_dense2\online_match_02\frame_01490.jpg,0.502,896.9,204.9,918.9,224.9
online_match_02/frame_01492.jpg,data\frames_dense2\online_match_02\frame_01492.jpg,0.458,888.2,184.9,908.4,204.2
online_match_02/frame_01495.jpg,data\frames_dense2\online_match_02\frame_01495.jpg,0.717,877.7,169.6,896.5,187.9
online_match_02/frame_01498.jpg,data\frames_dense2\online_match_02\frame_01498.jpg,0.471,861.5,155.8,884.6,177.8
online_match_02/frame_01500.jpg,data\frames_dense2\online_match_02\frame_01500.jpg,0.394,852.4,153.0,876.2,173.4
online_match_02/frame_01503.jpg,data\frames_dense2\online_match_02\frame_01503.jpg,0.69,839.7,148.1,858.3,166.9
online_match_02/frame_01505.jpg,data\frames_dense2\online_match_02\frame_01505.jpg,0.668,827.4,150.1,851.6,172.9
online_match_02/frame_01508.jpg,data\frames_dense2\online_match_02\frame_01508.jpg,0.276,818.3,159.7,839.9,180.7
online_match_02/frame_01510.jpg,data\frames_dense2\online_match_02\frame_01510.jpg,0.603,810.8,172.2,831.1,191.3
online_match_02/frame_01518.jpg,data\frames_dense2\online_match_02\frame_01518.jpg,0.605,790.9,227.0,813.9,248.9
online_match_02/frame_01521.jpg,data\frames_dense2\online_match_02\frame_01521.jpg,0.584,781.3,265.6,804.8,287.0
online_match_02/frame_01523.jpg,data\frames_dense2\online_match_02\frame_01523.jpg,0.871,783.8,275.0,808.0,297.7
online_match_02/frame_01526.jpg,data\frames_dense2\online_match_02\frame_01526.jpg,0.809,785.0,262.9,807.6,284.4
online_match_02/frame_01529.jpg,data\frames_dense2\online_match_02\frame_01529.jpg,0.581,782.1,253.4,806.6,278.1
online_match_02/frame_01531.jpg,data\frames_dense2\online_match_02\frame_01531.jpg,0.517,782.3,254.3,804.8,277.1
online_match_02/frame_01536.jpg,data\frames_dense2\online_match_02\frame_01536.jpg,0.682,779.6,257.3,805.2,281.2
online_match_02/frame_01552.jpg,data\frames_dense2\online_match_02\frame_01552.jpg,0.672,485.6,376.9,510.3,400.6
online_match_02/frame_01555.jpg,data\frames_dense2\online_match_02\frame_01555.jpg,0.808,507.1,321.9,527.0,341.3
online_match_02/frame_01557.jpg,data\frames_dense2\online_match_02\frame_01557.jpg,0.293,517.7,266.7,542.2,288.7
online_match_02/frame_01560.jpg,data\frames_dense2\online_match_02\frame_01560.jpg,0.356,535.5,222.0,556.7,242.1
online_match_02/frame_01565.jpg,data\frames_dense2\online_match_02\frame_01565.jpg,0.539,554.2,125.0,574.4,143.3
online_match_02/frame_01568.jpg,data\frames_dense2\online_match_02\frame_01568.jpg,0.646,557.9,98.0,576.3,114.9
online_match_02/frame_01570.jpg,data\frames_dense2\online_match_02\frame_01570.jpg,0.65,567.3,70.0,586.6,88.8
online_match_02/frame_01573.jpg,data\frames_dense2\online_match_02\frame_01573.jpg,0.875,569.5,50.0,590.2,68.9
online_match_02/frame_01575.jpg,data\frames_dense2\online_match_02\frame_01575.jpg,0.808,575.4,35.2,591.3,50.4
online_match_02/frame_01578.jpg,data\frames_dense2\online_match_02\frame_01578.jpg,0.702,577.9,21.3,598.8,40.7
online_match_02/frame_01580.jpg,data\frames_dense2\online_match_02\frame_01580.jpg,0.658,584.7,16.2,605.2,34.4
online_match_02/frame_01583.jpg,data\frames_dense2\online_match_02\frame_01583.jpg,0.574,592.5,11.8,615.1,31.9
online_match_02/frame_01586.jpg,data\frames_dense2\online_match_02\frame_01586.jpg,0.676,599.8,18.5,618.0,36.6
online_match_02/frame_01588.jpg,data\frames_dense2\online_match_02\frame_01588.jpg,0.657,605.4,26.7,623.4,43.5
online_match_02/frame_01591.jpg,data\frames_dense2\online_match_02\frame_01591.jpg,0.417,610.2,36.6,629.1,55.1
online_match_02/frame_01593.jpg,data\frames_dense2\online_match_02\frame_01593.jpg,0.565,611.1,54.3,630.8,73.4
online_match_02/frame_01596.jpg,data\frames_dense2\online_match_02\frame_01596.jpg,0.842,618.9,71.2,638.7,90.6
online_match_02/frame_01599.jpg,data\frames_dense2\online_match_02\frame_01599.jpg,0.552,623.4,92.8,643.4,111.5
online_match_02/frame_01604.jpg,data\frames_dense2\online_match_02\frame_01604.jpg,0.26,635.9,161.0,653.5,178.0
online_match_02/frame_01606.jpg,data\frames_dense2\online_match_02\frame_01606.jpg,0.697,637.4,191.8,657.0,212.1
online_match_02/frame_01622.jpg,data\frames_dense2\online_match_02\frame_01622.jpg,0.604,605.5,188.4,625.6,208.2
online_match_02/frame_01625.jpg,data\frames_dense2\online_match_02\frame_01625.jpg,0.539,586.6,143.4,606.2,161.4
online_match_02/frame_01630.jpg,data\frames_dense2\online_match_02\frame_01630.jpg,0.619,555.3,85.2,579.9,108.8
online_match_02/frame_01632.jpg,data\frames_dense2\online_match_02\frame_01632.jpg,0.471,547.3,77.6,571.0,97.7
online_match_02/frame_01635.jpg,data\frames_dense2\online_match_02\frame_01635.jpg,0.683,528.0,47.9,546.4,65.0
online_match_02/frame_01638.jpg,data\frames_dense2\online_match_02\frame_01638.jpg,0.662,514.5,33.3,531.9,50.0
online_match_02/frame_01640.jpg,data\frames_dense2\online_match_02\frame_01640.jpg,0.643,498.1,22.9,517.1,40.5
online_match_02/frame_01643.jpg,data\frames_dense2\online_match_02\frame_01643.jpg,0.676,474.2,16.6,492.9,33.4
online_match_02/frame_01645.jpg,data\frames_dense2\online_match_02\frame_01645.jpg,0.628,466.4,15.4,486.2,32.9
online_match_02/frame_01651.jpg,data\frames_dense2\online_match_02\frame_01651.jpg,0.551,424.9,30.5,446.5,49.7
online_match_02/frame_01653.jpg,data\frames_dense2\online_match_02\frame_01653.jpg,0.597,412.1,42.0,430.6,59.0
online_match_02/frame_01656.jpg,data\frames_dense2\online_match_02\frame_01656.jpg,0.607,391.9,60.4,412.2,78.3
online_match_02/frame_01658.jpg,data\frames_dense2\online_match_02\frame_01658.jpg,0.448,379.3,84.5,397.6,101.8
online_match_02/frame_01661.jpg,data\frames_dense2\online_match_02\frame_01661.jpg,0.652,349.7,129.9,367.1,147.1
online_match_02/frame_01663.jpg,data\frames_dense2\online_match_02\frame_01663.jpg,0.741,339.1,146.5,358.7,165.4
online_match_02/frame_01666.jpg,data\frames_dense2\online_match_02\frame_01666.jpg,0.73,315.5,198.5,336.3,218.6
online_match_02/frame_01669.jpg,data\frames_dense2\online_match_02\frame_01669.jpg,0.656,300.8,249.1,321.0,269.0
online_match_02/frame_01671.jpg,data\frames_dense2\online_match_02\frame_01671.jpg,0.82,286.3,295.2,308.0,315.8
online_match_02/frame_01684.jpg,data\frames_dense2\online_match_02\frame_01684.jpg,0.579,394.4,290.7,416.0,313.0
online_match_02/frame_01687.jpg,data\frames_dense2\online_match_02\frame_01687.jpg,0.629,426.8,274.8,447.9,295.5
online_match_02/frame_01689.jpg,data\frames_dense2\online_match_02\frame_01689.jpg,0.548,455.3,261.6,479.5,285.7
online_match_02/frame_01705.jpg,data\frames_dense2\online_match_02\frame_01705.jpg,0.436,638.9,292.6,660.3,313.7
online_match_02/frame_01728.jpg,data\frames_dense2\online_match_02\frame_01728.jpg,0.577,702.0,161.7,719.5,178.4
online_match_02/frame_01731.jpg,data\frames_dense2\online_match_02\frame_01731.jpg,0.53,703.3,137.6,723.0,156.3
online_match_02/frame_01733.jpg,data\frames_dense2\online_match_02\frame_01733.jpg,0.644,702.7,123.9,723.3,143.2
online_match_02/frame_01736.jpg,data\frames_dense2\online_match_02\frame_01736.jpg,0.869,702.0,116.1,721.3,134.5
online_match_02/frame_01739.jpg,data\frames_dense2\online_match_02\frame_01739.jpg,0.784,701.9,113.5,720.6,131.8
online_match_02/frame_01741.jpg,data\frames_dense2\online_match_02\frame_01741.jpg,0.8,700.3,113.5,721.0,133.4
online_match_02/frame_01744.jpg,data\frames_dense2\online_match_02\frame_01744.jpg,0.534,700.4,127.4,721.1,146.6
online_match_02/frame_01746.jpg,data\frames_dense2\online_match_02\frame_01746.jpg,0.469,700.5,130.3,723.0,151.7
online_match_02/frame_01754.jpg,data\frames_dense2\online_match_02\frame_01754.jpg,0.757,707.8,195.2,727.2,214.0
online_match_02/frame_01757.jpg,data\frames_dense2\online_match_02\frame_01757.jpg,0.423,711.2,237.5,731.5,257.0
online_match_02/frame_01759.jpg,data\frames_dense2\online_match_02\frame_01759.jpg,0.486,712.3,253.8,729.7,271.8
online_match_02/frame_01762.jpg,data\frames_dense2\online_match_02\frame_01762.jpg,0.783,714.6,304.4,736.5,325.8
online_match_02/frame_01765.jpg,data\frames_dense2\online_match_02\frame_01765.jpg,0.652,718.1,329.9,744.0,353.1
online_match_02/frame_01767.jpg,data\frames_dense2\online_match_02\frame_01767.jpg,0.742,727.4,309.2,746.4,328.5
online_match_02/frame_01770.jpg,data\frames_dense2\online_match_02\frame_01770.jpg,0.59,730.4,285.3,750.7,304.2
online_match_02/frame_01772.jpg,data\frames_dense2\online_match_02\frame_01772.jpg,0.658,735.7,266.7,758.0,286.7
online_match_02/frame_01775.jpg,data\frames_dense2\online_match_02\frame_01775.jpg,0.789,749.5,243.5,769.9,262.8
online_match_02/frame_01778.jpg,data\frames_dense2\online_match_02\frame_01778.jpg,0.586,753.9,234.2,779.9,255.9
online_match_02/frame_01780.jpg,data\frames_dense2\online_match_02\frame_01780.jpg,0.814,761.2,229.1,782.9,251.2
online_match_02/frame_01783.jpg,data\frames_dense2\online_match_02\frame_01783.jpg,0.837,768.4,227.2,792.5,249.4
online_match_02/frame_01785.jpg,data\frames_dense2\online_match_02\frame_01785.jpg,0.577,779.0,234.0,799.4,253.5
online_match_02/frame_01788.jpg,data\frames_dense2\online_match_02\frame_01788.jpg,0.767,785.5,241.2,805.3,259.9
online_match_02/frame_01791.jpg,data\frames_dense2\online_match_02\frame_01791.jpg,0.507,790.4,266.1,810.9,285.5
online_match_02/frame_01793.jpg,data\frames_dense2\online_match_02\frame_01793.jpg,0.387,795.5,282.8,819.9,305.4
online_match_02/frame_01796.jpg,data\frames_dense2\online_match_02\frame_01796.jpg,0.403,802.7,308.2,830.9,334.4
online_match_02/frame_01798.jpg,data\frames_dense2\online_match_02\frame_01798.jpg,0.742,795.0,322.2,820.6,346.4
online_match_02/frame_01798.jpg,data\frames_dense2\online_match_02\frame_01798.jpg,0.273,610.0,320.6,628.8,338.2
online_match_02/frame_01801.jpg,data\frames_dense2\online_match_02\frame_01801.jpg,0.614,741.6,329.9,765.8,351.5
online_match_02/frame_01804.jpg,data\frames_dense2\online_match_02\frame_01804.jpg,0.449,709.1,328.9,731.5,349.0
online_match_02/frame_01806.jpg,data\frames_dense2\online_match_02\frame_01806.jpg,0.716,711.6,325.6,732.8,346.4
online_match_02/frame_01809.jpg,data\frames_dense2\online_match_02\frame_01809.jpg,0.612,713.6,330.4,734.5,350.2
online_match_02/frame_01811.jpg,data\frames_dense2\online_match_02\frame_01811.jpg,0.634,711.3,339.0,734.1,361.6
online_match_02/frame_01814.jpg,data\frames_dense2\online_match_02\frame_01814.jpg,0.59,710.7,354.8,732.8,376.1
online_match_02/frame_01816.jpg,data\frames_dense2\online_match_02\frame_01816.jpg,0.742,707.5,369.0,729.5,389.4
online_match_02/frame_01819.jpg,data\frames_dense2\online_match_02\frame_01819.jpg,0.544,709.2,390.8,727.3,408.0
online_match_02/frame_01822.jpg,data\frames_dense2\online_match_02\frame_01822.jpg,0.658,703.6,423.8,725.1,443.9
online_match_02/frame_01832.jpg,data\frames_dense2\online_match_02\frame_01832.jpg,0.304,696.5,416.6,714.8,434.3
online_match_02/frame_01835.jpg,data\frames_dense2\online_match_02\frame_01835.jpg,0.528,693.9,390.2,712.8,408.7
online_match_02/frame_01837.jpg,data\frames_dense2\online_match_02\frame_01837.jpg,0.564,692.3,381.0,711.7,399.6
online_match_02/frame_01840.jpg,data\frames_dense2\online_match_02\frame_01840.jpg,0.559,689.4,366.4,709.6,384.4
online_match_02/frame_01842.jpg,data\frames_dense2\online_match_02\frame_01842.jpg,0.737,689.4,363.8,708.5,381.4
online_match_02/frame_01845.jpg,data\frames_dense2\online_match_02\frame_01845.jpg,0.746,686.9,360.3,706.0,378.9
online_match_02/frame_01848.jpg,data\frames_dense2\online_match_02\frame_01848.jpg,0.647,685.8,362.3,704.1,380.3
online_match_02/frame_01850.jpg,data\frames_dense2\online_match_02\frame_01850.jpg,0.563,683.1,365.9,701.7,383.8
online_match_02/frame_01853.jpg,data\frames_dense2\online_match_02\frame_01853.jpg,0.505,680.0,381.3,697.2,398.0
online_match_02/frame_01855.jpg,data\frames_dense2\online_match_02\frame_01855.jpg,0.565,676.1,387.8,694.4,405.5
online_match_02/frame_01871.jpg,data\frames_dense2\online_match_02\frame_01871.jpg,0.798,651.7,377.5,666.8,391.8
online_match_02/frame_01874.jpg,data\frames_dense2\online_match_02\frame_01874.jpg,0.689,648.1,373.0,664.9,389.3
online_match_02/frame_01876.jpg,data\frames_dense2\online_match_02\frame_01876.jpg,0.718,646.6,375.7,663.0,391.5
online_match_02/frame_01879.jpg,data\frames_dense2\online_match_02\frame_01879.jpg,0.521,643.3,385.1,659.6,400.6
online_match_02/frame_01905.jpg,data\frames_dense2\online_match_02\frame_01905.jpg,0.539,604.7,380.0,619.9,394.8
online_match_02/frame_01907.jpg,data\frames_dense2\online_match_02\frame_01907.jpg,0.527,598.1,374.1,615.3,391.2
online_match_02/frame_01910.jpg,data\frames_dense2\online_match_02\frame_01910.jpg,0.515,590.6,372.2,606.7,388.7
online_match_02/frame_01912.jpg,data\frames_dense2\online_match_02\frame_01912.jpg,0.485,583.2,373.0,600.0,390.2
online_match_02/frame_01915.jpg,data\frames_dense2\online_match_02\frame_01915.jpg,0.57,578.2,373.6,593.5,389.7
online_match_02/frame_01918.jpg,data\frames_dense2\online_match_02\frame_01918.jpg,0.544,571.1,377.0,587.1,392.9
online_match_02/frame_01920.jpg,data\frames_dense2\online_match_02\frame_01920.jpg,0.461,569.6,380.6,585.4,395.8
online_match_02/frame_01938.jpg,data\frames_dense2\online_match_02\frame_01938.jpg,0.53,538.7,388.4,554.9,405.3
online_match_02/frame_01951.jpg,data\frames_dense2\online_match_02\frame_01951.jpg,0.54,399.4,418.8,419.6,438.4
online_match_02/frame_01954.jpg,data\frames_dense2\online_match_02\frame_01954.jpg,0.292,360.4,443.0,383.8,464.2
online_match_02/frame_01957.jpg,data\frames_dense2\online_match_02\frame_01957.jpg,0.775,336.5,449.3,360.3,471.2
online_match_02/frame_01959.jpg,data\frames_dense2\online_match_02\frame_01959.jpg,0.698,320.0,441.5,343.6,462.9
online_match_02/frame_01962.jpg,data\frames_dense2\online_match_02\frame_01962.jpg,0.798,302.9,433.4,326.0,454.7
online_match_02/frame_01964.jpg,data\frames_dense2\online_match_02\frame_01964.jpg,0.775,282.4,432.5,304.1,453.3
online_match_02/frame_01967.jpg,data\frames_dense2\online_match_02\frame_01967.jpg,0.857,254.5,436.9,277.4,458.7
online_match_02/frame_01969.jpg,data\frames_dense2\online_match_02\frame_01969.jpg,0.611,242.4,441.7,266.7,463.0
online_match_02/frame_01972.jpg,data\frames_dense2\online_match_02\frame_01972.jpg,0.764,215.6,454.1,238.8,476.7
online_match_02/frame_01975.jpg,data\frames_dense2\online_match_02\frame_01975.jpg,0.791,193.9,468.5,221.2,493.4
online_match_02/frame_01977.jpg,data\frames_dense2\online_match_02\frame_01977.jpg,0.819,175.3,486.4,200.2,509.9
online_match_02/frame_01980.jpg,data\frames_dense2\online_match_02\frame_01980.jpg,0.708,152.8,491.6,179.8,516.9
online_match_02/frame_01982.jpg,data\frames_dense2\online_match_02\frame_01982.jpg,0.423,128.5,486.3,157.3,510.1
online_match_02/frame_01985.jpg,data\frames_dense2\online_match_02\frame_01985.jpg,0.742,94.3,483.0,121.1,506.9
online_match_02/frame_01988.jpg,data\frames_dense2\online_match_02\frame_01988.jpg,0.605,70.0,487.5,95.7,512.0
online_match_02/frame_01990.jpg,data\frames_dense2\online_match_02\frame_01990.jpg,0.659,45.2,493.9,73.4,518.8
online_match_02/frame_01993.jpg,data\frames_dense2\online_match_02\frame_01993.jpg,0.394,17.8,506.1,47.1,533.2
online_match_02/frame_02055.jpg,data\frames_dense2\online_match_02\frame_02055.jpg,0.692,1247.7,461.0,1274.7,485.1
online_match_02/frame_02058.jpg,data\frames_dense2\online_match_02\frame_02058.jpg,0.665,1226.2,488.2,1255.7,514.5
online_match_02/frame_02060.jpg,data\frames_dense2\online_match_02\frame_02060.jpg,0.709,1208.3,493.4,1231.8,516.1
online_match_02/frame_02063.jpg,data\frames_dense2\online_match_02\frame_02063.jpg,0.763,1179.9,452.8,1208.3,478.7
online_match_02/frame_02065.jpg,data\frames_dense2\online_match_02\frame_02065.jpg,0.695,1174.3,442.5,1198.6,464.6
online_match_02/frame_02065.jpg,data\frames_dense2\online_match_02\frame_02065.jpg,0.381,1171.9,439.9,1202.0,465.9
online_match_02/frame_02068.jpg,data\frames_dense2\online_match_02\frame_02068.jpg,0.784,1161.6,420.2,1183.3,441.3
online_match_02/frame_02071.jpg,data\frames_dense2\online_match_02\frame_02071.jpg,0.6,1171.3,428.7,1197.3,452.2
online_match_02/frame_02073.jpg,data\frames_dense2\online_match_02\frame_02073.jpg,0.478,1189.5,460.7,1214.0,484.6
online_match_02/frame_02076.jpg,data\frames_dense2\online_match_02\frame_02076.jpg,0.552,1202.0,494.3,1227.6,517.2
online_match_02/frame_02078.jpg,data\frames_dense2\online_match_02\frame_02078.jpg,0.501,1213.1,473.5,1240.2,497.8
online_match_02/frame_02081.jpg,data\frames_dense2\online_match_02\frame_02081.jpg,0.577,1228.1,442.4,1253.9,465.4
online_match_02/frame_02084.jpg,data\frames_dense2\online_match_02\frame_02084.jpg,0.73,1238.2,424.0,1262.0,446.5
online_match_02/frame_02086.jpg,data\frames_dense2\online_match_02\frame_02086.jpg,0.705,1247.7,429.6,1271.6,452.0
online_match_02/frame_02089.jpg,data\frames_dense2\online_match_02\frame_02089.jpg,0.258,1258.1,465.8,1278.5,488.7
online_match_02/frame_02091.jpg,data\frames_dense2\online_match_02\frame_02091.jpg,0.412,1264.4,495.6,1280.0,515.7
online_match_02/frame_02128.jpg,data\frames_dense2\online_match_02\frame_02128.jpg,0.436,17.3,616.2,48.9,644.7
online_match_02/frame_02130.jpg,data\frames_dense2\online_match_02\frame_02130.jpg,0.467,33.1,603.8,62.9,631.1
online_match_02/frame_02141.jpg,data\frames_dense2\online_match_02\frame_02141.jpg,0.307,184.8,575.8,212.8,602.8
online_match_02/frame_02143.jpg,data\frames_dense2\online_match_02\frame_02143.jpg,0.265,198.2,579.5,227.7,606.8
online_match_02/frame_02146.jpg,data\frames_dense2\online_match_02\frame_02146.jpg,0.427,240.3,602.0,271.4,628.7
online_match_02/frame_02148.jpg,data\frames_dense2\online_match_02\frame_02148.jpg,0.549,257.0,612.1,285.8,638.9
online_match_02/frame_02156.jpg,data\frames_dense2\online_match_02\frame_02156.jpg,0.367,348.4,638.6,376.5,663.5
online_match_02/frame_02159.jpg,data\frames_dense2\online_match_02\frame_02159.jpg,0.329,381.1,614.0,411.6,640.2
online_match_02/frame_02161.jpg,data\frames_dense2\online_match_02\frame_02161.jpg,0.319,394.1,607.4,421.1,632.5
online_match_02/frame_02164.jpg,data\frames_dense2\online_match_02\frame_02164.jpg,0.301,430.3,601.9,461.7,627.0
online_match_02/frame_02167.jpg,data\frames_dense2\online_match_02\frame_02167.jpg,0.39,453.3,603.3,481.1,629.1
online_match_02/frame_02260.jpg,data\frames_dense2\online_match_02\frame_02260.jpg,0.483,1265.9,465.3,1280.0,484.3
online_match_02/frame_02263.jpg,data\frames_dense2\online_match_02\frame_02263.jpg,0.551,1266.2,443.0,1279.9,460.8
online_match_02/frame_02265.jpg,data\frames_dense2\online_match_02\frame_02265.jpg,0.572,1266.9,422.1,1279.5,439.3
online_match_02/frame_02273.jpg,data\frames_dense2\online_match_02\frame_02273.jpg,0.426,1257.5,395.3,1277.7,414.1
online_match_02/frame_02275.jpg,data\frames_dense2\online_match_02\frame_02275.jpg,0.468,1252.1,395.2,1273.9,416.0
online_match_02/frame_02278.jpg,data\frames_dense2\online_match_02\frame_02278.jpg,0.775,1228.0,419.8,1248.1,439.2
online_match_02/frame_02281.jpg,data\frames_dense2\online_match_02\frame_02281.jpg,0.76,1212.4,446.5,1235.9,468.8
online_match_02/frame_02283.jpg,data\frames_dense2\online_match_02\frame_02283.jpg,0.745,1199.4,469.2,1226.4,494.0
online_match_02/frame_02286.jpg,data\frames_dense2\online_match_02\frame_02286.jpg,0.836,1198.9,448.5,1222.9,470.5
online_match_02/frame_02288.jpg,data\frames_dense2\online_match_02\frame_02288.jpg,0.685,1199.6,429.6,1223.9,452.5
online_match_02/frame_02291.jpg,data\frames_dense2\online_match_02\frame_02291.jpg,0.677,1198.3,407.3,1219.9,428.4
online_match_02/frame_02294.jpg,data\frames_dense2\online_match_02\frame_02294.jpg,0.511,1198.7,399.4,1217.5,418.7
online_match_02/frame_02296.jpg,data\frames_dense2\online_match_02\frame_02296.jpg,0.326,1195.5,394.3,1215.4,413.5
online_match_02/frame_02301.jpg,data\frames_dense2\online_match_02\frame_02301.jpg,0.631,1180.4,401.2,1200.0,421.0
online_match_02/frame_02304.jpg,data\frames_dense2\online_match_02\frame_02304.jpg,0.68,1171.0,422.8,1196.0,446.5
online_match_02/frame_02307.jpg,data\frames_dense2\online_match_02\frame_02307.jpg,0.779,1161.1,467.2,1187.3,493.0
online_match_02/frame_02309.jpg,data\frames_dense2\online_match_02\frame_02309.jpg,0.794,1162.4,453.8,1186.9,477.9
online_match_02/frame_02312.jpg,data\frames_dense2\online_match_02\frame_02312.jpg,0.869,1163.7,432.9,1186.8,454.6
online_match_02/frame_02314.jpg,data\frames_dense2\online_match_02\frame_02314.jpg,0.794,1166.8,417.3,1187.1,437.0
online_match_02/frame_02317.jpg,data\frames_dense2\online_match_02\frame_02317.jpg,0.715,1164.4,405.3,1186.6,426.8
online_match_02/frame_02320.jpg,data\frames_dense2\online_match_02\frame_02320.jpg,0.421,1164.8,399.0,1185.0,418.0
online_match_02/frame_02322.jpg,data\frames_dense2\online_match_02\frame_02322.jpg,0.449,1163.4,396.8,1184.5,417.9
online_match_02/frame_02325.jpg,data\frames_dense2\online_match_02\frame_02325.jpg,0.648,1154.0,400.8,1173.9,420.5
online_match_02/frame_02327.jpg,data\frames_dense2\online_match_02\frame_02327.jpg,0.669,1145.3,415.0,1166.8,435.6
online_match_02/frame_02330.jpg,data\frames_dense2\online_match_02\frame_02330.jpg,0.657,1141.0,439.5,1163.3,461.2
online_match_02/frame_02333.jpg,data\frames_dense2\online_match_02\frame_02333.jpg,0.762,1130.8,464.0,1157.0,488.7
online_match_02/frame_02335.jpg,data\frames_dense2\online_match_02\frame_02335.jpg,0.689,1132.1,454.7,1158.7,479.2
online_match_02/frame_02338.jpg,data\frames_dense2\online_match_02\frame_02338.jpg,0.612,1136.2,427.0,1162.3,449.6
online_match_02/frame_02340.jpg,data\frames_dense2\online_match_02\frame_02340.jpg,0.748,1138.6,419.9,1162.3,442.0
online_match_02/frame_02343.jpg,data\frames_dense2\online_match_02\frame_02343.jpg,0.653,1144.4,403.0,1165.6,422.7
online_match_02/frame_02346.jpg,data\frames_dense2\online_match_02\frame_02346.jpg,0.353,1144.1,398.3,1166.3,417.5
online_match_02/frame_02348.jpg,data\frames_dense2\online_match_02\frame_02348.jpg,0.391,1144.5,396.4,1166.6,415.8
online_match_02/frame_02351.jpg,data\frames_dense2\online_match_02\frame_02351.jpg,0.629,1134.9,408.7,1157.3,429.3
online_match_02/frame_02353.jpg,data\frames_dense2\online_match_02\frame_02353.jpg,0.796,1130.4,419.7,1152.0,441.4
online_match_02/frame_02353.jpg,data\frames_dense2\online_match_02\frame_02353.jpg,0.466,1164.0,385.4,1182.2,402.8
online_match_02/frame_02356.jpg,data\frames_dense2\online_match_02\frame_02356.jpg,0.612,1121.6,463.6,1148.1,487.5
online_match_02/frame_02358.jpg,data\frames_dense2\online_match_02\frame_02358.jpg,0.682,1120.3,469.7,1148.0,494.4
online_match_02/frame_02361.jpg,data\frames_dense2\online_match_02\frame_02361.jpg,0.727,1126.1,438.7,1147.9,460.4
online_match_02/frame_02364.jpg,data\frames_dense2\online_match_02\frame_02364.jpg,0.702,1127.1,420.2,1148.8,441.3
online_match_02/frame_02366.jpg,data\frames_dense2\online_match_02\frame_02366.jpg,0.716,1129.6,406.8,1149.7,426.0
online_match_02/frame_02369.jpg,data\frames_dense2\online_match_02\frame_02369.jpg,0.427,1131.5,395.2,1151.8,413.9
online_match_02/frame_02371.jpg,data\frames_dense2\online_match_02\frame_02371.jpg,0.421,1131.4,392.3,1152.3,412.2
online_match_02/frame_02379.jpg,data\frames_dense2\online_match_02\frame_02379.jpg,0.747,1109.6,419.5,1132.5,441.3
online_match_02/frame_02382.jpg,data\frames_dense2\online_match_02\frame_02382.jpg,0.594,1103.2,443.8,1128.3,466.5
online_match_02/frame_02384.jpg,data\frames_dense2\online_match_02\frame_02384.jpg,0.785,1100.0,463.1,1125.7,486.4
online_match_02/frame_02387.jpg,data\frames_dense2\online_match_02\frame_02387.jpg,0.834,1107.2,433.2,1129.9,454.4
online_match_02/frame_02390.jpg,data\frames_dense2\online_match_02\frame_02390.jpg,0.778,1110.8,416.3,1132.4,436.6
online_match_02/frame_02392.jpg,data\frames_dense2\online_match_02\frame_02392.jpg,0.762,1115.1,401.8,1134.7,420.7
online_match_02/frame_02395.jpg,data\frames_dense2\online_match_02\frame_02395.jpg,0.539,1116.2,393.8,1135.7,412.7
online_match_02/frame_02397.jpg,data\frames_dense2\online_match_02\frame_02397.jpg,0.522,1116.9,388.3,1136.7,407.9
online_match_02/frame_02400.jpg,data\frames_dense2\online_match_02\frame_02400.jpg,0.643,1116.9,387.1,1135.7,405.7
online_match_02/frame_02403.jpg,data\frames_dense2\online_match_02\frame_02403.jpg,0.422,1112.0,393.9,1130.5,412.1
online_match_02/frame_02405.jpg,data\frames_dense2\online_match_02\frame_02405.jpg,0.543,1103.1,410.7,1125.6,431.7
online_match_02/frame_02408.jpg,data\frames_dense2\online_match_02\frame_02408.jpg,0.851,1098.1,433.6,1120.8,456.0
online_match_02/frame_02410.jpg,data\frames_dense2\online_match_02\frame_02410.jpg,0.64,1091.1,460.0,1118.0,484.9
online_match_02/frame_02413.jpg,data\frames_dense2\online_match_02\frame_02413.jpg,0.831,1094.7,451.3,1117.9,474.9
online_match_02/frame_02416.jpg,data\frames_dense2\online_match_02\frame_02416.jpg,0.759,1099.3,425.4,1121.2,446.4
online_match_02/frame_02418.jpg,data\frames_dense2\online_match_02\frame_02418.jpg,0.876,1100.7,416.9,1121.5,436.9
online_match_02/frame_02421.jpg,data\frames_dense2\online_match_02\frame_02421.jpg,0.545,1104.3,400.6,1123.8,419.7
online_match_02/frame_02423.jpg,data\frames_dense2\online_match_02\frame_02423.jpg,0.475,1103.3,396.1,1123.5,416.0
online_match_02/frame_02426.jpg,data\frames_dense2\online_match_02\frame_02426.jpg,0.607,1101.7,394.2,1120.1,412.7
online_match_02/frame_02434.jpg,data\frames_dense2\online_match_02\frame_02434.jpg,0.582,1091.5,414.6,1114.6,435.0
online_match_02/frame_02436.jpg,data\frames_dense2\online_match_02\frame_02436.jpg,0.562,1093.5,416.8,1116.9,438.7
online_match_02/frame_02439.jpg,data\frames_dense2\online_match_02\frame_02439.jpg,0.7,1098.3,427.3,1120.2,448.8
online_match_02/frame_02441.jpg,data\frames_dense2\online_match_02\frame_02441.jpg,0.419,1101.6,432.7,1123.5,454.1
online_match_02/frame_02452.jpg,data\frames_dense2\online_match_02\frame_02452.jpg,0.699,1044.2,430.0,1070.3,453.3
online_match_02/frame_02454.jpg,data\frames_dense2\online_match_02\frame_02454.jpg,0.827,1036.2,419.6,1059.5,441.4
online_match_02/frame_02457.jpg,data\frames_dense2\online_match_02\frame_02457.jpg,0.688,1020.2,383.3,1039.9,402.8
online_match_02/frame_02475.jpg,data\frames_dense2\online_match_02\frame_02475.jpg,0.598,941.7,306.8,960.0,325.3
online_match_02/frame_02511.jpg,data\frames_dense2\online_match_02\frame_02511.jpg,0.556,444.2,321.8,459.9,338.0
online_match_02/frame_02514.jpg,data\frames_dense2\online_match_02\frame_02514.jpg,0.501,461.0,313.9,481.0,332.1
online_match_02/frame_02519.jpg,data\frames_dense2\online_match_02\frame_02519.jpg,0.596,524.1,293.7,543.3,312.3
online_match_02/frame_02522.jpg,data\frames_dense2\online_match_02\frame_02522.jpg,0.591,541.1,293.4,562.0,313.3
online_match_02/frame_02524.jpg,data\frames_dense2\online_match_02\frame_02524.jpg,0.35,563.4,300.1,580.8,317.0
online_match_02/frame_02527.jpg,data\frames_dense2\online_match_02\frame_02527.jpg,0.53,584.4,304.3,602.0,321.1
online_match_02/frame_02566.jpg,data\frames_dense2\online_match_02\frame_02566.jpg,0.534,578.6,192.5,601.7,214.9
online_match_02/frame_02569.jpg,data\frames_dense2\online_match_02\frame_02569.jpg,0.717,575.1,192.9,598.9,215.1
online_match_02/frame_02571.jpg,data\frames_dense2\online_match_02\frame_02571.jpg,0.347,571.0,195.8,594.4,218.9
online_match_02/frame_02579.jpg,data\frames_dense2\online_match_02\frame_02579.jpg,0.454,570.6,237.4,589.6,255.6
online_match_02/frame_02582.jpg,data\frames_dense2\online_match_02\frame_02582.jpg,0.333,712.7,271.2,733.3,290.2
online_match_02/frame_02602.jpg,data\frames_dense2\online_match_02\frame_02602.jpg,0.368,576.0,327.4,593.5,344.1
online_match_02/frame_02670.jpg,data\frames_dense2\online_match_02\frame_02670.jpg,0.27,40.5,313.5,61.2,333.6
online_match_02/frame_02672.jpg,data\frames_dense2\online_match_02\frame_02672.jpg,0.597,24.0,305.8,46.2,327.9
online_match_02/frame_02742.jpg,data\frames_dense2\online_match_02\frame_02742.jpg,0.255,101.3,370.2,126.4,393.9
online_match_02/frame_02745.jpg,data\frames_dense2\online_match_02\frame_02745.jpg,0.334,95.7,367.4,123.2,390.9
online_match_02/frame_02747.jpg,data\frames_dense2\online_match_02\frame_02747.jpg,0.254,96.2,365.6,123.9,390.2
online_match_02/frame_02766.jpg,data\frames_dense2\online_match_02\frame_02766.jpg,0.288,476.9,305.8,494.8,323.1
online_match_02/frame_02776.jpg,data\frames_dense2\online_match_02\frame_02776.jpg,0.562,509.0,305.5,528.4,323.7
online_match_02/frame_02779.jpg,data\frames_dense2\online_match_02\frame_02779.jpg,0.292,92.0,352.5,114.4,374.8
online_match_02/frame_02781.jpg,data\frames_dense2\online_match_02\frame_02781.jpg,0.511,523.6,305.9,542.8,323.2
online_match_02/frame_02781.jpg,data\frames_dense2\online_match_02\frame_02781.jpg,0.326,92.2,352.8,114.5,375.0
online_match_02/frame_02784.jpg,data\frames_dense2\online_match_02\frame_02784.jpg,0.362,92.0,353.6,116.5,377.1
online_match_02/frame_02786.jpg,data\frames_dense2\online_match_02\frame_02786.jpg,0.475,90.9,353.6,116.8,378.5
online_match_02/frame_02786.jpg,data\frames_dense2\online_match_02\frame_02786.jpg,0.464,539.1,305.8,556.6,321.9
online_match_02/frame_02786.jpg,data\frames_dense2\online_match_02\frame_02786.jpg,0.427,87.9,282.3,106.1,300.8
online_match_02/frame_02789.jpg,data\frames_dense2\online_match_02\frame_02789.jpg,0.496,103.3,282.5,121.8,300.1
online_match_02/frame_02789.jpg,data\frames_dense2\online_match_02\frame_02789.jpg,0.458,92.7,352.8,119.1,377.6
online_match_02/frame_02792.jpg,data\frames_dense2\online_match_02\frame_02792.jpg,0.47,110.8,281.8,129.2,299.5
online_match_02/frame_02792.jpg,data\frames_dense2\online_match_02\frame_02792.jpg,0.422,95.0,352.1,121.0,375.5
online_match_02/frame_02794.jpg,data\frames_dense2\online_match_02\frame_02794.jpg,0.335,122.7,282.6,140.5,300.5
online_match_02/frame_02794.jpg,data\frames_dense2\online_match_02\frame_02794.jpg,0.312,98.7,350.4,125.7,374.8
online_match_02/frame_02799.jpg,data\frames_dense2\online_match_02\frame_02799.jpg,0.552,140.8,282.3,159.3,300.6
online_match_02/frame_02802.jpg,data\frames_dense2\online_match_02\frame_02802.jpg,0.255,590.6,304.2,611.6,325.4
online_match_02/frame_02805.jpg,data\frames_dense2\online_match_02\frame_02805.jpg,0.53,604.5,305.5,624.5,325.7
online_match_02/frame_02815.jpg,data\frames_dense2\online_match_02\frame_02815.jpg,0.334,636.4,307.3,655.5,326.2
online_match_02/frame_02823.jpg,data\frames_dense2\online_match_02\frame_02823.jpg,0.427,186.2,283.7,203.8,301.8
online_match_02/frame_02833.jpg,data\frames_dense2\online_match_02\frame_02833.jpg,0.302,107.6,340.3,127.7,359.2
online_match_02/frame_02849.jpg,data\frames_dense2\online_match_02\frame_02849.jpg,0.369,197.4,296.8,219.1,316.9
online_match_02/frame_02851.jpg,data\frames_dense2\online_match_02\frame_02851.jpg,0.323,199.8,298.4,218.8,316.0
online_match_02/frame_02854.jpg,data\frames_dense2\online_match_02\frame_02854.jpg,0.658,202.8,298.2,222.5,316.9
online_match_02/frame_02856.jpg,data\frames_dense2\online_match_02\frame_02856.jpg,0.559,203.5,297.8,223.1,316.8
online_match_02/frame_02859.jpg,data\frames_dense2\online_match_02\frame_02859.jpg,0.561,207.3,300.3,225.4,318.8
online_match_02/frame_02862.jpg,data\frames_dense2\online_match_02\frame_02862.jpg,0.542,209.2,301.3,229.1,320.6
online_match_02/frame_02864.jpg,data\frames_dense2\online_match_02\frame_02864.jpg,0.289,213.5,302.6,232.6,320.2
online_match_02/frame_02867.jpg,data\frames_dense2\online_match_02\frame_02867.jpg,0.456,219.9,303.9,237.9,321.1
online_match_02/frame_02869.jpg,data\frames_dense2\online_match_02\frame_02869.jpg,0.342,40.8,379.9,59.0,397.8
online_match_02/frame_02885.jpg,data\frames_dense2\online_match_02\frame_02885.jpg,0.731,135.5,380.5,158.3,402.4
online_match_02/frame_02885.jpg,data\frames_dense2\online_match_02\frame_02885.jpg,0.422,133.3,378.9,160.3,405.6
online_match_02/frame_02888.jpg,data\frames_dense2\online_match_02\frame_02888.jpg,0.771,137.3,370.4,157.9,389.8
online_match_02/frame_02890.jpg,data\frames_dense2\online_match_02\frame_02890.jpg,0.442,132.5,354.8,153.7,375.6
online_match_02/frame_02893.jpg,data\frames_dense2\online_match_02\frame_02893.jpg,0.421,127.8,337.9,150.0,359.1
online_match_02/frame_02895.jpg,data\frames_dense2\online_match_02\frame_02895.jpg,0.255,284.4,294.3,303.9,313.2
online_match_02/frame_02903.jpg,data\frames_dense2\online_match_02\frame_02903.jpg,0.358,41.3,332.4,59.4,350.0
online_match_02/frame_02903.jpg,data\frames_dense2\online_match_02\frame_02903.jpg,0.286,47.3,415.2,66.1,433.5
online_match_02/frame_02908.jpg,data\frames_dense2\online_match_02\frame_02908.jpg,0.28,124.6,326.1,143.5,346.1
online_match_02/frame_02911.jpg,data\frames_dense2\online_match_02\frame_02911.jpg,0.418,57.3,407.1,80.0,428.5
online_match_02/frame_02913.jpg,data\frames_dense2\online_match_02\frame_02913.jpg,0.55,61.8,404.9,83.9,425.4
online_match_02/frame_02919.jpg,data\frames_dense2\online_match_02\frame_02919.jpg,0.807,122.4,403.1,147.7,428.6
online_match_02/frame_02921.jpg,data\frames_dense2\online_match_02\frame_02921.jpg,0.875,123.3,399.4,144.7,420.6
online_match_02/frame_02924.jpg,data\frames_dense2\online_match_02\frame_02924.jpg,0.47,123.8,385.5,145.1,406.3
online_match_02/frame_02926.jpg,data\frames_dense2\online_match_02\frame_02926.jpg,0.498,118.9,375.3,137.7,394.4
online_match_02/frame_02929.jpg,data\frames_dense2\online_match_02\frame_02929.jpg,0.465,117.3,367.1,139.1,387.2
online_match_02/frame_02932.jpg,data\frames_dense2\online_match_02\frame_02932.jpg,0.579,118.1,361.6,137.9,380.8
online_match_02/frame_02934.jpg,data\frames_dense2\online_match_02\frame_02934.jpg,0.577,118.1,360.5,137.7,379.7
online_match_02/frame_02937.jpg,data\frames_dense2\online_match_02\frame_02937.jpg,0.432,118.8,358.3,138.5,378.2
online_match_02/frame_02939.jpg,data\frames_dense2\online_match_02\frame_02939.jpg,0.351,89.3,401.5,110.7,422.0
online_match_02/frame_02942.jpg,data\frames_dense2\online_match_02\frame_02942.jpg,0.499,117.8,353.0,138.5,373.9
online_match_02/frame_02947.jpg,data\frames_dense2\online_match_02\frame_02947.jpg,0.576,123.9,346.6,144.3,366.0
online_match_02/frame_02950.jpg,data\frames_dense2\online_match_02\frame_02950.jpg,0.646,128.2,341.8,148.8,360.5
online_match_02/frame_02952.jpg,data\frames_dense2\online_match_02\frame_02952.jpg,0.631,130.6,340.5,150.6,359.6
online_match_02/frame_02955.jpg,data\frames_dense2\online_match_02\frame_02955.jpg,0.664,135.4,342.1,156.3,363.1
online_match_02/frame_02958.jpg,data\frames_dense2\online_match_02\frame_02958.jpg,0.724,139.9,350.8,160.6,371.7
online_match_02/frame_02960.jpg,data\frames_dense2\online_match_02\frame_02960.jpg,0.627,144.3,366.5,165.4,385.6
online_match_02/frame_02963.jpg,data\frames_dense2\online_match_02\frame_02963.jpg,0.83,146.6,405.6,171.0,429.7
online_match_02/frame_02965.jpg,data\frames_dense2\online_match_02\frame_02965.jpg,0.782,149.5,419.1,173.9,444.5
online_match_02/frame_02968.jpg,data\frames_dense2\online_match_02\frame_02968.jpg,0.665,145.9,397.7,168.3,417.3
online_match_02/frame_02970.jpg,data\frames_dense2\online_match_02\frame_02970.jpg,0.729,144.5,389.2,165.1,408.3
online_match_02/frame_02973.jpg,data\frames_dense2\online_match_02\frame_02973.jpg,0.736,143.9,369.4,161.7,387.0
online_match_02/frame_02976.jpg,data\frames_dense2\online_match_02\frame_02976.jpg,0.667,152.6,396.3,171.9,414.1
online_match_02/frame_02978.jpg,data\frames_dense2\online_match_02\frame_02978.jpg,0.843,156.2,421.5,181.2,445.9
online_match_02/frame_02981.jpg,data\frames_dense2\online_match_02\frame_02981.jpg,0.779,156.5,392.5,175.6,410.7
online_match_02/frame_02983.jpg,data\frames_dense2\online_match_02\frame_02983.jpg,0.526,157.5,383.9,175.5,401.2
online_match_02/frame_02983.jpg,data\frames_dense2\online_match_02\frame_02983.jpg,0.263,133.8,335.7,153.0,353.7
online_match_02/frame_02986.jpg,data\frames_dense2\online_match_02\frame_02986.jpg,0.688,151.4,358.2,173.2,379.7
online_match_02/frame_02989.jpg,data\frames_dense2\online_match_02\frame_02989.jpg,0.744,145.9,351.6,168.4,373.2
online_match_02/frame_02991.jpg,data\frames_dense2\online_match_02\frame_02991.jpg,0.727,144.4,352.1,166.3,373.0
online_match_02/frame_02994.jpg,data\frames_dense2\online_match_02\frame_02994.jpg,0.782,142.0,358.7,163.8,378.9
online_match_02/frame_02996.jpg,data\frames_dense2\online_match_02\frame_02996.jpg,0.811,143.1,370.7,163.7,389.8
online_match_02/frame_02999.jpg,data\frames_dense2\online_match_02\frame_02999.jpg,0.88,143.0,401.0,164.1,421.0
online_match_02/frame_03002.jpg,data\frames_dense2\online_match_02\frame_03002.jpg,0.729,138.8,425.5,161.6,447.7
online_match_02/frame_03004.jpg,data\frames_dense2\online_match_02\frame_03004.jpg,0.665,131.6,411.1,157.7,434.8
online_match_02/frame_03007.jpg,data\frames_dense2\online_match_02\frame_03007.jpg,0.577,127.7,396.7,148.0,415.2
online_match_02/frame_03009.jpg,data\frames_dense2\online_match_02\frame_03009.jpg,0.546,125.6,381.7,144.1,400.4
online_match_02/frame_03012.jpg,data\frames_dense2\online_match_02\frame_03012.jpg,0.561,125.5,382.0,143.9,400.7
online_match_02/frame_03015.jpg,data\frames_dense2\online_match_02\frame_03015.jpg,0.84,126.9,417.8,151.3,441.3
online_match_02/frame_03017.jpg,data\frames_dense2\online_match_02\frame_03017.jpg,0.865,128.3,417.6,153.4,441.2
online_match_02/frame_03020.jpg,data\frames_dense2\online_match_02\frame_03020.jpg,0.732,128.8,400.2,148.8,418.4
online_match_02/frame_03022.jpg,data\frames_dense2\online_match_02\frame_03022.jpg,0.755,127.9,383.6,148.1,402.5
online_match_02/frame_03025.jpg,data\frames_dense2\online_match_02\frame_03025.jpg,0.771,127.8,371.2,146.4,389.4
online_match_02/frame_03028.jpg,data\frames_dense2\online_match_02\frame_03028.jpg,0.614,124.8,363.5,143.5,381.3
online_match_02/frame_03030.jpg,data\frames_dense2\online_match_02\frame_03030.jpg,0.633,123.7,362.4,142.9,380.5
online_match_02/frame_03033.jpg,data\frames_dense2\online_match_02\frame_03033.jpg,0.625,121.7,372.9,138.5,389.9
online_match_02/frame_03035.jpg,data\frames_dense2\online_match_02\frame_03035.jpg,0.813,122.4,387.6,139.7,405.2
online_match_02/frame_03038.jpg,data\frames_dense2\online_match_02\frame_03038.jpg,0.808,121.5,410.8,142.8,430.8
online_match_02/frame_03041.jpg,data\frames_dense2\online_match_02\frame_03041.jpg,0.847,121.0,418.2,143.4,441.4
online_match_02/frame_03043.jpg,data\frames_dense2\online_match_02\frame_03043.jpg,0.78,121.9,412.3,142.4,431.5
online_match_02/frame_03046.jpg,data\frames_dense2\online_match_02\frame_03046.jpg,0.677,120.3,388.6,138.2,406.7
online_match_02/frame_03048.jpg,data\frames_dense2\online_match_02\frame_03048.jpg,0.482,120.2,381.8,137.7,399.7
online_match_02/frame_03051.jpg,data\frames_dense2\online_match_02\frame_03051.jpg,0.399,117.0,373.4,134.8,391.5
online_match_02/frame_03053.jpg,data\frames_dense2\online_match_02\frame_03053.jpg,0.471,116.8,375.1,134.7,392.9
online_match_02/frame_03056.jpg,data\frames_dense2\online_match_02\frame_03056.jpg,0.391,116.6,381.3,134.7,398.4
online_match_02/frame_03059.jpg,data\frames_dense2\online_match_02\frame_03059.jpg,0.792,120.0,404.4,138.7,423.3
online_match_02/frame_03061.jpg,data\frames_dense2\online_match_02\frame_03061.jpg,0.687,119.9,413.9,140.5,433.5
online_match_02/frame_03064.jpg,data\frames_dense2\online_match_02\frame_03064.jpg,0.764,120.0,422.0,142.2,445.3
online_match_02/frame_03066.jpg,data\frames_dense2\online_match_02\frame_03066.jpg,0.776,119.4,415.3,141.7,436.3
online_match_02/frame_03069.jpg,data\frames_dense2\online_match_02\frame_03069.jpg,0.702,119.9,396.1,138.3,414.4
online_match_02/frame_03072.jpg,data\frames_dense2\online_match_02\frame_03072.jpg,0.783,120.2,388.0,137.8,405.8
online_match_02/frame_03074.jpg,data\frames_dense2\online_match_02\frame_03074.jpg,0.801,123.3,383.9,142.9,403.3
online_match_02/frame_03077.jpg,data\frames_dense2\online_match_02\frame_03077.jpg,0.787,126.8,375.1,148.0,395.2
online_match_02/frame_03079.jpg,data\frames_dense2\online_match_02\frame_03079.jpg,0.826,126.4,370.7,146.7,390.2
online_match_02/frame_03082.jpg,data\frames_dense2\online_match_02\frame_03082.jpg,0.53,127.0,364.2,149.6,384.6
online_match_02/frame_03085.jpg,data\frames_dense2\online_match_02\frame_03085.jpg,0.59,127.6,364.3,148.7,383.6
online_match_02/frame_03087.jpg,data\frames_dense2\online_match_02\frame_03087.jpg,0.623,128.1,363.5,150.3,383.4
online_match_02/frame_03090.jpg,data\frames_dense2\online_match_02\frame_03090.jpg,0.53,126.9,364.6,149.8,385.9
online_match_02/frame_03092.jpg,data\frames_dense2\online_match_02\frame_03092.jpg,0.745,126.4,370.5,146.5,390.0
online_match_02/frame_03095.jpg,data\frames_dense2\online_match_02\frame_03095.jpg,0.647,124.6,379.9,143.5,398.2
online_match_02/frame_03098.jpg,data\frames_dense2\online_match_02\frame_03098.jpg,0.788,122.8,384.3,141.6,402.8
online_match_02/frame_03100.jpg,data\frames_dense2\online_match_02\frame_03100.jpg,0.622,118.8,387.9,136.5,406.4
online_match_02/frame_03103.jpg,data\frames_dense2\online_match_02\frame_03103.jpg,0.504,118.3,388.3,134.7,406.4
online_match_02/frame_03105.jpg,data\frames_dense2\online_match_02\frame_03105.jpg,0.558,118.6,387.2,135.7,405.9
online_match_02/frame_03108.jpg,data\frames_dense2\online_match_02\frame_03108.jpg,0.719,120.9,385.3,139.5,404.7
online_match_02/frame_03111.jpg,data\frames_dense2\online_match_02\frame_03111.jpg,0.707,128.2,379.0,149.7,398.8
online_match_02/frame_03113.jpg,data\frames_dense2\online_match_02\frame_03113.jpg,0.639,129.4,371.8,151.8,392.5
online_match_02/frame_03116.jpg,data\frames_dense2\online_match_02\frame_03116.jpg,0.414,131.8,367.7,153.5,388.2
online_match_02/frame_03121.jpg,data\frames_dense2\online_match_02\frame_03121.jpg,0.508,133.1,365.9,155.6,388.0
online_match_02/frame_03124.jpg,data\frames_dense2\online_match_02\frame_03124.jpg,0.486,131.3,369.3,154.8,390.5
online_match_02/frame_03126.jpg,data\frames_dense2\online_match_02\frame_03126.jpg,0.463,133.4,370.9,154.2,391.3
online_match_02/frame_03129.jpg,data\frames_dense2\online_match_02\frame_03129.jpg,0.535,134.7,376.6,153.7,396.0
online_match_02/frame_03131.jpg,data\frames_dense2\online_match_02\frame_03131.jpg,0.535,136.5,380.1,155.5,398.4
online_match_02/frame_03134.jpg,data\frames_dense2\online_match_02\frame_03134.jpg,0.535,137.6,384.2,155.5,401.5
online_match_02/frame_03136.jpg,data\frames_dense2\online_match_02\frame_03136.jpg,0.748,137.8,385.9,156.0,404.3
online_match_02/frame_03139.jpg,data\frames_dense2\online_match_02\frame_03139.jpg,0.809,139.0,388.2,157.5,406.0
online_match_02/frame_03139.jpg,data\frames_dense2\online_match_02\frame_03139.jpg,0.324,121.1,344.3,139.7,362.6
online_match_02/frame_03142.jpg,data\frames_dense2\online_match_02\frame_03142.jpg,0.818,139.3,392.7,158.3,411.4
online_match_02/frame_03144.jpg,data\frames_dense2\online_match_02\frame_03144.jpg,0.796,140.1,394.0,158.3,411.6
online_match_02/frame_03147.jpg,data\frames_dense2\online_match_02\frame_03147.jpg,0.787,139.7,397.2,158.4,415.1
online_match_02/frame_03149.jpg,data\frames_dense2\online_match_02\frame_03149.jpg,0.767,138.6,398.1,158.8,418.3
online_match_02/frame_03149.jpg,data\frames_dense2\online_match_02\frame_03149.jpg,0.25,134.6,398.4,160.5,423.6
online_match_02/frame_03152.jpg,data\frames_dense2\online_match_02\frame_03152.jpg,0.729,137.9,399.4,158.7,418.7
online_match_02/frame_03155.jpg,data\frames_dense2\online_match_02\frame_03155.jpg,0.9,139.6,401.0,160.3,421.0
online_match_02/frame_03157.jpg,data\frames_dense2\online_match_02\frame_03157.jpg,0.884,140.1,401.3,160.5,421.0
online_match_02/frame_03160.jpg,data\frames_dense2\online_match_02\frame_03160.jpg,0.747,142.0,403.7,166.3,427.7
online_match_02/frame_03162.jpg,data\frames_dense2\online_match_02\frame_03162.jpg,0.692,146.8,406.1,171.3,429.5
online_match_02/frame_03165.jpg,data\frames_dense2\online_match_02\frame_03165.jpg,0.7,158.9,410.7,184.2,433.5
online_match_02/frame_03168.jpg,data\frames_dense2\online_match_02\frame_03168.jpg,0.79,172.2,415.4,194.8,436.3
online_match_02/frame_03170.jpg,data\frames_dense2\online_match_02\frame_03170.jpg,0.865,188.5,416.2,210.1,436.8
online_match_02/frame_03173.jpg,data\frames_dense2\online_match_02\frame_03173.jpg,0.8,209.8,401.3,235.8,424.1
online_match_02/frame_03173.jpg,data\frames_dense2\online_match_02\frame_03173.jpg,0.277,187.7,362.0,206.4,380.1
online_match_02/frame_03175.jpg,data\frames_dense2\online_match_02\frame_03175.jpg,0.813,218.6,391.5,242.1,414.9
online_match_02/frame_03178.jpg,data\frames_dense2\online_match_02\frame_03178.jpg,0.767,236.3,356.1,259.2,378.0
online_match_02/frame_03181.jpg,data\frames_dense2\online_match_02\frame_03181.jpg,0.251,240.2,329.5,259.5,347.5
online_match_02/frame_03183.jpg,data\frames_dense2\online_match_02\frame_03183.jpg,0.35,239.2,303.3,262.6,325.6
online_match_02/frame_03186.jpg,data\frames_dense2\online_match_02\frame_03186.jpg,0.473,238.7,283.0,261.1,303.9
online_match_02/frame_03191.jpg,data\frames_dense2\online_match_02\frame_03191.jpg,0.613,228.5,240.7,252.2,262.9
online_match_02/frame_03194.jpg,data\frames_dense2\online_match_02\frame_03194.jpg,0.621,223.0,235.2,247.1,257.2
online_match_02/frame_03196.jpg,data\frames_dense2\online_match_02\frame_03196.jpg,0.808,218.6,228.7,239.6,249.0
online_match_02/frame_03199.jpg,data\frames_dense2\online_match_02\frame_03199.jpg,0.833,215.9,228.4,237.6,248.9
online_match_02/frame_03201.jpg,data\frames_dense2\online_match_02\frame_03201.jpg,0.677,209.8,234.8,231.7,254.9
online_match_02/frame_03204.jpg,data\frames_dense2\online_match_02\frame_03204.jpg,0.866,205.0,241.8,226.5,261.8
online_match_02/frame_03206.jpg,data\frames_dense2\online_match_02\frame_03206.jpg,0.716,203.2,253.9,223.1,273.0
online_match_02/frame_03209.jpg,data\frames_dense2\online_match_02\frame_03209.jpg,0.765,195.1,279.0,217.6,299.0
online_match_02/frame_03212.jpg,data\frames_dense2\online_match_02\frame_03212.jpg,0.616,189.0,299.6,211.1,319.6
online_match_02/frame_03214.jpg,data\frames_dense2\online_match_02\frame_03214.jpg,0.556,222.0,295.8,250.1,319.3
online_match_02/frame_03217.jpg,data\frames_dense2\online_match_02\frame_03217.jpg,0.572,284.0,281.5,309.0,303.8
online_match_02/frame_03219.jpg,data\frames_dense2\online_match_02\frame_03219.jpg,0.498,345.5,271.9,364.6,289.0
online_match_02/frame_03225.jpg,data\frames_dense2\online_match_02\frame_03225.jpg,0.634,493.7,262.7,516.8,284.5
online_match_02/frame_03232.jpg,data\frames_dense2\online_match_02\frame_03232.jpg,0.482,691.5,286.3,713.2,305.1
online_match_02/frame_03235.jpg,data\frames_dense2\online_match_02\frame_03235.jpg,0.725,751.3,296.9,779.0,321.3
online_match_02/frame_03240.jpg,data\frames_dense2\online_match_02\frame_03240.jpg,0.763,876.3,335.8,897.5,356.8
online_match_02/frame_03243.jpg,data\frames_dense2\online_match_02\frame_03243.jpg,0.457,965.4,373.9,987.4,396.7
online_match_02/frame_03245.jpg,data\frames_dense2\online_match_02\frame_03245.jpg,0.43,981.0,364.1,1007.4,391.8
online_match_02/frame_03248.jpg,data\frames_dense2\online_match_02\frame_03248.jpg,0.655,955.1,309.7,980.3,333.6
online_match_02/frame_03251.jpg,data\frames_dense2\online_match_02\frame_03251.jpg,0.87,925.6,243.5,948.9,266.0
online_match_02/frame_03253.jpg,data\frames_dense2\online_match_02\frame_03253.jpg,0.678,918.6,221.1,943.5,246.3
online_match_02/frame_03256.jpg,data\frames_dense2\online_match_02\frame_03256.jpg,0.565,903.0,170.8,923.6,190.4
online_match_02/frame_03258.jpg,data\frames_dense2\online_match_02\frame_03258.jpg,0.759,891.8,153.9,911.6,172.9
online_match_02/frame_03261.jpg,data\frames_dense2\online_match_02\frame_03261.jpg,0.64,871.3,112.4,892.8,132.6
online_match_02/frame_03264.jpg,data\frames_dense2\online_match_02\frame_03264.jpg,0.332,858.8,96.6,880.2,117.9
online_match_02/frame_03266.jpg,data\frames_dense2\online_match_02\frame_03266.jpg,0.502,843.0,81.2,865.4,102.3
online_match_02/frame_03269.jpg,data\frames_dense2\online_match_02\frame_03269.jpg,0.745,825.2,69.4,847.9,93.0
online_match_02/frame_03271.jpg,data\frames_dense2\online_match_02\frame_03271.jpg,0.518,820.6,70.9,843.0,91.4
online_match_02/frame_03274.jpg,data\frames_dense2\online_match_02\frame_03274.jpg,0.771,799.5,80.1,823.2,101.4
online_match_02/frame_03277.jpg,data\frames_dense2\online_match_02\frame_03277.jpg,0.696,789.9,89.8,811.9,110.0
online_match_02/frame_03279.jpg,data\frames_dense2\online_match_02\frame_03279.jpg,0.816,779.2,100.8,802.7,122.9
online_match_02/frame_03282.jpg,data\frames_dense2\online_match_02\frame_03282.jpg,0.671,769.7,126.8,795.8,148.3
online_match_02/frame_03284.jpg,data\frames_dense2\online_match_02\frame_03284.jpg,0.822,762.4,145.1,784.6,166.5
online_match_02/frame_03287.jpg,data\frames_dense2\online_match_02\frame_03287.jpg,0.736,747.9,190.9,772.0,213.7
online_match_02/frame_03289.jpg,data\frames_dense2\online_match_02\frame_03289.jpg,0.806,748.9,209.1,771.5,230.3
online_match_02/frame_03292.jpg,data\frames_dense2\online_match_02\frame_03292.jpg,0.658,741.2,259.3,767.0,285.8
online_match_02/frame_03295.jpg,data\frames_dense2\online_match_02\frame_03295.jpg,0.78,735.6,303.3,759.0,325.4
online_match_02/frame_03297.jpg,data\frames_dense2\online_match_02\frame_03297.jpg,0.582,732.7,351.0,761.6,379.2
online_match_02/frame_03300.jpg,data\frames_dense2\online_match_02\frame_03300.jpg,0.434,738.5,374.7,764.8,397.9
online_match_02/frame_03302.jpg,data\frames_dense2\online_match_02\frame_03302.jpg,0.596,747.7,343.7,778.5,372.1
online_match_02/frame_03305.jpg,data\frames_dense2\online_match_02\frame_03305.jpg,0.655,764.2,300.5,790.8,325.2
online_match_02/frame_03308.jpg,data\frames_dense2\online_match_02\frame_03308.jpg,0.636,772.7,269.7,798.1,293.8
online_match_02/frame_03313.jpg,data\frames_dense2\online_match_02\frame_03313.jpg,0.68,798.0,230.0,822.9,253.6
online_match_02/frame_03315.jpg,data\frames_dense2\online_match_02\frame_03315.jpg,0.819,807.5,213.5,830.1,236.9
online_match_02/frame_03318.jpg,data\frames_dense2\online_match_02\frame_03318.jpg,0.645,814.7,204.2,838.9,227.7
online_match_02/frame_03321.jpg,data\frames_dense2\online_match_02\frame_03321.jpg,0.866,827.5,210.4,849.3,230.9
online_match_02/frame_03323.jpg,data\frames_dense2\online_match_02\frame_03323.jpg,0.749,831.6,217.5,856.0,239.9
online_match_02/frame_03326.jpg,data\frames_dense2\online_match_02\frame_03326.jpg,0.599,834.3,228.7,861.6,253.9
online_match_02/frame_03331.jpg,data\frames_dense2\online_match_02\frame_03331.jpg,0.275,813.5,285.2,844.6,311.2
online_match_02/frame_03339.jpg,data\frames_dense2\online_match_02\frame_03339.jpg,0.75,660.2,159.9,690.9,187.9
online_match_02/frame_03341.jpg,data\frames_dense2\online_match_02\frame_03341.jpg,0.603,631.0,138.6,657.7,164.7
online_match_02/frame_03344.jpg,data\frames_dense2\online_match_02\frame_03344.jpg,0.355,596.6,123.3,625.2,150.3
online_match_02/frame_03347.jpg,data\frames_dense2\online_match_02\frame_03347.jpg,0.655,548.4,123.4,576.8,148.9
online_match_02/frame_03349.jpg,data\frames_dense2\online_match_02\frame_03349.jpg,0.802,539.5,126.1,566.3,149.3
online_match_02/frame_03352.jpg,data\frames_dense2\online_match_02\frame_03352.jpg,0.818,505.2,141.8,530.1,165.4
online_match_02/frame_03354.jpg,data\frames_dense2\online_match_02\frame_03354.jpg,0.811,491.7,147.6,519.3,173.2
online_match_02/frame_03357.jpg,data\frames_dense2\online_match_02\frame_03357.jpg,0.759,460.4,182.3,485.3,205.7
online_match_02/frame_03359.jpg,data\frames_dense2\online_match_02\frame_03359.jpg,0.777,444.1,205.7,469.1,228.3
online_match_02/frame_03362.jpg,data\frames_dense2\online_match_02\frame_03362.jpg,0.682,424.2,237.7,449.1,261.7
online_match_02/frame_03367.jpg,data\frames_dense2\online_match_02\frame_03367.jpg,0.601,387.1,305.8,413.6,330.9
online_match_02/frame_03370.jpg,data\frames_dense2\online_match_02\frame_03370.jpg,0.766,364.3,368.0,388.0,390.9
online_match_02/frame_03375.jpg,data\frames_dense2\online_match_02\frame_03375.jpg,0.617,350.6,317.0,375.0,340.8
online_match_02/frame_03378.jpg,data\frames_dense2\online_match_02\frame_03378.jpg,0.647,346.5,269.0,370.1,292.7
online_match_02/frame_03380.jpg,data\frames_dense2\online_match_02\frame_03380.jpg,0.485,339.3,219.3,366.5,246.8
online_match_02/frame_03385.jpg,data\frames_dense2\online_match_02\frame_03385.jpg,0.437,327.5,154.7,351.1,177.0
online_match_02/frame_03388.jpg,data\frames_dense2\online_match_02\frame_03388.jpg,0.507,313.2,124.4,337.5,147.4
online_match_02/frame_03409.jpg,data\frames_dense2\online_match_02\frame_03409.jpg,0.384,282.9,123.2,302.6,141.9
online_match_02/frame_03411.jpg,data\frames_dense2\online_match_02\frame_03411.jpg,0.461,279.5,140.2,302.4,161.0
online_match_02/frame_03414.jpg,data\frames_dense2\online_match_02\frame_03414.jpg,0.571,275.6,163.5,300.9,187.3
online_match_02/frame_03414.jpg,data\frames_dense2\online_match_02\frame_03414.jpg,0.281,218.2,500.5,243.5,524.5
online_match_02/frame_03422.jpg,data\frames_dense2\online_match_02\frame_03422.jpg,0.768,269.1,272.9,294.1,296.3
online_match_02/frame_03424.jpg,data\frames_dense2\online_match_02\frame_03424.jpg,0.616,267.6,313.0,293.0,336.4
online_match_02/frame_03430.jpg,data\frames_dense2\online_match_02\frame_03430.jpg,0.641,276.7,334.2,300.9,356.6
online_match_02/frame_03432.jpg,data\frames_dense2\online_match_02\frame_03432.jpg,0.652,285.8,307.6,309.9,330.1
online_match_02/frame_03435.jpg,data\frames_dense2\online_match_02\frame_03435.jpg,0.405,317.1,240.4,335.1,257.2
online_match_02/frame_03437.jpg,data\frames_dense2\online_match_02\frame_03437.jpg,0.667,332.4,196.6,351.9,215.8
online_match_02/frame_03440.jpg,data\frames_dense2\online_match_02\frame_03440.jpg,0.718,348.2,160.7,367.1,179.2
online_match_02/frame_03448.jpg,data\frames_dense2\online_match_02\frame_03448.jpg,0.673,388.0,82.1,408.6,101.9
online_match_02/frame_03450.jpg,data\frames_dense2\online_match_02\frame_03450.jpg,0.528,396.7,75.7,415.6,94.0
online_match_02/frame_03453.jpg,data\frames_dense2\online_match_02\frame_03453.jpg,0.363,409.2,61.2,429.0,79.0
online_match_02/frame_03455.jpg,data\frames_dense2\online_match_02\frame_03455.jpg,0.626,416.3,63.9,434.7,81.0
online_match_02/frame_03458.jpg,data\frames_dense2\online_match_02\frame_03458.jpg,0.704,420.1,64.0,444.4,85.2
online_match_02/frame_03461.jpg,data\frames_dense2\online_match_02\frame_03461.jpg,0.723,432.4,77.0,453.7,96.1
online_match_02/frame_03463.jpg,data\frames_dense2\online_match_02\frame_03463.jpg,0.772,438.3,83.1,458.1,102.5
online_match_02/frame_03466.jpg,data\frames_dense2\online_match_02\frame_03466.jpg,0.777,444.0,102.7,464.9,123.1
online_match_02/frame_03468.jpg,data\frames_dense2\online_match_02\frame_03468.jpg,0.736,448.2,112.7,466.8,129.8
online_match_02/frame_03471.jpg,data\frames_dense2\online_match_02\frame_03471.jpg,0.592,453.4,140.5,472.9,158.4
online_match_02/frame_03474.jpg,data\frames_dense2\online_match_02\frame_03474.jpg,0.546,462.6,164.5,481.0,182.3
online_match_02/frame_03487.jpg,data\frames_dense2\online_match_02\frame_03487.jpg,0.372,570.0,291.4,590.6,311.2
online_match_02/frame_03489.jpg,data\frames_dense2\online_match_02\frame_03489.jpg,0.533,568.4,294.2,587.1,313.5
online_match_02/frame_03494.jpg,data\frames_dense2\online_match_02\frame_03494.jpg,0.527,871.1,413.5,889.7,431.6
online_match_02/frame_03831.jpg,data\frames_dense2\online_match_02\frame_03831.jpg,0.426,1240.6,387.9,1261.9,408.5
online_match_02/frame_03922.jpg,data\frames_dense2\online_match_02\frame_03922.jpg,0.461,95.5,401.0,112.2,417.8
online_match_02/frame_03933.jpg,data\frames_dense2\online_match_02\frame_03933.jpg,0.478,138.8,401.4,155.1,417.7
online_match_02/frame_03935.jpg,data\frames_dense2\online_match_02\frame_03935.jpg,0.458,140.8,401.4,157.0,417.8
online_match_02/frame_03953.jpg,data\frames_dense2\online_match_02\frame_03953.jpg,0.331,180.4,403.1,197.4,421.2
online_match_02/frame_03956.jpg,data\frames_dense2\online_match_02\frame_03956.jpg,0.549,179.9,402.9,197.6,421.3
online_match_02/frame_04075.jpg,data\frames_dense2\online_match_02\frame_04075.jpg,0.283,1260.2,340.5,1278.5,360.8
online_match_02/frame_04096.jpg,data\frames_dense2\online_match_02\frame_04096.jpg,0.303,1242.2,344.2,1263.9,364.4
online_match_02/frame_04099.jpg,data\frames_dense2\online_match_02\frame_04099.jpg,0.342,1241.4,345.5,1262.8,364.7
online_match_02/frame_04148.jpg,data\frames_dense2\online_match_02\frame_04148.jpg,0.432,1192.1,341.9,1213.3,363.1
online_match_02/frame_04150.jpg,data\frames_dense2\online_match_02\frame_04150.jpg,0.412,1191.7,343.7,1211.4,363.0
online_match_02/frame_04153.jpg,data\frames_dense2\online_match_02\frame_04153.jpg,0.475,1187.9,342.6,1211.6,364.2
online_match_02/frame_04156.jpg,data\frames_dense2\online_match_02\frame_04156.jpg,0.59,1183.9,342.8,1205.8,362.7
online_match_02/frame_04158.jpg,data\frames_dense2\online_match_02\frame_04158.jpg,0.585,1183.7,343.5,1204.5,362.3
online_match_02/frame_04161.jpg,data\frames_dense2\online_match_02\frame_04161.jpg,0.553,1179.3,343.2,1200.9,362.8
online_match_02/frame_04161.jpg,data\frames_dense2\online_match_02\frame_04161.jpg,0.337,1194.9,389.1,1211.2,406.2
online_match_02/frame_04163.jpg,data\frames_dense2\online_match_02\frame_04163.jpg,0.37,1177.1,342.6,1199.1,363.3
online_match_02/frame_04179.jpg,data\frames_dense2\online_match_02\frame_04179.jpg,0.443,1262.9,527.6,1280.0,548.2
online_match_02/frame_04182.jpg,data\frames_dense2\online_match_02\frame_04182.jpg,0.342,1257.2,526.9,1278.8,549.9
online_match_02/frame_04197.jpg,data\frames_dense2\online_match_02\frame_04197.jpg,0.38,1196.0,509.5,1220.7,532.7
online_match_02/frame_04200.jpg,data\frames_dense2\online_match_02\frame_04200.jpg,0.294,1192.9,509.3,1216.6,532.2
online_match_02/frame_04215.jpg,data\frames_dense2\online_match_02\frame_04215.jpg,0.266,1147.7,490.0,1170.7,513.6
online_match_02/frame_04233.jpg,data\frames_dense2\online_match_02\frame_04233.jpg,0.327,1131.0,351.3,1151.7,370.2
online_match_02/frame_04236.jpg,data\frames_dense2\online_match_02\frame_04236.jpg,0.512,1131.8,351.3,1151.9,369.4
online_match_02/frame_04239.jpg,data\frames_dense2\online_match_02\frame_04239.jpg,0.55,1132.0,351.8,1152.0,369.7
online_match_02/frame_04239.jpg,data\frames_dense2\online_match_02\frame_04239.jpg,0.534,1100.0,473.3,1120.5,493.7
online_match_02/frame_04241.jpg,data\frames_dense2\online_match_02\frame_04241.jpg,0.609,1132.2,352.1,1152.7,370.5
online_match_02/frame_04241.jpg,data\frames_dense2\online_match_02\frame_04241.jpg,0.275,1100.5,474.4,1120.2,493.9
online_match_02/frame_04244.jpg,data\frames_dense2\online_match_02\frame_04244.jpg,0.59,1130.5,352.9,1151.4,372.2
online_match_02/frame_04246.jpg,data\frames_dense2\online_match_02\frame_04246.jpg,0.497,1131.6,352.9,1152.3,372.5
online_match_02/frame_04246.jpg,data\frames_dense2\online_match_02\frame_04246.jpg,0.292,1101.0,469.8,1126.3,492.5
online_match_02/frame_04257.jpg,data\frames_dense2\online_match_02\frame_04257.jpg,0.475,1069.5,456.8,1089.2,476.3
online_match_02/frame_04259.jpg,data\frames_dense2\online_match_02\frame_04259.jpg,0.527,1069.4,457.8,1089.6,478.0
online_match_02/frame_04262.jpg,data\frames_dense2\online_match_02\frame_04262.jpg,0.401,1131.6,353.0,1148.1,369.0
online_match_02/frame_04265.jpg,data\frames_dense2\online_match_02\frame_04265.jpg,0.618,1071.1,458.0,1094.0,478.7
online_match_02/frame_04267.jpg,data\frames_dense2\online_match_02\frame_04267.jpg,0.715,1068.9,455.6,1091.0,476.8
online_match_02/frame_04270.jpg,data\frames_dense2\online_match_02\frame_04270.jpg,0.607,1062.8,452.7,1086.4,473.7
online_match_02/frame_04272.jpg,data\frames_dense2\online_match_02\frame_04272.jpg,0.449,1062.7,454.0,1085.8,474.1
online_match_02/frame_04272.jpg,data\frames_dense2\online_match_02\frame_04272.jpg,0.358,1054.0,451.2,1080.2,472.1
online_match_02/frame_04275.jpg,data\frames_dense2\online_match_02\frame_04275.jpg,0.414,1067.6,456.1,1086.5,475.2
online_match_02/frame_04278.jpg,data\frames_dense2\online_match_02\frame_04278.jpg,0.497,1065.8,454.6,1085.7,474.4
online_match_02/frame_04278.jpg,data\frames_dense2\online_match_02\frame_04278.jpg,0.382,1035.2,440.4,1054.8,460.1
online_match_02/frame_04280.jpg,data\frames_dense2\online_match_02\frame_04280.jpg,0.708,1065.2,452.7,1084.9,472.1
online_match_02/frame_04285.jpg,data\frames_dense2\online_match_02\frame_04285.jpg,0.536,1057.0,446.7,1076.6,466.3
online_match_02/frame_04290.jpg,data\frames_dense2\online_match_02\frame_04290.jpg,0.672,1035.4,439.2,1055.3,459.2
online_match_02/frame_04301.jpg,data\frames_dense2\online_match_02\frame_04301.jpg,0.537,1023.1,432.3,1043.9,453.0
online_match_02/frame_04303.jpg,data\frames_dense2\online_match_02\frame_04303.jpg,0.441,1018.7,428.2,1039.6,448.5
online_match_02/frame_04311.jpg,data\frames_dense2\online_match_02\frame_04311.jpg,0.533,989.1,427.9,1009.0,448.0
online_match_02/frame_04314.jpg,data\frames_dense2\online_match_02\frame_04314.jpg,0.26,984.4,426.1,1006.3,447.1
online_match_02/frame_04316.jpg,data\frames_dense2\online_match_02\frame_04316.jpg,0.322,957.7,357.1,976.0,375.1
online_match_02/frame_04319.jpg,data\frames_dense2\online_match_02\frame_04319.jpg,0.259,0.0,579.2,14.8,597.3
online_match_02/frame_04324.jpg,data\frames_dense2\online_match_02\frame_04324.jpg,0.464,983.3,423.1,1007.1,446.9
online_match_02/frame_04324.jpg,data\frames_dense2\online_match_02\frame_04324.jpg,0.351,1141.0,387.0,1158.6,405.4
online_match_02/frame_04327.jpg,data\frames_dense2\online_match_02\frame_04327.jpg,0.591,1140.8,387.1,1158.6,405.7
online_match_02/frame_04329.jpg,data\frames_dense2\online_match_02\frame_04329.jpg,0.631,1139.9,387.3,1158.0,405.8
online_match_02/frame_04332.jpg,data\frames_dense2\online_match_02\frame_04332.jpg,0.437,1137.3,387.7,1154.9,405.7
online_match_02/frame_04345.jpg,data\frames_dense2\online_match_02\frame_04345.jpg,0.305,958.0,418.4,983.0,441.7
online_match_02/frame_04348.jpg,data\frames_dense2\online_match_02\frame_04348.jpg,0.325,958.3,415.5,984.0,440.8
online_match_02/frame_04350.jpg,data\frames_dense2\online_match_02\frame_04350.jpg,0.45,957.3,417.2,981.4,440.1
online_match_02/frame_04358.jpg,data\frames_dense2\online_match_02\frame_04358.jpg,0.368,960.2,355.4,976.8,371.7
online_match_02/frame_04368.jpg,data\frames_dense2\online_match_02\frame_04368.jpg,0.401,1138.2,387.0,1159.9,406.4
online_match_02/frame_04371.jpg,data\frames_dense2\online_match_02\frame_04371.jpg,0.477,1138.0,386.9,1158.6,405.9
online_match_02/frame_04373.jpg,data\frames_dense2\online_match_02\frame_04373.jpg,0.615,1137.2,387.1,1158.0,406.0
online_match_02/frame_04373.jpg,data\frames_dense2\online_match_02\frame_04373.jpg,0.336,934.0,418.2,953.4,437.3
online_match_02/frame_04376.jpg,data\frames_dense2\online_match_02\frame_04376.jpg,0.562,1137.2,387.7,1156.9,406.0
online_match_02/frame_04379.jpg,data\frames_dense2\online_match_02\frame_04379.jpg,0.634,1137.4,387.3,1157.0,405.6
online_match_02/frame_04381.jpg,data\frames_dense2\online_match_02\frame_04381.jpg,0.637,1138.1,387.1,1157.8,405.5
online_match_02/frame_04384.jpg,data\frames_dense2\online_match_02\frame_04384.jpg,0.649,1138.3,386.9,1157.4,405.1
online_match_02/frame_04384.jpg,data\frames_dense2\online_match_02\frame_04384.jpg,0.255,927.2,411.9,950.2,432.3
online_match_02/frame_04386.jpg,data\frames_dense2\online_match_02\frame_04386.jpg,0.691,1138.9,387.5,1157.1,405.1
online_match_02/frame_04386.jpg,data\frames_dense2\online_match_02\frame_04386.jpg,0.461,927.2,411.5,950.4,432.2
online_match_02/frame_04389.jpg,data\frames_dense2\online_match_02\frame_04389.jpg,0.764,1139.4,387.8,1157.3,405.3
online_match_02/frame_04389.jpg,data\frames_dense2\online_match_02\frame_04389.jpg,0.488,926.0,410.5,947.3,430.2
online_match_02/frame_04392.jpg,data\frames_dense2\online_match_02\frame_04392.jpg,0.755,1139.5,387.7,1157.3,405.3
online_match_02/frame_04392.jpg,data\frames_dense2\online_match_02\frame_04392.jpg,0.573,923.9,411.1,944.1,430.6
online_match_02/frame_04394.jpg,data\frames_dense2\online_match_02\frame_04394.jpg,0.774,1139.8,387.9,1157.5,405.4
online_match_02/frame_04394.jpg,data\frames_dense2\online_match_02\frame_04394.jpg,0.523,921.7,411.0,942.9,431.1
online_match_02/frame_04397.jpg,data\frames_dense2\online_match_02\frame_04397.jpg,0.785,1139.6,387.8,1156.6,404.8
online_match_02/frame_04397.jpg,data\frames_dense2\online_match_02\frame_04397.jpg,0.36,917.9,410.9,941.0,431.7
online_match_02/frame_04399.jpg,data\frames_dense2\online_match_02\frame_04399.jpg,0.747,1137.5,387.5,1155.9,405.3
online_match_02/frame_04399.jpg,data\frames_dense2\online_match_02\frame_04399.jpg,0.311,1053.0,356.0,1072.8,376.2
online_match_02/frame_04399.jpg,data\frames_dense2\online_match_02\frame_04399.jpg,0.271,915.9,410.1,940.5,432.0
online_match_02/frame_04402.jpg,data\frames_dense2\online_match_02\frame_04402.jpg,0.362,1135.6,387.5,1152.8,403.7
online_match_02/frame_04405.jpg,data\frames_dense2\online_match_02\frame_04405.jpg,0.32,914.8,410.1,940.0,431.9
online_match_02/frame_04407.jpg,data\frames_dense2\online_match_02\frame_04407.jpg,0.314,914.9,410.2,939.9,431.8
online_match_02/frame_04410.jpg,data\frames_dense2\online_match_02\frame_04410.jpg,0.264,1055.1,354.6,1071.6,370.6
online_match_02/frame_04412.jpg,data\frames_dense2\online_match_02\frame_04412.jpg,0.328,1055.7,356.9,1072.5,374.4
online_match_02/frame_04418.jpg,data\frames_dense2\online_match_02\frame_04418.jpg,0.597,1138.9,387.5,1158.3,405.6
online_match_02/frame_04420.jpg,data\frames_dense2\online_match_02\frame_04420.jpg,0.618,1137.6,386.7,1156.8,405.1
online_match_02/frame_04423.jpg,data\frames_dense2\online_match_02\frame_04423.jpg,0.491,1137.2,386.0,1156.9,405.1
online_match_02/frame_04425.jpg,data\frames_dense2\online_match_02\frame_04425.jpg,0.376,1137.1,386.1,1156.8,405.2
online_match_02/frame_04428.jpg,data\frames_dense2\online_match_02\frame_04428.jpg,0.386,1137.3,386.1,1156.7,405.0
online_match_02/frame_04431.jpg,data\frames_dense2\online_match_02\frame_04431.jpg,0.279,1136.3,386.0,1156.2,405.1
online_match_02/frame_04454.jpg,data\frames_dense2\online_match_02\frame_04454.jpg,0.366,1056.2,358.0,1072.5,374.5
online_match_02/frame_04503.jpg,data\frames_dense2\online_match_02\frame_04503.jpg,0.272,917.4,411.1,940.4,432.5
online_match_02/frame_04506.jpg,data\frames_dense2\online_match_02\frame_04506.jpg,0.346,917.3,411.0,940.4,432.3
online_match_02/frame_04508.jpg,data\frames_dense2\online_match_02\frame_04508.jpg,0.392,917.5,411.3,940.3,432.0
online_match_02/frame_04511.jpg,data\frames_dense2\online_match_02\frame_04511.jpg,0.413,917.6,411.5,940.1,432.0
online_match_02/frame_04514.jpg,data\frames_dense2\online_match_02\frame_04514.jpg,0.476,917.7,411.4,940.3,431.9
online_match_02/frame_04516.jpg,data\frames_dense2\online_match_02\frame_04516.jpg,0.339,917.5,411.1,940.4,432.1
online_match_02/frame_04519.jpg,data\frames_dense2\online_match_02\frame_04519.jpg,0.422,917.4,411.1,940.5,432.1
online_match_02/frame_04521.jpg,data\frames_dense2\online_match_02\frame_04521.jpg,0.453,917.4,410.9,940.8,432.0
online_match_02/frame_04524.jpg,data\frames_dense2\online_match_02\frame_04524.jpg,0.434,917.1,410.5,940.8,432.2
online_match_02/frame_04526.jpg,data\frames_dense2\online_match_02\frame_04526.jpg,0.397,917.0,410.2,941.1,432.2
online_match_02/frame_04529.jpg,data\frames_dense2\online_match_02\frame_04529.jpg,0.319,917.1,410.3,940.8,432.1
online_match_02/frame_04532.jpg,data\frames_dense2\online_match_02\frame_04532.jpg,0.378,14.9,452.8,35.9,472.4
online_match_02/frame_04532.jpg,data\frames_dense2\online_match_02\frame_04532.jpg,0.346,916.9,410.1,940.6,431.9
online_match_02/frame_04534.jpg,data\frames_dense2\online_match_02\frame_04534.jpg,0.35,916.6,410.4,940.2,432.3
online_match_02/frame_04537.jpg,data\frames_dense2\online_match_02\frame_04537.jpg,0.398,916.6,410.1,940.1,431.8
online_match_02/frame_04539.jpg,data\frames_dense2\online_match_02\frame_04539.jpg,0.419,916.5,410.0,940.2,431.9
online_match_02/frame_04542.jpg,data\frames_dense2\online_match_02\frame_04542.jpg,0.402,916.9,410.4,940.1,431.8
online_match_02/frame_04545.jpg,data\frames_dense2\online_match_02\frame_04545.jpg,0.395,916.8,410.2,940.1,431.7
online_match_02/frame_04547.jpg,data\frames_dense2\online_match_02\frame_04547.jpg,0.403,916.9,410.1,940.2,431.6
online_match_02/frame_04550.jpg,data\frames_dense2\online_match_02\frame_04550.jpg,0.439,917.0,410.1,940.4,431.6
online_match_02/frame_04552.jpg,data\frames_dense2\online_match_02\frame_04552.jpg,0.44,917.1,410.2,940.3,431.5
online_match_02/frame_04555.jpg,data\frames_dense2\online_match_02\frame_04555.jpg,0.43,917.0,410.0,940.4,431.5
online_match_02/frame_04558.jpg,data\frames_dense2\online_match_02\frame_04558.jpg,0.425,916.9,409.6,940.7,431.5
online_match_02/frame_04560.jpg,data\frames_dense2\online_match_02\frame_04560.jpg,0.427,916.8,409.5,940.7,431.5
online_match_02/frame_04563.jpg,data\frames_dense2\online_match_02\frame_04563.jpg,0.461,917.1,410.2,940.6,431.7
online_match_02/frame_04565.jpg,data\frames_dense2\online_match_02\frame_04565.jpg,0.47,916.9,410.4,940.2,431.7
online_match_02/frame_04568.jpg,data\frames_dense2\online_match_02\frame_04568.jpg,0.466,916.6,409.9,939.7,431.4
online_match_02/frame_04571.jpg,data\frames_dense2\online_match_02\frame_04571.jpg,0.381,916.2,410.2,938.9,431.6
online_match_02/frame_04573.jpg,data\frames_dense2\online_match_02\frame_04573.jpg,0.39,916.1,410.1,938.9,431.6
online_match_02/frame_04576.jpg,data\frames_dense2\online_match_02\frame_04576.jpg,0.349,915.3,409.5,938.5,431.5
online_match_02/frame_04578.jpg,data\frames_dense2\online_match_02\frame_04578.jpg,0.335,915.0,409.4,938.4,431.5
online_match_02/frame_04581.jpg,data\frames_dense2\online_match_02\frame_04581.jpg,0.37,914.9,409.2,938.3,431.3
online_match_02/frame_04584.jpg,data\frames_dense2\online_match_02\frame_04584.jpg,0.374,914.7,409.0,938.5,431.5
online_match_02/frame_04586.jpg,data\frames_dense2\online_match_02\frame_04586.jpg,0.361,914.9,409.2,938.5,431.4
online_match_02/frame_04589.jpg,data\frames_dense2\online_match_02\frame_04589.jpg,0.385,914.8,409.3,938.0,431.2
online_match_02/frame_04591.jpg,data\frames_dense2\online_match_02\frame_04591.jpg,0.353,914.9,409.3,937.8,431.1
online_match_02/frame_04594.jpg,data\frames_dense2\online_match_02\frame_04594.jpg,0.251,914.9,409.9,937.5,431.2
online_match_02/frame_04596.jpg,data\frames_dense2\online_match_02\frame_04596.jpg,0.254,913.7,410.5,937.1,431.3
online_match_02/frame_04599.jpg,data\frames_dense2\online_match_02\frame_04599.jpg,0.42,913.9,410.8,936.5,431.1
online_match_02/frame_04602.jpg,data\frames_dense2\online_match_02\frame_04602.jpg,0.492,913.6,410.9,935.8,431.1
online_match_02/frame_04604.jpg,data\frames_dense2\online_match_02\frame_04604.jpg,0.493,913.6,411.2,935.4,430.9
online_match_02/frame_04607.jpg,data\frames_dense2\online_match_02\frame_04607.jpg,0.475,911.6,412.1,933.8,432.2
online_match_02/frame_04609.jpg,data\frames_dense2\online_match_02\frame_04609.jpg,0.456,911.5,412.1,933.9,432.4
online_match_02/frame_04612.jpg,data\frames_dense2\online_match_02\frame_04612.jpg,0.416,911.5,412.3,933.9,432.6
online_match_02/frame_04615.jpg,data\frames_dense2\online_match_02\frame_04615.jpg,0.411,911.7,412.4,934.0,432.4
online_match_02/frame_04617.jpg,data\frames_dense2\online_match_02\frame_04617.jpg,0.417,911.6,412.1,934.2,432.4
online_match_02/frame_04620.jpg,data\frames_dense2\online_match_02\frame_04620.jpg,0.42,911.5,412.0,934.4,432.6
online_match_02/frame_04622.jpg,data\frames_dense2\online_match_02\frame_04622.jpg,0.399,911.6,412.1,934.5,432.7
online_match_02/frame_04625.jpg,data\frames_dense2\online_match_02\frame_04625.jpg,0.449,911.8,411.8,934.6,432.4
online_match_02/frame_04628.jpg,data\frames_dense2\online_match_02\frame_04628.jpg,0.324,911.7,411.7,934.5,432.4
online_match_02/frame_04630.jpg,data\frames_dense2\online_match_02\frame_04630.jpg,0.3,911.7,411.6,934.4,432.2
online_match_02/frame_04633.jpg,data\frames_dense2\online_match_02\frame_04633.jpg,0.263,911.7,411.5,934.3,432.1
online_match_02/frame_04635.jpg,data\frames_dense2\online_match_02\frame_04635.jpg,0.255,911.5,411.6,934.3,432.4
online_match_02/frame_04641.jpg,data\frames_dense2\online_match_02\frame_04641.jpg,0.502,143.3,421.3,162.5,439.6
online_match_02/frame_04840.jpg,data\frames_dense2\online_match_02\frame_04840.jpg,0.275,1001.2,390.7,1017.6,408.0
online_match_02/frame_04848.jpg,data\frames_dense2\online_match_02\frame_04848.jpg,0.486,1003.8,387.4,1022.7,406.4
online_match_02/frame_04856.jpg,data\frames_dense2\online_match_02\frame_04856.jpg,0.38,1006.8,386.0,1026.5,405.1
online_match_02/frame_04858.jpg,data\frames_dense2\online_match_02\frame_04858.jpg,0.706,1008.6,383.8,1030.2,404.2
online_match_02/frame_04861.jpg,data\frames_dense2\online_match_02\frame_04861.jpg,0.628,1011.3,384.9,1030.9,404.5
online_match_03/frame_00136.jpg,data\frames_dense2\online_match_03\frame_00136.jpg,0.277,798.2,332.9,817.2,351.9
online_match_03/frame_00249.jpg,data\frames_dense2\online_match_03\frame_00249.jpg,0.365,248.3,392.7,271.6,414.9
online_match_03/frame_00251.jpg,data\frames_dense2\online_match_03\frame_00251.jpg,0.398,248.5,391.9,272.3,414.9
online_match_03/frame_00254.jpg,data\frames_dense2\online_match_03\frame_00254.jpg,0.552,246.8,390.9,272.4,415.4
online_match_03/frame_00257.jpg,data\frames_dense2\online_match_03\frame_00257.jpg,0.571,246.4,388.9,271.5,413.7
online_match_03/frame_00259.jpg,data\frames_dense2\online_match_03\frame_00259.jpg,0.605,244.1,387.9,269.9,412.3
online_match_03/frame_00262.jpg,data\frames_dense2\online_match_03\frame_00262.jpg,0.568,239.6,389.4,266.3,413.8
online_match_03/frame_00264.jpg,data\frames_dense2\online_match_03\frame_00264.jpg,0.599,234.6,388.2,260.0,413.0
online_match_03/frame_00270.jpg,data\frames_dense2\online_match_03\frame_00270.jpg,0.433,223.0,389.7,246.6,411.8
online_match_03/frame_00351.jpg,data\frames_dense2\online_match_03\frame_00351.jpg,0.548,137.2,393.9,160.3,416.1
online_match_03/frame_00353.jpg,data\frames_dense2\online_match_03\frame_00353.jpg,0.752,127.8,376.9,149.6,397.4
online_match_03/frame_00374.jpg,data\frames_dense2\online_match_03\frame_00374.jpg,0.327,20.5,201.7,46.6,225.7
online_match_03/frame_00377.jpg,data\frames_dense2\online_match_03\frame_00377.jpg,0.483,14.0,203.0,39.2,225.2
online_match_03/frame_00379.jpg,data\frames_dense2\online_match_03\frame_00379.jpg,0.437,3.0,205.6,30.8,230.3
online_match_03/frame_00382.jpg,data\frames_dense2\online_match_03\frame_00382.jpg,0.359,0.9,216.0,24.7,238.0
online_match_03/frame_00437.jpg,data\frames_dense2\online_match_03\frame_00437.jpg,0.545,68.6,351.2,90.7,370.6
online_match_03/frame_00440.jpg,data\frames_dense2\online_match_03\frame_00440.jpg,0.256,69.4,360.9,90.6,379.5
online_match_03/frame_00445.jpg,data\frames_dense2\online_match_03\frame_00445.jpg,0.734,59.4,404.0,80.1,424.9
online_match_03/frame_00447.jpg,data\frames_dense2\online_match_03\frame_00447.jpg,0.704,55.5,439.5,77.4,461.0
online_match_03/frame_00450.jpg,data\frames_dense2\online_match_03\frame_00450.jpg,0.705,52.5,415.3,76.6,437.1
online_match_03/frame_00453.jpg,data\frames_dense2\online_match_03\frame_00453.jpg,0.597,55.7,389.3,77.3,410.4
online_match_03/frame_00458.jpg,data\frames_dense2\online_match_03\frame_00458.jpg,0.402,53.7,370.3,79.0,391.3
online_match_03/frame_00458.jpg,data\frames_dense2\online_match_03\frame_00458.jpg,0.285,53.0,368.9,74.4,388.8
online_match_03/frame_00461.jpg,data\frames_dense2\online_match_03\frame_00461.jpg,0.574,55.9,363.5,75.3,382.1
online_match_03/frame_00463.jpg,data\frames_dense2\online_match_03\frame_00463.jpg,0.635,58.3,362.5,78.0,381.0
online_match_03/frame_00466.jpg,data\frames_dense2\online_match_03\frame_00466.jpg,0.586,59.1,366.0,78.8,385.5
online_match_03/frame_00468.jpg,data\frames_dense2\online_match_03\frame_00468.jpg,0.574,61.8,380.0,80.8,398.2
online_match_03/frame_00468.jpg,data\frames_dense2\online_match_03\frame_00468.jpg,0.358,99.3,441.0,117.4,458.2
online_match_03/frame_00471.jpg,data\frames_dense2\online_match_03\frame_00471.jpg,0.605,76.7,418.4,98.2,439.7
online_match_03/frame_00479.jpg,data\frames_dense2\online_match_03\frame_00479.jpg,0.465,120.0,435.7,139.2,454.5
online_match_03/frame_00479.jpg,data\frames_dense2\online_match_03\frame_00479.jpg,0.355,90.0,395.7,107.2,413.0
online_match_03/frame_00481.jpg,data\frames_dense2\online_match_03\frame_00481.jpg,0.427,122.9,434.2,142.7,452.9
online_match_03/frame_00489.jpg,data\frames_dense2\online_match_03\frame_00489.jpg,0.656,125.2,385.2,140.7,401.0
online_match_03/frame_00492.jpg,data\frames_dense2\online_match_03\frame_00492.jpg,0.767,126.5,386.3,143.2,402.3
online_match_03/frame_00495.jpg,data\frames_dense2\online_match_03\frame_00495.jpg,0.505,116.4,386.2,133.3,402.7
online_match_03/frame_00497.jpg,data\frames_dense2\online_match_03\frame_00497.jpg,0.699,111.4,386.7,128.5,403.4
online_match_03/frame_00500.jpg,data\frames_dense2\online_match_03\frame_00500.jpg,0.335,97.6,386.1,113.2,402.1
online_match_03/frame_00502.jpg,data\frames_dense2\online_match_03\frame_00502.jpg,0.255,95.2,384.5,111.7,401.2
online_match_03/frame_00518.jpg,data\frames_dense2\online_match_03\frame_00518.jpg,0.744,126.2,358.4,146.0,377.6
online_match_03/frame_00521.jpg,data\frames_dense2\online_match_03\frame_00521.jpg,0.765,127.0,357.0,146.5,375.6
online_match_03/frame_00523.jpg,data\frames_dense2\online_match_03\frame_00523.jpg,0.466,128.5,358.7,147.5,376.6
online_match_03/frame_00526.jpg,data\frames_dense2\online_match_03\frame_00526.jpg,0.5,133.2,358.5,150.3,376.1
online_match_03/frame_00526.jpg,data\frames_dense2\online_match_03\frame_00526.jpg,0.453,135.0,357.3,152.8,374.3
online_match_03/frame_00529.jpg,data\frames_dense2\online_match_03\frame_00529.jpg,0.563,134.4,367.5,153.5,385.9
online_match_03/frame_00531.jpg,data\frames_dense2\online_match_03\frame_00531.jpg,0.582,142.2,384.4,159.8,401.2
online_match_03/frame_00534.jpg,data\frames_dense2\online_match_03\frame_00534.jpg,0.8,145.4,402.2,165.9,421.2
online_match_03/frame_00536.jpg,data\frames_dense2\online_match_03\frame_00536.jpg,0.769,150.2,417.0,172.7,438.0
online_match_03/frame_00539.jpg,data\frames_dense2\online_match_03\frame_00539.jpg,0.714,149.1,402.3,170.6,422.1
online_match_03/frame_00542.jpg,data\frames_dense2\online_match_03\frame_00542.jpg,0.767,146.6,384.5,167.0,402.7
online_match_03/frame_00544.jpg,data\frames_dense2\online_match_03\frame_00544.jpg,0.646,146.4,378.8,165.8,396.9
online_match_03/frame_00547.jpg,data\frames_dense2\online_match_03\frame_00547.jpg,0.792,144.6,368.5,165.1,387.6
online_match_03/frame_00549.jpg,data\frames_dense2\online_match_03\frame_00549.jpg,0.75,148.1,371.0,167.1,390.0
online_match_03/frame_00552.jpg,data\frames_dense2\online_match_03\frame_00552.jpg,0.545,150.0,394.0,169.7,412.4
online_match_03/frame_00555.jpg,data\frames_dense2\online_match_03\frame_00555.jpg,0.835,154.0,418.3,175.5,440.4
online_match_03/frame_00555.jpg,data\frames_dense2\online_match_03\frame_00555.jpg,0.439,124.5,342.7,141.2,359.0
online_match_03/frame_00557.jpg,data\frames_dense2\online_match_03\frame_00557.jpg,0.752,154.2,412.0,174.7,431.6
online_match_03/frame_00560.jpg,data\frames_dense2\online_match_03\frame_00560.jpg,0.664,149.5,390.0,167.8,408.4
online_match_03/frame_00563.jpg,data\frames_dense2\online_match_03\frame_00563.jpg,0.571,148.3,379.9,166.1,397.0
online_match_03/frame_00565.jpg,data\frames_dense2\online_match_03\frame_00565.jpg,0.415,151.2,380.4,169.2,397.5
online_match_03/frame_00568.jpg,data\frames_dense2\online_match_03\frame_00568.jpg,0.871,157.5,389.6,176.5,408.4
online_match_03/frame_00570.jpg,data\frames_dense2\online_match_03\frame_00570.jpg,0.768,165.2,421.2,188.4,444.5
online_match_03/frame_00573.jpg,data\frames_dense2\online_match_03\frame_00573.jpg,0.654,162.8,398.9,184.6,417.5
online_match_03/frame_00576.jpg,data\frames_dense2\online_match_03\frame_00576.jpg,0.788,161.4,383.7,183.1,403.5
online_match_03/frame_00578.jpg,data\frames_dense2\online_match_03\frame_00578.jpg,0.621,162.1,381.1,184.0,400.9
online_match_03/frame_00581.jpg,data\frames_dense2\online_match_03\frame_00581.jpg,0.664,168.7,390.2,186.9,408.7
online_match_03/frame_00583.jpg,data\frames_dense2\online_match_03\frame_00583.jpg,0.695,172.1,410.2,194.0,431.2
online_match_03/frame_00586.jpg,data\frames_dense2\online_match_03\frame_00586.jpg,0.846,173.0,418.1,196.6,440.4
online_match_03/frame_00589.jpg,data\frames_dense2\online_match_03\frame_00589.jpg,0.677,173.5,399.4,192.5,417.4
online_match_03/frame_00591.jpg,data\frames_dense2\online_match_03\frame_00591.jpg,0.76,169.2,385.5,187.6,403.9
online_match_03/frame_00594.jpg,data\frames_dense2\online_match_03\frame_00594.jpg,0.579,169.3,383.5,187.5,400.9
online_match_03/frame_00597.jpg,data\frames_dense2\online_match_03\frame_00597.jpg,0.471,172.9,399.6,189.9,416.5
online_match_03/frame_00599.jpg,data\frames_dense2\online_match_03\frame_00599.jpg,0.745,170.7,408.4,190.4,427.7
online_match_03/frame_00602.jpg,data\frames_dense2\online_match_03\frame_00602.jpg,0.854,167.7,418.9,189.8,440.3
online_match_03/frame_00604.jpg,data\frames_dense2\online_match_03\frame_00604.jpg,0.738,166.7,412.2,186.9,431.1
online_match_03/frame_00607.jpg,data\frames_dense2\online_match_03\frame_00607.jpg,0.771,160.4,387.2,177.7,404.4
online_match_03/frame_00610.jpg,data\frames_dense2\online_match_03\frame_00610.jpg,0.794,161.1,386.9,178.8,404.0
online_match_03/frame_00612.jpg,data\frames_dense2\online_match_03\frame_00612.jpg,0.537,160.6,383.9,178.8,401.0
online_match_03/frame_00615.jpg,data\frames_dense2\online_match_03\frame_00615.jpg,0.368,159.3,370.6,176.2,385.6
online_match_03/frame_00617.jpg,data\frames_dense2\online_match_03\frame_00617.jpg,0.477,158.8,363.8,177.8,381.2
online_match_03/frame_00620.jpg,data\frames_dense2\online_match_03\frame_00620.jpg,0.67,153.8,358.5,174.2,377.6
online_match_03/frame_00623.jpg,data\frames_dense2\online_match_03\frame_00623.jpg,0.55,150.9,357.1,170.8,376.3
online_match_03/frame_00625.jpg,data\frames_dense2\online_match_03\frame_00625.jpg,0.486,142.5,356.6,162.3,375.2
online_match_03/frame_00625.jpg,data\frames_dense2\online_match_03\frame_00625.jpg,0.359,133.5,361.3,154.7,378.7
online_match_03/frame_00628.jpg,data\frames_dense2\online_match_03\frame_00628.jpg,0.447,142.0,352.7,160.5,369.7
online_match_03/frame_00631.jpg,data\frames_dense2\online_match_03\frame_00631.jpg,0.485,137.8,349.1,156.5,367.6
online_match_03/frame_00631.jpg,data\frames_dense2\online_match_03\frame_00631.jpg,0.33,131.7,356.3,153.0,376.2
online_match_03/frame_00631.jpg,data\frames_dense2\online_match_03\frame_00631.jpg,0.301,135.4,351.5,155.4,369.8
online_match_03/frame_00633.jpg,data\frames_dense2\online_match_03\frame_00633.jpg,0.505,134.5,347.8,152.9,365.5
online_match_03/frame_00636.jpg,data\frames_dense2\online_match_03\frame_00636.jpg,0.555,132.6,346.5,149.5,363.6
online_match_03/frame_00638.jpg,data\frames_dense2\online_match_03\frame_00638.jpg,0.524,127.9,344.6,145.4,361.2
online_match_03/frame_00641.jpg,data\frames_dense2\online_match_03\frame_00641.jpg,0.636,122.9,342.5,141.3,359.8
online_match_03/frame_00644.jpg,data\frames_dense2\online_match_03\frame_00644.jpg,0.517,117.3,342.2,135.7,360.8
online_match_03/frame_00646.jpg,data\frames_dense2\online_match_03\frame_00646.jpg,0.548,117.3,342.4,135.2,360.4
online_match_03/frame_00649.jpg,data\frames_dense2\online_match_03\frame_00649.jpg,0.612,116.5,341.5,134.7,359.7
online_match_03/frame_00651.jpg,data\frames_dense2\online_match_03\frame_00651.jpg,0.56,117.5,342.7,135.7,361.2
online_match_03/frame_00654.jpg,data\frames_dense2\online_match_03\frame_00654.jpg,0.562,120.5,343.3,137.9,360.4
online_match_03/frame_00657.jpg,data\frames_dense2\online_match_03\frame_00657.jpg,0.353,131.4,354.4,148.3,370.0
online_match_03/frame_00659.jpg,data\frames_dense2\online_match_03\frame_00659.jpg,0.801,131.6,356.4,149.6,374.0
online_match_03/frame_00662.jpg,data\frames_dense2\online_match_03\frame_00662.jpg,0.681,135.6,363.6,153.8,381.5
online_match_03/frame_00665.jpg,data\frames_dense2\online_match_03\frame_00665.jpg,0.539,137.4,365.9,156.3,384.3
online_match_03/frame_00667.jpg,data\frames_dense2\online_match_03\frame_00667.jpg,0.653,139.9,371.5,158.4,389.5
online_match_03/frame_00670.jpg,data\frames_dense2\online_match_03\frame_00670.jpg,0.534,143.5,376.0,160.9,392.2
online_match_03/frame_00672.jpg,data\frames_dense2\online_match_03\frame_00672.jpg,0.408,145.6,379.7,163.3,395.9
online_match_03/frame_00675.jpg,data\frames_dense2\online_match_03\frame_00675.jpg,0.532,146.3,383.5,165.4,400.6
online_match_03/frame_00678.jpg,data\frames_dense2\online_match_03\frame_00678.jpg,0.728,145.9,385.0,165.1,402.2
online_match_03/frame_00680.jpg,data\frames_dense2\online_match_03\frame_00680.jpg,0.83,144.9,387.3,163.5,405.4
online_match_03/frame_00683.jpg,data\frames_dense2\online_match_03\frame_00683.jpg,0.886,144.7,388.8,162.7,406.1
online_match_03/frame_00685.jpg,data\frames_dense2\online_match_03\frame_00685.jpg,0.864,143.4,390.3,161.9,408.0
online_match_03/frame_00688.jpg,data\frames_dense2\online_match_03\frame_00688.jpg,0.783,143.9,393.0,161.8,409.8
online_match_03/frame_00691.jpg,data\frames_dense2\online_match_03\frame_00691.jpg,0.787,143.1,394.2,160.5,411.2
online_match_03/frame_00693.jpg,data\frames_dense2\online_match_03\frame_00693.jpg,0.718,144.4,397.1,162.9,414.8
online_match_03/frame_00696.jpg,data\frames_dense2\online_match_03\frame_00696.jpg,0.719,144.4,397.1,162.8,414.8
online_match_03/frame_00699.jpg,data\frames_dense2\online_match_03\frame_00699.jpg,0.633,150.0,405.3,167.9,423.8
online_match_03/frame_00701.jpg,data\frames_dense2\online_match_03\frame_00701.jpg,0.63,150.0,405.3,167.9,423.8
online_match_03/frame_00704.jpg,data\frames_dense2\online_match_03\frame_00704.jpg,0.726,153.9,411.0,173.4,428.9
online_match_03/frame_00706.jpg,data\frames_dense2\online_match_03\frame_00706.jpg,0.682,162.1,402.7,184.7,423.1
online_match_03/frame_00709.jpg,data\frames_dense2\online_match_03\frame_00709.jpg,0.602,176.2,393.5,198.1,413.0
online_match_03/frame_00709.jpg,data\frames_dense2\online_match_03\frame_00709.jpg,0.367,125.3,432.5,146.6,453.2
online_match_03/frame_00712.jpg,data\frames_dense2\online_match_03\frame_00712.jpg,0.54,189.8,369.5,206.1,385.3
online_match_03/frame_00714.jpg,data\frames_dense2\online_match_03\frame_00714.jpg,0.425,193.0,342.2,210.3,358.7
online_match_03/frame_00714.jpg,data\frames_dense2\online_match_03\frame_00714.jpg,0.311,173.4,379.9,192.3,397.5
online_match_03/frame_00714.jpg,data\frames_dense2\online_match_03\frame_00714.jpg,0.262,174.5,382.5,192.7,400.6
online_match_03/frame_00727.jpg,data\frames_dense2\online_match_03\frame_00727.jpg,0.326,214.4,245.2,233.4,263.7
online_match_03/frame_00730.jpg,data\frames_dense2\online_match_03\frame_00730.jpg,0.29,211.8,237.7,232.6,256.5
online_match_03/frame_00733.jpg,data\frames_dense2\online_match_03\frame_00733.jpg,0.598,210.7,234.2,232.5,254.3
online_match_03/frame_00735.jpg,data\frames_dense2\online_match_03\frame_00735.jpg,0.659,208.4,236.3,227.4,253.7
online_match_03/frame_00738.jpg,data\frames_dense2\online_match_03\frame_00738.jpg,0.616,206.8,236.8,226.1,255.0
online_match_03/frame_00740.jpg,data\frames_dense2\online_match_03\frame_00740.jpg,0.833,206.3,243.9,224.6,261.5
online_match_03/frame_00743.jpg,data\frames_dense2\online_match_03\frame_00743.jpg,0.793,204.6,248.1,223.9,267.3
online_match_03/frame_00746.jpg,data\frames_dense2\online_match_03\frame_00746.jpg,0.621,198.5,277.3,217.1,295.8
online_match_03/frame_00748.jpg,data\frames_dense2\online_match_03\frame_00748.jpg,0.616,192.4,287.3,214.3,307.0
online_match_03/frame_00751.jpg,data\frames_dense2\online_match_03\frame_00751.jpg,0.489,245.2,312.1,267.8,331.3
online_match_03/frame_00753.jpg,data\frames_dense2\online_match_03\frame_00753.jpg,0.478,238.2,182.7,255.1,198.4
online_match_03/frame_00761.jpg,data\frames_dense2\online_match_03\frame_00761.jpg,0.712,573.8,342.4,591.6,359.7
online_match_03/frame_00764.jpg,data\frames_dense2\online_match_03\frame_00764.jpg,0.352,744.0,390.9,761.9,409.0
online_match_03/frame_00764.jpg,data\frames_dense2\online_match_03\frame_00764.jpg,0.259,100.4,173.6,119.4,190.9
online_match_03/frame_00767.jpg,data\frames_dense2\online_match_03\frame_00767.jpg,0.576,780.9,409.1,802.5,429.6
online_match_03/frame_00772.jpg,data\frames_dense2\online_match_03\frame_00772.jpg,0.605,866.5,379.7,886.0,398.6
online_match_03/frame_00774.jpg,data\frames_dense2\online_match_03\frame_00774.jpg,0.639,858.0,351.5,877.1,369.9
online_match_03/frame_00780.jpg,data\frames_dense2\online_match_03\frame_00780.jpg,0.476,829.4,265.2,851.2,286.3
online_match_03/frame_00782.jpg,data\frames_dense2\online_match_03\frame_00782.jpg,0.772,825.7,210.8,846.3,230.4
online_match_03/frame_00785.jpg,data\frames_dense2\online_match_03\frame_00785.jpg,0.554,823.8,199.9,844.3,219.4
online_match_03/frame_00787.jpg,data\frames_dense2\online_match_03\frame_00787.jpg,0.579,824.0,199.8,844.7,219.3
online_match_03/frame_00790.jpg,data\frames_dense2\online_match_03\frame_00790.jpg,0.746,813.8,153.9,831.5,170.6
online_match_03/frame_00793.jpg,data\frames_dense2\online_match_03\frame_00793.jpg,0.703,806.0,139.2,823.8,155.7
online_match_03/frame_00795.jpg,data\frames_dense2\online_match_03\frame_00795.jpg,0.775,799.6,127.6,820.8,147.4
online_match_03/frame_00798.jpg,data\frames_dense2\online_match_03\frame_00798.jpg,0.678,791.6,118.5,814.3,140.0
online_match_03/frame_00801.jpg,data\frames_dense2\online_match_03\frame_00801.jpg,0.804,782.8,119.1,805.1,139.9
online_match_03/frame_00803.jpg,data\frames_dense2\online_match_03\frame_00803.jpg,0.835,780.4,118.9,802.9,140.5
online_match_03/frame_00806.jpg,data\frames_dense2\online_match_03\frame_00806.jpg,0.83,773.2,131.1,795.6,151.9
online_match_03/frame_00808.jpg,data\frames_dense2\online_match_03\frame_00808.jpg,0.795,771.5,136.5,790.7,154.6
online_match_03/frame_00811.jpg,data\frames_dense2\online_match_03\frame_00811.jpg,0.61,770.0,143.6,790.3,161.0
online_match_03/frame_00814.jpg,data\frames_dense2\online_match_03\frame_00814.jpg,0.562,766.0,178.9,781.8,194.0
online_match_03/frame_00824.jpg,data\frames_dense2\online_match_03\frame_00824.jpg,0.622,751.4,291.3,768.3,308.2
online_match_03/frame_00829.jpg,data\frames_dense2\online_match_03\frame_00829.jpg,0.797,748.6,306.7,770.1,327.4
online_match_03/frame_00835.jpg,data\frames_dense2\online_match_03\frame_00835.jpg,0.771,750.4,227.4,768.4,245.7
online_match_03/frame_00837.jpg,data\frames_dense2\online_match_03\frame_00837.jpg,0.296,755.0,210.7,773.1,229.3
online_match_03/frame_00840.jpg,data\frames_dense2\online_match_03\frame_00840.jpg,0.28,759.8,195.1,777.4,213.1
online_match_03/frame_00842.jpg,data\frames_dense2\online_match_03\frame_00842.jpg,0.755,763.4,183.0,782.6,201.4
online_match_03/frame_00845.jpg,data\frames_dense2\online_match_03\frame_00845.jpg,0.436,768.1,176.1,787.5,193.2
online_match_03/frame_00848.jpg,data\frames_dense2\online_match_03\frame_00848.jpg,0.63,776.3,170.9,793.6,188.1
online_match_03/frame_00850.jpg,data\frames_dense2\online_match_03\frame_00850.jpg,0.706,777.8,171.1,797.5,189.3
online_match_03/frame_00853.jpg,data\frames_dense2\online_match_03\frame_00853.jpg,0.708,784.3,176.0,801.9,192.9
online_match_03/frame_00855.jpg,data\frames_dense2\online_match_03\frame_00855.jpg,0.747,788.5,182.9,809.4,203.6
online_match_03/frame_00855.jpg,data\frames_dense2\online_match_03\frame_00855.jpg,0.669,810.6,306.6,830.9,326.3
online_match_03/frame_00858.jpg,data\frames_dense2\online_match_03\frame_00858.jpg,0.867,795.4,195.1,815.4,214.4
online_match_03/frame_00861.jpg,data\frames_dense2\online_match_03\frame_00861.jpg,0.581,807.3,219.1,825.8,237.8
online_match_03/frame_00863.jpg,data\frames_dense2\online_match_03\frame_00863.jpg,0.521,810.3,229.1,828.6,247.8
online_match_03/frame_00871.jpg,data\frames_dense2\online_match_03\frame_00871.jpg,0.526,732.0,316.1,751.4,334.7
online_match_03/frame_00874.jpg,data\frames_dense2\online_match_03\frame_00874.jpg,0.262,766.5,352.3,788.2,372.2
online_match_03/frame_00876.jpg,data\frames_dense2\online_match_03\frame_00876.jpg,0.539,800.0,394.6,825.7,417.7
online_match_03/frame_00879.jpg,data\frames_dense2\online_match_03\frame_00879.jpg,0.289,833.2,353.5,861.1,379.0
online_match_03/frame_00884.jpg,data\frames_dense2\online_match_03\frame_00884.jpg,0.418,825.6,359.6,852.7,384.5
online_match_03/frame_00887.jpg,data\frames_dense2\online_match_03\frame_00887.jpg,0.38,926.9,383.2,953.8,406.9
online_match_03/frame_00889.jpg,data\frames_dense2\online_match_03\frame_00889.jpg,0.384,949.9,361.8,975.6,387.7
online_match_03/frame_00889.jpg,data\frames_dense2\online_match_03\frame_00889.jpg,0.33,828.0,351.8,852.7,375.8
online_match_03/frame_00892.jpg,data\frames_dense2\online_match_03\frame_00892.jpg,0.766,954.6,354.1,976.4,375.9
online_match_03/frame_00895.jpg,data\frames_dense2\online_match_03\frame_00895.jpg,0.807,954.0,353.7,975.5,374.2
online_match_03/frame_00897.jpg,data\frames_dense2\online_match_03\frame_00897.jpg,0.713,955.8,355.8,978.2,376.6
online_match_03/frame_00944.jpg,data\frames_dense2\online_match_03\frame_00944.jpg,0.411,942.8,338.4,961.5,356.9
online_match_03/frame_00947.jpg,data\frames_dense2\online_match_03\frame_00947.jpg,0.678,964.7,321.7,983.9,341.5
online_match_03/frame_00960.jpg,data\frames_dense2\online_match_03\frame_00960.jpg,0.275,1127.4,317.8,1149.7,340.2
online_match_03/frame_00968.jpg,data\frames_dense2\online_match_03\frame_00968.jpg,0.569,1204.1,368.2,1227.3,389.7
online_match_03/frame_00971.jpg,data\frames_dense2\online_match_03\frame_00971.jpg,0.777,1223.4,386.0,1246.5,408.7
online_match_03/frame_00973.jpg,data\frames_dense2\online_match_03\frame_00973.jpg,0.513,1233.4,375.6,1258.8,398.7
online_match_03/frame_00997.jpg,data\frames_dense2\online_match_03\frame_00997.jpg,0.311,940.1,343.4,962.5,364.9
online_match_03/frame_01002.jpg,data\frames_dense2\online_match_03\frame_01002.jpg,0.442,947.4,342.1,972.2,364.3
online_match_03/frame_01005.jpg,data\frames_dense2\online_match_03\frame_01005.jpg,0.384,92.9,319.9,112.7,338.2
online_match_03/frame_01020.jpg,data\frames_dense2\online_match_03\frame_01020.jpg,0.397,888.2,362.6,909.7,382.3
online_match_03/frame_01135.jpg,data\frames_dense2\online_match_03\frame_01135.jpg,0.275,1248.3,361.3,1270.0,381.3
online_match_03/frame_01407.jpg,data\frames_dense2\online_match_03\frame_01407.jpg,0.307,0.0,367.5,14.6,384.8
online_match_03/frame_01410.jpg,data\frames_dense2\online_match_03\frame_01410.jpg,0.449,21.0,364.9,40.0,383.4
online_match_03/frame_01413.jpg,data\frames_dense2\online_match_03\frame_01413.jpg,0.532,61.5,369.3,79.0,387.2
online_match_03/frame_01415.jpg,data\frames_dense2\online_match_03\frame_01415.jpg,0.67,73.0,372.1,92.9,390.6
online_match_03/frame_01418.jpg,data\frames_dense2\online_match_03\frame_01418.jpg,0.871,107.2,386.2,129.8,407.9
online_match_03/frame_01420.jpg,data\frames_dense2\online_match_03\frame_01420.jpg,0.682,119.8,396.5,142.1,416.6
online_match_03/frame_01423.jpg,data\frames_dense2\online_match_03\frame_01423.jpg,0.684,153.3,419.7,176.4,442.2
online_match_03/frame_01426.jpg,data\frames_dense2\online_match_03\frame_01426.jpg,0.556,174.6,440.4,198.4,462.1
online_match_03/frame_01436.jpg,data\frames_dense2\online_match_03\frame_01436.jpg,0.256,236.0,359.2,255.6,379.0
online_match_03/frame_01439.jpg,data\frames_dense2\online_match_03\frame_01439.jpg,0.267,236.0,359.3,255.3,378.6
online_match_03/frame_01441.jpg,data\frames_dense2\online_match_03\frame_01441.jpg,0.401,235.4,359.4,254.2,377.8
online_match_03/frame_01444.jpg,data\frames_dense2\online_match_03\frame_01444.jpg,0.382,235.3,359.4,254.1,377.9
online_match_03/frame_01470.jpg,data\frames_dense2\online_match_03\frame_01470.jpg,0.566,196.9,371.3,217.9,392.2
online_match_03/frame_01473.jpg,data\frames_dense2\online_match_03\frame_01473.jpg,0.432,176.0,328.5,194.8,347.2
online_match_03/frame_01491.jpg,data\frames_dense2\online_match_03\frame_01491.jpg,0.477,83.0,225.9,104.9,246.6
online_match_03/frame_01494.jpg,data\frames_dense2\online_match_03\frame_01494.jpg,0.523,66.4,226.7,88.9,247.0
online_match_03/frame_01496.jpg,data\frames_dense2\online_match_03\frame_01496.jpg,0.6,61.5,228.4,83.4,249.0
online_match_03/frame_01499.jpg,data\frames_dense2\online_match_03\frame_01499.jpg,0.447,47.7,239.7,69.5,259.7
online_match_03/frame_01522.jpg,data\frames_dense2\online_match_03\frame_01522.jpg,0.394,93.5,377.5,111.2,393.8
online_match_03/frame_01556.jpg,data\frames_dense2\online_match_03\frame_01556.jpg,0.617,60.1,416.5,83.7,438.6
online_match_03/frame_01559.jpg,data\frames_dense2\online_match_03\frame_01559.jpg,0.643,56.8,412.9,75.5,431.6
online_match_03/frame_01562.jpg,data\frames_dense2\online_match_03\frame_01562.jpg,0.745,47.3,384.6,65.6,401.8
online_match_03/frame_01564.jpg,data\frames_dense2\online_match_03\frame_01564.jpg,0.687,43.6,375.8,63.8,396.3
online_match_03/frame_01567.jpg,data\frames_dense2\online_match_03\frame_01567.jpg,0.462,43.3,364.3,62.0,381.5
online_match_03/frame_01567.jpg,data\frames_dense2\online_match_03\frame_01567.jpg,0.304,95.9,423.4,115.6,441.7
online_match_03/frame_01569.jpg,data\frames_dense2\online_match_03\frame_01569.jpg,0.339,40.7,362.7,59.4,380.4
online_match_03/frame_01575.jpg,data\frames_dense2\online_match_03\frame_01575.jpg,0.465,39.8,392.3,62.2,413.5
online_match_03/frame_01577.jpg,data\frames_dense2\online_match_03\frame_01577.jpg,0.385,42.5,405.2,64.0,427.7
online_match_03/frame_01580.jpg,data\frames_dense2\online_match_03\frame_01580.jpg,0.464,47.7,395.7,69.9,416.3
online_match_03/frame_01583.jpg,data\frames_dense2\online_match_03\frame_01583.jpg,0.626,50.3,377.4,70.3,396.6
online_match_03/frame_01585.jpg,data\frames_dense2\online_match_03\frame_01585.jpg,0.656,56.1,360.6,74.7,379.1
online_match_03/frame_01588.jpg,data\frames_dense2\online_match_03\frame_01588.jpg,0.539,60.3,349.2,78.4,366.1
online_match_03/frame_01590.jpg,data\frames_dense2\online_match_03\frame_01590.jpg,0.577,61.7,344.3,79.9,362.0
online_match_03/frame_01601.jpg,data\frames_dense2\online_match_03\frame_01601.jpg,0.535,108.6,356.5,124.7,373.6
online_match_03/frame_01603.jpg,data\frames_dense2\online_match_03\frame_01603.jpg,0.447,109.4,359.1,127.1,376.0
online_match_03/frame_01611.jpg,data\frames_dense2\online_match_03\frame_01611.jpg,0.538,67.8,355.2,87.1,375.1
online_match_03/frame_01622.jpg,data\frames_dense2\online_match_03\frame_01622.jpg,0.552,108.7,349.5,124.3,365.2
online_match_03/frame_01624.jpg,data\frames_dense2\online_match_03\frame_01624.jpg,0.57,110.3,349.0,127.3,365.3
online_match_03/frame_01627.jpg,data\frames_dense2\online_match_03\frame_01627.jpg,0.637,113.8,351.9,132.6,368.9
online_match_03/frame_01630.jpg,data\frames_dense2\online_match_03\frame_01630.jpg,0.391,119.4,349.5,136.8,366.9
online_match_03/frame_01632.jpg,data\frames_dense2\online_match_03\frame_01632.jpg,0.431,117.3,344.1,134.0,360.8
online_match_03/frame_01635.jpg,data\frames_dense2\online_match_03\frame_01635.jpg,0.604,120.8,340.7,136.9,356.9
online_match_03/frame_01637.jpg,data\frames_dense2\online_match_03\frame_01637.jpg,0.49,119.2,338.4,136.7,355.2
online_match_03/frame_01640.jpg,data\frames_dense2\online_match_03\frame_01640.jpg,0.472,119.8,340.0,136.9,357.3
online_match_03/frame_01643.jpg,data\frames_dense2\online_match_03\frame_01643.jpg,0.548,120.7,340.7,137.2,357.4
online_match_03/frame_01645.jpg,data\frames_dense2\online_match_03\frame_01645.jpg,0.513,123.3,341.5,138.7,357.7
online_match_03/frame_01648.jpg,data\frames_dense2\online_match_03\frame_01648.jpg,0.565,125.3,342.6,142.8,359.5
online_match_03/frame_01651.jpg,data\frames_dense2\online_match_03\frame_01651.jpg,0.595,132.4,352.2,149.8,368.9
online_match_03/frame_01653.jpg,data\frames_dense2\online_match_03\frame_01653.jpg,0.742,141.9,379.6,159.3,397.0
online_match_03/frame_01656.jpg,data\frames_dense2\online_match_03\frame_01656.jpg,0.734,146.2,400.2,169.4,421.6
online_match_03/frame_01658.jpg,data\frames_dense2\online_match_03\frame_01658.jpg,0.763,147.9,390.4,169.0,410.8
online_match_03/frame_01661.jpg,data\frames_dense2\online_match_03\frame_01661.jpg,0.808,148.2,378.1,167.2,396.9
online_match_03/frame_01664.jpg,data\frames_dense2\online_match_03\frame_01664.jpg,0.728,146.5,363.0,164.7,379.8
online_match_03/frame_01666.jpg,data\frames_dense2\online_match_03\frame_01666.jpg,0.806,146.7,361.5,165.2,378.4
online_match_03/frame_01669.jpg,data\frames_dense2\online_match_03\frame_01669.jpg,0.612,148.4,364.0,167.5,381.5
online_match_03/frame_01671.jpg,data\frames_dense2\online_match_03\frame_01671.jpg,0.635,150.1,373.4,169.0,391.6
online_match_03/frame_01674.jpg,data\frames_dense2\online_match_03\frame_01674.jpg,0.686,155.0,395.6,174.3,413.5
online_match_03/frame_01677.jpg,data\frames_dense2\online_match_03\frame_01677.jpg,0.659,150.7,390.8,170.9,410.3
online_match_03/frame_01679.jpg,data\frames_dense2\online_match_03\frame_01679.jpg,0.632,148.1,383.6,166.7,400.6
online_match_03/frame_01682.jpg,data\frames_dense2\online_match_03\frame_01682.jpg,0.871,145.7,372.7,163.3,389.5
online_match_03/frame_01685.jpg,data\frames_dense2\online_match_03\frame_01685.jpg,0.766,149.5,375.6,167.6,393.6
online_match_03/frame_01687.jpg,data\frames_dense2\online_match_03\frame_01687.jpg,0.794,154.1,390.2,174.2,410.1
online_match_03/frame_01687.jpg,data\frames_dense2\online_match_03\frame_01687.jpg,0.587,141.9,340.7,156.4,355.0
online_match_03/frame_01690.jpg,data\frames_dense2\online_match_03\frame_01690.jpg,0.74,158.0,399.0,179.7,420.0
online_match_03/frame_01690.jpg,data\frames_dense2\online_match_03\frame_01690.jpg,0.558,141.9,340.9,156.8,355.5
online_match_03/frame_01692.jpg,data\frames_dense2\online_match_03\frame_01692.jpg,0.852,157.8,385.1,176.2,404.0
online_match_03/frame_01692.jpg,data\frames_dense2\online_match_03\frame_01692.jpg,0.471,142.1,341.5,157.7,356.9
online_match_03/frame_01695.jpg,data\frames_dense2\online_match_03\frame_01695.jpg,0.834,158.0,370.1,174.7,386.2
online_match_03/frame_01698.jpg,data\frames_dense2\online_match_03\frame_01698.jpg,0.861,159.7,370.4,176.3,386.9
online_match_03/frame_01700.jpg,data\frames_dense2\online_match_03\frame_01700.jpg,0.682,160.3,380.0,181.1,398.8
online_match_03/frame_01703.jpg,data\frames_dense2\online_match_03\frame_01703.jpg,0.76,158.5,399.7,178.5,420.1
online_match_03/frame_01705.jpg,data\frames_dense2\online_match_03\frame_01705.jpg,0.892,156.1,389.4,174.9,408.1
online_match_03/frame_01708.jpg,data\frames_dense2\online_match_03\frame_01708.jpg,0.727,152.5,373.9,170.9,391.9
online_match_03/frame_01711.jpg,data\frames_dense2\online_match_03\frame_01711.jpg,0.502,150.1,361.7,169.9,379.7
online_match_03/frame_01711.jpg,data\frames_dense2\online_match_03\frame_01711.jpg,0.399,140.2,332.8,154.6,346.6
online_match_03/frame_01713.jpg,data\frames_dense2\online_match_03\frame_01713.jpg,0.339,150.8,356.6,167.7,373.6
online_match_03/frame_01716.jpg,data\frames_dense2\online_match_03\frame_01716.jpg,0.576,149.2,345.8,167.3,363.0
online_match_03/frame_01719.jpg,data\frames_dense2\online_match_03\frame_01719.jpg,0.51,144.6,333.2,162.3,350.1
online_match_03/frame_01721.jpg,data\frames_dense2\online_match_03\frame_01721.jpg,0.564,144.3,332.6,162.2,349.7
online_match_03/frame_01724.jpg,data\frames_dense2\online_match_03\frame_01724.jpg,0.732,140.0,326.8,158.2,344.7
online_match_03/frame_01726.jpg,data\frames_dense2\online_match_03\frame_01726.jpg,0.678,138.1,326.7,155.8,344.4
online_match_03/frame_01729.jpg,data\frames_dense2\online_match_03\frame_01729.jpg,0.606,132.6,326.2,149.6,344.1
online_match_03/frame_01732.jpg,data\frames_dense2\online_match_03\frame_01732.jpg,0.64,130.2,325.1,146.6,342.1
online_match_03/frame_01734.jpg,data\frames_dense2\online_match_03\frame_01734.jpg,0.563,126.1,326.5,143.6,343.5
online_match_03/frame_01737.jpg,data\frames_dense2\online_match_03\frame_01737.jpg,0.68,123.0,325.3,140.8,342.6
online_match_03/frame_01739.jpg,data\frames_dense2\online_match_03\frame_01739.jpg,0.517,120.6,325.3,137.7,342.5
online_match_03/frame_01742.jpg,data\frames_dense2\online_match_03\frame_01742.jpg,0.339,112.3,324.7,130.9,343.1
online_match_03/frame_01745.jpg,data\frames_dense2\online_match_03\frame_01745.jpg,0.634,110.4,323.4,128.3,341.2
online_match_03/frame_01747.jpg,data\frames_dense2\online_match_03\frame_01747.jpg,0.693,109.7,323.1,127.3,340.4
online_match_03/frame_01750.jpg,data\frames_dense2\online_match_03\frame_01750.jpg,0.706,109.3,323.1,127.1,340.5
online_match_03/frame_01753.jpg,data\frames_dense2\online_match_03\frame_01753.jpg,0.697,109.2,322.9,126.9,340.1
online_match_03/frame_01755.jpg,data\frames_dense2\online_match_03\frame_01755.jpg,0.694,109.3,323.0,126.9,340.1
online_match_03/frame_01758.jpg,data\frames_dense2\online_match_03\frame_01758.jpg,0.511,111.3,327.3,129.8,344.8
online_match_03/frame_01766.jpg,data\frames_dense2\online_match_03\frame_01766.jpg,0.645,127.0,344.0,144.2,359.6
online_match_03/frame_01768.jpg,data\frames_dense2\online_match_03\frame_01768.jpg,0.646,127.6,347.7,145.0,364.1
online_match_03/frame_01771.jpg,data\frames_dense2\online_match_03\frame_01771.jpg,0.508,130.3,352.2,147.9,368.8
online_match_03/frame_01773.jpg,data\frames_dense2\online_match_03\frame_01773.jpg,0.631,130.7,352.5,148.8,369.1
online_match_03/frame_01776.jpg,data\frames_dense2\online_match_03\frame_01776.jpg,0.676,130.7,352.8,149.0,369.5
online_match_03/frame_01779.jpg,data\frames_dense2\online_match_03\frame_01779.jpg,0.714,132.5,353.2,151.0,371.0
online_match_03/frame_01781.jpg,data\frames_dense2\online_match_03\frame_01781.jpg,0.634,136.1,356.5,154.4,375.2
online_match_03/frame_01784.jpg,data\frames_dense2\online_match_03\frame_01784.jpg,0.681,137.4,358.5,154.8,376.1
online_match_03/frame_01787.jpg,data\frames_dense2\online_match_03\frame_01787.jpg,0.654,139.6,363.0,155.3,378.9
online_match_03/frame_01789.jpg,data\frames_dense2\online_match_03\frame_01789.jpg,0.639,140.7,364.4,157.6,380.7
online_match_03/frame_01792.jpg,data\frames_dense2\online_match_03\frame_01792.jpg,0.657,141.8,364.0,159.2,381.0
online_match_03/frame_01794.jpg,data\frames_dense2\online_match_03\frame_01794.jpg,0.663,142.9,364.5,160.2,381.7
online_match_03/frame_01797.jpg,data\frames_dense2\online_match_03\frame_01797.jpg,0.611,146.2,366.0,165.4,383.8
online_match_03/frame_01800.jpg,data\frames_dense2\online_match_03\frame_01800.jpg,0.419,148.8,367.2,168.0,385.3
online_match_03/frame_01802.jpg,data\frames_dense2\online_match_03\frame_01802.jpg,0.538,151.8,369.4,169.6,387.0
online_match_03/frame_01805.jpg,data\frames_dense2\online_match_03\frame_01805.jpg,0.703,157.3,371.8,174.3,388.7
online_match_03/frame_01807.jpg,data\frames_dense2\online_match_03\frame_01807.jpg,0.679,160.9,377.3,178.9,394.1
online_match_03/frame_01810.jpg,data\frames_dense2\online_match_03\frame_01810.jpg,0.476,165.1,380.7,183.0,398.0
online_match_03/frame_01810.jpg,data\frames_dense2\online_match_03\frame_01810.jpg,0.31,163.1,382.4,185.2,401.0
online_match_03/frame_01813.jpg,data\frames_dense2\online_match_03\frame_01813.jpg,0.749,173.2,386.4,190.7,403.0
online_match_03/frame_01815.jpg,data\frames_dense2\online_match_03\frame_01815.jpg,0.757,180.0,385.1,199.2,403.2
online_match_03/frame_01818.jpg,data\frames_dense2\online_match_03\frame_01818.jpg,0.69,187.3,384.1,206.5,402.1
online_match_03/frame_01821.jpg,data\frames_dense2\online_match_03\frame_01821.jpg,0.826,208.6,372.3,230.2,392.0
online_match_03/frame_01823.jpg,data\frames_dense2\online_match_03\frame_01823.jpg,0.498,217.1,366.1,238.7,384.9
online_match_03/frame_01828.jpg,data\frames_dense2\online_match_03\frame_01828.jpg,0.317,188.4,394.0,210.9,414.7
online_match_03/frame_01834.jpg,data\frames_dense2\online_match_03\frame_01834.jpg,0.349,261.6,337.8,279.0,354.7
online_match_03/frame_01844.jpg,data\frames_dense2\online_match_03\frame_01844.jpg,0.527,303.5,198.8,320.9,216.2
online_match_03/frame_01847.jpg,data\frames_dense2\online_match_03\frame_01847.jpg,0.687,303.3,199.4,321.2,217.0
online_match_03/frame_01849.jpg,data\frames_dense2\online_match_03\frame_01849.jpg,0.61,304.1,203.1,323.3,220.8
online_match_03/frame_01852.jpg,data\frames_dense2\online_match_03\frame_01852.jpg,0.609,304.7,207.9,321.6,224.5
online_match_03/frame_01857.jpg,data\frames_dense2\online_match_03\frame_01857.jpg,0.507,294.0,234.2,311.4,250.4
online_match_03/frame_01860.jpg,data\frames_dense2\online_match_03\frame_01860.jpg,0.55,285.6,251.8,302.9,268.1
online_match_03/frame_01862.jpg,data\frames_dense2\online_match_03\frame_01862.jpg,0.6,274.7,269.8,292.6,286.6
online_match_03/frame_01868.jpg,data\frames_dense2\online_match_03\frame_01868.jpg,0.705,368.9,266.9,389.3,285.7
online_match_03/frame_01881.jpg,data\frames_dense2\online_match_03\frame_01881.jpg,0.469,636.5,316.2,657.8,336.5
online_match_03/frame_01883.jpg,data\frames_dense2\online_match_03\frame_01883.jpg,0.785,653.8,321.2,671.0,338.3
online_match_03/frame_01886.jpg,data\frames_dense2\online_match_03\frame_01886.jpg,0.545,709.8,338.7,732.4,360.1
online_match_03/frame_01889.jpg,data\frames_dense2\online_match_03\frame_01889.jpg,0.286,748.8,356.9,768.2,376.4
online_match_03/frame_01899.jpg,data\frames_dense2\online_match_03\frame_01899.jpg,0.694,732.5,167.2,751.4,185.4
online_match_03/frame_01902.jpg,data\frames_dense2\online_match_03\frame_01902.jpg,0.865,721.6,116.9,739.5,133.8
online_match_03/frame_01904.jpg,data\frames_dense2\online_match_03\frame_01904.jpg,0.547,717.3,95.5,736.7,114.1
online_match_03/frame_01907.jpg,data\frames_dense2\online_match_03\frame_01907.jpg,0.457,709.5,33.0,729.8,52.6
online_match_03/frame_01909.jpg,data\frames_dense2\online_match_03\frame_01909.jpg,0.636,706.1,1.7,726.7,21.0
online_match_03/frame_01941.jpg,data\frames_dense2\online_match_03\frame_01941.jpg,0.693,639.1,2.2,660.2,22.0
online_match_03/frame_01943.jpg,data\frames_dense2\online_match_03\frame_01943.jpg,0.706,634.3,17.8,658.0,42.3
online_match_03/frame_01946.jpg,data\frames_dense2\online_match_03\frame_01946.jpg,0.7,633.0,82.2,655.1,104.0
online_match_03/frame_01954.jpg,data\frames_dense2\online_match_03\frame_01954.jpg,0.693,623.3,239.9,645.1,260.9
online_match_03/frame_01957.jpg,data\frames_dense2\online_match_03\frame_01957.jpg,0.59,619.9,298.2,648.6,324.0
online_match_03/frame_01959.jpg,data\frames_dense2\online_match_03\frame_01959.jpg,0.704,618.2,285.5,644.3,310.3
online_match_03/frame_01962.jpg,data\frames_dense2\online_match_03\frame_01962.jpg,0.541,619.1,273.1,645.8,298.0
online_match_03/frame_01964.jpg,data\frames_dense2\online_match_03\frame_01964.jpg,0.596,620.7,267.8,648.0,293.2
online_match_03/frame_01964.jpg,data\frames_dense2\online_match_03\frame_01964.jpg,0.405,657.5,393.7,686.0,419.5
online_match_03/frame_01967.jpg,data\frames_dense2\online_match_03\frame_01967.jpg,0.509,662.7,402.8,690.0,428.9
online_match_03/frame_01970.jpg,data\frames_dense2\online_match_03\frame_01970.jpg,0.297,696.0,433.7,722.0,457.5
online_match_03/frame_01972.jpg,data\frames_dense2\online_match_03\frame_01972.jpg,0.724,540.7,286.8,565.8,309.8
online_match_03/frame_01980.jpg,data\frames_dense2\online_match_03\frame_01980.jpg,0.655,287.5,346.0,312.4,368.5
online_match_03/frame_01983.jpg,data\frames_dense2\online_match_03\frame_01983.jpg,0.767,233.1,357.0,255.0,378.6
online_match_03/frame_01985.jpg,data\frames_dense2\online_match_03\frame_01985.jpg,0.675,230.4,330.5,253.7,352.1
online_match_03/frame_01988.jpg,data\frames_dense2\online_match_03\frame_01988.jpg,0.818,219.1,272.3,238.9,291.9
online_match_03/frame_01996.jpg,data\frames_dense2\online_match_03\frame_01996.jpg,0.517,188.7,226.5,208.8,246.6
online_match_03/frame_02043.jpg,data\frames_dense2\online_match_03\frame_02043.jpg,0.416,817.8,348.4,838.9,369.6
online_match_03/frame_02043.jpg,data\frames_dense2\online_match_03\frame_02043.jpg,0.309,809.2,343.2,836.8,367.5
online_match_03/frame_02077.jpg,data\frames_dense2\online_match_03\frame_02077.jpg,0.314,731.0,359.9,753.5,381.1
online_match_03/frame_02079.jpg,data\frames_dense2\online_match_03\frame_02079.jpg,0.262,729.9,361.3,750.8,380.5
online_match_03/frame_02106.jpg,data\frames_dense2\online_match_03\frame_02106.jpg,0.288,747.7,370.1,767.5,389.0
online_match_03/frame_02108.jpg,data\frames_dense2\online_match_03\frame_02108.jpg,0.357,750.9,370.8,772.6,392.1
online_match_03/frame_02121.jpg,data\frames_dense2\online_match_03\frame_02121.jpg,0.405,783.3,363.5,806.4,384.4
online_match_03/frame_02187.jpg,data\frames_dense2\online_match_03\frame_02187.jpg,0.322,894.1,386.1,914.8,406.1
online_match_03/frame_02189.jpg,data\frames_dense2\online_match_03\frame_02189.jpg,0.287,894.7,386.0,915.7,406.1
online_match_03/frame_02197.jpg,data\frames_dense2\online_match_03\frame_02197.jpg,0.413,894.0,386.3,918.4,409.3
online_match_03/frame_02200.jpg,data\frames_dense2\online_match_03\frame_02200.jpg,0.342,893.6,386.4,917.9,409.1
online_match_03/frame_02202.jpg,data\frames_dense2\online_match_03\frame_02202.jpg,0.5,893.6,385.6,917.4,407.5
online_match_03/frame_02231.jpg,data\frames_dense2\online_match_03\frame_02231.jpg,0.291,231.8,433.5,255.0,456.4
online_match_03/frame_02304.jpg,data\frames_dense2\online_match_03\frame_02304.jpg,0.293,155.2,379.3,178.3,402.1
online_match_03/frame_02385.jpg,data\frames_dense2\online_match_03\frame_02385.jpg,0.376,347.6,305.0,362.4,320.7
online_match_03/frame_02396.jpg,data\frames_dense2\online_match_03\frame_02396.jpg,0.828,98.8,353.9,123.7,376.9
online_match_03/frame_02399.jpg,data\frames_dense2\online_match_03\frame_02399.jpg,0.654,123.3,381.9,147.7,404.9
online_match_03/frame_02401.jpg,data\frames_dense2\online_match_03\frame_02401.jpg,0.625,143.3,410.3,171.4,434.7
online_match_03/frame_02404.jpg,data\frames_dense2\online_match_03\frame_02404.jpg,0.358,166.3,444.5,190.9,467.9
online_match_03/frame_02406.jpg,data\frames_dense2\online_match_03\frame_02406.jpg,0.406,185.4,427.9,207.8,450.0
online_match_03/frame_02412.jpg,data\frames_dense2\online_match_03\frame_02412.jpg,0.317,207.5,391.1,229.2,411.3
online_match_03/frame_02414.jpg,data\frames_dense2\online_match_03\frame_02414.jpg,0.454,208.6,386.3,228.7,405.5
online_match_03/frame_02417.jpg,data\frames_dense2\online_match_03\frame_02417.jpg,0.374,208.8,384.7,229.6,404.5
online_match_03/frame_02419.jpg,data\frames_dense2\online_match_03\frame_02419.jpg,0.286,208.9,385.1,230.2,405.4
online_match_03/frame_02422.jpg,data\frames_dense2\online_match_03\frame_02422.jpg,0.3,208.9,386.8,230.8,406.8
online_match_03/frame_02438.jpg,data\frames_dense2\online_match_03\frame_02438.jpg,0.355,191.3,369.2,214.7,390.2
online_match_03/frame_02440.jpg,data\frames_dense2\online_match_03\frame_02440.jpg,0.775,174.6,337.2,196.8,358.1
online_match_03/frame_02443.jpg,data\frames_dense2\online_match_03\frame_02443.jpg,0.269,156.7,296.3,175.1,315.5
online_match_03/frame_02464.jpg,data\frames_dense2\online_match_03\frame_02464.jpg,0.444,48.1,215.7,71.2,236.3
online_match_03/frame_02467.jpg,data\frames_dense2\online_match_03\frame_02467.jpg,0.319,39.5,228.1,60.8,248.5
online_match_03/frame_02480.jpg,data\frames_dense2\online_match_03\frame_02480.jpg,0.35,8.8,330.4,30.7,350.0
online_match_03/frame_02482.jpg,data\frames_dense2\online_match_03\frame_02482.jpg,0.46,5.8,345.3,26.7,365.0
online_match_03/frame_02482.jpg,data\frames_dense2\online_match_03\frame_02482.jpg,0.315,713.8,321.2,731.4,338.7
online_match_03/frame_02485.jpg,data\frames_dense2\online_match_03\frame_02485.jpg,0.663,0.0,390.2,21.1,411.7
online_match_03/frame_02485.jpg,data\frames_dense2\online_match_03\frame_02485.jpg,0.372,716.8,322.1,733.7,338.4
online_match_03/frame_02487.jpg,data\frames_dense2\online_match_03\frame_02487.jpg,0.66,0.0,404.8,16.9,425.3
online_match_03/frame_02490.jpg,data\frames_dense2\online_match_03\frame_02490.jpg,0.462,0.7,379.5,22.5,400.5
online_match_03/frame_02493.jpg,data\frames_dense2\online_match_03\frame_02493.jpg,0.564,3.9,349.4,29.7,373.1
online_match_03/frame_02495.jpg,data\frames_dense2\online_match_03\frame_02495.jpg,0.359,6.7,342.8,30.2,364.4
online_match_03/frame_02498.jpg,data\frames_dense2\online_match_03\frame_02498.jpg,0.263,730.0,329.9,746.4,346.1
online_match_03/frame_02501.jpg,data\frames_dense2\online_match_03\frame_02501.jpg,0.533,732.3,332.2,748.9,348.4
online_match_03/frame_02503.jpg,data\frames_dense2\online_match_03\frame_02503.jpg,0.255,735.1,331.8,751.9,347.7
online_match_03/frame_02506.jpg,data\frames_dense2\online_match_03\frame_02506.jpg,0.688,44.8,313.8,63.8,332.8
online_match_03/frame_02508.jpg,data\frames_dense2\online_match_03\frame_02508.jpg,0.311,52.8,316.7,74.2,336.7
online_match_03/frame_02511.jpg,data\frames_dense2\online_match_03\frame_02511.jpg,0.566,69.1,325.2,91.3,347.2
online_match_03/frame_02511.jpg,data\frames_dense2\online_match_03\frame_02511.jpg,0.268,744.8,334.4,761.5,350.6
online_match_03/frame_02514.jpg,data\frames_dense2\online_match_03\frame_02514.jpg,0.747,79.6,337.9,96.6,354.1
online_match_03/frame_02514.jpg,data\frames_dense2\online_match_03\frame_02514.jpg,0.393,745.8,333.7,763.0,350.8
online_match_03/frame_02516.jpg,data\frames_dense2\online_match_03\frame_02516.jpg,0.781,77.6,338.9,97.7,358.2
online_match_03/frame_02519.jpg,data\frames_dense2\online_match_03\frame_02519.jpg,0.846,76.6,341.4,97.1,361.7
online_match_03/frame_02519.jpg,data\frames_dense2\online_match_03\frame_02519.jpg,0.279,748.7,333.4,767.1,350.0
online_match_03/frame_02521.jpg,data\frames_dense2\online_match_03\frame_02521.jpg,0.777,74.4,355.9,95.3,376.6
online_match_03/frame_02524.jpg,data\frames_dense2\online_match_03\frame_02524.jpg,0.525,69.9,380.7,92.1,401.1
online_match_03/frame_02527.jpg,data\frames_dense2\online_match_03\frame_02527.jpg,0.492,64.7,411.6,89.1,433.4
online_match_03/frame_02529.jpg,data\frames_dense2\online_match_03\frame_02529.jpg,0.716,66.2,388.6,88.8,410.0
online_match_03/frame_02532.jpg,data\frames_dense2\online_match_03\frame_02532.jpg,0.764,65.2,370.1,87.7,391.0
online_match_03/frame_02535.jpg,data\frames_dense2\online_match_03\frame_02535.jpg,0.322,71.6,357.0,93.3,376.5
online_match_03/frame_02537.jpg,data\frames_dense2\online_match_03\frame_02537.jpg,0.382,72.3,355.2,95.8,375.6
online_match_03/frame_02540.jpg,data\frames_dense2\online_match_03\frame_02540.jpg,0.622,62.3,367.3,88.5,390.7
online_match_03/frame_02542.jpg,data\frames_dense2\online_match_03\frame_02542.jpg,0.673,65.7,373.9,90.2,396.5
online_match_03/frame_02545.jpg,data\frames_dense2\online_match_03\frame_02545.jpg,0.535,72.3,414.8,93.8,434.5
online_match_03/frame_02548.jpg,data\frames_dense2\online_match_03\frame_02548.jpg,0.626,78.0,391.6,97.4,410.4
online_match_03/frame_02550.jpg,data\frames_dense2\online_match_03\frame_02550.jpg,0.805,79.8,371.3,102.5,393.2
online_match_03/frame_02553.jpg,data\frames_dense2\online_match_03\frame_02553.jpg,0.556,80.3,363.5,102.7,384.5
online_match_03/frame_02555.jpg,data\frames_dense2\online_match_03\frame_02555.jpg,0.371,83.6,349.0,102.5,366.6
online_match_03/frame_02558.jpg,data\frames_dense2\online_match_03\frame_02558.jpg,0.447,97.4,351.8,116.7,368.8
online_match_03/frame_02566.jpg,data\frames_dense2\online_match_03\frame_02566.jpg,0.706,137.8,360.4,155.1,378.0
online_match_03/frame_02569.jpg,data\frames_dense2\online_match_03\frame_02569.jpg,0.604,134.1,363.0,151.7,379.9
online_match_03/frame_02571.jpg,data\frames_dense2\online_match_03\frame_02571.jpg,0.599,120.7,365.1,138.2,381.7
online_match_03/frame_02574.jpg,data\frames_dense2\online_match_03\frame_02574.jpg,0.653,111.0,361.0,127.9,378.0
online_match_03/frame_02576.jpg,data\frames_dense2\online_match_03\frame_02576.jpg,0.559,106.8,360.2,125.6,378.5
online_match_03/frame_02582.jpg,data\frames_dense2\online_match_03\frame_02582.jpg,0.256,140.9,344.7,155.7,359.5
online_match_03/frame_02589.jpg,data\frames_dense2\online_match_03\frame_02589.jpg,0.787,145.1,337.8,164.5,355.9
online_match_03/frame_02592.jpg,data\frames_dense2\online_match_03\frame_02592.jpg,0.699,145.7,337.8,164.8,355.4
online_match_03/frame_02595.jpg,data\frames_dense2\online_match_03\frame_02595.jpg,0.382,149.9,340.3,167.7,357.3
online_match_03/frame_02597.jpg,data\frames_dense2\online_match_03\frame_02597.jpg,0.378,149.8,340.4,167.7,357.4
online_match_03/frame_02600.jpg,data\frames_dense2\online_match_03\frame_02600.jpg,0.755,147.5,341.3,164.1,357.9
online_match_03/frame_02603.jpg,data\frames_dense2\online_match_03\frame_02603.jpg,0.578,144.6,340.0,161.0,355.8
online_match_03/frame_02605.jpg,data\frames_dense2\online_match_03\frame_02605.jpg,0.577,144.6,340.0,161.0,355.8
online_match_03/frame_02608.jpg,data\frames_dense2\online_match_03\frame_02608.jpg,0.748,140.6,338.2,155.9,353.9
online_match_03/frame_02610.jpg,data\frames_dense2\online_match_03\frame_02610.jpg,0.705,140.5,338.1,155.3,353.5
online_match_03/frame_02613.jpg,data\frames_dense2\online_match_03\frame_02613.jpg,0.479,138.9,337.1,154.2,352.8
online_match_03/frame_02616.jpg,data\frames_dense2\online_match_03\frame_02616.jpg,0.643,141.4,341.1,156.0,355.8
online_match_03/frame_02618.jpg,data\frames_dense2\online_match_03\frame_02618.jpg,0.788,141.5,345.4,158.5,361.4
online_match_03/frame_02621.jpg,data\frames_dense2\online_match_03\frame_02621.jpg,0.542,148.2,362.3,165.1,379.1
online_match_03/frame_02623.jpg,data\frames_dense2\online_match_03\frame_02623.jpg,0.62,153.6,376.5,169.6,392.7
online_match_03/frame_02626.jpg,data\frames_dense2\online_match_03\frame_02626.jpg,0.871,156.8,389.1,177.3,409.9
online_match_03/frame_02629.jpg,data\frames_dense2\online_match_03\frame_02629.jpg,0.698,157.0,383.8,175.2,402.0
online_match_03/frame_02631.jpg,data\frames_dense2\online_match_03\frame_02631.jpg,0.618,156.2,365.1,173.8,381.7
online_match_03/frame_02634.jpg,data\frames_dense2\online_match_03\frame_02634.jpg,0.664,152.4,354.4,169.7,372.3
online_match_03/frame_02637.jpg,data\frames_dense2\online_match_03\frame_02637.jpg,0.603,154.1,352.6,171.5,369.8
online_match_03/frame_02639.jpg,data\frames_dense2\online_match_03\frame_02639.jpg,0.727,157.6,368.6,175.0,385.7
online_match_03/frame_02642.jpg,data\frames_dense2\online_match_03\frame_02642.jpg,0.554,160.0,390.3,179.4,409.0
online_match_03/frame_02644.jpg,data\frames_dense2\online_match_03\frame_02644.jpg,0.702,160.9,400.2,182.4,420.6
online_match_03/frame_02647.jpg,data\frames_dense2\online_match_03\frame_02647.jpg,0.796,158.9,375.3,176.6,392.3
online_match_03/frame_02650.jpg,data\frames_dense2\online_match_03\frame_02650.jpg,0.615,158.3,364.6,174.8,380.8
online_match_03/frame_02652.jpg,data\frames_dense2\online_match_03\frame_02652.jpg,0.662,158.1,363.7,175.0,380.2
online_match_03/frame_02655.jpg,data\frames_dense2\online_match_03\frame_02655.jpg,0.648,160.3,364.4,178.2,381.4
online_match_03/frame_02657.jpg,data\frames_dense2\online_match_03\frame_02657.jpg,0.685,163.8,369.2,181.9,385.4
online_match_03/frame_02660.jpg,data\frames_dense2\online_match_03\frame_02660.jpg,0.638,173.4,394.4,195.9,415.4
online_match_03/frame_02663.jpg,data\frames_dense2\online_match_03\frame_02663.jpg,0.737,176.3,394.4,198.7,414.9
online_match_03/frame_02665.jpg,data\frames_dense2\online_match_03\frame_02665.jpg,0.776,176.9,378.6,197.2,397.1
online_match_03/frame_02668.jpg,data\frames_dense2\online_match_03\frame_02668.jpg,0.6,177.1,366.9,197.9,384.8
online_match_03/frame_02671.jpg,data\frames_dense2\online_match_03\frame_02671.jpg,0.815,175.9,357.0,198.7,379.0
online_match_03/frame_02673.jpg,data\frames_dense2\online_match_03\frame_02673.jpg,0.718,178.3,362.7,199.8,382.8
online_match_03/frame_02676.jpg,data\frames_dense2\online_match_03\frame_02676.jpg,0.758,177.0,379.0,197.7,398.1
online_match_03/frame_02678.jpg,data\frames_dense2\online_match_03\frame_02678.jpg,0.735,174.8,399.1,196.2,419.9
online_match_03/frame_02681.jpg,data\frames_dense2\online_match_03\frame_02681.jpg,0.867,173.1,385.8,192.3,405.0
online_match_03/frame_02684.jpg,data\frames_dense2\online_match_03\frame_02684.jpg,0.595,166.7,366.1,188.2,385.3
online_match_03/frame_02686.jpg,data\frames_dense2\online_match_03\frame_02686.jpg,0.629,164.7,361.2,185.8,381.5
online_match_03/frame_02689.jpg,data\frames_dense2\online_match_03\frame_02689.jpg,0.674,163.6,356.3,183.7,376.3
online_match_03/frame_02691.jpg,data\frames_dense2\online_match_03\frame_02691.jpg,0.453,165.8,352.0,185.7,371.1
online_match_03/frame_02694.jpg,data\frames_dense2\online_match_03\frame_02694.jpg,0.636,159.4,337.9,176.7,353.7
online_match_03/frame_02697.jpg,data\frames_dense2\online_match_03\frame_02697.jpg,0.759,154.3,330.6,172.9,348.1
online_match_03/frame_02699.jpg,data\frames_dense2\online_match_03\frame_02699.jpg,0.679,153.6,328.8,170.6,346.0
online_match_03/frame_02702.jpg,data\frames_dense2\online_match_03\frame_02702.jpg,0.363,147.0,325.2,163.1,342.6
online_match_03/frame_02705.jpg,data\frames_dense2\online_match_03\frame_02705.jpg,0.461,144.0,322.6,160.9,338.9
online_match_03/frame_02707.jpg,data\frames_dense2\online_match_03\frame_02707.jpg,0.298,142.8,321.8,159.5,337.3
online_match_03/frame_02731.jpg,data\frames_dense2\online_match_03\frame_02731.jpg,0.386,141.4,339.2,156.0,353.8
online_match_03/frame_02736.jpg,data\frames_dense2\online_match_03\frame_02736.jpg,0.612,144.5,344.6,162.2,360.7
online_match_03/frame_02738.jpg,data\frames_dense2\online_match_03\frame_02738.jpg,0.613,145.4,345.7,163.5,362.0
online_match_03/frame_02741.jpg,data\frames_dense2\online_match_03\frame_02741.jpg,0.751,147.4,347.1,166.7,365.4
online_match_03/frame_02744.jpg,data\frames_dense2\online_match_03\frame_02744.jpg,0.743,149.4,347.5,167.9,365.8
online_match_03/frame_02746.jpg,data\frames_dense2\online_match_03\frame_02746.jpg,0.77,154.8,354.2,171.0,371.2
online_match_03/frame_02749.jpg,data\frames_dense2\online_match_03\frame_02749.jpg,0.811,155.4,355.8,172.1,373.3
online_match_03/frame_02752.jpg,data\frames_dense2\online_match_03\frame_02752.jpg,0.615,159.2,362.7,176.9,379.5
online_match_03/frame_02754.jpg,data\frames_dense2\online_match_03\frame_02754.jpg,0.617,159.2,362.6,176.9,379.5
online_match_03/frame_02757.jpg,data\frames_dense2\online_match_03\frame_02757.jpg,0.495,161.5,366.2,181.4,384.9
online_match_03/frame_02759.jpg,data\frames_dense2\online_match_03\frame_02759.jpg,0.495,161.5,366.2,181.4,384.8
online_match_03/frame_02762.jpg,data\frames_dense2\online_match_03\frame_02762.jpg,0.291,168.4,371.2,185.9,388.6
online_match_03/frame_02765.jpg,data\frames_dense2\online_match_03\frame_02765.jpg,0.629,172.7,374.9,189.5,390.8
online_match_03/frame_02767.jpg,data\frames_dense2\online_match_03\frame_02767.jpg,0.74,173.7,378.1,191.0,393.1
online_match_03/frame_02770.jpg,data\frames_dense2\online_match_03\frame_02770.jpg,0.458,176.1,379.7,196.8,398.8
online_match_03/frame_02772.jpg,data\frames_dense2\online_match_03\frame_02772.jpg,0.789,176.8,386.0,198.0,405.8
online_match_03/frame_02775.jpg,data\frames_dense2\online_match_03\frame_02775.jpg,0.651,182.1,388.8,201.6,409.0
online_match_03/frame_02778.jpg,data\frames_dense2\online_match_03\frame_02778.jpg,0.836,186.2,388.4,205.6,406.8
online_match_03/frame_02780.jpg,data\frames_dense2\online_match_03\frame_02780.jpg,0.859,192.3,383.3,215.5,404.8
online_match_03/frame_02783.jpg,data\frames_dense2\online_match_03\frame_02783.jpg,0.702,199.1,379.4,220.6,399.0
online_match_03/frame_02786.jpg,data\frames_dense2\online_match_03\frame_02786.jpg,0.342,215.3,339.9,233.1,358.1
online_match_03/frame_02799.jpg,data\frames_dense2\online_match_03\frame_02799.jpg,0.556,230.8,234.0,250.1,253.6
online_match_03/frame_02801.jpg,data\frames_dense2\online_match_03\frame_02801.jpg,0.72,231.0,228.8,253.4,250.5
online_match_03/frame_02804.jpg,data\frames_dense2\online_match_03\frame_02804.jpg,0.681,234.4,224.4,253.7,241.5
online_match_03/frame_02806.jpg,data\frames_dense2\online_match_03\frame_02806.jpg,0.624,233.8,223.8,252.8,240.9
online_match_03/frame_02809.jpg,data\frames_dense2\online_match_03\frame_02809.jpg,0.551,235.1,221.7,254.8,240.2
online_match_03/frame_02812.jpg,data\frames_dense2\online_match_03\frame_02812.jpg,0.814,237.0,225.7,254.8,243.5
online_match_03/frame_02814.jpg,data\frames_dense2\online_match_03\frame_02814.jpg,0.781,238.6,241.7,255.2,258.1
online_match_03/frame_02817.jpg,data\frames_dense2\online_match_03\frame_02817.jpg,0.819,236.5,261.0,256.5,280.6
online_match_03/frame_02820.jpg,data\frames_dense2\online_match_03\frame_02820.jpg,0.71,238.4,272.8,255.2,289.3
online_match_03/frame_02822.jpg,data\frames_dense2\online_match_03\frame_02822.jpg,0.712,238.5,272.8,255.2,289.3
online_match_03/frame_02825.jpg,data\frames_dense2\online_match_03\frame_02825.jpg,0.513,234.4,301.4,253.6,319.5
online_match_03/frame_02843.jpg,data\frames_dense2\online_match_03\frame_02843.jpg,0.383,878.3,338.4,895.7,355.8
online_match_03/frame_02851.jpg,data\frames_dense2\online_match_03\frame_02851.jpg,0.659,1079.1,443.4,1103.8,467.7
online_match_03/frame_02851.jpg,data\frames_dense2\online_match_03\frame_02851.jpg,0.254,1076.8,441.6,1107.2,470.7
online_match_03/frame_02854.jpg,data\frames_dense2\online_match_03\frame_02854.jpg,0.795,1098.6,450.8,1128.4,478.4
online_match_03/frame_02856.jpg,data\frames_dense2\online_match_03\frame_02856.jpg,0.833,1160.0,401.2,1183.9,424.0
online_match_03/frame_02859.jpg,data\frames_dense2\online_match_03\frame_02859.jpg,0.542,1200.0,374.1,1224.7,397.8
online_match_03/frame_02861.jpg,data\frames_dense2\online_match_03\frame_02861.jpg,0.577,1200.0,374.1,1224.8,397.8
online_match_03/frame_02922.jpg,data\frames_dense2\online_match_03\frame_02922.jpg,0.66,1264.4,403.6,1279.7,422.9
online_match_03/frame_02924.jpg,data\frames_dense2\online_match_03\frame_02924.jpg,0.771,1234.8,422.0,1261.6,447.5
online_match_03/frame_02927.jpg,data\frames_dense2\online_match_03\frame_02927.jpg,0.81,1228.6,401.2,1254.3,425.5
online_match_03/frame_02927.jpg,data\frames_dense2\online_match_03\frame_02927.jpg,0.283,280.6,359.9,298.1,376.5
online_match_03/frame_02929.jpg,data\frames_dense2\online_match_03\frame_02929.jpg,0.88,1225.1,384.1,1247.5,405.8
online_match_03/frame_02932.jpg,data\frames_dense2\online_match_03\frame_02932.jpg,0.817,1216.4,368.9,1241.1,391.3
online_match_03/frame_02935.jpg,data\frames_dense2\online_match_03\frame_02935.jpg,0.616,1209.1,355.7,1232.7,380.4
online_match_03/frame_02937.jpg,data\frames_dense2\online_match_03\frame_02937.jpg,0.465,1206.5,352.8,1229.5,374.5
online_match_03/frame_02945.jpg,data\frames_dense2\online_match_03\frame_02945.jpg,0.486,1171.3,350.6,1194.1,372.5
online_match_03/frame_02948.jpg,data\frames_dense2\online_match_03\frame_02948.jpg,0.66,1157.2,362.4,1180.8,383.9
online_match_03/frame_02950.jpg,data\frames_dense2\online_match_03\frame_02950.jpg,0.893,1152.1,367.9,1175.7,389.4
online_match_03/frame_02953.jpg,data\frames_dense2\online_match_03\frame_02953.jpg,0.814,1135.1,390.3,1159.1,413.1
online_match_03/frame_02956.jpg,data\frames_dense2\online_match_03\frame_02956.jpg,0.78,1130.2,397.5,1155.8,421.2
online_match_03/frame_02958.jpg,data\frames_dense2\online_match_03\frame_02958.jpg,0.723,1115.9,409.2,1142.9,434.3
online_match_03/frame_02961.jpg,data\frames_dense2\online_match_03\frame_02961.jpg,0.712,1112.0,394.9,1134.9,417.1
online_match_03/frame_02963.jpg,data\frames_dense2\online_match_03\frame_02963.jpg,0.829,1103.4,383.8,1127.0,405.5
online_match_03/frame_02966.jpg,data\frames_dense2\online_match_03\frame_02966.jpg,0.744,1097.2,374.2,1119.3,397.1
online_match_03/frame_02969.jpg,data\frames_dense2\online_match_03\frame_02969.jpg,0.825,1086.3,367.5,1108.9,388.8
online_match_03/frame_02971.jpg,data\frames_dense2\online_match_03\frame_02971.jpg,0.854,1082.5,367.8,1103.5,388.6
online_match_03/frame_02974.jpg,data\frames_dense2\online_match_03\frame_02974.jpg,0.796,1069.3,369.2,1092.9,390.9
online_match_03/frame_02976.jpg,data\frames_dense2\online_match_03\frame_02976.jpg,0.745,1063.2,375.2,1085.8,397.5
online_match_03/frame_02979.jpg,data\frames_dense2\online_match_03\frame_02979.jpg,0.864,1049.4,389.3,1070.9,411.2
online_match_03/frame_02982.jpg,data\frames_dense2\online_match_03\frame_02982.jpg,0.763,1040.6,403.1,1062.9,424.1
online_match_03/frame_02982.jpg,data\frames_dense2\online_match_03\frame_02982.jpg,0.371,831.0,353.2,851.0,373.0
online_match_03/frame_02984.jpg,data\frames_dense2\online_match_03\frame_02984.jpg,0.546,1035.2,411.5,1058.7,434.2
online_match_03/frame_02984.jpg,data\frames_dense2\online_match_03\frame_02984.jpg,0.331,830.8,353.7,851.0,373.8
online_match_03/frame_02987.jpg,data\frames_dense2\online_match_03\frame_02987.jpg,0.303,1027.5,396.7,1051.2,417.3
online_match_03/frame_02990.jpg,data\frames_dense2\online_match_03\frame_02990.jpg,0.81,1019.8,385.2,1039.6,405.0
online_match_03/frame_02992.jpg,data\frames_dense2\online_match_03\frame_02992.jpg,0.678,1016.3,382.9,1038.0,402.0
online_match_03/frame_02995.jpg,data\frames_dense2\online_match_03\frame_02995.jpg,0.621,1007.7,379.9,1029.5,399.9
online_match_03/frame_02997.jpg,data\frames_dense2\online_match_03\frame_02997.jpg,0.487,1001.5,381.0,1023.3,402.7
online_match_03/frame_03000.jpg,data\frames_dense2\online_match_03\frame_03000.jpg,0.349,996.7,382.2,1020.5,404.5
online_match_03/frame_03003.jpg,data\frames_dense2\online_match_03\frame_03003.jpg,0.306,982.7,392.3,1007.2,416.2
online_match_03/frame_03005.jpg,data\frames_dense2\online_match_03\frame_03005.jpg,0.613,978.3,398.4,1004.0,422.2
online_match_03/frame_03008.jpg,data\frames_dense2\online_match_03\frame_03008.jpg,0.62,962.4,397.4,988.0,421.2
online_match_03/frame_03010.jpg,data\frames_dense2\online_match_03\frame_03010.jpg,0.734,956.9,389.8,980.6,412.5
online_match_03/frame_03013.jpg,data\frames_dense2\online_match_03\frame_03013.jpg,0.703,953.2,387.0,976.3,409.3
online_match_03/frame_03016.jpg,data\frames_dense2\online_match_03\frame_03016.jpg,0.862,944.5,386.0,969.1,408.8
online_match_03/frame_03018.jpg,data\frames_dense2\online_match_03\frame_03018.jpg,0.88,940.1,385.8,965.6,409.9
online_match_03/frame_03021.jpg,data\frames_dense2\online_match_03\frame_03021.jpg,0.737,933.8,391.5,957.9,414.5
online_match_03/frame_03024.jpg,data\frames_dense2\online_match_03\frame_03024.jpg,0.699,928.1,394.7,956.1,418.4
online_match_03/frame_03026.jpg,data\frames_dense2\online_match_03\frame_03026.jpg,0.694,920.5,404.0,943.5,427.8
online_match_03/frame_03029.jpg,data\frames_dense2\online_match_03\frame_03029.jpg,0.766,918.7,399.2,942.5,422.4
online_match_03/frame_03031.jpg,data\frames_dense2\online_match_03\frame_03031.jpg,0.749,909.8,390.4,933.7,413.3
online_match_03/frame_03034.jpg,data\frames_dense2\online_match_03\frame_03034.jpg,0.792,907.1,387.7,932.4,412.6
online_match_03/frame_03037.jpg,data\frames_dense2\online_match_03\frame_03037.jpg,0.561,895.9,394.5,919.4,415.7
online_match_03/frame_03039.jpg,data\frames_dense2\online_match_03\frame_03039.jpg,0.368,892.7,401.9,911.1,421.1
online_match_03/frame_03050.jpg,data\frames_dense2\online_match_03\frame_03050.jpg,0.406,865.4,394.5,885.9,413.6
online_match_03/frame_03052.jpg,data\frames_dense2\online_match_03\frame_03052.jpg,0.482,862.8,396.4,882.7,415.5
online_match_03/frame_03097.jpg,data\frames_dense2\online_match_03\frame_03097.jpg,0.311,901.6,338.2,920.3,357.5
online_match_03/frame_03126.jpg,data\frames_dense2\online_match_03\frame_03126.jpg,0.36,1067.7,344.7,1088.3,365.9
online_match_03/frame_03128.jpg,data\frames_dense2\online_match_03\frame_03128.jpg,0.402,1070.1,346.2,1091.9,367.0
online_match_03/frame_03133.jpg,data\frames_dense2\online_match_03\frame_03133.jpg,0.471,1074.7,345.5,1097.0,367.1
online_match_03/frame_03136.jpg,data\frames_dense2\online_match_03\frame_03136.jpg,0.642,1080.4,344.2,1101.9,365.0
online_match_03/frame_03139.jpg,data\frames_dense2\online_match_03\frame_03139.jpg,0.644,1084.5,344.6,1105.2,365.2
online_match_03/frame_03141.jpg,data\frames_dense2\online_match_03\frame_03141.jpg,0.74,1086.6,345.3,1108.5,366.0
online_match_03/frame_03144.jpg,data\frames_dense2\online_match_03\frame_03144.jpg,0.675,1086.8,346.2,1109.6,367.1
online_match_03/frame_03146.jpg,data\frames_dense2\online_match_03\frame_03146.jpg,0.415,1092.1,348.4,1113.0,368.5
online_match_03/frame_03149.jpg,data\frames_dense2\online_match_03\frame_03149.jpg,0.709,1096.6,347.5,1117.9,366.9
online_match_03/frame_03152.jpg,data\frames_dense2\online_match_03\frame_03152.jpg,0.64,1099.9,345.8,1122.5,366.5
online_match_03/frame_03154.jpg,data\frames_dense2\online_match_03\frame_03154.jpg,0.676,1102.2,345.1,1125.0,366.0
online_match_03/frame_03157.jpg,data\frames_dense2\online_match_03\frame_03157.jpg,0.559,1111.6,347.8,1134.9,368.8
online_match_03/frame_03160.jpg,data\frames_dense2\online_match_03\frame_03160.jpg,0.901,1120.4,370.0,1142.0,389.8
online_match_03/frame_03162.jpg,data\frames_dense2\online_match_03\frame_03162.jpg,0.738,1119.8,380.6,1143.7,401.8
online_match_03/frame_03165.jpg,data\frames_dense2\online_match_03\frame_03165.jpg,0.689,1119.8,394.6,1146.7,418.2
online_match_03/frame_03167.jpg,data\frames_dense2\online_match_03\frame_03167.jpg,0.788,1122.1,386.7,1146.5,409.4
online_match_03/frame_03170.jpg,data\frames_dense2\online_match_03\frame_03170.jpg,0.558,1127.7,364.8,1147.6,384.1
online_match_03/frame_03173.jpg,data\frames_dense2\online_match_03\frame_03173.jpg,0.763,1126.6,355.1,1147.4,375.7
online_match_03/frame_03175.jpg,data\frames_dense2\online_match_03\frame_03175.jpg,0.65,1126.6,340.7,1147.2,362.2
online_match_03/frame_03178.jpg,data\frames_dense2\online_match_03\frame_03178.jpg,0.742,1127.5,338.8,1147.5,358.7
online_match_03/frame_03180.jpg,data\frames_dense2\online_match_03\frame_03180.jpg,0.758,1129.8,338.3,1148.8,357.1
online_match_03/frame_03183.jpg,data\frames_dense2\online_match_03\frame_03183.jpg,0.449,1133.7,352.6,1152.8,372.1
online_match_03/frame_03186.jpg,data\frames_dense2\online_match_03\frame_03186.jpg,0.632,1133.4,360.8,1153.7,380.6
online_match_03/frame_03188.jpg,data\frames_dense2\online_match_03\frame_03188.jpg,0.704,1135.6,393.1,1157.7,413.8
online_match_03/frame_03191.jpg,data\frames_dense2\online_match_03\frame_03191.jpg,0.706,1135.8,398.9,1158.8,420.8
online_match_03/frame_03194.jpg,data\frames_dense2\online_match_03\frame_03194.jpg,0.779,1137.4,368.9,1157.7,388.8
online_match_03/frame_03196.jpg,data\frames_dense2\online_match_03\frame_03196.jpg,0.778,1137.4,368.9,1157.7,388.8
online_match_03/frame_03222.jpg,data\frames_dense2\online_match_03\frame_03222.jpg,0.432,1126.4,339.0,1144.1,357.8
online_match_03/frame_03225.jpg,data\frames_dense2\online_match_03\frame_03225.jpg,0.565,1125.9,339.7,1145.5,359.0
online_match_03/frame_03248.jpg,data\frames_dense2\online_match_03\frame_03248.jpg,0.316,1124.4,348.6,1145.8,367.6
online_match_03/frame_03251.jpg,data\frames_dense2\online_match_03\frame_03251.jpg,0.6,1121.4,346.1,1141.3,364.6
online_match_03/frame_03254.jpg,data\frames_dense2\online_match_03\frame_03254.jpg,0.652,1122.3,345.7,1142.6,365.0
online_match_03/frame_03256.jpg,data\frames_dense2\online_match_03\frame_03256.jpg,0.653,1121.0,346.2,1140.7,364.9
online_match_03/frame_03259.jpg,data\frames_dense2\online_match_03\frame_03259.jpg,0.647,1120.9,346.5,1140.9,365.4
online_match_03/frame_03262.jpg,data\frames_dense2\online_match_03\frame_03262.jpg,0.555,1120.1,346.6,1139.4,364.8
online_match_03/frame_03264.jpg,data\frames_dense2\online_match_03\frame_03264.jpg,0.431,1119.4,346.3,1138.5,364.1
online_match_03/frame_03282.jpg,data\frames_dense2\online_match_03\frame_03282.jpg,0.287,1107.4,336.7,1125.5,352.7
online_match_03/frame_03285.jpg,data\frames_dense2\online_match_03\frame_03285.jpg,0.359,1104.5,337.6,1122.2,352.9
online_match_03/frame_03327.jpg,data\frames_dense2\online_match_03\frame_03327.jpg,0.265,1069.3,325.6,1088.6,343.7
online_match_03/frame_03332.jpg,data\frames_dense2\online_match_03\frame_03332.jpg,0.46,1067.4,324.8,1084.6,342.3
online_match_03/frame_03335.jpg,data\frames_dense2\online_match_03\frame_03335.jpg,0.404,1066.5,324.5,1083.8,341.8
online_match_03/frame_03337.jpg,data\frames_dense2\online_match_03\frame_03337.jpg,0.399,1066.5,324.6,1083.8,341.9
online_match_03/frame_03340.jpg,data\frames_dense2\online_match_03\frame_03340.jpg,0.325,1063.7,323.6,1081.8,339.5
online_match_03/frame_03343.jpg,data\frames_dense2\online_match_03\frame_03343.jpg,0.618,1063.7,321.7,1082.7,339.7
online_match_03/frame_03345.jpg,data\frames_dense2\online_match_03\frame_03345.jpg,0.59,1064.3,321.8,1082.4,338.5
online_match_03/frame_03348.jpg,data\frames_dense2\online_match_03\frame_03348.jpg,0.467,1059.4,320.3,1078.4,337.7
online_match_03/frame_03350.jpg,data\frames_dense2\online_match_03\frame_03350.jpg,0.535,1058.2,321.1,1076.4,338.3
online_match_03/frame_03353.jpg,data\frames_dense2\online_match_03\frame_03353.jpg,0.332,1055.4,336.4,1072.6,353.6
online_match_03/frame_03358.jpg,data\frames_dense2\online_match_03\frame_03358.jpg,0.447,1052.6,347.5,1071.2,365.5
online_match_03/frame_03361.jpg,data\frames_dense2\online_match_03\frame_03361.jpg,0.253,1055.8,338.7,1073.5,356.2
online_match_03/frame_03364.jpg,data\frames_dense2\online_match_03\frame_03364.jpg,0.547,1056.3,330.8,1076.5,349.7
online_match_03/frame_03366.jpg,data\frames_dense2\online_match_03\frame_03366.jpg,0.578,1056.3,326.0,1075.7,344.8
online_match_03/frame_03369.jpg,data\frames_dense2\online_match_03\frame_03369.jpg,0.647,1056.5,324.4,1076.4,343.7
online_match_03/frame_03371.jpg,data\frames_dense2\online_match_03\frame_03371.jpg,0.459,1054.4,332.5,1074.2,352.1
online_match_03/frame_03377.jpg,data\frames_dense2\online_match_03\frame_03377.jpg,0.548,1047.0,358.1,1065.8,377.7
online_match_03/frame_03379.jpg,data\frames_dense2\online_match_03\frame_03379.jpg,0.441,1045.6,352.3,1063.9,369.9
online_match_03/frame_03382.jpg,data\frames_dense2\online_match_03\frame_03382.jpg,0.434,1052.3,331.8,1071.8,349.4
online_match_03/frame_03384.jpg,data\frames_dense2\online_match_03\frame_03384.jpg,0.435,1050.8,329.4,1072.0,348.0
online_match_03/frame_03387.jpg,data\frames_dense2\online_match_03\frame_03387.jpg,0.621,1045.6,327.0,1066.6,345.8
online_match_03/frame_03390.jpg,data\frames_dense2\online_match_03\frame_03390.jpg,0.718,1044.1,328.1,1061.9,345.4
online_match_03/frame_03392.jpg,data\frames_dense2\online_match_03\frame_03392.jpg,0.509,1043.6,329.0,1062.1,346.4
online_match_03/frame_03403.jpg,data\frames_dense2\online_match_03\frame_03403.jpg,0.609,1004.6,346.8,1025.5,366.0
online_match_03/frame_03403.jpg,data\frames_dense2\online_match_03\frame_03403.jpg,0.314,985.5,308.2,1007.4,329.9
online_match_03/frame_03405.jpg,data\frames_dense2\online_match_03\frame_03405.jpg,0.749,1000.4,344.2,1021.2,364.6
online_match_03/frame_03408.jpg,data\frames_dense2\online_match_03\frame_03408.jpg,0.86,993.6,339.3,1014.3,359.1
online_match_03/frame_03411.jpg,data\frames_dense2\online_match_03\frame_03411.jpg,0.563,985.2,330.8,1006.0,349.2
online_match_03/frame_03413.jpg,data\frames_dense2\online_match_03\frame_03413.jpg,0.556,1019.3,309.1,1039.8,328.5
online_match_03/frame_03416.jpg,data\frames_dense2\online_match_03\frame_03416.jpg,0.45,1023.5,310.6,1044.9,330.6
online_match_03/frame_03418.jpg,data\frames_dense2\online_match_03\frame_03418.jpg,0.449,1023.5,310.6,1044.9,330.5
online_match_03/frame_03421.jpg,data\frames_dense2\online_match_03\frame_03421.jpg,0.272,93.7,153.6,111.0,169.5
online_match_03/frame_03421.jpg,data\frames_dense2\online_match_03\frame_03421.jpg,0.259,1037.5,312.1,1061.1,333.8
online_match_03/frame_03424.jpg,data\frames_dense2\online_match_03\frame_03424.jpg,0.82,988.5,242.2,1008.3,261.6
online_match_03/frame_03426.jpg,data\frames_dense2\online_match_03\frame_03426.jpg,0.822,988.5,242.2,1008.3,261.7
online_match_03/frame_03429.jpg,data\frames_dense2\online_match_03\frame_03429.jpg,0.754,994.2,232.1,1013.1,249.9
online_match_03/frame_03432.jpg,data\frames_dense2\online_match_03\frame_03432.jpg,0.728,995.6,233.7,1014.1,251.2
online_match_03/frame_03434.jpg,data\frames_dense2\online_match_03\frame_03434.jpg,0.596,999.6,236.1,1018.3,253.5
online_match_03/frame_03437.jpg,data\frames_dense2\online_match_03\frame_03437.jpg,0.718,1003.8,240.9,1021.7,257.3
online_match_03/frame_03439.jpg,data\frames_dense2\online_match_03\frame_03439.jpg,0.758,1006.7,245.0,1023.6,262.1
online_match_03/frame_03442.jpg,data\frames_dense2\online_match_03\frame_03442.jpg,0.489,1007.4,254.2,1024.0,270.4
online_match_03/frame_03460.jpg,data\frames_dense2\online_match_03\frame_03460.jpg,0.616,699.8,378.4,720.3,397.6
online_match_03/frame_03466.jpg,data\frames_dense2\online_match_03\frame_03466.jpg,0.754,730.1,390.1,750.7,410.7
online_match_03/frame_03468.jpg,data\frames_dense2\online_match_03\frame_03468.jpg,0.892,736.9,385.6,757.8,405.0
online_match_03/frame_03471.jpg,data\frames_dense2\online_match_03\frame_03471.jpg,0.601,733.5,383.2,753.5,401.2
online_match_03/frame_03473.jpg,data\frames_dense2\online_match_03\frame_03473.jpg,0.739,733.7,383.9,754.8,404.6
online_match_03/frame_03479.jpg,data\frames_dense2\online_match_03\frame_03479.jpg,0.828,737.2,338.0,761.9,360.3
online_match_03/frame_03481.jpg,data\frames_dense2\online_match_03\frame_03481.jpg,0.829,737.2,338.0,761.9,360.3
online_match_03/frame_03484.jpg,data\frames_dense2\online_match_03\frame_03484.jpg,0.692,750.5,302.5,774.4,324.2
online_match_03/frame_03486.jpg,data\frames_dense2\online_match_03\frame_03486.jpg,0.336,756.6,291.2,778.0,312.9
online_match_03/frame_03489.jpg,data\frames_dense2\online_match_03\frame_03489.jpg,0.509,755.8,284.5,779.5,306.6
online_match_03/frame_03494.jpg,data\frames_dense2\online_match_03\frame_03494.jpg,0.425,766.7,286.2,787.8,305.0
online_match_03/frame_03497.jpg,data\frames_dense2\online_match_03\frame_03497.jpg,0.673,766.8,296.1,790.8,318.5
online_match_03/frame_03500.jpg,data\frames_dense2\online_match_03\frame_03500.jpg,0.39,770.0,316.7,794.8,337.6
online_match_03/frame_03502.jpg,data\frames_dense2\online_match_03\frame_03502.jpg,0.489,770.6,321.6,797.7,347.0
online_match_03/frame_03513.jpg,data\frames_dense2\online_match_03\frame_03513.jpg,0.465,728.9,394.7,750.9,414.4
online_match_03/frame_03515.jpg,data\frames_dense2\online_match_03\frame_03515.jpg,0.716,724.5,402.5,749.3,426.8
online_match_03/frame_03518.jpg,data\frames_dense2\online_match_03\frame_03518.jpg,0.71,735.2,430.6,760.8,454.2
online_match_03/frame_03523.jpg,data\frames_dense2\online_match_03\frame_03523.jpg,0.526,793.8,461.5,817.5,483.5
online_match_03/frame_03526.jpg,data\frames_dense2\online_match_03\frame_03526.jpg,0.257,901.3,507.2,928.4,533.4
online_match_03/frame_03528.jpg,data\frames_dense2\online_match_03\frame_03528.jpg,0.46,935.7,521.9,963.8,549.4
online_match_03/frame_03531.jpg,data\frames_dense2\online_match_03\frame_03531.jpg,0.576,1023.4,560.6,1057.4,589.2
online_match_03/frame_03534.jpg,data\frames_dense2\online_match_03\frame_03534.jpg,0.727,1065.4,548.2,1096.0,575.9
online_match_03/frame_03536.jpg,data\frames_dense2\online_match_03\frame_03536.jpg,0.638,1115.0,539.6,1147.6,570.7
online_match_03/frame_03539.jpg,data\frames_dense2\online_match_03\frame_03539.jpg,0.713,1158.0,536.8,1189.1,565.1
online_match_03/frame_03541.jpg,data\frames_dense2\online_match_03\frame_03541.jpg,0.712,1158.0,536.7,1189.1,565.1
online_match_03/frame_03591.jpg,data\frames_dense2\online_match_03\frame_03591.jpg,0.512,945.5,388.7,970.7,412.8
online_match_03/frame_03594.jpg,data\frames_dense2\online_match_03\frame_03594.jpg,0.341,948.8,389.3,974.4,413.3
online_match_03/frame_03604.jpg,data\frames_dense2\online_match_03\frame_03604.jpg,0.401,952.9,391.9,976.1,413.5
online_match_03/frame_03607.jpg,data\frames_dense2\online_match_03\frame_03607.jpg,0.478,953.9,392.6,976.1,413.5
online_match_03/frame_03628.jpg,data\frames_dense2\online_match_03\frame_03628.jpg,0.255,498.8,254.9,518.0,272.7
online_match_03/frame_03630.jpg,data\frames_dense2\online_match_03\frame_03630.jpg,0.26,498.7,254.9,518.0,272.7
online_match_03/frame_03654.jpg,data\frames_dense2\online_match_03\frame_03654.jpg,0.289,1178.3,334.4,1201.9,356.4
online_match_03/frame_03656.jpg,data\frames_dense2\online_match_03\frame_03656.jpg,0.299,1178.3,334.4,1201.8,356.4
online_match_03/frame_03662.jpg,data\frames_dense2\online_match_03\frame_03662.jpg,0.275,1145.9,343.8,1170.0,366.4
online_match_03/frame_03664.jpg,data\frames_dense2\online_match_03\frame_03664.jpg,0.375,1145.5,344.5,1170.3,368.5
online_match_03/frame_03670.jpg,data\frames_dense2\online_match_03\frame_03670.jpg,0.474,1149.4,349.8,1173.2,370.9
online_match_03/frame_03672.jpg,data\frames_dense2\online_match_03\frame_03672.jpg,0.685,1151.1,350.3,1174.6,371.5
online_match_03/frame_03675.jpg,data\frames_dense2\online_match_03\frame_03675.jpg,0.684,1151.1,350.2,1174.7,371.4
online_match_03/frame_03693.jpg,data\frames_dense2\online_match_03\frame_03693.jpg,0.454,1227.1,378.0,1250.5,399.4
online_match_03/frame_03756.jpg,data\frames_dense2\online_match_03\frame_03756.jpg,0.305,58.7,289.1,81.9,313.3
online_match_03/frame_03761.jpg,data\frames_dense2\online_match_03\frame_03761.jpg,0.65,80.9,375.4,105.5,398.3
online_match_03/frame_03764.jpg,data\frames_dense2\online_match_03\frame_03764.jpg,0.304,965.6,390.8,988.2,413.0
online_match_03/frame_03766.jpg,data\frames_dense2\online_match_03\frame_03766.jpg,0.333,84.1,364.6,108.5,386.4
online_match_03/frame_03766.jpg,data\frames_dense2\online_match_03\frame_03766.jpg,0.297,1260.9,409.8,1278.5,429.9
online_match_03/frame_03766.jpg,data\frames_dense2\online_match_03\frame_03766.jpg,0.273,964.6,390.5,987.7,413.3
online_match_03/frame_03785.jpg,data\frames_dense2\online_match_03\frame_03785.jpg,0.459,139.0,275.1,161.0,296.4
online_match_03/frame_03787.jpg,data\frames_dense2\online_match_03\frame_03787.jpg,0.72,136.7,274.8,158.6,296.2
online_match_03/frame_03790.jpg,data\frames_dense2\online_match_03\frame_03790.jpg,0.624,134.3,281.6,157.6,303.6
online_match_03/frame_03792.jpg,data\frames_dense2\online_match_03\frame_03792.jpg,0.587,133.8,284.2,156.0,305.8
online_match_03/frame_03795.jpg,data\frames_dense2\online_match_03\frame_03795.jpg,0.561,132.9,288.2,153.8,309.4
online_match_03/frame_03795.jpg,data\frames_dense2\online_match_03\frame_03795.jpg,0.339,1213.5,383.2,1239.6,406.3
online_match_03/frame_03798.jpg,data\frames_dense2\online_match_03\frame_03798.jpg,0.356,909.9,297.3,929.9,316.3
online_match_03/frame_03800.jpg,data\frames_dense2\online_match_03\frame_03800.jpg,0.355,909.9,297.2,929.9,316.2
online_match_03/frame_03803.jpg,data\frames_dense2\online_match_03\frame_03803.jpg,0.303,908.8,297.2,928.5,316.4
online_match_03/frame_03806.jpg,data\frames_dense2\online_match_03\frame_03806.jpg,0.327,1196.7,385.5,1217.9,406.5
online_match_03/frame_03892.jpg,data\frames_dense2\online_match_03\frame_03892.jpg,0.397,107.2,353.8,125.8,372.8
online_match_03/frame_03894.jpg,data\frames_dense2\online_match_03\frame_03894.jpg,0.72,105.3,352.8,125.6,372.7
online_match_03/frame_03897.jpg,data\frames_dense2\online_match_03\frame_03897.jpg,0.29,99.4,346.0,121.4,366.3
online_match_03/frame_03900.jpg,data\frames_dense2\online_match_03\frame_03900.jpg,0.518,94.1,342.7,116.3,363.7
online_match_03/frame_03902.jpg,data\frames_dense2\online_match_03\frame_03902.jpg,0.663,91.5,339.6,114.0,361.8
online_match_03/frame_03913.jpg,data\frames_dense2\online_match_03\frame_03913.jpg,0.844,62.0,368.8,83.8,389.5
online_match_03/frame_03915.jpg,data\frames_dense2\online_match_03\frame_03915.jpg,0.751,55.7,392.2,78.2,414.8
online_match_03/frame_03918.jpg,data\frames_dense2\online_match_03\frame_03918.jpg,0.758,45.7,416.0,73.2,441.4
online_match_03/frame_03921.jpg,data\frames_dense2\online_match_03\frame_03921.jpg,0.765,43.0,403.8,69.7,429.5
online_match_03/frame_03923.jpg,data\frames_dense2\online_match_03\frame_03923.jpg,0.822,42.9,383.1,65.7,405.0
online_match_03/frame_03926.jpg,data\frames_dense2\online_match_03\frame_03926.jpg,0.61,42.5,377.8,65.2,399.9
online_match_03/frame_03928.jpg,data\frames_dense2\online_match_03\frame_03928.jpg,0.47,44.5,366.6,63.4,385.0
online_match_03/frame_03931.jpg,data\frames_dense2\online_match_03\frame_03931.jpg,0.78,42.8,370.2,64.4,391.8
online_match_03/frame_03934.jpg,data\frames_dense2\online_match_03\frame_03934.jpg,0.79,52.2,401.5,73.8,423.1
online_match_03/frame_03936.jpg,data\frames_dense2\online_match_03\frame_03936.jpg,0.819,50.7,386.0,71.1,405.8
online_match_03/frame_03939.jpg,data\frames_dense2\online_match_03\frame_03939.jpg,0.53,51.4,353.6,69.9,371.2
online_match_03/frame_03949.jpg,data\frames_dense2\online_match_03\frame_03949.jpg,0.253,36.0,363.0,55.7,381.8
online_match_03/frame_03952.jpg,data\frames_dense2\online_match_03\frame_03952.jpg,0.716,28.7,393.3,51.7,415.2
online_match_03/frame_03955.jpg,data\frames_dense2\online_match_03\frame_03955.jpg,0.831,25.0,416.2,49.5,439.7
online_match_03/frame_03957.jpg,data\frames_dense2\online_match_03\frame_03957.jpg,0.869,27.0,400.8,49.7,422.2
online_match_03/frame_03960.jpg,data\frames_dense2\online_match_03\frame_03960.jpg,0.889,31.9,385.6,52.9,405.2
online_match_03/frame_03962.jpg,data\frames_dense2\online_match_03\frame_03962.jpg,0.806,33.0,369.0,55.5,389.5
online_match_03/frame_03965.jpg,data\frames_dense2\online_match_03\frame_03965.jpg,0.353,39.3,359.9,65.3,382.2
online_match_03/frame_03968.jpg,data\frames_dense2\online_match_03\frame_03968.jpg,0.644,43.9,378.9,65.9,400.0
online_match_03/frame_03970.jpg,data\frames_dense2\online_match_03\frame_03970.jpg,0.641,43.8,378.8,65.9,400.0
online_match_03/frame_03973.jpg,data\frames_dense2\online_match_03\frame_03973.jpg,0.689,54.1,383.6,73.6,402.7
online_match_03/frame_03976.jpg,data\frames_dense2\online_match_03\frame_03976.jpg,0.421,54.7,345.5,76.8,364.7
online_match_03/frame_03978.jpg,data\frames_dense2\online_match_03\frame_03978.jpg,0.479,55.6,342.5,75.0,361.4
online_match_03/frame_03981.jpg,data\frames_dense2\online_match_03\frame_03981.jpg,0.671,51.1,344.8,71.6,364.8
online_match_03/frame_03983.jpg,data\frames_dense2\online_match_03\frame_03983.jpg,0.584,48.5,349.4,71.5,370.1
online_match_03/frame_03986.jpg,data\frames_dense2\online_match_03\frame_03986.jpg,0.618,53.6,389.4,73.8,410.4
online_match_03/frame_03989.jpg,data\frames_dense2\online_match_03\frame_03989.jpg,0.639,52.5,410.3,77.2,432.7
online_match_03/frame_03991.jpg,data\frames_dense2\online_match_03\frame_03991.jpg,0.713,59.1,391.3,78.5,410.3
online_match_03/frame_03996.jpg,data\frames_dense2\online_match_03\frame_03996.jpg,0.4,65.5,359.2,85.4,378.3
online_match_03/frame_03999.jpg,data\frames_dense2\online_match_03\frame_03999.jpg,0.653,66.2,356.8,89.0,377.8
online_match_03/frame_04002.jpg,data\frames_dense2\online_match_03\frame_04002.jpg,0.818,66.1,387.2,86.7,406.9
online_match_03/frame_04004.jpg,data\frames_dense2\online_match_03\frame_04004.jpg,0.818,66.1,387.2,86.7,407.0
online_match_03/frame_04007.jpg,data\frames_dense2\online_match_03\frame_04007.jpg,0.733,73.9,389.2,94.3,409.2
online_match_03/frame_04010.jpg,data\frames_dense2\online_match_03\frame_04010.jpg,0.545,78.9,364.5,99.8,385.1
online_match_03/frame_04012.jpg,data\frames_dense2\online_match_03\frame_04012.jpg,0.659,80.0,362.7,100.5,382.2
online_match_03/frame_04015.jpg,data\frames_dense2\online_match_03\frame_04015.jpg,0.514,84.7,361.9,105.6,382.0
online_match_03/frame_04017.jpg,data\frames_dense2\online_match_03\frame_04017.jpg,0.611,87.4,371.3,106.1,389.5
online_match_03/frame_04020.jpg,data\frames_dense2\online_match_03\frame_04020.jpg,0.67,87.6,404.2,108.2,425.1
online_match_03/frame_04025.jpg,data\frames_dense2\online_match_03\frame_04025.jpg,0.681,94.1,376.8,111.9,393.3
online_match_03/frame_04028.jpg,data\frames_dense2\online_match_03\frame_04028.jpg,0.361,105.9,357.6,121.4,372.1
online_match_03/frame_04028.jpg,data\frames_dense2\online_match_03\frame_04028.jpg,0.261,93.7,378.0,113.2,392.6
online_match_03/frame_04030.jpg,data\frames_dense2\online_match_03\frame_04030.jpg,0.52,108.0,356.1,122.1,370.1
online_match_03/frame_04033.jpg,data\frames_dense2\online_match_03\frame_04033.jpg,0.36,112.3,358.3,128.8,374.5
online_match_03/frame_04036.jpg,data\frames_dense2\online_match_03\frame_04036.jpg,0.537,111.5,370.0,127.5,385.1
online_match_03/frame_04038.jpg,data\frames_dense2\online_match_03\frame_04038.jpg,0.533,111.5,370.0,127.5,385.1
online_match_03/frame_04041.jpg,data\frames_dense2\online_match_03\frame_04041.jpg,0.745,109.3,402.2,130.4,422.1
online_match_03/frame_04044.jpg,data\frames_dense2\online_match_03\frame_04044.jpg,0.652,114.8,370.5,130.7,385.2
online_match_03/frame_04046.jpg,data\frames_dense2\online_match_03\frame_04046.jpg,0.645,115.5,363.1,131.8,379.2
online_match_03/frame_04049.jpg,data\frames_dense2\online_match_03\frame_04049.jpg,0.465,121.0,349.7,137.6,365.8
online_match_03/frame_04051.jpg,data\frames_dense2\online_match_03\frame_04051.jpg,0.478,122.9,350.0,138.1,365.1
online_match_03/frame_04054.jpg,data\frames_dense2\online_match_03\frame_04054.jpg,0.589,131.7,354.4,147.8,369.5
online_match_03/frame_04057.jpg,data\frames_dense2\online_match_03\frame_04057.jpg,0.605,145.6,379.3,161.9,394.2
online_match_03/frame_04059.jpg,data\frames_dense2\online_match_03\frame_04059.jpg,0.683,149.4,387.9,166.6,406.1
online_match_03/frame_04062.jpg,data\frames_dense2\online_match_03\frame_04062.jpg,0.672,155.7,381.7,171.9,397.9
online_match_03/frame_04064.jpg,data\frames_dense2\online_match_03\frame_04064.jpg,0.552,158.0,374.4,172.1,389.0
online_match_03/frame_04067.jpg,data\frames_dense2\online_match_03\frame_04067.jpg,0.309,156.9,354.5,171.0,368.8
online_match_03/frame_04070.jpg,data\frames_dense2\online_match_03\frame_04070.jpg,0.442,156.9,349.7,172.2,364.8
online_match_03/frame_04075.jpg,data\frames_dense2\online_match_03\frame_04075.jpg,0.405,164.3,351.0,179.8,365.8
online_match_03/frame_04080.jpg,data\frames_dense2\online_match_03\frame_04080.jpg,0.762,175.4,389.1,193.7,407.3
online_match_03/frame_04083.jpg,data\frames_dense2\online_match_03\frame_04083.jpg,0.801,179.0,377.3,194.8,391.9
online_match_03/frame_04085.jpg,data\frames_dense2\online_match_03\frame_04085.jpg,0.732,180.8,356.7,196.2,371.4
online_match_03/frame_04088.jpg,data\frames_dense2\online_match_03\frame_04088.jpg,0.47,186.7,354.1,201.2,368.7
online_match_03/frame_04091.jpg,data\frames_dense2\online_match_03\frame_04091.jpg,0.756,194.4,361.5,210.9,376.9
online_match_03/frame_04093.jpg,data\frames_dense2\online_match_03\frame_04093.jpg,0.57,198.4,366.0,213.3,381.3
online_match_03/frame_04096.jpg,data\frames_dense2\online_match_03\frame_04096.jpg,0.756,204.7,377.9,219.6,392.7
online_match_03/frame_04098.jpg,data\frames_dense2\online_match_03\frame_04098.jpg,0.602,206.3,380.8,223.4,397.7
online_match_03/frame_04101.jpg,data\frames_dense2\online_match_03\frame_04101.jpg,0.686,209.8,383.8,229.1,400.9
online_match_03/frame_04104.jpg,data\frames_dense2\online_match_03\frame_04104.jpg,0.345,212.4,367.6,227.3,381.8
online_match_03/frame_04106.jpg,data\frames_dense2\online_match_03\frame_04106.jpg,0.325,212.0,367.6,227.2,381.7
online_match_03/frame_04109.jpg,data\frames_dense2\online_match_03\frame_04109.jpg,0.693,213.1,379.0,229.7,395.1
online_match_03/frame_04112.jpg,data\frames_dense2\online_match_03\frame_04112.jpg,0.627,213.7,382.1,231.6,399.6
online_match_03/frame_04114.jpg,data\frames_dense2\online_match_03\frame_04114.jpg,0.52,212.5,383.9,229.6,400.6
online_match_03/frame_04117.jpg,data\frames_dense2\online_match_03\frame_04117.jpg,0.798,209.2,379.5,227.9,397.2
online_match_03/frame_04119.jpg,data\frames_dense2\online_match_03\frame_04119.jpg,0.766,209.7,384.1,228.7,401.1
online_match_03/frame_04122.jpg,data\frames_dense2\online_match_03\frame_04122.jpg,0.753,209.4,388.6,226.9,406.3
online_match_03/frame_04125.jpg,data\frames_dense2\online_match_03\frame_04125.jpg,0.773,208.3,379.3,227.8,397.6
online_match_03/frame_04127.jpg,data\frames_dense2\online_match_03\frame_04127.jpg,0.662,207.9,380.4,227.9,398.9
online_match_03/frame_04130.jpg,data\frames_dense2\online_match_03\frame_04130.jpg,0.847,208.0,388.2,225.7,405.9
online_match_03/frame_04132.jpg,data\frames_dense2\online_match_03\frame_04132.jpg,0.846,208.1,388.3,225.6,405.9
online_match_03/frame_04135.jpg,data\frames_dense2\online_match_03\frame_04135.jpg,0.824,209.9,389.5,226.9,406.1
online_match_03/frame_04138.jpg,data\frames_dense2\online_match_03\frame_04138.jpg,0.797,211.4,392.5,229.2,409.1
online_match_03/frame_04140.jpg,data\frames_dense2\online_match_03\frame_04140.jpg,0.654,205.7,379.2,223.5,395.7
online_match_03/frame_04143.jpg,data\frames_dense2\online_match_03\frame_04143.jpg,0.357,209.5,368.5,226.5,384.5
online_match_03/frame_04148.jpg,data\frames_dense2\online_match_03\frame_04148.jpg,0.569,207.3,356.0,223.1,370.9
online_match_03/frame_04153.jpg,data\frames_dense2\online_match_03\frame_04153.jpg,0.278,193.4,346.9,210.1,362.2
online_match_03/frame_04156.jpg,data\frames_dense2\online_match_03\frame_04156.jpg,0.57,190.7,345.7,206.8,360.3
online_match_03/frame_04159.jpg,data\frames_dense2\online_match_03\frame_04159.jpg,0.471,187.1,345.2,202.3,359.7
online_match_03/frame_04161.jpg,data\frames_dense2\online_match_03\frame_04161.jpg,0.4,182.0,348.4,196.7,362.5
online_match_03/frame_04164.jpg,data\frames_dense2\online_match_03\frame_04164.jpg,0.347,179.3,350.0,193.7,363.3
online_match_03/frame_04166.jpg,data\frames_dense2\online_match_03\frame_04166.jpg,0.382,175.8,351.4,190.0,365.1
online_match_03/frame_04169.jpg,data\frames_dense2\online_match_03\frame_04169.jpg,0.399,172.5,354.5,185.6,368.4
online_match_03/frame_04169.jpg,data\frames_dense2\online_match_03\frame_04169.jpg,0.384,171.4,351.8,185.7,366.8
online_match_03/frame_04174.jpg,data\frames_dense2\online_match_03\frame_04174.jpg,0.35,170.9,354.5,185.1,368.5
online_match_03/frame_04177.jpg,data\frames_dense2\online_match_03\frame_04177.jpg,0.394,170.9,351.5,185.3,366.3
online_match_03/frame_04180.jpg,data\frames_dense2\online_match_03\frame_04180.jpg,0.585,170.4,345.1,185.1,359.0
online_match_03/frame_04182.jpg,data\frames_dense2\online_match_03\frame_04182.jpg,0.581,170.3,343.4,185.0,357.8
online_match_03/frame_04185.jpg,data\frames_dense2\online_match_03\frame_04185.jpg,0.487,169.5,342.4,184.8,356.7
online_match_03/frame_04187.jpg,data\frames_dense2\online_match_03\frame_04187.jpg,0.567,166.0,340.7,180.6,354.6
online_match_03/frame_04190.jpg,data\frames_dense2\online_match_03\frame_04190.jpg,0.463,166.0,340.6,180.1,354.0
online_match_03/frame_04193.jpg,data\frames_dense2\online_match_03\frame_04193.jpg,0.334,164.6,339.8,178.4,353.3
online_match_03/frame_04195.jpg,data\frames_dense2\online_match_03\frame_04195.jpg,0.334,164.6,339.8,178.4,353.3
online_match_03/frame_04224.jpg,data\frames_dense2\online_match_03\frame_04224.jpg,0.345,160.0,331.6,177.2,347.3
online_match_03/frame_04227.jpg,data\frames_dense2\online_match_03\frame_04227.jpg,0.332,160.5,332.2,178.1,348.2
online_match_03/frame_04232.jpg,data\frames_dense2\online_match_03\frame_04232.jpg,0.486,171.7,344.9,185.7,358.9
online_match_03/frame_04237.jpg,data\frames_dense2\online_match_03\frame_04237.jpg,0.368,172.7,353.6,185.8,368.4
online_match_03/frame_04248.jpg,data\frames_dense2\online_match_03\frame_04248.jpg,0.383,177.7,364.2,193.2,378.3
online_match_03/frame_04268.jpg,data\frames_dense2\online_match_03\frame_04268.jpg,0.498,236.0,184.7,249.9,198.2
online_match_03/frame_04271.jpg,data\frames_dense2\online_match_03\frame_04271.jpg,0.609,238.1,178.9,250.9,192.6
online_match_03/frame_04271.jpg,data\frames_dense2\online_match_03\frame_04271.jpg,0.3,236.9,176.0,252.1,192.0
online_match_03/frame_04274.jpg,data\frames_dense2\online_match_03\frame_04274.jpg,0.454,247.6,157.3,263.9,172.8
online_match_03/frame_04276.jpg,data\frames_dense2\online_match_03\frame_04276.jpg,0.462,247.6,157.3,263.8,172.8
online_match_03/frame_04284.jpg,data\frames_dense2\online_match_03\frame_04284.jpg,0.274,269.6,145.1,286.2,161.1
online_match_03/frame_04295.jpg,data\frames_dense2\online_match_03\frame_04295.jpg,0.57,287.9,174.0,303.0,189.0
online_match_03/frame_04336.jpg,data\frames_dense2\online_match_03\frame_04336.jpg,0.641,516.9,367.9,535.2,385.5
online_match_03/frame_04339.jpg,data\frames_dense2\online_match_03\frame_04339.jpg,0.412,502.5,380.8,520.9,398.9
online_match_03/frame_04350.jpg,data\frames_dense2\online_match_03\frame_04350.jpg,0.619,444.0,385.1,460.6,401.6
online_match_03/frame_04352.jpg,data\frames_dense2\online_match_03\frame_04352.jpg,0.407,439.9,381.0,457.4,397.9
online_match_03/frame_04355.jpg,data\frames_dense2\online_match_03\frame_04355.jpg,0.657,430.9,375.3,448.9,392.3
online_match_03/frame_04357.jpg,data\frames_dense2\online_match_03\frame_04357.jpg,0.565,428.4,371.0,444.9,387.5
online_match_03/frame_04357.jpg,data\frames_dense2\online_match_03\frame_04357.jpg,0.261,1265.8,386.0,1279.2,404.7
online_match_03/frame_04370.jpg,data\frames_dense2\online_match_03\frame_04370.jpg,0.462,845.6,362.4,868.4,382.9
online_match_03/frame_04373.jpg,data\frames_dense2\online_match_03\frame_04373.jpg,0.585,846.6,363.1,870.4,384.6
online_match_03/frame_04376.jpg,data\frames_dense2\online_match_03\frame_04376.jpg,0.609,846.9,362.7,871.9,385.4
online_match_03/frame_04378.jpg,data\frames_dense2\online_match_03\frame_04378.jpg,0.808,429.4,373.6,448.2,392.7
online_match_03/frame_04381.jpg,data\frames_dense2\online_match_03\frame_04381.jpg,0.834,429.3,370.8,448.9,390.2
online_match_03/frame_04384.jpg,data\frames_dense2\online_match_03\frame_04384.jpg,0.597,428.7,365.5,446.8,383.2
online_match_03/frame_04386.jpg,data\frames_dense2\online_match_03\frame_04386.jpg,0.502,428.2,365.7,445.6,382.7
online_match_03/frame_04394.jpg,data\frames_dense2\online_match_03\frame_04394.jpg,0.436,419.2,364.8,438.6,383.4
online_match_03/frame_04412.jpg,data\frames_dense2\online_match_03\frame_04412.jpg,0.302,398.6,366.6,420.0,384.4
online_match_03/frame_04415.jpg,data\frames_dense2\online_match_03\frame_04415.jpg,0.393,407.4,368.0,425.9,385.6
online_match_03/frame_04418.jpg,data\frames_dense2\online_match_03\frame_04418.jpg,0.758,412.0,370.3,430.6,388.6
online_match_03/frame_04420.jpg,data\frames_dense2\online_match_03\frame_04420.jpg,0.651,413.1,370.9,431.3,389.1
online_match_03/frame_04423.jpg,data\frames_dense2\online_match_03\frame_04423.jpg,0.375,415.0,371.6,434.6,390.3
online_match_03/frame_04452.jpg,data\frames_dense2\online_match_03\frame_04452.jpg,0.311,947.2,367.6,967.7,388.1
online_match_03/frame_04454.jpg,data\frames_dense2\online_match_03\frame_04454.jpg,0.26,947.4,367.7,967.7,388.1
online_match_03/frame_04457.jpg,data\frames_dense2\online_match_03\frame_04457.jpg,0.462,387.1,409.7,407.0,428.8
online_match_03/frame_04462.jpg,data\frames_dense2\online_match_03\frame_04462.jpg,0.764,319.3,424.5,342.3,446.1
online_match_03/frame_04465.jpg,data\frames_dense2\online_match_03\frame_04465.jpg,0.697,258.9,438.1,284.5,462.4
online_match_03/frame_04467.jpg,data\frames_dense2\online_match_03\frame_04467.jpg,0.835,235.7,450.0,262.9,475.5
online_match_03/frame_04470.jpg,data\frames_dense2\online_match_03\frame_04470.jpg,0.823,182.4,466.6,208.8,493.7
online_match_03/frame_04472.jpg,data\frames_dense2\online_match_03\frame_04472.jpg,0.783,150.3,458.5,177.8,484.8
online_match_03/frame_04475.jpg,data\frames_dense2\online_match_03\frame_04475.jpg,0.765,102.0,459.9,129.3,485.2
online_match_03/frame_04478.jpg,data\frames_dense2\online_match_03\frame_04478.jpg,0.524,87.2,459.6,116.7,487.6
online_match_03/frame_04483.jpg,data\frames_dense2\online_match_03\frame_04483.jpg,0.365,22.6,482.2,50.4,508.8
online_match_03/frame_04530.jpg,data\frames_dense2\online_match_03\frame_04530.jpg,0.709,1160.8,381.2,1184.1,404.3
online_match_03/frame_04533.jpg,data\frames_dense2\online_match_03\frame_04533.jpg,0.762,1151.6,408.2,1178.5,432.2
online_match_03/frame_04535.jpg,data\frames_dense2\online_match_03\frame_04535.jpg,0.692,1149.8,412.6,1175.4,436.8
online_match_03/frame_04561.jpg,data\frames_dense2\online_match_03\frame_04561.jpg,0.471,1199.7,366.5,1221.6,385.7
online_match_03/frame_04564.jpg,data\frames_dense2\online_match_03\frame_04564.jpg,0.749,1215.7,374.3,1237.2,395.0
online_match_03/frame_04567.jpg,data\frames_dense2\online_match_03\frame_04567.jpg,0.699,1226.5,414.1,1252.1,438.6
online_match_03/frame_04569.jpg,data\frames_dense2\online_match_03\frame_04569.jpg,0.7,1226.5,414.1,1252.1,438.5
online_match_03/frame_04572.jpg,data\frames_dense2\online_match_03\frame_04572.jpg,0.824,1240.7,399.7,1262.3,420.5
online_match_03/frame_04574.jpg,data\frames_dense2\online_match_03\frame_04574.jpg,0.825,1240.7,399.7,1262.3,420.5
online_match_03/frame_04577.jpg,data\frames_dense2\online_match_03\frame_04577.jpg,0.635,1253.8,370.8,1274.5,392.4
online_match_03/frame_04580.jpg,data\frames_dense2\online_match_03\frame_04580.jpg,0.604,1256.7,369.2,1277.9,389.9
online_match_03/frame_04645.jpg,data\frames_dense2\online_match_03\frame_04645.jpg,0.464,847.5,356.7,870.7,378.7
online_match_03/frame_04648.jpg,data\frames_dense2\online_match_03\frame_04648.jpg,0.273,848.3,357.8,871.8,379.7
online_match_03/frame_04656.jpg,data\frames_dense2\online_match_03\frame_04656.jpg,0.462,658.1,382.8,679.0,401.3
online_match_03/frame_04658.jpg,data\frames_dense2\online_match_03\frame_04658.jpg,0.411,655.9,382.3,677.8,401.7
online_match_03/frame_04661.jpg,data\frames_dense2\online_match_03\frame_04661.jpg,0.37,655.9,382.5,677.8,401.7
online_match_03/frame_04721.jpg,data\frames_dense2\online_match_03\frame_04721.jpg,0.436,0.0,342.7,15.6,361.3
online_match_03/frame_04724.jpg,data\frames_dense2\online_match_03\frame_04724.jpg,0.461,0.0,341.6,16.3,360.4
online_match_03/frame_04734.jpg,data\frames_dense2\online_match_03\frame_04734.jpg,0.4,0.0,336.0,16.9,354.1
online_match_03/frame_04737.jpg,data\frames_dense2\online_match_03\frame_04737.jpg,0.321,0.0,336.7,14.6,353.4
online_match_03/frame_04739.jpg,data\frames_dense2\online_match_03\frame_04739.jpg,0.323,0.0,335.4,14.6,353.0
online_match_03/frame_04799.jpg,data\frames_dense2\online_match_03\frame_04799.jpg,0.415,9.4,406.6,31.4,425.5
online_match_03/frame_04833.jpg,data\frames_dense2\online_match_03\frame_04833.jpg,0.546,1267.1,402.3,1280.0,420.4
online_match_03/frame_04841.jpg,data\frames_dense2\online_match_03\frame_04841.jpg,0.296,1258.2,354.3,1278.2,375.9
online_match_03/frame_04844.jpg,data\frames_dense2\online_match_03\frame_04844.jpg,0.383,1255.7,353.1,1277.9,375.1
online_match_03/frame_04846.jpg,data\frames_dense2\online_match_03\frame_04846.jpg,0.383,1255.7,353.2,1277.9,375.2
online_match_03/frame_04849.jpg,data\frames_dense2\online_match_03\frame_04849.jpg,0.679,1243.9,377.9,1262.9,395.6
online_match_03/frame_04852.jpg,data\frames_dense2\online_match_03\frame_04852.jpg,0.709,1232.6,395.1,1257.5,417.7
online_match_03/frame_04854.jpg,data\frames_dense2\online_match_03\frame_04854.jpg,0.847,1234.9,387.0,1254.9,406.2
online_match_03/frame_04857.jpg,data\frames_dense2\online_match_03\frame_04857.jpg,0.726,1233.4,362.6,1255.7,383.0
online_match_03/frame_04860.jpg,data\frames_dense2\online_match_03\frame_04860.jpg,0.594,1223.2,380.8,1242.9,399.5
online_match_03/frame_04862.jpg,data\frames_dense2\online_match_03\frame_04862.jpg,0.826,1208.6,400.1,1231.9,422.7
online_match_03/frame_04865.jpg,data\frames_dense2\online_match_03\frame_04865.jpg,0.599,1206.9,385.2,1225.9,404.3
online_match_03/frame_04867.jpg,data\frames_dense2\online_match_03\frame_04867.jpg,0.594,1208.4,376.4,1226.9,394.8
online_match_03/frame_04870.jpg,data\frames_dense2\online_match_03\frame_04870.jpg,0.738,1208.6,355.1,1229.3,374.6
online_match_03/frame_04873.jpg,data\frames_dense2\online_match_03\frame_04873.jpg,0.563,1204.9,354.3,1226.4,374.1
online_match_03/frame_04875.jpg,data\frames_dense2\online_match_03\frame_04875.jpg,0.637,1202.2,353.0,1221.3,370.9
online_match_03/frame_04878.jpg,data\frames_dense2\online_match_03\frame_04878.jpg,0.674,1195.4,359.5,1216.2,378.4
online_match_03/frame_04880.jpg,data\frames_dense2\online_match_03\frame_04880.jpg,0.531,1188.9,379.0,1209.1,398.4
online_match_03/frame_04883.jpg,data\frames_dense2\online_match_03\frame_04883.jpg,0.79,1185.0,390.3,1207.8,412.4
online_match_03/frame_04886.jpg,data\frames_dense2\online_match_03\frame_04886.jpg,0.83,1181.8,387.6,1201.8,407.0
online_match_03/frame_04888.jpg,data\frames_dense2\online_match_03\frame_04888.jpg,0.83,1181.7,387.6,1201.8,407.0
online_match_03/frame_04891.jpg,data\frames_dense2\online_match_03\frame_04891.jpg,0.645,1190.1,358.6,1208.3,377.4
online_match_03/frame_04894.jpg,data\frames_dense2\online_match_03\frame_04894.jpg,0.375,1188.6,352.0,1205.6,368.9
online_match_03/frame_04896.jpg,data\frames_dense2\online_match_03\frame_04896.jpg,0.656,1186.8,352.1,1205.1,369.1
online_match_03/frame_04899.jpg,data\frames_dense2\online_match_03\frame_04899.jpg,0.49,1186.2,349.9,1207.2,368.6
online_match_03/frame_04901.jpg,data\frames_dense2\online_match_03\frame_04901.jpg,0.555,1186.1,351.2,1206.4,369.0
online_match_03/frame_04904.jpg,data\frames_dense2\online_match_03\frame_04904.jpg,0.364,1182.6,348.1,1205.0,367.8
online_match_03/frame_04907.jpg,data\frames_dense2\online_match_03\frame_04907.jpg,0.322,1179.7,348.6,1199.6,366.1
online_match_03/frame_04909.jpg,data\frames_dense2\online_match_03\frame_04909.jpg,0.72,1172.0,343.9,1191.6,362.9
online_match_03/frame_04912.jpg,data\frames_dense2\online_match_03\frame_04912.jpg,0.613,1171.2,343.2,1190.3,361.9
online_match_03/frame_04914.jpg,data\frames_dense2\online_match_03\frame_04914.jpg,0.492,1170.1,342.1,1190.4,361.2
online_match_03/frame_04917.jpg,data\frames_dense2\online_match_03\frame_04917.jpg,0.596,1164.6,341.0,1186.2,360.7
online_match_03/frame_04920.jpg,data\frames_dense2\online_match_03\frame_04920.jpg,0.575,1164.6,339.3,1186.5,359.4
online_match_03/frame_04922.jpg,data\frames_dense2\online_match_03\frame_04922.jpg,0.303,1159.6,336.9,1180.8,356.0
online_match_03/frame_04922.jpg,data\frames_dense2\online_match_03\frame_04922.jpg,0.253,1157.4,337.7,1177.2,356.7
online_match_03/frame_04925.jpg,data\frames_dense2\online_match_03\frame_04925.jpg,0.312,1155.3,336.8,1175.0,356.2
online_match_03/frame_04933.jpg,data\frames_dense2\online_match_03\frame_04933.jpg,0.488,1150.0,328.6,1170.5,348.2
online_match_03/frame_04948.jpg,data\frames_dense2\online_match_03\frame_04948.jpg,0.662,1139.5,338.4,1159.4,357.7
online_match_03/frame_04951.jpg,data\frames_dense2\online_match_03\frame_04951.jpg,0.551,1134.8,348.2,1156.6,367.9
online_match_03/frame_04954.jpg,data\frames_dense2\online_match_03\frame_04954.jpg,0.662,1134.6,353.9,1154.6,373.2
online_match_03/frame_04956.jpg,data\frames_dense2\online_match_03\frame_04956.jpg,0.661,1134.6,353.9,1154.6,373.2
online_match_03/frame_04959.jpg,data\frames_dense2\online_match_03\frame_04959.jpg,0.615,1132.5,360.8,1153.5,380.7
online_match_03/frame_04962.jpg,data\frames_dense2\online_match_03\frame_04962.jpg,0.499,1130.2,368.3,1147.1,385.1
online_match_03/frame_04964.jpg,data\frames_dense2\online_match_03\frame_04964.jpg,0.614,1128.8,369.4,1145.9,385.9
online_match_03/frame_04967.jpg,data\frames_dense2\online_match_03\frame_04967.jpg,0.72,1124.7,371.4,1145.7,392.9
online_match_03/frame_04969.jpg,data\frames_dense2\online_match_03\frame_04969.jpg,0.725,1124.4,371.4,1145.7,393.1
online_match_03/frame_04972.jpg,data\frames_dense2\online_match_03\frame_04972.jpg,0.712,1120.7,376.1,1142.8,396.4
online_match_03/frame_04977.jpg,data\frames_dense2\online_match_03\frame_04977.jpg,0.754,1103.8,376.8,1124.7,396.1
online_match_03/frame_04980.jpg,data\frames_dense2\online_match_03\frame_04980.jpg,0.582,1081.6,355.1,1103.4,376.9
online_match_03/frame_04982.jpg,data\frames_dense2\online_match_03\frame_04982.jpg,0.3,1072.6,346.4,1094.2,366.6
online_match_03/frame_04996.jpg,data\frames_dense2\online_match_03\frame_04996.jpg,0.638,1029.5,170.6,1047.7,187.6
online_match_03/frame_04998.jpg,data\frames_dense2\online_match_03\frame_04998.jpg,0.637,1029.5,170.6,1047.7,187.6
online_match_03/frame_05001.jpg,data\frames_dense2\online_match_03\frame_05001.jpg,0.659,1013.6,135.8,1034.2,154.5
online_match_03/frame_05003.jpg,data\frames_dense2\online_match_03\frame_05003.jpg,0.658,1013.6,135.8,1034.2,154.5
online_match_03/frame_05006.jpg,data\frames_dense2\online_match_03\frame_05006.jpg,0.716,1006.3,116.3,1024.2,133.3
online_match_03/frame_05009.jpg,data\frames_dense2\online_match_03\frame_05009.jpg,0.697,1006.0,116.2,1024.0,133.3
online_match_03/frame_05011.jpg,data\frames_dense2\online_match_03\frame_05011.jpg,0.681,996.9,107.6,1015.1,125.3
online_match_03/frame_05014.jpg,data\frames_dense2\online_match_03\frame_05014.jpg,0.679,996.9,107.5,1015.2,125.3
online_match_03/frame_05016.jpg,data\frames_dense2\online_match_03\frame_05016.jpg,0.681,996.9,107.5,1015.1,125.3
online_match_03/frame_05019.jpg,data\frames_dense2\online_match_03\frame_05019.jpg,0.763,987.4,124.3,1005.9,141.3
online_match_03/frame_05024.jpg,data\frames_dense2\online_match_03\frame_05024.jpg,0.735,976.9,156.6,997.8,175.4
online_match_03/frame_05027.jpg,data\frames_dense2\online_match_03\frame_05027.jpg,0.54,978.1,189.2,997.4,206.7
online_match_03/frame_05030.jpg,data\frames_dense2\online_match_03\frame_05030.jpg,0.724,978.5,201.0,995.9,216.5
online_match_03/frame_05032.jpg,data\frames_dense2\online_match_03\frame_05032.jpg,0.725,978.4,200.9,995.9,216.6
online_match_03/frame_05037.jpg,data\frames_dense2\online_match_03\frame_05037.jpg,0.272,975.1,286.2,992.5,303.2
online_match_03/frame_05037.jpg,data\frames_dense2\online_match_03\frame_05037.jpg,0.257,976.2,288.4,993.5,305.4
online_match_03/frame_05056.jpg,data\frames_dense2\online_match_03\frame_05056.jpg,0.706,357.2,357.8,377.8,378.0
online_match_03/frame_05058.jpg,data\frames_dense2\online_match_03\frame_05058.jpg,0.504,373.7,336.2,390.1,352.5
online_match_03/frame_05061.jpg,data\frames_dense2\online_match_03\frame_05061.jpg,0.264,409.0,269.3,428.8,288.2
online_match_03/frame_05069.jpg,data\frames_dense2\online_match_03\frame_05069.jpg,0.609,462.7,147.9,480.6,165.8
online_match_03/frame_05071.jpg,data\frames_dense2\online_match_03\frame_05071.jpg,0.455,466.7,136.2,483.4,152.3
online_match_03/frame_05074.jpg,data\frames_dense2\online_match_03\frame_05074.jpg,0.527,477.6,109.6,495.2,126.8
online_match_03/frame_05077.jpg,data\frames_dense2\online_match_03\frame_05077.jpg,0.708,491.0,82.7,510.2,100.3
online_match_03/frame_05079.jpg,data\frames_dense2\online_match_03\frame_05079.jpg,0.545,492.8,76.2,512.8,95.4
online_match_03/frame_05082.jpg,data\frames_dense2\online_match_03\frame_05082.jpg,0.817,507.5,56.2,524.9,72.9
online_match_03/frame_05084.jpg,data\frames_dense2\online_match_03\frame_05084.jpg,0.302,509.8,52.5,524.3,67.2
online_match_03/frame_05090.jpg,data\frames_dense2\online_match_03\frame_05090.jpg,0.481,540.1,44.6,558.4,61.1
online_match_03/frame_05092.jpg,data\frames_dense2\online_match_03\frame_05092.jpg,0.765,542.6,42.2,560.8,59.0
online_match_03/frame_05095.jpg,data\frames_dense2\online_match_03\frame_05095.jpg,0.85,558.8,50.5,576.4,68.6
online_match_03/frame_05100.jpg,data\frames_dense2\online_match_03\frame_05100.jpg,0.82,574.8,73.2,591.8,88.9
online_match_03/frame_05103.jpg,data\frames_dense2\online_match_03\frame_05103.jpg,0.64,588.4,94.3,606.0,111.0
online_match_03/frame_05108.jpg,data\frames_dense2\online_match_03\frame_05108.jpg,0.558,603.8,128.3,621.6,144.9
online_match_03/frame_05121.jpg,data\frames_dense2\online_match_03\frame_05121.jpg,0.418,659.3,351.2,678.4,368.8
online_match_03/frame_05124.jpg,data\frames_dense2\online_match_03\frame_05124.jpg,0.56,652.1,380.4,670.7,398.3
online_match_03/frame_05129.jpg,data\frames_dense2\online_match_03\frame_05129.jpg,0.333,626.0,451.5,651.7,476.9
online_match_03/frame_05132.jpg,data\frames_dense2\online_match_03\frame_05132.jpg,0.777,617.7,436.1,642.3,461.0
online_match_03/frame_05134.jpg,data\frames_dense2\online_match_03\frame_05134.jpg,0.777,617.7,436.1,642.3,461.1
online_match_03/frame_05137.jpg,data\frames_dense2\online_match_03\frame_05137.jpg,0.699,598.8,403.5,617.6,422.8
online_match_03/frame_05142.jpg,data\frames_dense2\online_match_03\frame_05142.jpg,0.361,555.3,353.4,574.8,372.6
online_match_03/frame_05181.jpg,data\frames_dense2\online_match_03\frame_05181.jpg,0.717,382.1,401.2,398.9,418.3
online_match_03/frame_05184.jpg,data\frames_dense2\online_match_03\frame_05184.jpg,0.592,372.7,395.1,392.8,414.5
online_match_03/frame_05186.jpg,data\frames_dense2\online_match_03\frame_05186.jpg,0.7,369.4,399.5,388.8,417.0
online_match_03/frame_05189.jpg,data\frames_dense2\online_match_03\frame_05189.jpg,0.788,366.7,401.1,384.5,419.0
online_match_03/frame_05192.jpg,data\frames_dense2\online_match_03\frame_05192.jpg,0.643,355.6,415.9,376.1,435.0
online_match_03/frame_05194.jpg,data\frames_dense2\online_match_03\frame_05194.jpg,0.75,352.0,422.5,373.5,441.8
online_match_03/frame_05197.jpg,data\frames_dense2\online_match_03\frame_05197.jpg,0.624,346.6,440.1,370.7,463.3
online_match_03/frame_05200.jpg,data\frames_dense2\online_match_03\frame_05200.jpg,0.832,345.5,434.1,367.8,456.3
online_match_03/frame_05202.jpg,data\frames_dense2\online_match_03\frame_05202.jpg,0.511,340.7,415.3,362.3,433.8
online_match_03/frame_05205.jpg,data\frames_dense2\online_match_03\frame_05205.jpg,0.675,337.0,411.0,358.9,430.6
online_match_03/frame_05207.jpg,data\frames_dense2\online_match_03\frame_05207.jpg,0.634,334.4,402.0,351.6,419.1
online_match_03/frame_05218.jpg,data\frames_dense2\online_match_03\frame_05218.jpg,0.738,322.5,425.0,343.1,445.0
online_match_03/frame_05220.jpg,data\frames_dense2\online_match_03\frame_05220.jpg,0.513,323.4,420.1,342.2,439.2
online_match_03/frame_05260.jpg,data\frames_dense2\online_match_03\frame_05260.jpg,0.664,217.4,377.3,238.3,397.3
online_match_03/frame_05262.jpg,data\frames_dense2\online_match_03\frame_05262.jpg,0.707,208.1,377.4,229.5,397.6
online_match_03/frame_05265.jpg,data\frames_dense2\online_match_03\frame_05265.jpg,0.764,172.8,385.6,191.9,404.9
online_match_03/frame_05265.jpg,data\frames_dense2\online_match_03\frame_05265.jpg,0.391,1105.3,367.6,1128.8,388.4
online_match_03/frame_05268.jpg,data\frames_dense2\online_match_03\frame_05268.jpg,0.672,154.8,391.4,177.0,413.6
online_match_03/frame_05270.jpg,data\frames_dense2\online_match_03\frame_05270.jpg,0.764,149.9,384.9,172.7,405.6
online_match_03/frame_05273.jpg,data\frames_dense2\online_match_03\frame_05273.jpg,0.797,129.2,367.0,152.7,388.9
online_match_03/frame_05275.jpg,data\frames_dense2\online_match_03\frame_05275.jpg,0.712,126.4,366.0,148.2,386.3
online_match_03/frame_05278.jpg,data\frames_dense2\online_match_03\frame_05278.jpg,0.713,126.3,366.0,148.2,386.4
online_match_03/frame_05281.jpg,data\frames_dense2\online_match_03\frame_05281.jpg,0.671,112.1,362.6,134.0,383.0
online_match_03/frame_05283.jpg,data\frames_dense2\online_match_03\frame_05283.jpg,0.612,100.2,368.6,121.1,389.5
online_match_03/frame_05286.jpg,data\frames_dense2\online_match_03\frame_05286.jpg,0.633,93.9,376.2,113.3,395.8
online_match_03/frame_05288.jpg,data\frames_dense2\online_match_03\frame_05288.jpg,0.535,89.5,367.4,106.8,384.6
online_match_04/frame_00108.jpg,data\frames_dense2\online_match_04\frame_00108.jpg,0.794,1122.7,385.2,1141.9,403.5
online_match_04/frame_00110.jpg,data\frames_dense2\online_match_04\frame_00110.jpg,0.738,1125.5,387.5,1144.3,406.7
online_match_04/frame_00113.jpg,data\frames_dense2\online_match_04\frame_00113.jpg,0.757,1132.8,368.9,1151.0,386.4
online_match_04/frame_00115.jpg,data\frames_dense2\online_match_04\frame_00115.jpg,0.704,1133.2,364.0,1152.8,382.7
online_match_04/frame_00118.jpg,data\frames_dense2\online_match_04\frame_00118.jpg,0.75,1138.5,354.6,1157.9,373.5
online_match_04/frame_00120.jpg,data\frames_dense2\online_match_04\frame_00120.jpg,0.495,1141.2,352.3,1159.8,369.6
online_match_04/frame_00123.jpg,data\frames_dense2\online_match_04\frame_00123.jpg,0.578,1143.7,348.4,1162.2,365.9
online_match_04/frame_00126.jpg,data\frames_dense2\online_match_04\frame_00126.jpg,0.565,1145.3,348.0,1164.0,365.1
online_match_04/frame_00128.jpg,data\frames_dense2\online_match_04\frame_00128.jpg,0.456,1145.6,346.5,1164.9,364.0
online_match_04/frame_00131.jpg,data\frames_dense2\online_match_04\frame_00131.jpg,0.559,1146.9,344.3,1166.9,362.9
online_match_04/frame_00133.jpg,data\frames_dense2\online_match_04\frame_00133.jpg,0.534,1146.7,343.2,1166.7,361.9
online_match_04/frame_00136.jpg,data\frames_dense2\online_match_04\frame_00136.jpg,0.577,1146.5,340.0,1166.7,359.6
online_match_04/frame_00139.jpg,data\frames_dense2\online_match_04\frame_00139.jpg,0.589,1147.8,341.7,1165.8,359.5
online_match_04/frame_00141.jpg,data\frames_dense2\online_match_04\frame_00141.jpg,0.612,1147.6,341.4,1165.8,359.3
online_match_04/frame_00144.jpg,data\frames_dense2\online_match_04\frame_00144.jpg,0.641,1146.8,341.0,1165.0,359.2
online_match_04/frame_00146.jpg,data\frames_dense2\online_match_04\frame_00146.jpg,0.632,1146.1,341.7,1164.2,359.7
online_match_04/frame_00149.jpg,data\frames_dense2\online_match_04\frame_00149.jpg,0.609,1145.5,341.7,1163.2,359.6
online_match_04/frame_00152.jpg,data\frames_dense2\online_match_04\frame_00152.jpg,0.549,1144.5,340.9,1164.7,359.9
online_match_04/frame_00154.jpg,data\frames_dense2\online_match_04\frame_00154.jpg,0.456,1142.8,341.5,1162.7,360.1
online_match_04/frame_00159.jpg,data\frames_dense2\online_match_04\frame_00159.jpg,0.405,1138.2,337.7,1160.1,360.3
online_match_04/frame_00159.jpg,data\frames_dense2\online_match_04\frame_00159.jpg,0.393,1138.0,324.3,1157.5,343.6
online_match_04/frame_00162.jpg,data\frames_dense2\online_match_04\frame_00162.jpg,0.47,1136.9,339.6,1158.1,360.3
online_match_04/frame_00162.jpg,data\frames_dense2\online_match_04\frame_00162.jpg,0.27,1135.9,325.7,1155.6,345.8
online_match_04/frame_00165.jpg,data\frames_dense2\online_match_04\frame_00165.jpg,0.558,1134.1,340.5,1156.1,360.8
online_match_04/frame_00165.jpg,data\frames_dense2\online_match_04\frame_00165.jpg,0.281,1134.4,326.9,1154.6,348.0
online_match_04/frame_00167.jpg,data\frames_dense2\online_match_04\frame_00167.jpg,0.633,1130.5,340.8,1152.5,361.3
online_match_04/frame_00170.jpg,data\frames_dense2\online_match_04\frame_00170.jpg,0.484,1125.0,341.9,1147.4,362.5
online_match_04/frame_00172.jpg,data\frames_dense2\online_match_04\frame_00172.jpg,0.614,1121.6,342.8,1141.6,361.5
online_match_04/frame_00175.jpg,data\frames_dense2\online_match_04\frame_00175.jpg,0.6,1116.7,343.0,1137.5,362.6
online_match_04/frame_00178.jpg,data\frames_dense2\online_match_04\frame_00178.jpg,0.544,1113.5,346.4,1133.5,365.3
online_match_04/frame_00180.jpg,data\frames_dense2\online_match_04\frame_00180.jpg,0.481,1114.1,346.6,1133.9,365.0
online_match_04/frame_00183.jpg,data\frames_dense2\online_match_04\frame_00183.jpg,0.499,1103.7,347.7,1125.5,367.8
online_match_04/frame_00185.jpg,data\frames_dense2\online_match_04\frame_00185.jpg,0.649,1098.6,354.3,1115.4,370.4
online_match_04/frame_00188.jpg,data\frames_dense2\online_match_04\frame_00188.jpg,0.794,1089.1,360.4,1107.5,377.3
online_match_04/frame_00190.jpg,data\frames_dense2\online_match_04\frame_00190.jpg,0.614,1079.2,365.3,1098.5,384.1
online_match_04/frame_00193.jpg,data\frames_dense2\online_match_04\frame_00193.jpg,0.764,1070.7,367.6,1091.2,387.2
online_match_04/frame_00196.jpg,data\frames_dense2\online_match_04\frame_00196.jpg,0.727,1051.8,347.0,1072.4,366.8
online_match_04/frame_00198.jpg,data\frames_dense2\online_match_04\frame_00198.jpg,0.651,1050.8,336.3,1069.7,354.3
online_match_04/frame_00201.jpg,data\frames_dense2\online_match_04\frame_00201.jpg,0.457,1047.5,303.2,1066.6,321.1
online_match_04/frame_00203.jpg,data\frames_dense2\online_match_04\frame_00203.jpg,0.467,1048.3,283.1,1068.5,302.0
online_match_04/frame_00206.jpg,data\frames_dense2\online_match_04\frame_00206.jpg,0.565,1048.3,270.5,1069.3,291.1
online_match_04/frame_00209.jpg,data\frames_dense2\online_match_04\frame_00209.jpg,0.571,1046.6,252.0,1068.5,272.5
online_match_04/frame_00211.jpg,data\frames_dense2\online_match_04\frame_00211.jpg,0.673,1048.8,250.3,1068.6,269.0
online_match_04/frame_00214.jpg,data\frames_dense2\online_match_04\frame_00214.jpg,0.703,1051.9,241.8,1068.6,257.3
online_match_04/frame_00216.jpg,data\frames_dense2\online_match_04\frame_00216.jpg,0.614,1052.8,241.4,1069.0,256.9
online_match_04/frame_00219.jpg,data\frames_dense2\online_match_04\frame_00219.jpg,0.485,1054.2,243.2,1068.2,256.9
online_match_04/frame_00222.jpg,data\frames_dense2\online_match_04\frame_00222.jpg,0.819,1055.3,246.5,1070.9,261.7
online_match_04/frame_00250.jpg,data\frames_dense2\online_match_04\frame_00250.jpg,0.663,406.0,339.2,428.1,360.0
online_match_04/frame_00253.jpg,data\frames_dense2\online_match_04\frame_00253.jpg,0.769,436.8,297.3,457.1,317.6
online_match_04/frame_00255.jpg,data\frames_dense2\online_match_04\frame_00255.jpg,0.737,461.3,258.0,482.1,277.4
online_match_04/frame_00258.jpg,data\frames_dense2\online_match_04\frame_00258.jpg,0.65,485.6,224.7,503.4,241.6
online_match_04/frame_00261.jpg,data\frames_dense2\online_match_04\frame_00261.jpg,0.409,515.5,179.3,533.7,197.9
online_match_04/frame_00263.jpg,data\frames_dense2\online_match_04\frame_00263.jpg,0.689,526.9,154.5,550.2,175.6
online_match_04/frame_00266.jpg,data\frames_dense2\online_match_04\frame_00266.jpg,0.741,542.7,132.7,566.5,155.4
online_match_04/frame_00268.jpg,data\frames_dense2\online_match_04\frame_00268.jpg,0.702,564.5,116.9,584.3,136.6
online_match_04/frame_00271.jpg,data\frames_dense2\online_match_04\frame_00271.jpg,0.661,577.2,106.5,597.0,123.8
online_match_04/frame_00273.jpg,data\frames_dense2\online_match_04\frame_00273.jpg,0.84,592.0,99.6,611.1,117.7
online_match_04/frame_00276.jpg,data\frames_dense2\online_match_04\frame_00276.jpg,0.545,606.4,93.8,625.3,111.6
online_match_04/frame_00279.jpg,data\frames_dense2\online_match_04\frame_00279.jpg,0.749,624.5,98.0,645.1,117.2
online_match_04/frame_00281.jpg,data\frames_dense2\online_match_04\frame_00281.jpg,0.791,636.3,103.3,659.8,124.8
online_match_04/frame_00284.jpg,data\frames_dense2\online_match_04\frame_00284.jpg,0.719,648.2,117.9,672.7,141.6
online_match_04/frame_00286.jpg,data\frames_dense2\online_match_04\frame_00286.jpg,0.806,658.8,135.2,681.8,156.9
online_match_04/frame_00289.jpg,data\frames_dense2\online_match_04\frame_00289.jpg,0.534,670.0,158.6,693.8,180.8
online_match_04/frame_00299.jpg,data\frames_dense2\online_match_04\frame_00299.jpg,0.527,718.1,314.5,741.2,336.2
online_match_04/frame_00302.jpg,data\frames_dense2\online_match_04\frame_00302.jpg,0.598,715.4,309.0,740.2,333.1
online_match_04/frame_00315.jpg,data\frames_dense2\online_match_04\frame_00315.jpg,0.752,674.9,164.6,695.1,184.3
online_match_04/frame_00318.jpg,data\frames_dense2\online_match_04\frame_00318.jpg,0.64,670.2,157.2,687.5,174.3
online_match_04/frame_00320.jpg,data\frames_dense2\online_match_04\frame_00320.jpg,0.615,662.2,155.2,681.0,173.4
online_match_04/frame_00323.jpg,data\frames_dense2\online_match_04\frame_00323.jpg,0.393,646.9,157.0,665.5,174.7
online_match_04/frame_00325.jpg,data\frames_dense2\online_match_04\frame_00325.jpg,0.616,642.3,156.4,661.8,174.6
online_match_04/frame_00331.jpg,data\frames_dense2\online_match_04\frame_00331.jpg,0.308,616.6,180.6,636.4,199.9
online_match_04/frame_00338.jpg,data\frames_dense2\online_match_04\frame_00338.jpg,0.25,612.2,251.4,634.7,272.0
online_match_04/frame_00346.jpg,data\frames_dense2\online_match_04\frame_00346.jpg,0.817,833.0,322.4,851.3,340.5
online_match_04/frame_00346.jpg,data\frames_dense2\online_match_04\frame_00346.jpg,0.472,567.0,248.2,588.9,268.5
online_match_04/frame_00359.jpg,data\frames_dense2\online_match_04\frame_00359.jpg,0.602,742.3,210.8,764.2,231.3
online_match_04/frame_00362.jpg,data\frames_dense2\online_match_04\frame_00362.jpg,0.554,569.0,386.8,590.6,408.2
online_match_04/frame_00362.jpg,data\frames_dense2\online_match_04\frame_00362.jpg,0.423,732.4,201.7,757.7,225.4
online_match_04/frame_00364.jpg,data\frames_dense2\online_match_04\frame_00364.jpg,0.509,727.1,199.9,749.7,221.5
online_match_04/frame_00367.jpg,data\frames_dense2\online_match_04\frame_00367.jpg,0.543,719.3,203.5,740.0,222.3
online_match_04/frame_00369.jpg,data\frames_dense2\online_match_04\frame_00369.jpg,0.426,714.4,212.3,735.8,232.4
online_match_04/frame_00369.jpg,data\frames_dense2\online_match_04\frame_00369.jpg,0.267,571.1,387.6,588.2,405.1
online_match_04/frame_00372.jpg,data\frames_dense2\online_match_04\frame_00372.jpg,0.431,710.7,220.6,730.7,240.6
online_match_04/frame_00375.jpg,data\frames_dense2\online_match_04\frame_00375.jpg,0.622,704.5,245.4,730.1,268.8
online_match_04/frame_00380.jpg,data\frames_dense2\online_match_04\frame_00380.jpg,0.551,700.0,296.4,721.7,318.1
online_match_04/frame_00382.jpg,data\frames_dense2\online_match_04\frame_00382.jpg,0.507,699.7,316.8,725.2,341.5
online_match_04/frame_00385.jpg,data\frames_dense2\online_match_04\frame_00385.jpg,0.262,701.0,262.2,726.9,286.8
online_match_04/frame_00388.jpg,data\frames_dense2\online_match_04\frame_00388.jpg,0.535,705.3,192.1,726.0,212.0
online_match_04/frame_00390.jpg,data\frames_dense2\online_match_04\frame_00390.jpg,0.679,703.9,168.3,727.6,190.6
online_match_04/frame_00393.jpg,data\frames_dense2\online_match_04\frame_00393.jpg,0.358,702.8,116.9,729.2,140.6
online_match_04/frame_00395.jpg,data\frames_dense2\online_match_04\frame_00395.jpg,0.362,703.2,87.4,728.5,110.4
online_match_04/frame_00398.jpg,data\frames_dense2\online_match_04\frame_00398.jpg,0.818,704.6,66.9,726.1,86.3
online_match_04/frame_00401.jpg,data\frames_dense2\online_match_04\frame_00401.jpg,0.697,705.3,44.1,726.6,63.3
online_match_04/frame_00403.jpg,data\frames_dense2\online_match_04\frame_00403.jpg,0.651,701.9,39.0,725.0,60.6
online_match_04/frame_00406.jpg,data\frames_dense2\online_match_04\frame_00406.jpg,0.852,699.9,34.8,722.1,55.9
online_match_04/frame_00408.jpg,data\frames_dense2\online_match_04\frame_00408.jpg,0.85,699.4,34.2,722.0,55.6
online_match_04/frame_00411.jpg,data\frames_dense2\online_match_04\frame_00411.jpg,0.671,700.2,44.0,720.4,63.3
online_match_04/frame_00414.jpg,data\frames_dense2\online_match_04\frame_00414.jpg,0.818,697.2,55.7,717.1,74.2
online_match_04/frame_00416.jpg,data\frames_dense2\online_match_04\frame_00416.jpg,0.59,691.0,70.2,712.0,90.1
online_match_04/frame_00419.jpg,data\frames_dense2\online_match_04\frame_00419.jpg,0.404,688.4,96.8,708.6,116.4
online_match_04/frame_00424.jpg,data\frames_dense2\online_match_04\frame_00424.jpg,0.614,683.9,150.7,704.6,171.5
online_match_04/frame_00426.jpg,data\frames_dense2\online_match_04\frame_00426.jpg,0.629,679.1,163.9,702.6,187.7
online_match_04/frame_00429.jpg,data\frames_dense2\online_match_04\frame_00429.jpg,0.434,679.4,211.8,698.0,231.3
online_match_04/frame_00434.jpg,data\frames_dense2\online_match_04\frame_00434.jpg,0.289,668.9,258.0,687.0,276.0
online_match_04/frame_00452.jpg,data\frames_dense2\online_match_04\frame_00452.jpg,0.304,570.8,224.9,590.9,244.9
online_match_04/frame_00471.jpg,data\frames_dense2\online_match_04\frame_00471.jpg,0.357,508.1,201.0,528.8,220.9
online_match_04/frame_00473.jpg,data\frames_dense2\online_match_04\frame_00473.jpg,0.532,503.5,159.0,524.0,177.7
online_match_04/frame_00476.jpg,data\frames_dense2\online_match_04\frame_00476.jpg,0.435,502.3,123.7,521.9,141.8
online_match_04/frame_00478.jpg,data\frames_dense2\online_match_04\frame_00478.jpg,0.597,495.3,91.1,516.5,110.3
online_match_04/frame_00481.jpg,data\frames_dense2\online_match_04\frame_00481.jpg,0.739,494.0,65.5,511.8,82.7
online_match_04/frame_00484.jpg,data\frames_dense2\online_match_04\frame_00484.jpg,0.582,489.0,28.9,510.2,48.6
online_match_04/frame_00486.jpg,data\frames_dense2\online_match_04\frame_00486.jpg,0.57,487.4,20.4,508.6,40.4
online_match_04/frame_00489.jpg,data\frames_dense2\online_match_04\frame_00489.jpg,0.653,484.0,1.2,501.9,18.2
online_match_04/frame_00502.jpg,data\frames_dense2\online_match_04\frame_00502.jpg,0.449,464.8,8.0,485.7,27.8
online_match_04/frame_00504.jpg,data\frames_dense2\online_match_04\frame_00504.jpg,0.617,463.9,16.7,482.5,34.4
online_match_04/frame_00507.jpg,data\frames_dense2\online_match_04\frame_00507.jpg,0.626,460.1,45.6,478.4,63.1
online_match_04/frame_00509.jpg,data\frames_dense2\online_match_04\frame_00509.jpg,0.785,457.7,70.2,474.3,85.8
online_match_04/frame_00512.jpg,data\frames_dense2\online_match_04\frame_00512.jpg,0.349,449.4,96.1,468.9,113.6
online_match_04/frame_00515.jpg,data\frames_dense2\online_match_04\frame_00515.jpg,0.714,444.9,143.8,467.3,165.7
online_match_04/frame_00517.jpg,data\frames_dense2\online_match_04\frame_00517.jpg,0.768,444.9,161.4,464.5,181.1
online_match_04/frame_00520.jpg,data\frames_dense2\online_match_04\frame_00520.jpg,0.424,440.6,215.3,463.0,237.3
online_match_04/frame_00530.jpg,data\frames_dense2\online_match_04\frame_00530.jpg,0.258,431.5,398.4,453.2,417.7
online_match_04/frame_00535.jpg,data\frames_dense2\online_match_04\frame_00535.jpg,0.554,427.0,403.0,452.7,428.7
online_match_04/frame_00538.jpg,data\frames_dense2\online_match_04\frame_00538.jpg,0.65,424.8,362.8,444.3,381.1
online_match_04/frame_00538.jpg,data\frames_dense2\online_match_04\frame_00538.jpg,0.289,574.9,63.2,589.1,76.9
online_match_04/frame_00541.jpg,data\frames_dense2\online_match_04\frame_00541.jpg,0.658,422.1,336.8,441.2,356.7
online_match_04/frame_00541.jpg,data\frames_dense2\online_match_04\frame_00541.jpg,0.286,574.8,63.1,589.1,76.8
online_match_04/frame_00543.jpg,data\frames_dense2\online_match_04\frame_00543.jpg,0.255,419.7,313.4,438.9,332.5
online_match_04/frame_00564.jpg,data\frames_dense2\online_match_04\frame_00564.jpg,0.526,398.5,284.7,422.1,306.0
online_match_04/frame_00567.jpg,data\frames_dense2\online_match_04\frame_00567.jpg,0.385,397.6,312.5,416.6,332.3
online_match_04/frame_00569.jpg,data\frames_dense2\online_match_04\frame_00569.jpg,0.547,396.0,334.6,417.0,354.6
online_match_04/frame_00572.jpg,data\frames_dense2\online_match_04\frame_00572.jpg,0.68,394.8,360.9,414.7,380.0
online_match_04/frame_00574.jpg,data\frames_dense2\online_match_04\frame_00574.jpg,0.75,390.1,387.6,414.1,412.4
online_match_04/frame_00577.jpg,data\frames_dense2\online_match_04\frame_00577.jpg,0.735,389.0,419.0,414.1,444.8
online_match_04/frame_00579.jpg,data\frames_dense2\online_match_04\frame_00579.jpg,0.77,387.1,454.7,413.1,479.2
online_match_04/frame_00582.jpg,data\frames_dense2\online_match_04\frame_00582.jpg,0.75,384.8,438.6,410.2,462.0
online_match_04/frame_00585.jpg,data\frames_dense2\online_match_04\frame_00585.jpg,0.75,379.9,404.4,406.9,430.2
online_match_04/frame_00587.jpg,data\frames_dense2\online_match_04\frame_00587.jpg,0.738,378.1,386.8,403.3,412.0
online_match_04/frame_00590.jpg,data\frames_dense2\online_match_04\frame_00590.jpg,0.648,378.4,375.1,400.4,397.1
online_match_04/frame_00592.jpg,data\frames_dense2\online_match_04\frame_00592.jpg,0.463,378.5,366.8,398.9,385.7
online_match_04/frame_00595.jpg,data\frames_dense2\online_match_04\frame_00595.jpg,0.653,374.7,362.3,395.7,382.1
online_match_04/frame_00598.jpg,data\frames_dense2\online_match_04\frame_00598.jpg,0.731,370.1,362.0,392.0,382.5
online_match_04/frame_00600.jpg,data\frames_dense2\online_match_04\frame_00600.jpg,0.592,368.2,364.6,391.0,385.2
online_match_04/frame_00603.jpg,data\frames_dense2\online_match_04\frame_00603.jpg,0.641,367.1,380.0,388.9,399.9
online_match_04/frame_00605.jpg,data\frames_dense2\online_match_04\frame_00605.jpg,0.675,362.9,389.7,389.9,415.5
online_match_04/frame_00608.jpg,data\frames_dense2\online_match_04\frame_00608.jpg,0.659,362.1,405.1,389.7,431.8
online_match_04/frame_00611.jpg,data\frames_dense2\online_match_04\frame_00611.jpg,0.777,362.2,439.8,387.5,464.0
online_match_04/frame_00613.jpg,data\frames_dense2\online_match_04\frame_00613.jpg,0.824,360.6,451.8,387.3,478.5
online_match_04/frame_00616.jpg,data\frames_dense2\online_match_04\frame_00616.jpg,0.836,358.0,446.9,382.1,469.2
online_match_04/frame_00618.jpg,data\frames_dense2\online_match_04\frame_00618.jpg,0.757,357.2,438.7,381.6,462.4
online_match_04/frame_00621.jpg,data\frames_dense2\online_match_04\frame_00621.jpg,0.845,352.2,421.8,376.7,445.1
online_match_04/frame_00624.jpg,data\frames_dense2\online_match_04\frame_00624.jpg,0.745,351.0,413.2,375.4,436.6
online_match_04/frame_00626.jpg,data\frames_dense2\online_match_04\frame_00626.jpg,0.692,347.7,407.9,374.2,432.1
online_match_04/frame_00629.jpg,data\frames_dense2\online_match_04\frame_00629.jpg,0.678,345.9,411.6,370.0,434.1
online_match_04/frame_00631.jpg,data\frames_dense2\online_match_04\frame_00631.jpg,0.67,344.6,412.4,369.6,436.9
online_match_04/frame_00634.jpg,data\frames_dense2\online_match_04\frame_00634.jpg,0.627,341.7,427.3,367.2,451.9
online_match_04/frame_00637.jpg,data\frames_dense2\online_match_04\frame_00637.jpg,0.64,341.1,441.6,366.6,466.0
online_match_04/frame_00639.jpg,data\frames_dense2\online_match_04\frame_00639.jpg,0.629,340.6,459.7,366.4,484.6
online_match_04/frame_00639.jpg,data\frames_dense2\online_match_04\frame_00639.jpg,0.369,338.5,456.9,370.7,485.4
online_match_04/frame_00642.jpg,data\frames_dense2\online_match_04\frame_00642.jpg,0.759,339.0,466.2,365.4,491.8
online_match_04/frame_00644.jpg,data\frames_dense2\online_match_04\frame_00644.jpg,0.761,336.5,452.8,361.9,476.6
online_match_04/frame_00647.jpg,data\frames_dense2\online_match_04\frame_00647.jpg,0.712,332.9,440.7,355.8,462.1
online_match_04/frame_00649.jpg,data\frames_dense2\online_match_04\frame_00649.jpg,0.853,330.9,436.6,355.3,460.6
online_match_04/frame_00652.jpg,data\frames_dense2\online_match_04\frame_00652.jpg,0.811,329.2,437.1,351.6,460.2
online_match_04/frame_00655.jpg,data\frames_dense2\online_match_04\frame_00655.jpg,0.689,328.0,443.4,349.6,463.3
online_match_04/frame_00655.jpg,data\frames_dense2\online_match_04\frame_00655.jpg,0.316,326.3,440.3,352.0,464.6
online_match_04/frame_00657.jpg,data\frames_dense2\online_match_04\frame_00657.jpg,0.653,322.5,455.7,349.6,480.4
online_match_04/frame_00660.jpg,data\frames_dense2\online_match_04\frame_00660.jpg,0.567,319.0,475.1,348.1,500.0
online_match_04/frame_00662.jpg,data\frames_dense2\online_match_04\frame_00662.jpg,0.649,316.3,459.1,340.8,481.5
online_match_04/frame_00665.jpg,data\frames_dense2\online_match_04\frame_00665.jpg,0.744,313.7,440.2,335.0,461.4
online_match_04/frame_00668.jpg,data\frames_dense2\online_match_04\frame_00668.jpg,0.773,310.9,431.4,334.1,453.5
online_match_04/frame_00670.jpg,data\frames_dense2\online_match_04\frame_00670.jpg,0.526,308.1,428.0,333.3,450.5
online_match_04/frame_00673.jpg,data\frames_dense2\online_match_04\frame_00673.jpg,0.531,300.8,422.1,327.3,446.4
online_match_04/frame_00675.jpg,data\frames_dense2\online_match_04\frame_00675.jpg,0.704,294.9,414.4,321.4,440.4
online_match_04/frame_00678.jpg,data\frames_dense2\online_match_04\frame_00678.jpg,0.637,287.0,410.1,316.0,434.7
online_match_04/frame_00681.jpg,data\frames_dense2\online_match_04\frame_00681.jpg,0.79,280.6,399.1,306.5,424.9
online_match_04/frame_00683.jpg,data\frames_dense2\online_match_04\frame_00683.jpg,0.678,278.6,396.3,303.6,420.3
online_match_04/frame_00686.jpg,data\frames_dense2\online_match_04\frame_00686.jpg,0.609,278.0,395.7,302.4,418.5
online_match_04/frame_00688.jpg,data\frames_dense2\online_match_04\frame_00688.jpg,0.391,276.8,401.4,300.0,423.0
online_match_04/frame_00701.jpg,data\frames_dense2\online_match_04\frame_00701.jpg,0.675,235.8,345.7,257.4,366.2
online_match_04/frame_00704.jpg,data\frames_dense2\online_match_04\frame_00704.jpg,0.459,217.5,318.5,238.4,338.1
online_match_04/frame_00707.jpg,data\frames_dense2\online_match_04\frame_00707.jpg,0.754,188.3,289.3,210.2,310.8
online_match_04/frame_00709.jpg,data\frames_dense2\online_match_04\frame_00709.jpg,0.387,182.7,281.5,201.9,301.2
online_match_04/frame_00735.jpg,data\frames_dense2\online_match_04\frame_00735.jpg,0.724,69.3,362.2,90.7,382.6
online_match_04/frame_00735.jpg,data\frames_dense2\online_match_04\frame_00735.jpg,0.289,67.3,360.4,93.5,384.7
online_match_04/frame_00738.jpg,data\frames_dense2\online_match_04\frame_00738.jpg,0.756,67.3,360.1,90.3,382.4
online_match_04/frame_00740.jpg,data\frames_dense2\online_match_04\frame_00740.jpg,0.725,66.0,341.0,86.5,360.8
online_match_04/frame_00782.jpg,data\frames_dense2\online_match_04\frame_00782.jpg,0.509,1132.6,680.4,1167.3,711.1
online_match_04/frame_00784.jpg,data\frames_dense2\online_match_04\frame_00784.jpg,0.29,1191.3,695.1,1222.2,720.0
online_match_04/frame_00790.jpg,data\frames_dense2\online_match_04\frame_00790.jpg,0.466,0.0,455.4,17.0,476.1
online_match_04/frame_00792.jpg,data\frames_dense2\online_match_04\frame_00792.jpg,0.6,3.9,466.9,31.1,493.3
online_match_04/frame_00795.jpg,data\frames_dense2\online_match_04\frame_00795.jpg,0.589,44.7,468.2,74.3,494.4
online_match_04/frame_00797.jpg,data\frames_dense2\online_match_04\frame_00797.jpg,0.6,73.4,439.9,101.2,465.7
online_match_04/frame_00800.jpg,data\frames_dense2\online_match_04\frame_00800.jpg,0.655,98.6,419.5,125.7,445.0
online_match_04/frame_00803.jpg,data\frames_dense2\online_match_04\frame_00803.jpg,0.659,141.8,398.3,165.0,419.5
online_match_04/frame_00805.jpg,data\frames_dense2\online_match_04\frame_00805.jpg,0.618,151.4,392.7,173.9,413.7
online_match_04/frame_00808.jpg,data\frames_dense2\online_match_04\frame_00808.jpg,0.468,161.3,388.5,187.4,410.4
online_match_04/frame_00810.jpg,data\frames_dense2\online_match_04\frame_00810.jpg,0.524,167.6,386.8,191.1,409.0
online_match_04/frame_00813.jpg,data\frames_dense2\online_match_04\frame_00813.jpg,0.446,180.3,390.2,202.9,411.7
online_match_04/frame_00815.jpg,data\frames_dense2\online_match_04\frame_00815.jpg,0.436,184.9,391.7,206.6,412.2
online_match_04/frame_00818.jpg,data\frames_dense2\online_match_04\frame_00818.jpg,0.511,185.5,392.9,207.1,413.1
online_match_04/frame_00821.jpg,data\frames_dense2\online_match_04\frame_00821.jpg,0.523,185.3,393.4,206.7,413.4
online_match_04/frame_00823.jpg,data\frames_dense2\online_match_04\frame_00823.jpg,0.525,184.2,393.0,206.0,413.2
online_match_04/frame_00826.jpg,data\frames_dense2\online_match_04\frame_00826.jpg,0.67,178.9,387.7,203.3,409.7
online_match_04/frame_00828.jpg,data\frames_dense2\online_match_04\frame_00828.jpg,0.759,176.5,385.6,199.0,406.5
online_match_04/frame_00831.jpg,data\frames_dense2\online_match_04\frame_00831.jpg,0.763,171.2,374.2,193.3,396.2
online_match_04/frame_00834.jpg,data\frames_dense2\online_match_04\frame_00834.jpg,0.624,169.3,369.3,192.3,391.4
online_match_04/frame_00834.jpg,data\frames_dense2\online_match_04\frame_00834.jpg,0.349,168.9,366.2,189.1,387.6
online_match_04/frame_00836.jpg,data\frames_dense2\online_match_04\frame_00836.jpg,0.507,165.0,367.8,189.1,386.2
online_match_04/frame_00836.jpg,data\frames_dense2\online_match_04\frame_00836.jpg,0.438,165.4,369.3,190.1,393.0
online_match_04/frame_00836.jpg,data\frames_dense2\online_match_04\frame_00836.jpg,0.257,164.9,366.3,183.8,384.5
online_match_04/frame_00839.jpg,data\frames_dense2\online_match_04\frame_00839.jpg,0.435,157.1,376.4,179.4,395.7
online_match_04/frame_00841.jpg,data\frames_dense2\online_match_04\frame_00841.jpg,0.348,153.6,380.8,174.3,400.0
online_match_04/frame_00844.jpg,data\frames_dense2\online_match_04\frame_00844.jpg,0.689,143.7,407.5,168.5,430.5
online_match_04/frame_00847.jpg,data\frames_dense2\online_match_04\frame_00847.jpg,0.721,137.3,434.6,163.8,460.4
online_match_04/frame_00849.jpg,data\frames_dense2\online_match_04\frame_00849.jpg,0.572,134.8,454.4,161.5,480.7
online_match_04/frame_00852.jpg,data\frames_dense2\online_match_04\frame_00852.jpg,0.598,132.0,428.9,158.4,453.4
online_match_04/frame_00854.jpg,data\frames_dense2\online_match_04\frame_00854.jpg,0.606,130.8,410.3,156.0,432.5
online_match_04/frame_00857.jpg,data\frames_dense2\online_match_04\frame_00857.jpg,0.739,128.3,385.9,151.4,407.3
online_match_04/frame_00860.jpg,data\frames_dense2\online_match_04\frame_00860.jpg,0.664,127.3,410.8,150.2,432.3
online_match_04/frame_00862.jpg,data\frames_dense2\online_match_04\frame_00862.jpg,0.378,126.5,462.3,152.2,485.4
online_match_04/frame_00865.jpg,data\frames_dense2\online_match_04\frame_00865.jpg,0.657,119.5,427.1,143.0,449.6
online_match_04/frame_00867.jpg,data\frames_dense2\online_match_04\frame_00867.jpg,0.527,112.0,390.2,134.3,411.9
online_match_04/frame_00870.jpg,data\frames_dense2\online_match_04\frame_00870.jpg,0.6,107.2,371.4,132.1,396.2
online_match_04/frame_00873.jpg,data\frames_dense2\online_match_04\frame_00873.jpg,0.426,97.4,361.3,116.1,379.4
online_match_04/frame_00875.jpg,data\frames_dense2\online_match_04\frame_00875.jpg,0.516,89.6,364.0,111.8,385.0
online_match_04/frame_00878.jpg,data\frames_dense2\online_match_04\frame_00878.jpg,0.374,83.6,373.0,110.9,397.6
online_match_04/frame_00880.jpg,data\frames_dense2\online_match_04\frame_00880.jpg,0.6,78.5,394.2,101.2,415.0
online_match_04/frame_00883.jpg,data\frames_dense2\online_match_04\frame_00883.jpg,0.809,73.8,417.8,98.3,442.3
online_match_04/frame_00885.jpg,data\frames_dense2\online_match_04\frame_00885.jpg,0.755,68.9,451.6,93.9,477.5
online_match_04/frame_00888.jpg,data\frames_dense2\online_match_04\frame_00888.jpg,0.622,66.7,441.2,92.8,465.1
online_match_04/frame_00891.jpg,data\frames_dense2\online_match_04\frame_00891.jpg,0.715,68.6,408.2,92.2,430.0
online_match_04/frame_00893.jpg,data\frames_dense2\online_match_04\frame_00893.jpg,0.697,71.1,392.7,91.9,413.6
online_match_04/frame_00896.jpg,data\frames_dense2\online_match_04\frame_00896.jpg,0.462,68.5,402.7,93.0,425.3
online_match_04/frame_00898.jpg,data\frames_dense2\online_match_04\frame_00898.jpg,0.497,67.9,460.0,93.5,484.3
online_match_04/frame_00901.jpg,data\frames_dense2\online_match_04\frame_00901.jpg,0.689,65.8,422.3,87.9,443.5
online_match_04/frame_00904.jpg,data\frames_dense2\online_match_04\frame_00904.jpg,0.749,60.0,372.7,82.9,395.0
online_match_04/frame_00909.jpg,data\frames_dense2\online_match_04\frame_00909.jpg,0.298,58.0,356.0,78.3,375.5
online_match_04/frame_00917.jpg,data\frames_dense2\online_match_04\frame_00917.jpg,0.641,47.1,414.2,69.9,435.2
online_match_04/frame_00919.jpg,data\frames_dense2\online_match_04\frame_00919.jpg,0.58,48.2,428.2,71.7,450.8
online_match_04/frame_00922.jpg,data\frames_dense2\online_match_04\frame_00922.jpg,0.647,50.7,431.9,71.3,453.2
online_match_04/frame_00924.jpg,data\frames_dense2\online_match_04\frame_00924.jpg,0.839,49.0,420.0,70.3,441.1
online_match_04/frame_00927.jpg,data\frames_dense2\online_match_04\frame_00927.jpg,0.795,51.1,386.8,70.5,405.6
online_match_04/frame_00930.jpg,data\frames_dense2\online_match_04\frame_00930.jpg,0.574,52.0,379.9,73.1,399.6
online_match_04/frame_00930.jpg,data\frames_dense2\online_match_04\frame_00930.jpg,0.408,38.5,419.9,58.2,439.8
online_match_04/frame_00932.jpg,data\frames_dense2\online_match_04\frame_00932.jpg,0.523,49.8,381.2,70.4,400.3
online_match_04/frame_00932.jpg,data\frames_dense2\online_match_04\frame_00932.jpg,0.277,40.8,420.6,59.0,439.2
online_match_04/frame_00935.jpg,data\frames_dense2\online_match_04\frame_00935.jpg,0.611,48.3,385.4,65.6,402.2
online_match_04/frame_00937.jpg,data\frames_dense2\online_match_04\frame_00937.jpg,0.49,47.5,385.2,65.0,401.6
online_match_04/frame_00940.jpg,data\frames_dense2\online_match_04\frame_00940.jpg,0.575,43.0,385.1,63.8,404.2
online_match_04/frame_00943.jpg,data\frames_dense2\online_match_04\frame_00943.jpg,0.443,41.6,386.2,61.6,405.4
online_match_04/frame_00945.jpg,data\frames_dense2\online_match_04\frame_00945.jpg,0.302,40.2,386.3,62.7,407.1
online_match_04/frame_00948.jpg,data\frames_dense2\online_match_04\frame_00948.jpg,0.325,39.4,386.7,62.4,408.8
online_match_04/frame_00950.jpg,data\frames_dense2\online_match_04\frame_00950.jpg,0.65,38.5,386.4,62.1,409.5
online_match_04/frame_00953.jpg,data\frames_dense2\online_match_04\frame_00953.jpg,0.722,44.1,386.7,65.9,407.9
online_match_04/frame_00956.jpg,data\frames_dense2\online_match_04\frame_00956.jpg,0.613,51.0,383.1,74.1,404.4
online_match_04/frame_00958.jpg,data\frames_dense2\online_match_04\frame_00958.jpg,0.357,59.7,378.1,81.3,398.0
online_match_04/frame_00961.jpg,data\frames_dense2\online_match_04\frame_00961.jpg,0.657,73.5,373.8,95.9,395.0
online_match_04/frame_00963.jpg,data\frames_dense2\online_match_04\frame_00963.jpg,0.762,81.9,373.1,103.8,394.7
online_match_04/frame_00966.jpg,data\frames_dense2\online_match_04\frame_00966.jpg,0.647,88.3,374.0,108.5,394.2
online_match_04/frame_00968.jpg,data\frames_dense2\online_match_04\frame_00968.jpg,0.678,91.5,372.9,111.9,393.4
online_match_04/frame_00971.jpg,data\frames_dense2\online_match_04\frame_00971.jpg,0.674,95.4,371.1,115.2,390.2
online_match_04/frame_00974.jpg,data\frames_dense2\online_match_04\frame_00974.jpg,0.682,96.8,367.2,118.5,387.0
online_match_04/frame_00976.jpg,data\frames_dense2\online_match_04\frame_00976.jpg,0.654,101.6,368.5,121.5,388.9
online_match_04/frame_00979.jpg,data\frames_dense2\online_match_04\frame_00979.jpg,0.839,106.8,372.4,129.2,394.7
online_match_04/frame_00981.jpg,data\frames_dense2\online_match_04\frame_00981.jpg,0.787,111.7,382.4,133.7,402.2
online_match_04/frame_00984.jpg,data\frames_dense2\online_match_04\frame_00984.jpg,0.654,112.1,400.9,136.2,423.9
online_match_04/frame_00984.jpg,data\frames_dense2\online_match_04\frame_00984.jpg,0.339,108.7,395.5,133.2,421.3
online_match_04/frame_00987.jpg,data\frames_dense2\online_match_04\frame_00987.jpg,0.77,112.0,445.1,139.2,469.6
online_match_04/frame_00989.jpg,data\frames_dense2\online_match_04\frame_00989.jpg,0.799,111.9,443.6,138.8,467.4
online_match_04/frame_00992.jpg,data\frames_dense2\online_match_04\frame_00992.jpg,0.9,112.2,423.0,132.9,442.6
online_match_04/frame_00994.jpg,data\frames_dense2\online_match_04\frame_00994.jpg,0.809,109.6,404.4,132.6,426.7
online_match_04/frame_00997.jpg,data\frames_dense2\online_match_04\frame_00997.jpg,0.881,110.8,389.5,131.8,409.4
online_match_04/frame_01000.jpg,data\frames_dense2\online_match_04\frame_01000.jpg,0.763,114.3,438.9,137.1,460.7
online_match_04/frame_01002.jpg,data\frames_dense2\online_match_04\frame_01002.jpg,0.738,113.5,455.0,140.7,480.2
online_match_04/frame_01005.jpg,data\frames_dense2\online_match_04\frame_01005.jpg,0.771,120.0,405.9,142.1,427.4
online_match_04/frame_01007.jpg,data\frames_dense2\online_match_04\frame_01007.jpg,0.771,121.9,374.9,144.1,396.7
online_match_04/frame_01007.jpg,data\frames_dense2\online_match_04\frame_01007.jpg,0.342,124.7,416.6,141.5,433.3
online_match_04/frame_01010.jpg,data\frames_dense2\online_match_04\frame_01010.jpg,0.597,122.6,366.1,145.0,388.2
online_match_04/frame_01010.jpg,data\frames_dense2\online_match_04\frame_01010.jpg,0.351,124.5,416.7,141.3,433.4
online_match_04/frame_01013.jpg,data\frames_dense2\online_match_04\frame_01013.jpg,0.619,126.9,366.4,149.5,388.2
online_match_04/frame_01015.jpg,data\frames_dense2\online_match_04\frame_01015.jpg,0.718,128.4,368.2,150.9,389.3
online_match_04/frame_01018.jpg,data\frames_dense2\online_match_04\frame_01018.jpg,0.644,132.9,387.5,155.4,408.0
online_match_04/frame_01020.jpg,data\frames_dense2\online_match_04\frame_01020.jpg,0.652,130.9,402.3,157.7,426.4
online_match_04/frame_01023.jpg,data\frames_dense2\online_match_04\frame_01023.jpg,0.723,138.8,443.5,161.6,465.0
online_match_04/frame_01026.jpg,data\frames_dense2\online_match_04\frame_01026.jpg,0.747,137.5,443.6,160.2,465.1
online_match_04/frame_01028.jpg,data\frames_dense2\online_match_04\frame_01028.jpg,0.818,137.2,420.9,158.6,442.0
online_match_04/frame_01031.jpg,data\frames_dense2\online_match_04\frame_01031.jpg,0.62,138.3,395.6,159.2,416.1
online_match_04/frame_01033.jpg,data\frames_dense2\online_match_04\frame_01033.jpg,0.771,135.9,389.4,156.1,409.7
online_match_04/frame_01036.jpg,data\frames_dense2\online_match_04\frame_01036.jpg,0.778,140.0,435.2,161.8,457.7
online_match_04/frame_01038.jpg,data\frames_dense2\online_match_04\frame_01038.jpg,0.828,138.4,447.7,161.3,469.6
online_match_04/frame_01038.jpg,data\frames_dense2\online_match_04\frame_01038.jpg,0.328,138.8,412.6,156.2,428.5
online_match_04/frame_01041.jpg,data\frames_dense2\online_match_04\frame_01041.jpg,0.534,138.5,395.3,158.8,414.7
online_match_04/frame_01041.jpg,data\frames_dense2\online_match_04\frame_01041.jpg,0.251,137.3,396.3,159.9,423.6
online_match_04/frame_01044.jpg,data\frames_dense2\online_match_04\frame_01044.jpg,0.676,137.5,375.0,156.8,394.1
online_match_04/frame_01046.jpg,data\frames_dense2\online_match_04\frame_01046.jpg,0.362,140.3,415.2,158.4,432.1
online_match_04/frame_01046.jpg,data\frames_dense2\online_match_04\frame_01046.jpg,0.338,134.2,363.9,154.2,384.0
online_match_04/frame_01049.jpg,data\frames_dense2\online_match_04\frame_01049.jpg,0.413,135.6,365.1,156.6,385.3
online_match_04/frame_01049.jpg,data\frames_dense2\online_match_04\frame_01049.jpg,0.305,141.0,415.5,158.3,432.5
online_match_04/frame_01051.jpg,data\frames_dense2\online_match_04\frame_01051.jpg,0.646,136.5,368.3,157.5,389.1
online_match_04/frame_01054.jpg,data\frames_dense2\online_match_04\frame_01054.jpg,0.829,140.4,389.0,159.6,408.0
online_match_04/frame_01057.jpg,data\frames_dense2\online_match_04\frame_01057.jpg,0.663,143.9,414.9,164.8,434.7
online_match_04/frame_01059.jpg,data\frames_dense2\online_match_04\frame_01059.jpg,0.699,144.1,444.0,168.2,466.2
online_match_04/frame_01062.jpg,data\frames_dense2\online_match_04\frame_01062.jpg,0.789,144.3,441.1,168.0,463.1
online_match_04/frame_01064.jpg,data\frames_dense2\online_match_04\frame_01064.jpg,0.85,141.4,418.1,161.7,437.6
online_match_04/frame_01067.jpg,data\frames_dense2\online_match_04\frame_01067.jpg,0.826,139.3,391.4,158.8,410.5
online_match_04/frame_01070.jpg,data\frames_dense2\online_match_04\frame_01070.jpg,0.82,138.8,391.1,158.0,409.5
online_match_04/frame_01072.jpg,data\frames_dense2\online_match_04\frame_01072.jpg,0.633,142.7,444.3,166.1,466.2
online_match_04/frame_01075.jpg,data\frames_dense2\online_match_04\frame_01075.jpg,0.797,143.7,425.4,164.3,445.0
online_match_04/frame_01077.jpg,data\frames_dense2\online_match_04\frame_01077.jpg,0.851,141.4,387.2,162.6,407.4
online_match_04/frame_01080.jpg,data\frames_dense2\online_match_04\frame_01080.jpg,0.826,140.4,369.5,161.8,389.7
online_match_04/frame_01083.jpg,data\frames_dense2\online_match_04\frame_01083.jpg,0.759,140.9,356.7,161.9,377.3
online_match_04/frame_01085.jpg,data\frames_dense2\online_match_04\frame_01085.jpg,0.616,142.3,359.4,163.8,379.9
online_match_04/frame_01088.jpg,data\frames_dense2\online_match_04\frame_01088.jpg,0.816,143.9,368.3,166.4,389.2
online_match_04/frame_01090.jpg,data\frames_dense2\online_match_04\frame_01090.jpg,0.532,145.1,383.0,167.0,401.6
online_match_04/frame_01093.jpg,data\frames_dense2\online_match_04\frame_01093.jpg,0.753,145.5,411.4,169.1,432.1
online_match_04/frame_01096.jpg,data\frames_dense2\online_match_04\frame_01096.jpg,0.766,142.6,451.2,168.1,476.5
online_match_04/frame_01098.jpg,data\frames_dense2\online_match_04\frame_01098.jpg,0.804,140.3,438.4,165.0,461.9
online_match_04/frame_01101.jpg,data\frames_dense2\online_match_04\frame_01101.jpg,0.709,138.4,409.2,158.9,429.1
online_match_04/frame_01103.jpg,data\frames_dense2\online_match_04\frame_01103.jpg,0.71,133.5,389.4,153.8,410.0
online_match_04/frame_01106.jpg,data\frames_dense2\online_match_04\frame_01106.jpg,0.512,135.3,382.5,154.4,400.9
online_match_04/frame_01109.jpg,data\frames_dense2\online_match_04\frame_01109.jpg,0.62,137.9,381.9,157.4,400.1
online_match_04/frame_01111.jpg,data\frames_dense2\online_match_04\frame_01111.jpg,0.807,139.7,384.6,159.6,404.1
online_match_04/frame_01114.jpg,data\frames_dense2\online_match_04\frame_01114.jpg,0.732,146.0,415.0,167.6,434.4
online_match_04/frame_01116.jpg,data\frames_dense2\online_match_04\frame_01116.jpg,0.577,147.1,428.5,171.4,451.1
online_match_04/frame_01119.jpg,data\frames_dense2\online_match_04\frame_01119.jpg,0.726,149.8,436.7,174.4,461.9
online_match_04/frame_01121.jpg,data\frames_dense2\online_match_04\frame_01121.jpg,0.834,147.1,417.4,167.1,437.0
online_match_04/frame_01124.jpg,data\frames_dense2\online_match_04\frame_01124.jpg,0.722,142.8,398.3,165.6,418.6
online_match_04/frame_01127.jpg,data\frames_dense2\online_match_04\frame_01127.jpg,0.7,141.1,380.5,160.3,398.7
online_match_04/frame_01129.jpg,data\frames_dense2\online_match_04\frame_01129.jpg,0.669,140.0,379.9,159.1,397.6
online_match_04/frame_01132.jpg,data\frames_dense2\online_match_04\frame_01132.jpg,0.811,142.2,383.8,163.4,403.5
online_match_04/frame_01134.jpg,data\frames_dense2\online_match_04\frame_01134.jpg,0.785,142.5,392.0,164.3,412.6
online_match_04/frame_01137.jpg,data\frames_dense2\online_match_04\frame_01137.jpg,0.676,149.9,428.4,172.6,449.8
online_match_04/frame_01140.jpg,data\frames_dense2\online_match_04\frame_01140.jpg,0.724,147.3,450.8,173.5,476.9
online_match_04/frame_01142.jpg,data\frames_dense2\online_match_04\frame_01142.jpg,0.586,146.6,430.1,169.7,452.7
online_match_04/frame_01145.jpg,data\frames_dense2\online_match_04\frame_01145.jpg,0.843,143.3,403.6,165.5,425.7
online_match_04/frame_01147.jpg,data\frames_dense2\online_match_04\frame_01147.jpg,0.655,141.0,396.1,162.9,417.3
online_match_04/frame_01150.jpg,data\frames_dense2\online_match_04\frame_01150.jpg,0.614,138.8,383.1,159.4,402.3
online_match_04/frame_01153.jpg,data\frames_dense2\online_match_04\frame_01153.jpg,0.732,141.1,383.7,160.9,403.1
online_match_04/frame_01155.jpg,data\frames_dense2\online_match_04\frame_01155.jpg,0.685,142.7,393.6,164.6,413.6
online_match_04/frame_01158.jpg,data\frames_dense2\online_match_04\frame_01158.jpg,0.743,145.9,416.6,166.2,436.1
online_match_04/frame_01160.jpg,data\frames_dense2\online_match_04\frame_01160.jpg,0.517,142.8,443.5,171.4,468.1
online_match_04/frame_01163.jpg,data\frames_dense2\online_match_04\frame_01163.jpg,0.572,141.2,431.0,164.0,452.6
online_match_04/frame_01166.jpg,data\frames_dense2\online_match_04\frame_01166.jpg,0.634,139.1,410.4,159.3,429.6
online_match_04/frame_01168.jpg,data\frames_dense2\online_match_04\frame_01168.jpg,0.661,128.3,395.3,151.3,415.8
online_match_04/frame_01171.jpg,data\frames_dense2\online_match_04\frame_01171.jpg,0.78,129.4,388.2,150.5,408.6
online_match_04/frame_01173.jpg,data\frames_dense2\online_match_04\frame_01173.jpg,0.699,132.2,387.1,151.6,407.0
online_match_04/frame_01176.jpg,data\frames_dense2\online_match_04\frame_01176.jpg,0.628,134.7,394.3,154.8,413.7
online_match_04/frame_01181.jpg,data\frames_dense2\online_match_04\frame_01181.jpg,0.737,142.4,447.0,168.0,470.8
online_match_04/frame_01181.jpg,data\frames_dense2\online_match_04\frame_01181.jpg,0.261,141.0,445.8,171.0,474.8
online_match_04/frame_01184.jpg,data\frames_dense2\online_match_04\frame_01184.jpg,0.75,145.3,425.6,166.9,446.0
online_match_04/frame_01186.jpg,data\frames_dense2\online_match_04\frame_01186.jpg,0.841,142.2,405.5,164.7,427.8
online_match_04/frame_01189.jpg,data\frames_dense2\online_match_04\frame_01189.jpg,0.839,141.6,390.8,162.9,411.5
online_match_04/frame_01191.jpg,data\frames_dense2\online_match_04\frame_01191.jpg,0.817,141.5,383.9,161.8,403.6
online_match_04/frame_01194.jpg,data\frames_dense2\online_match_04\frame_01194.jpg,0.812,142.7,383.7,163.6,403.5
online_match_04/frame_01197.jpg,data\frames_dense2\online_match_04\frame_01197.jpg,0.79,145.9,407.7,168.1,429.0
online_match_04/frame_01199.jpg,data\frames_dense2\online_match_04\frame_01199.jpg,0.727,149.8,435.6,173.8,459.2
online_match_04/frame_01202.jpg,data\frames_dense2\online_match_04\frame_01202.jpg,0.615,149.1,442.6,174.9,468.4
online_match_04/frame_01204.jpg,data\frames_dense2\online_match_04\frame_01204.jpg,0.77,149.5,422.9,170.7,445.1
online_match_04/frame_01207.jpg,data\frames_dense2\online_match_04\frame_01207.jpg,0.868,144.5,404.7,167.2,426.9
online_match_04/frame_01210.jpg,data\frames_dense2\online_match_04\frame_01210.jpg,0.844,142.3,385.2,163.8,405.9
online_match_04/frame_01212.jpg,data\frames_dense2\online_match_04\frame_01212.jpg,0.779,143.0,383.8,164.2,404.5
online_match_04/frame_01215.jpg,data\frames_dense2\online_match_04\frame_01215.jpg,0.825,144.9,390.9,166.4,411.3
online_match_04/frame_01217.jpg,data\frames_dense2\online_match_04\frame_01217.jpg,0.727,149.0,415.6,168.6,433.9
online_match_04/frame_01220.jpg,data\frames_dense2\online_match_04\frame_01220.jpg,0.599,151.2,443.1,174.9,467.2
online_match_04/frame_01223.jpg,data\frames_dense2\online_match_04\frame_01223.jpg,0.752,146.5,426.1,171.6,448.7
online_match_04/frame_01225.jpg,data\frames_dense2\online_match_04\frame_01225.jpg,0.886,145.0,416.5,166.6,436.9
online_match_04/frame_01228.jpg,data\frames_dense2\online_match_04\frame_01228.jpg,0.868,141.3,390.1,162.4,410.8
online_match_04/frame_01230.jpg,data\frames_dense2\online_match_04\frame_01230.jpg,0.865,141.9,385.4,161.7,404.9
online_match_04/frame_01233.jpg,data\frames_dense2\online_match_04\frame_01233.jpg,0.656,143.0,381.0,164.3,400.5
online_match_04/frame_01236.jpg,data\frames_dense2\online_match_04\frame_01236.jpg,0.873,143.3,388.3,165.2,409.5
online_match_04/frame_01238.jpg,data\frames_dense2\online_match_04\frame_01238.jpg,0.701,150.0,406.1,170.9,428.2
online_match_04/frame_01241.jpg,data\frames_dense2\online_match_04\frame_01241.jpg,0.818,154.3,446.2,178.9,469.1
online_match_04/frame_01243.jpg,data\frames_dense2\online_match_04\frame_01243.jpg,0.713,154.1,442.3,179.9,466.6
online_match_04/frame_01246.jpg,data\frames_dense2\online_match_04\frame_01246.jpg,0.721,152.3,412.6,172.5,431.1
online_match_04/frame_01249.jpg,data\frames_dense2\online_match_04\frame_01249.jpg,0.679,148.7,393.9,170.7,415.0
online_match_04/frame_01251.jpg,data\frames_dense2\online_match_04\frame_01251.jpg,0.663,149.0,378.9,169.3,398.6
online_match_04/frame_01254.jpg,data\frames_dense2\online_match_04\frame_01254.jpg,0.617,149.5,377.4,168.8,396.2
online_match_04/frame_01256.jpg,data\frames_dense2\online_match_04\frame_01256.jpg,0.634,149.4,376.7,169.3,396.0
online_match_04/frame_01259.jpg,data\frames_dense2\online_match_04\frame_01259.jpg,0.661,149.4,377.1,169.8,396.6
online_match_04/frame_01262.jpg,data\frames_dense2\online_match_04\frame_01262.jpg,0.674,149.3,378.3,169.9,397.8
online_match_04/frame_01264.jpg,data\frames_dense2\online_match_04\frame_01264.jpg,0.591,149.8,378.3,170.4,397.6
online_match_04/frame_01267.jpg,data\frames_dense2\online_match_04\frame_01267.jpg,0.598,149.5,377.2,170.6,396.5
online_match_04/frame_01269.jpg,data\frames_dense2\online_match_04\frame_01269.jpg,0.663,146.9,376.9,167.3,396.0
online_match_04/frame_01272.jpg,data\frames_dense2\online_match_04\frame_01272.jpg,0.595,141.4,380.1,161.8,398.8
online_match_04/frame_01274.jpg,data\frames_dense2\online_match_04\frame_01274.jpg,0.437,130.6,382.9,150.6,402.1
online_match_04/frame_01277.jpg,data\frames_dense2\online_match_04\frame_01277.jpg,0.678,119.7,386.7,142.2,408.7
online_match_04/frame_01280.jpg,data\frames_dense2\online_match_04\frame_01280.jpg,0.542,117.2,394.7,139.8,416.1
online_match_04/frame_01282.jpg,data\frames_dense2\online_match_04\frame_01282.jpg,0.721,119.3,401.0,141.2,421.8
online_match_04/frame_01285.jpg,data\frames_dense2\online_match_04\frame_01285.jpg,0.813,123.0,407.6,145.2,429.2
online_match_04/frame_01287.jpg,data\frames_dense2\online_match_04\frame_01287.jpg,0.648,134.1,413.5,156.2,433.4
online_match_04/frame_01290.jpg,data\frames_dense2\online_match_04\frame_01290.jpg,0.778,144.8,416.1,166.9,436.9
online_match_04/frame_01293.jpg,data\frames_dense2\online_match_04\frame_01293.jpg,0.748,161.7,419.9,184.7,441.9
online_match_04/frame_01295.jpg,data\frames_dense2\online_match_04\frame_01295.jpg,0.663,172.5,425.0,194.5,445.8
online_match_04/frame_01298.jpg,data\frames_dense2\online_match_04\frame_01298.jpg,0.454,175.8,427.6,199.6,448.4
online_match_04/frame_01300.jpg,data\frames_dense2\online_match_04\frame_01300.jpg,0.594,184.9,432.0,206.6,453.2
online_match_04/frame_01303.jpg,data\frames_dense2\online_match_04\frame_01303.jpg,0.732,187.5,436.3,209.5,459.0
online_match_04/frame_01306.jpg,data\frames_dense2\online_match_04\frame_01306.jpg,0.697,193.7,439.5,219.9,463.6
online_match_04/frame_01308.jpg,data\frames_dense2\online_match_04\frame_01308.jpg,0.667,197.5,437.8,222.1,462.8
online_match_04/frame_01311.jpg,data\frames_dense2\online_match_04\frame_01311.jpg,0.773,206.9,421.6,231.7,444.9
online_match_04/frame_01313.jpg,data\frames_dense2\online_match_04\frame_01313.jpg,0.791,207.8,397.3,232.9,420.1
online_match_04/frame_01316.jpg,data\frames_dense2\online_match_04\frame_01316.jpg,0.783,210.5,370.7,229.8,389.1
online_match_04/frame_01319.jpg,data\frames_dense2\online_match_04\frame_01319.jpg,0.271,207.7,333.4,229.8,354.0
online_match_04/frame_01321.jpg,data\frames_dense2\online_match_04\frame_01321.jpg,0.509,206.3,322.4,227.4,342.2
online_match_04/frame_01324.jpg,data\frames_dense2\online_match_04\frame_01324.jpg,0.635,206.1,298.3,226.2,317.5
online_match_04/frame_01326.jpg,data\frames_dense2\online_match_04\frame_01326.jpg,0.683,204.3,290.5,226.6,311.6
online_match_04/frame_01329.jpg,data\frames_dense2\online_match_04\frame_01329.jpg,0.806,205.6,279.7,228.4,301.1
online_match_04/frame_01332.jpg,data\frames_dense2\online_match_04\frame_01332.jpg,0.783,206.5,276.6,230.4,299.4
online_match_04/frame_01334.jpg,data\frames_dense2\online_match_04\frame_01334.jpg,0.813,208.5,278.0,230.8,299.3
online_match_04/frame_01337.jpg,data\frames_dense2\online_match_04\frame_01337.jpg,0.805,209.0,288.1,229.3,306.3
online_match_04/frame_01337.jpg,data\frames_dense2\online_match_04\frame_01337.jpg,0.354,219.3,337.2,237.1,353.7
online_match_04/frame_01339.jpg,data\frames_dense2\online_match_04\frame_01339.jpg,0.881,207.5,292.7,227.9,311.7
online_match_04/frame_01342.jpg,data\frames_dense2\online_match_04\frame_01342.jpg,0.586,202.5,314.5,222.6,332.6
online_match_04/frame_01345.jpg,data\frames_dense2\online_match_04\frame_01345.jpg,0.575,285.4,304.7,312.3,328.9
online_match_04/frame_01347.jpg,data\frames_dense2\online_match_04\frame_01347.jpg,0.295,393.5,301.4,413.9,320.9
online_match_04/frame_01350.jpg,data\frames_dense2\online_match_04\frame_01350.jpg,0.681,491.0,303.5,512.6,324.2
online_match_04/frame_01355.jpg,data\frames_dense2\online_match_04\frame_01355.jpg,0.569,710.9,331.3,730.1,349.8
online_match_04/frame_01357.jpg,data\frames_dense2\online_match_04\frame_01357.jpg,0.821,752.6,339.9,773.4,359.7
online_match_04/frame_01360.jpg,data\frames_dense2\online_match_04\frame_01360.jpg,0.624,874.1,378.8,894.8,398.4
online_match_04/frame_01368.jpg,data\frames_dense2\online_match_04\frame_01368.jpg,0.655,979.1,371.7,1002.9,395.6
online_match_04/frame_01370.jpg,data\frames_dense2\online_match_04\frame_01370.jpg,0.426,960.9,330.4,987.9,353.6
online_match_04/frame_01373.jpg,data\frames_dense2\online_match_04\frame_01373.jpg,0.853,940.5,275.1,960.2,294.5
online_match_04/frame_01378.jpg,data\frames_dense2\online_match_04\frame_01378.jpg,0.617,927.5,221.0,947.1,239.2
online_match_04/frame_01381.jpg,data\frames_dense2\online_match_04\frame_01381.jpg,0.788,923.2,195.0,942.4,213.3
online_match_04/frame_01383.jpg,data\frames_dense2\online_match_04\frame_01383.jpg,0.821,916.6,177.1,934.8,194.7
online_match_04/frame_01386.jpg,data\frames_dense2\online_match_04\frame_01386.jpg,0.798,911.9,162.1,928.3,178.4
online_match_04/frame_01389.jpg,data\frames_dense2\online_match_04\frame_01389.jpg,0.812,905.3,146.3,923.8,163.7
online_match_04/frame_01391.jpg,data\frames_dense2\online_match_04\frame_01391.jpg,0.622,899.0,140.5,919.1,159.4
online_match_04/frame_01394.jpg,data\frames_dense2\online_match_04\frame_01394.jpg,0.615,894.5,139.7,914.2,158.1
online_match_04/frame_01396.jpg,data\frames_dense2\online_match_04\frame_01396.jpg,0.651,891.3,141.4,910.2,159.4
online_match_04/frame_01399.jpg,data\frames_dense2\online_match_04\frame_01399.jpg,0.831,882.9,149.1,902.8,167.1
online_match_04/frame_01402.jpg,data\frames_dense2\online_match_04\frame_01402.jpg,0.781,878.2,165.7,895.7,182.5
online_match_04/frame_01404.jpg,data\frames_dense2\online_match_04\frame_01404.jpg,0.617,876.1,178.1,890.6,192.9
online_match_04/frame_01407.jpg,data\frames_dense2\online_match_04\frame_01407.jpg,0.537,869.4,202.8,890.2,221.7
online_match_04/frame_01433.jpg,data\frames_dense2\online_match_04\frame_01433.jpg,0.682,805.2,187.0,825.9,206.5
online_match_04/frame_01435.jpg,data\frames_dense2\online_match_04\frame_01435.jpg,0.786,801.4,175.4,821.9,192.9
online_match_04/frame_01438.jpg,data\frames_dense2\online_match_04\frame_01438.jpg,0.809,792.4,144.7,812.5,163.3
online_match_04/frame_01440.jpg,data\frames_dense2\online_match_04\frame_01440.jpg,0.879,787.8,135.8,807.6,155.1
online_match_04/frame_01443.jpg,data\frames_dense2\online_match_04\frame_01443.jpg,0.794,779.2,117.7,798.3,136.0
online_match_04/frame_01446.jpg,data\frames_dense2\online_match_04\frame_01446.jpg,0.572,775.1,111.5,794.0,128.9
online_match_04/frame_01448.jpg,data\frames_dense2\online_match_04\frame_01448.jpg,0.668,768.0,111.3,788.1,129.0
online_match_04/frame_01451.jpg,data\frames_dense2\online_match_04\frame_01451.jpg,0.75,757.9,112.9,779.8,133.5
online_match_04/frame_01453.jpg,data\frames_dense2\online_match_04\frame_01453.jpg,0.69,757.3,116.4,779.4,137.5
online_match_04/frame_01456.jpg,data\frames_dense2\online_match_04\frame_01456.jpg,0.757,748.4,133.2,769.6,153.9
online_match_04/frame_01459.jpg,data\frames_dense2\online_match_04\frame_01459.jpg,0.594,745.0,151.0,763.6,169.1
online_match_04/frame_01464.jpg,data\frames_dense2\online_match_04\frame_01464.jpg,0.756,735.7,201.4,755.6,220.4
online_match_04/frame_01466.jpg,data\frames_dense2\online_match_04\frame_01466.jpg,0.669,730.1,231.1,749.3,249.4
online_match_04/frame_01472.jpg,data\frames_dense2\online_match_04\frame_01472.jpg,0.695,716.8,320.5,736.1,340.6
online_match_04/frame_01474.jpg,data\frames_dense2\online_match_04\frame_01474.jpg,0.441,720.5,327.1,741.5,347.2
online_match_04/frame_01479.jpg,data\frames_dense2\online_match_04\frame_01479.jpg,0.604,732.5,346.9,753.8,367.4
online_match_04/frame_01482.jpg,data\frames_dense2\online_match_04\frame_01482.jpg,0.339,735.8,362.5,756.3,381.5
online_match_04/frame_01485.jpg,data\frames_dense2\online_match_04\frame_01485.jpg,0.562,739.0,393.1,762.3,414.0
online_match_04/frame_01487.jpg,data\frames_dense2\online_match_04\frame_01487.jpg,0.662,738.5,413.8,764.0,438.3
online_match_04/frame_01498.jpg,data\frames_dense2\online_match_04\frame_01498.jpg,0.721,745.1,403.9,766.6,424.7
online_match_04/frame_01500.jpg,data\frames_dense2\online_match_04\frame_01500.jpg,0.591,745.4,409.0,766.3,428.6
online_match_04/frame_01503.jpg,data\frames_dense2\online_match_04\frame_01503.jpg,0.344,750.1,436.9,772.5,458.8
online_match_04/frame_01510.jpg,data\frames_dense2\online_match_04\frame_01510.jpg,0.659,726.5,450.9,746.2,470.7
online_match_04/frame_01513.jpg,data\frames_dense2\online_match_04\frame_01513.jpg,0.681,713.9,447.3,735.4,467.6
online_match_04/frame_01518.jpg,data\frames_dense2\online_match_04\frame_01518.jpg,0.789,700.4,432.2,721.9,453.1
online_match_04/frame_01521.jpg,data\frames_dense2\online_match_04\frame_01521.jpg,0.724,721.9,404.3,746.6,427.4
online_match_04/frame_01529.jpg,data\frames_dense2\online_match_04\frame_01529.jpg,0.711,781.0,378.2,800.5,397.5
online_match_04/frame_01531.jpg,data\frames_dense2\online_match_04\frame_01531.jpg,0.717,787.1,378.5,807.3,397.9
online_match_04/frame_01534.jpg,data\frames_dense2\online_match_04\frame_01534.jpg,0.766,811.2,384.5,830.9,403.8
online_match_04/frame_01536.jpg,data\frames_dense2\online_match_04\frame_01536.jpg,0.838,815.7,385.8,837.7,405.7
online_match_04/frame_01539.jpg,data\frames_dense2\online_match_04\frame_01539.jpg,0.585,828.5,386.7,849.0,406.6
online_match_04/frame_01542.jpg,data\frames_dense2\online_match_04\frame_01542.jpg,0.909,816.3,354.5,839.5,377.3
online_match_04/frame_01544.jpg,data\frames_dense2\online_match_04\frame_01544.jpg,0.462,807.5,333.7,829.6,354.2
online_match_04/frame_01547.jpg,data\frames_dense2\online_match_04\frame_01547.jpg,0.575,791.6,305.5,810.7,324.4
online_match_04/frame_01549.jpg,data\frames_dense2\online_match_04\frame_01549.jpg,0.506,786.2,299.4,806.6,318.2
online_match_04/frame_01552.jpg,data\frames_dense2\online_match_04\frame_01552.jpg,0.627,767.1,287.6,786.4,307.5
online_match_04/frame_01555.jpg,data\frames_dense2\online_match_04\frame_01555.jpg,0.477,758.6,285.7,779.5,305.7
online_match_04/frame_01560.jpg,data\frames_dense2\online_match_04\frame_01560.jpg,0.328,737.0,288.3,756.0,307.9
online_match_04/frame_01562.jpg,data\frames_dense2\online_match_04\frame_01562.jpg,0.529,731.6,296.8,749.2,314.4
online_match_04/frame_01570.jpg,data\frames_dense2\online_match_04\frame_01570.jpg,0.347,698.6,341.5,718.5,361.5
online_match_04/frame_01573.jpg,data\frames_dense2\online_match_04\frame_01573.jpg,0.71,688.5,362.3,710.0,382.4
online_match_04/frame_01575.jpg,data\frames_dense2\online_match_04\frame_01575.jpg,0.54,681.3,384.7,701.7,404.0
online_match_04/frame_01580.jpg,data\frames_dense2\online_match_04\frame_01580.jpg,0.596,669.9,374.2,690.9,394.7
online_match_04/frame_01583.jpg,data\frames_dense2\online_match_04\frame_01583.jpg,0.54,668.4,349.1,687.2,367.9
online_match_04/frame_01606.jpg,data\frames_dense2\online_match_04\frame_01606.jpg,0.806,639.4,356.9,659.3,376.3
online_match_04/frame_01606.jpg,data\frames_dense2\online_match_04\frame_01606.jpg,0.43,830.6,400.2,852.5,419.0
online_match_04/frame_01609.jpg,data\frames_dense2\online_match_04\frame_01609.jpg,0.83,638.0,374.2,656.3,392.0
online_match_04/frame_01612.jpg,data\frames_dense2\online_match_04\frame_01612.jpg,0.7,636.2,367.8,654.6,385.4
online_match_04/frame_01614.jpg,data\frames_dense2\online_match_04\frame_01614.jpg,0.715,633.8,360.8,653.1,379.5
online_match_04/frame_01614.jpg,data\frames_dense2\online_match_04\frame_01614.jpg,0.262,824.4,388.6,847.9,411.1
online_match_04/frame_01617.jpg,data\frames_dense2\online_match_04\frame_01617.jpg,0.262,818.2,390.5,843.4,412.6
online_match_04/frame_01619.jpg,data\frames_dense2\online_match_04\frame_01619.jpg,0.336,816.9,389.8,842.0,412.1
online_match_04/frame_01632.jpg,data\frames_dense2\online_match_04\frame_01632.jpg,0.346,682.5,67.7,696.8,80.5
online_match_04/frame_01635.jpg,data\frames_dense2\online_match_04\frame_01635.jpg,0.434,0.0,352.0,11.8,368.6
online_match_04/frame_01635.jpg,data\frames_dense2\online_match_04\frame_01635.jpg,0.274,683.4,68.6,696.7,80.6
online_match_04/frame_01638.jpg,data\frames_dense2\online_match_04\frame_01638.jpg,0.268,683.4,68.7,696.8,80.6
online_match_04/frame_01640.jpg,data\frames_dense2\online_match_04\frame_01640.jpg,0.256,683.4,68.6,696.8,80.6
online_match_04/frame_01643.jpg,data\frames_dense2\online_match_04\frame_01643.jpg,0.288,683.6,68.8,696.8,80.6
online_match_04/frame_01645.jpg,data\frames_dense2\online_match_04\frame_01645.jpg,0.281,683.5,68.8,696.8,80.6
online_match_04/frame_01648.jpg,data\frames_dense2\online_match_04\frame_01648.jpg,0.315,683.0,68.9,696.7,80.7
online_match_04/frame_01689.jpg,data\frames_dense2\online_match_04\frame_01689.jpg,0.437,373.4,355.4,392.6,374.8
online_match_04/frame_01692.jpg,data\frames_dense2\online_match_04\frame_01692.jpg,0.871,354.2,353.7,375.2,373.4
online_match_04/frame_01695.jpg,data\frames_dense2\online_match_04\frame_01695.jpg,0.605,324.3,350.9,346.1,372.1
online_match_04/frame_01697.jpg,data\frames_dense2\online_match_04\frame_01697.jpg,0.675,304.6,350.6,326.9,371.5
online_match_04/frame_01700.jpg,data\frames_dense2\online_match_04\frame_01700.jpg,0.708,288.5,351.4,309.7,371.9
online_match_04/frame_01765.jpg,data\frames_dense2\online_match_04\frame_01765.jpg,0.505,1080.3,426.6,1102.0,447.5
online_match_04/frame_01767.jpg,data\frames_dense2\online_match_04\frame_01767.jpg,0.456,1083.9,425.5,1105.8,447.4
online_match_04/frame_01899.jpg,data\frames_dense2\online_match_04\frame_01899.jpg,0.301,0.0,358.1,12.9,375.9
online_match_04/frame_01902.jpg,data\frames_dense2\online_match_04\frame_01902.jpg,0.401,14.7,346.4,36.1,365.6
online_match_04/frame_01912.jpg,data\frames_dense2\online_match_04\frame_01912.jpg,0.328,133.8,365.2,156.2,386.1
online_match_04/frame_01915.jpg,data\frames_dense2\online_match_04\frame_01915.jpg,0.405,158.4,381.7,181.1,403.9
online_match_04/frame_01918.jpg,data\frames_dense2\online_match_04\frame_01918.jpg,0.661,190.7,412.3,216.1,436.5
online_match_04/frame_01920.jpg,data\frames_dense2\online_match_04\frame_01920.jpg,0.735,201.5,422.3,225.1,446.1
online_match_04/frame_01923.jpg,data\frames_dense2\online_match_04\frame_01923.jpg,0.433,233.5,464.1,256.7,486.4
online_match_04/frame_01925.jpg,data\frames_dense2\online_match_04\frame_01925.jpg,0.465,254.2,449.5,275.9,470.1
online_match_04/frame_01954.jpg,data\frames_dense2\online_match_04\frame_01954.jpg,0.626,238.0,394.8,260.8,416.0
online_match_04/frame_01957.jpg,data\frames_dense2\online_match_04\frame_01957.jpg,0.644,235.1,392.2,257.0,413.7
online_match_04/frame_01959.jpg,data\frames_dense2\online_match_04\frame_01959.jpg,0.68,230.3,388.6,254.1,413.0
online_match_04/frame_01962.jpg,data\frames_dense2\online_match_04\frame_01962.jpg,0.743,224.2,386.8,250.4,410.9
online_match_04/frame_01964.jpg,data\frames_dense2\online_match_04\frame_01964.jpg,0.771,219.5,383.9,241.8,405.6
online_match_04/frame_01967.jpg,data\frames_dense2\online_match_04\frame_01967.jpg,0.694,205.5,376.0,229.5,398.4
online_match_04/frame_01969.jpg,data\frames_dense2\online_match_04\frame_01969.jpg,0.751,202.0,371.6,226.5,395.7
online_match_04/frame_01972.jpg,data\frames_dense2\online_match_04\frame_01972.jpg,0.441,189.0,369.4,213.3,392.9
online_match_04/frame_01980.jpg,data\frames_dense2\online_match_04\frame_01980.jpg,0.584,159.8,393.9,184.2,415.9
online_match_04/frame_01982.jpg,data\frames_dense2\online_match_04\frame_01982.jpg,0.829,152.0,418.4,175.4,443.3
online_match_04/frame_01985.jpg,data\frames_dense2\online_match_04\frame_01985.jpg,0.656,143.1,441.7,170.0,466.1
online_match_04/frame_01988.jpg,data\frames_dense2\online_match_04\frame_01988.jpg,0.848,139.8,420.7,164.1,444.5
online_match_04/frame_01990.jpg,data\frames_dense2\online_match_04\frame_01990.jpg,0.826,138.8,400.9,159.2,421.1
online_match_04/frame_01993.jpg,data\frames_dense2\online_match_04\frame_01993.jpg,0.671,135.3,386.8,158.4,408.5
online_match_04/frame_01995.jpg,data\frames_dense2\online_match_04\frame_01995.jpg,0.657,132.8,376.1,155.6,398.0
online_match_04/frame_01998.jpg,data\frames_dense2\online_match_04\frame_01998.jpg,0.696,127.9,426.5,150.6,447.8
online_match_04/frame_02001.jpg,data\frames_dense2\online_match_04\frame_02001.jpg,0.74,119.9,420.5,142.7,444.3
online_match_04/frame_02003.jpg,data\frames_dense2\online_match_04\frame_02003.jpg,0.742,111.1,386.8,132.7,407.5
online_match_04/frame_02006.jpg,data\frames_dense2\online_match_04\frame_02006.jpg,0.686,101.9,364.6,126.4,388.2
online_match_04/frame_02008.jpg,data\frames_dense2\online_match_04\frame_02008.jpg,0.648,94.8,362.1,117.3,383.2
online_match_04/frame_02011.jpg,data\frames_dense2\online_match_04\frame_02011.jpg,0.662,85.8,361.5,110.5,383.4
online_match_04/frame_02014.jpg,data\frames_dense2\online_match_04\frame_02014.jpg,0.687,73.1,375.9,95.6,397.6
online_match_04/frame_02016.jpg,data\frames_dense2\online_match_04\frame_02016.jpg,0.805,71.7,385.6,94.5,407.9
online_match_04/frame_02019.jpg,data\frames_dense2\online_match_04\frame_02019.jpg,0.685,69.0,429.3,94.2,453.1
online_match_04/frame_02021.jpg,data\frames_dense2\online_match_04\frame_02021.jpg,0.767,70.8,431.5,94.3,453.9
online_match_04/frame_02024.jpg,data\frames_dense2\online_match_04\frame_02024.jpg,0.35,70.9,405.9,90.4,426.3
online_match_04/frame_02027.jpg,data\frames_dense2\online_match_04\frame_02027.jpg,0.521,72.1,378.7,93.4,398.1
online_match_04/frame_02045.jpg,data\frames_dense2\online_match_04\frame_02045.jpg,0.6,35.0,377.7,53.5,395.2
online_match_04/frame_02047.jpg,data\frames_dense2\online_match_04\frame_02047.jpg,0.716,30.8,378.4,50.7,397.2
online_match_04/frame_02050.jpg,data\frames_dense2\online_match_04\frame_02050.jpg,0.66,25.4,378.7,46.0,398.0
online_match_04/frame_02052.jpg,data\frames_dense2\online_match_04\frame_02052.jpg,0.657,25.6,379.2,45.8,398.0
online_match_04/frame_02055.jpg,data\frames_dense2\online_match_04\frame_02055.jpg,0.639,28.4,375.7,48.8,396.6
online_match_04/frame_02058.jpg,data\frames_dense2\online_match_04\frame_02058.jpg,0.686,37.6,373.5,60.9,396.1
online_match_04/frame_02060.jpg,data\frames_dense2\online_match_04\frame_02060.jpg,0.74,51.5,373.4,71.8,393.8
online_match_04/frame_02063.jpg,data\frames_dense2\online_match_04\frame_02063.jpg,0.778,69.2,367.9,90.4,388.4
online_match_04/frame_02065.jpg,data\frames_dense2\online_match_04\frame_02065.jpg,0.712,71.9,366.3,93.8,385.7
online_match_04/frame_02068.jpg,data\frames_dense2\online_match_04\frame_02068.jpg,0.677,79.6,361.2,100.8,380.3
online_match_04/frame_02071.jpg,data\frames_dense2\online_match_04\frame_02071.jpg,0.739,82.9,355.5,104.8,376.0
online_match_04/frame_02073.jpg,data\frames_dense2\online_match_04\frame_02073.jpg,0.857,88.8,356.4,110.4,378.4
online_match_04/frame_02076.jpg,data\frames_dense2\online_match_04\frame_02076.jpg,0.73,92.6,363.6,114.8,384.1
online_match_04/frame_02078.jpg,data\frames_dense2\online_match_04\frame_02078.jpg,0.689,98.4,383.8,120.0,404.9
online_match_04/frame_02081.jpg,data\frames_dense2\online_match_04\frame_02081.jpg,0.855,106.0,420.2,131.7,446.0
online_match_04/frame_02084.jpg,data\frames_dense2\online_match_04\frame_02084.jpg,0.801,108.4,430.6,134.8,454.8
online_match_04/frame_02086.jpg,data\frames_dense2\online_match_04\frame_02086.jpg,0.732,112.1,412.5,135.3,433.3
online_match_04/frame_02089.jpg,data\frames_dense2\online_match_04\frame_02089.jpg,0.736,113.9,393.1,137.8,414.9
online_match_04/frame_02091.jpg,data\frames_dense2\online_match_04\frame_02091.jpg,0.759,116.6,378.6,139.8,399.6
online_match_04/frame_02094.jpg,data\frames_dense2\online_match_04\frame_02094.jpg,0.821,117.0,366.7,141.5,389.0
online_match_04/frame_02097.jpg,data\frames_dense2\online_match_04\frame_02097.jpg,0.732,129.1,419.7,155.5,445.2
online_match_04/frame_02097.jpg,data\frames_dense2\online_match_04\frame_02097.jpg,0.329,114.4,364.9,134.3,384.1
online_match_04/frame_02099.jpg,data\frames_dense2\online_match_04\frame_02099.jpg,0.809,135.2,414.8,158.2,436.8
online_match_04/frame_02102.jpg,data\frames_dense2\online_match_04\frame_02102.jpg,0.743,138.2,385.0,158.2,404.0
online_match_04/frame_02104.jpg,data\frames_dense2\online_match_04\frame_02104.jpg,0.875,135.9,356.1,158.2,377.9
online_match_04/frame_02107.jpg,data\frames_dense2\online_match_04\frame_02107.jpg,0.695,134.5,344.9,157.9,367.0
online_match_04/frame_02110.jpg,data\frames_dense2\online_match_04\frame_02110.jpg,0.768,136.0,342.1,158.5,364.3
online_match_04/frame_02112.jpg,data\frames_dense2\online_match_04\frame_02112.jpg,0.803,138.4,343.1,160.6,364.8
online_match_04/frame_02115.jpg,data\frames_dense2\online_match_04\frame_02115.jpg,0.862,144.5,357.4,166.6,378.2
online_match_04/frame_02117.jpg,data\frames_dense2\online_match_04\frame_02117.jpg,0.682,148.6,377.2,170.6,397.8
online_match_04/frame_02120.jpg,data\frames_dense2\online_match_04\frame_02120.jpg,0.796,151.3,407.7,173.7,429.3
online_match_04/frame_02120.jpg,data\frames_dense2\online_match_04\frame_02120.jpg,0.323,137.6,363.1,154.6,380.3
online_match_04/frame_02122.jpg,data\frames_dense2\online_match_04\frame_02122.jpg,0.869,152.5,432.0,174.7,453.2
online_match_04/frame_02125.jpg,data\frames_dense2\online_match_04\frame_02125.jpg,0.726,151.2,410.2,172.8,430.3
online_match_04/frame_02128.jpg,data\frames_dense2\online_match_04\frame_02128.jpg,0.641,148.2,382.8,171.1,403.0
online_match_04/frame_02130.jpg,data\frames_dense2\online_match_04\frame_02130.jpg,0.815,148.0,374.8,170.3,395.2
online_match_04/frame_02133.jpg,data\frames_dense2\online_match_04\frame_02133.jpg,0.72,150.5,390.5,172.4,411.8
online_match_04/frame_02135.jpg,data\frames_dense2\online_match_04\frame_02135.jpg,0.837,153.4,431.5,175.4,452.8
online_match_04/frame_02135.jpg,data\frames_dense2\online_match_04\frame_02135.jpg,0.486,145.4,363.7,165.7,382.4
online_match_04/frame_02138.jpg,data\frames_dense2\online_match_04\frame_02138.jpg,0.713,157.2,400.7,174.0,417.5
online_match_04/frame_02138.jpg,data\frames_dense2\online_match_04\frame_02138.jpg,0.524,152.2,361.9,171.4,380.3
online_match_04/frame_02141.jpg,data\frames_dense2\online_match_04\frame_02141.jpg,0.857,153.9,356.9,175.5,378.1
online_match_04/frame_02143.jpg,data\frames_dense2\online_match_04\frame_02143.jpg,0.802,155.7,352.3,176.3,372.3
online_match_04/frame_02146.jpg,data\frames_dense2\online_match_04\frame_02146.jpg,0.599,155.5,348.0,176.2,367.3
online_match_04/frame_02148.jpg,data\frames_dense2\online_match_04\frame_02148.jpg,0.576,156.3,349.1,177.5,369.2
online_match_04/frame_02151.jpg,data\frames_dense2\online_match_04\frame_02151.jpg,0.707,160.6,359.9,183.7,380.9
online_match_04/frame_02154.jpg,data\frames_dense2\online_match_04\frame_02154.jpg,0.563,166.9,380.1,186.1,398.7
online_match_04/frame_02156.jpg,data\frames_dense2\online_match_04\frame_02156.jpg,0.78,169.8,410.0,190.3,429.4
online_match_04/frame_02159.jpg,data\frames_dense2\online_match_04\frame_02159.jpg,0.848,165.9,418.0,189.8,441.6
online_match_04/frame_02161.jpg,data\frames_dense2\online_match_04\frame_02161.jpg,0.725,165.8,409.1,186.7,429.5
online_match_04/frame_02164.jpg,data\frames_dense2\online_match_04\frame_02164.jpg,0.725,162.1,384.6,182.0,403.2
online_match_04/frame_02167.jpg,data\frames_dense2\online_match_04\frame_02167.jpg,0.768,159.3,369.6,179.4,389.4
online_match_04/frame_02169.jpg,data\frames_dense2\online_match_04\frame_02169.jpg,0.706,158.8,388.2,179.5,408.1
online_match_04/frame_02172.jpg,data\frames_dense2\online_match_04\frame_02172.jpg,0.779,160.1,430.7,184.2,452.8
online_match_04/frame_02172.jpg,data\frames_dense2\online_match_04\frame_02172.jpg,0.286,153.9,364.6,170.5,380.7
online_match_04/frame_02174.jpg,data\frames_dense2\online_match_04\frame_02174.jpg,0.716,161.0,400.9,179.5,418.2
online_match_04/frame_02177.jpg,data\frames_dense2\online_match_04\frame_02177.jpg,0.91,156.6,357.1,179.0,378.3
online_match_04/frame_02180.jpg,data\frames_dense2\online_match_04\frame_02180.jpg,0.584,156.2,348.9,177.6,369.7
online_match_04/frame_02182.jpg,data\frames_dense2\online_match_04\frame_02182.jpg,0.609,155.2,347.6,176.0,366.8
online_match_04/frame_02185.jpg,data\frames_dense2\online_match_04\frame_02185.jpg,0.799,156.1,350.9,178.3,372.0
online_match_04/frame_02187.jpg,data\frames_dense2\online_match_04\frame_02187.jpg,0.894,155.2,357.7,178.6,380.4
online_match_04/frame_02190.jpg,data\frames_dense2\online_match_04\frame_02190.jpg,0.704,159.0,383.4,178.6,402.0
online_match_04/frame_02193.jpg,data\frames_dense2\online_match_04\frame_02193.jpg,0.727,156.0,429.9,180.1,452.8
online_match_04/frame_02193.jpg,data\frames_dense2\online_match_04\frame_02193.jpg,0.472,148.3,365.3,166.3,382.4
online_match_04/frame_02195.jpg,data\frames_dense2\online_match_04\frame_02195.jpg,0.887,154.2,416.0,176.2,437.3
online_match_04/frame_02198.jpg,data\frames_dense2\online_match_04\frame_02198.jpg,0.625,153.1,397.8,171.5,415.8
online_match_04/frame_02200.jpg,data\frames_dense2\online_match_04\frame_02200.jpg,0.742,147.1,379.0,166.5,397.1
online_match_04/frame_02203.jpg,data\frames_dense2\online_match_04\frame_02203.jpg,0.74,144.5,364.6,164.9,383.0
online_match_04/frame_02205.jpg,data\frames_dense2\online_match_04\frame_02205.jpg,0.763,143.6,361.6,163.9,380.2
online_match_04/frame_02208.jpg,data\frames_dense2\online_match_04\frame_02208.jpg,0.699,145.1,363.9,165.8,382.6
online_match_04/frame_02211.jpg,data\frames_dense2\online_match_04\frame_02211.jpg,0.795,155.0,389.9,174.3,409.1
online_match_04/frame_02213.jpg,data\frames_dense2\online_match_04\frame_02213.jpg,0.727,153.9,414.4,177.8,437.0
online_match_04/frame_02216.jpg,data\frames_dense2\online_match_04\frame_02216.jpg,0.705,154.2,428.7,179.0,452.2
online_match_04/frame_02218.jpg,data\frames_dense2\online_match_04\frame_02218.jpg,0.812,154.5,409.5,174.0,427.8
online_match_04/frame_02221.jpg,data\frames_dense2\online_match_04\frame_02221.jpg,0.665,151.3,390.6,170.4,410.4
online_match_04/frame_02224.jpg,data\frames_dense2\online_match_04\frame_02224.jpg,0.882,145.1,370.1,164.9,389.1
online_match_04/frame_02226.jpg,data\frames_dense2\online_match_04\frame_02226.jpg,0.72,144.4,364.8,164.7,383.7
online_match_04/frame_02229.jpg,data\frames_dense2\online_match_04\frame_02229.jpg,0.873,144.9,369.5,165.4,389.0
online_match_04/frame_02231.jpg,data\frames_dense2\online_match_04\frame_02231.jpg,0.614,150.2,385.5,168.1,402.8
online_match_04/frame_02234.jpg,data\frames_dense2\online_match_04\frame_02234.jpg,0.696,152.1,414.3,174.8,436.4
online_match_04/frame_02237.jpg,data\frames_dense2\online_match_04\frame_02237.jpg,0.767,151.6,416.4,174.1,438.7
online_match_04/frame_02239.jpg,data\frames_dense2\online_match_04\frame_02239.jpg,0.716,152.4,408.0,170.4,426.7
online_match_04/frame_02242.jpg,data\frames_dense2\online_match_04\frame_02242.jpg,0.663,144.2,379.7,163.4,397.9
online_match_04/frame_02244.jpg,data\frames_dense2\online_match_04\frame_02244.jpg,0.783,143.0,375.1,161.3,392.9
online_match_04/frame_02247.jpg,data\frames_dense2\online_match_04\frame_02247.jpg,0.845,142.6,369.2,162.2,388.5
online_match_04/frame_02250.jpg,data\frames_dense2\online_match_04\frame_02250.jpg,0.826,145.8,377.0,165.5,395.6
online_match_04/frame_02252.jpg,data\frames_dense2\online_match_04\frame_02252.jpg,0.588,151.7,398.0,170.0,416.9
online_match_04/frame_02255.jpg,data\frames_dense2\online_match_04\frame_02255.jpg,0.84,152.6,431.8,174.9,453.5
online_match_04/frame_02257.jpg,data\frames_dense2\online_match_04\frame_02257.jpg,0.804,150.9,420.5,173.8,444.4
online_match_04/frame_02260.jpg,data\frames_dense2\online_match_04\frame_02260.jpg,0.717,144.8,394.7,165.8,414.3
online_match_04/frame_02263.jpg,data\frames_dense2\online_match_04\frame_02263.jpg,0.665,142.2,379.1,161.7,397.9
online_match_04/frame_02265.jpg,data\frames_dense2\online_match_04\frame_02265.jpg,0.868,141.0,370.3,159.1,388.7
online_match_04/frame_02268.jpg,data\frames_dense2\online_match_04\frame_02268.jpg,0.84,141.6,369.3,159.5,387.0
online_match_04/frame_02270.jpg,data\frames_dense2\online_match_04\frame_02270.jpg,0.777,142.9,377.1,162.5,395.9
online_match_04/frame_02273.jpg,data\frames_dense2\online_match_04\frame_02273.jpg,0.762,148.1,410.9,170.9,432.1
online_match_04/frame_02275.jpg,data\frames_dense2\online_match_04\frame_02275.jpg,0.634,149.2,424.4,170.8,445.8
online_match_04/frame_02278.jpg,data\frames_dense2\online_match_04\frame_02278.jpg,0.772,144.7,412.3,167.1,432.7
online_match_04/frame_02281.jpg,data\frames_dense2\online_match_04\frame_02281.jpg,0.663,142.4,394.8,163.0,414.3
online_match_04/frame_02283.jpg,data\frames_dense2\online_match_04\frame_02283.jpg,0.59,140.4,380.2,159.6,398.8
online_match_04/frame_02286.jpg,data\frames_dense2\online_match_04\frame_02286.jpg,0.799,139.3,372.5,157.9,390.2
online_match_04/frame_02288.jpg,data\frames_dense2\online_match_04\frame_02288.jpg,0.822,139.7,371.9,158.4,389.9
online_match_04/frame_02291.jpg,data\frames_dense2\online_match_04\frame_02291.jpg,0.777,142.9,390.4,163.9,410.8
online_match_04/frame_02294.jpg,data\frames_dense2\online_match_04\frame_02294.jpg,0.834,144.2,415.4,168.9,438.9
online_match_04/frame_02296.jpg,data\frames_dense2\online_match_04\frame_02296.jpg,0.689,144.1,428.4,171.4,452.7
online_match_04/frame_02299.jpg,data\frames_dense2\online_match_04\frame_02299.jpg,0.821,145.5,410.2,165.9,429.1
online_match_04/frame_02301.jpg,data\frames_dense2\online_match_04\frame_02301.jpg,0.841,140.0,390.0,160.1,410.5
online_match_04/frame_02304.jpg,data\frames_dense2\online_match_04\frame_02304.jpg,0.807,137.8,376.8,158.3,396.4
online_match_04/frame_02307.jpg,data\frames_dense2\online_match_04\frame_02307.jpg,0.771,136.2,369.7,155.7,389.0
online_match_04/frame_02309.jpg,data\frames_dense2\online_match_04\frame_02309.jpg,0.862,138.5,372.7,159.0,393.4
online_match_04/frame_02312.jpg,data\frames_dense2\online_match_04\frame_02312.jpg,0.744,142.9,389.9,164.5,410.8
online_match_04/frame_02314.jpg,data\frames_dense2\online_match_04\frame_02314.jpg,0.801,148.1,415.1,173.2,437.6
online_match_04/frame_02317.jpg,data\frames_dense2\online_match_04\frame_02317.jpg,0.765,149.5,424.2,173.2,446.7
online_match_04/frame_02320.jpg,data\frames_dense2\online_match_04\frame_02320.jpg,0.661,144.4,395.2,167.1,415.8
online_match_04/frame_02322.jpg,data\frames_dense2\online_match_04\frame_02322.jpg,0.845,143.4,387.0,163.7,406.4
online_match_04/frame_02325.jpg,data\frames_dense2\online_match_04\frame_02325.jpg,0.606,142.1,365.5,161.9,383.9
online_match_04/frame_02327.jpg,data\frames_dense2\online_match_04\frame_02327.jpg,0.702,140.5,363.8,160.2,381.5
online_match_04/frame_02330.jpg,data\frames_dense2\online_match_04\frame_02330.jpg,0.703,141.1,363.1,160.0,380.4
online_match_04/frame_02333.jpg,data\frames_dense2\online_match_04\frame_02333.jpg,0.685,142.9,362.8,162.4,380.7
online_match_04/frame_02335.jpg,data\frames_dense2\online_match_04\frame_02335.jpg,0.695,143.6,362.8,163.5,380.8
online_match_04/frame_02338.jpg,data\frames_dense2\online_match_04\frame_02338.jpg,0.721,145.1,362.5,165.6,380.9
online_match_04/frame_02340.jpg,data\frames_dense2\online_match_04\frame_02340.jpg,0.714,145.4,362.0,166.0,380.6
online_match_04/frame_02343.jpg,data\frames_dense2\online_match_04\frame_02343.jpg,0.757,145.1,361.9,166.1,381.0
online_match_04/frame_02346.jpg,data\frames_dense2\online_match_04\frame_02346.jpg,0.761,139.7,365.2,158.1,382.2
online_match_04/frame_02348.jpg,data\frames_dense2\online_match_04\frame_02348.jpg,0.651,129.1,367.5,148.8,384.9
online_match_04/frame_02351.jpg,data\frames_dense2\online_match_04\frame_02351.jpg,0.665,118.9,373.4,139.2,393.4
online_match_04/frame_02353.jpg,data\frames_dense2\online_match_04\frame_02353.jpg,0.704,116.4,376.0,138.3,397.0
online_match_04/frame_02356.jpg,data\frames_dense2\online_match_04\frame_02356.jpg,0.606,117.3,385.6,139.9,406.9
online_match_04/frame_02358.jpg,data\frames_dense2\online_match_04\frame_02358.jpg,0.698,120.2,387.9,142.0,408.9
online_match_04/frame_02361.jpg,data\frames_dense2\online_match_04\frame_02361.jpg,0.486,131.5,394.7,154.5,415.7
online_match_04/frame_02364.jpg,data\frames_dense2\online_match_04\frame_02364.jpg,0.691,144.9,401.1,165.2,418.9
online_match_04/frame_02366.jpg,data\frames_dense2\online_match_04\frame_02366.jpg,0.724,156.5,403.4,177.1,423.0
online_match_04/frame_02369.jpg,data\frames_dense2\online_match_04\frame_02369.jpg,0.651,176.2,407.4,199.9,429.3
online_match_04/frame_02371.jpg,data\frames_dense2\online_match_04\frame_02371.jpg,0.622,184.0,411.4,206.2,431.1
online_match_04/frame_02374.jpg,data\frames_dense2\online_match_04\frame_02374.jpg,0.683,202.6,415.8,223.0,434.8
online_match_04/frame_02377.jpg,data\frames_dense2\online_match_04\frame_02377.jpg,0.793,211.1,419.8,232.8,441.9
online_match_04/frame_02379.jpg,data\frames_dense2\online_match_04\frame_02379.jpg,0.783,217.5,419.6,241.7,444.8
online_match_04/frame_02382.jpg,data\frames_dense2\online_match_04\frame_02382.jpg,0.807,229.8,415.4,254.4,439.1
online_match_04/frame_02384.jpg,data\frames_dense2\online_match_04\frame_02384.jpg,0.71,246.6,403.2,268.1,423.8
online_match_04/frame_02387.jpg,data\frames_dense2\online_match_04\frame_02387.jpg,0.711,252.7,363.9,274.0,384.1
online_match_04/frame_02390.jpg,data\frames_dense2\online_match_04\frame_02390.jpg,0.739,253.0,338.3,272.6,357.3
online_match_04/frame_02392.jpg,data\frames_dense2\online_match_04\frame_02392.jpg,0.425,253.8,316.7,276.2,339.3
online_match_04/frame_02400.jpg,data\frames_dense2\online_match_04\frame_02400.jpg,0.467,235.8,274.7,256.5,295.4
online_match_04/frame_02403.jpg,data\frames_dense2\online_match_04\frame_02403.jpg,0.635,226.9,268.5,249.7,289.0
online_match_04/frame_02405.jpg,data\frames_dense2\online_match_04\frame_02405.jpg,0.661,221.7,271.8,240.5,289.4
online_match_04/frame_02408.jpg,data\frames_dense2\online_match_04\frame_02408.jpg,0.795,218.7,274.4,238.6,293.2
online_match_04/frame_02410.jpg,data\frames_dense2\online_match_04\frame_02410.jpg,0.64,212.0,281.8,231.6,300.7
online_match_04/frame_02413.jpg,data\frames_dense2\online_match_04\frame_02413.jpg,0.847,204.4,291.8,224.3,311.2
online_match_04/frame_02416.jpg,data\frames_dense2\online_match_04\frame_02416.jpg,0.479,240.4,282.3,265.5,303.9
online_match_04/frame_02426.jpg,data\frames_dense2\online_match_04\frame_02426.jpg,0.641,408.9,242.3,430.2,262.1
online_match_04/frame_02429.jpg,data\frames_dense2\online_match_04\frame_02429.jpg,0.258,3.8,338.3,32.9,364.6
online_match_04/frame_02431.jpg,data\frames_dense2\online_match_04\frame_02431.jpg,0.358,483.9,241.1,506.2,263.0
online_match_04/frame_02431.jpg,data\frames_dense2\online_match_04\frame_02431.jpg,0.317,0.0,338.7,26.2,362.6
online_match_04/frame_02444.jpg,data\frames_dense2\online_match_04\frame_02444.jpg,0.264,678.9,300.6,697.8,319.7
online_match_04/frame_02460.jpg,data\frames_dense2\online_match_04\frame_02460.jpg,0.696,785.3,321.8,805.6,341.4
online_match_04/frame_02465.jpg,data\frames_dense2\online_match_04\frame_02465.jpg,0.52,782.9,282.1,806.9,305.0
online_match_04/frame_02470.jpg,data\frames_dense2\online_match_04\frame_02470.jpg,0.292,783.2,265.9,809.9,288.8
online_match_04/frame_02473.jpg,data\frames_dense2\online_match_04\frame_02473.jpg,0.66,783.6,264.2,805.6,284.6
online_match_04/frame_02475.jpg,data\frames_dense2\online_match_04\frame_02475.jpg,0.603,781.9,264.4,803.4,284.6
online_match_04/frame_02478.jpg,data\frames_dense2\online_match_04\frame_02478.jpg,0.625,781.2,266.9,803.9,287.9
online_match_04/frame_02480.jpg,data\frames_dense2\online_match_04\frame_02480.jpg,0.563,778.2,275.0,798.2,294.9
online_match_04/frame_02483.jpg,data\frames_dense2\online_match_04\frame_02483.jpg,0.514,773.5,291.9,793.0,312.3
online_match_04/frame_02486.jpg,data\frames_dense2\online_match_04\frame_02486.jpg,0.814,768.8,307.2,789.5,326.7
online_match_04/frame_02488.jpg,data\frames_dense2\online_match_04\frame_02488.jpg,0.708,762.4,322.8,784.8,345.9
online_match_04/frame_02496.jpg,data\frames_dense2\online_match_04\frame_02496.jpg,0.453,763.8,315.9,786.6,339.2
online_match_04/frame_02504.jpg,data\frames_dense2\online_match_04\frame_02504.jpg,0.563,788.8,248.5,809.4,267.9
online_match_04/frame_02506.jpg,data\frames_dense2\online_match_04\frame_02506.jpg,0.577,794.1,235.1,814.0,253.2
online_match_04/frame_02509.jpg,data\frames_dense2\online_match_04\frame_02509.jpg,0.786,800.5,229.9,822.3,250.1
online_match_04/frame_02511.jpg,data\frames_dense2\online_match_04\frame_02511.jpg,0.822,807.9,226.2,829.2,246.0
online_match_04/frame_02514.jpg,data\frames_dense2\online_match_04\frame_02514.jpg,0.798,812.7,225.5,833.9,245.7
online_match_04/frame_02517.jpg,data\frames_dense2\online_match_04\frame_02517.jpg,0.425,820.1,232.6,846.4,255.4
online_match_04/frame_02519.jpg,data\frames_dense2\online_match_04\frame_02519.jpg,0.749,831.4,248.3,855.3,270.4
online_match_04/frame_02522.jpg,data\frames_dense2\online_match_04\frame_02522.jpg,0.596,838.3,262.8,857.6,283.3
online_match_04/frame_02527.jpg,data\frames_dense2\online_match_04\frame_02527.jpg,0.585,846.3,315.8,870.9,339.2
online_match_04/frame_02530.jpg,data\frames_dense2\online_match_04\frame_02530.jpg,0.527,738.9,335.1,764.1,358.0
online_match_04/frame_02532.jpg,data\frames_dense2\online_match_04\frame_02532.jpg,0.592,694.3,346.8,717.2,367.6
online_match_04/frame_02535.jpg,data\frames_dense2\online_match_04\frame_02535.jpg,0.299,564.9,380.5,589.5,402.6
online_match_04/frame_02540.jpg,data\frames_dense2\online_match_04\frame_02540.jpg,0.665,395.1,446.3,422.1,471.5
online_match_04/frame_02545.jpg,data\frames_dense2\online_match_04\frame_02545.jpg,0.712,224.4,546.8,253.2,572.5
online_match_04/frame_02548.jpg,data\frames_dense2\online_match_04\frame_02548.jpg,0.476,123.6,520.0,152.7,546.0
online_match_04/frame_02553.jpg,data\frames_dense2\online_match_04\frame_02553.jpg,0.476,0.0,465.7,19.4,487.9
online_match_04/frame_02755.jpg,data\frames_dense2\online_match_04\frame_02755.jpg,0.255,572.2,77.7,587.6,90.7
online_match_04/frame_03002.jpg,data\frames_dense2\online_match_04\frame_03002.jpg,0.459,30.5,377.3,54.4,398.8
online_match_04/frame_03004.jpg,data\frames_dense2\online_match_04\frame_03004.jpg,0.754,54.4,394.3,78.5,417.7
online_match_04/frame_03007.jpg,data\frames_dense2\online_match_04\frame_03007.jpg,0.662,76.7,413.5,103.1,437.7
online_match_04/frame_03009.jpg,data\frames_dense2\online_match_04\frame_03009.jpg,0.565,99.2,436.7,125.9,462.0
online_match_04/frame_03012.jpg,data\frames_dense2\online_match_04\frame_03012.jpg,0.763,121.9,432.1,146.1,455.0
online_match_04/frame_03015.jpg,data\frames_dense2\online_match_04\frame_03015.jpg,0.733,146.7,398.2,173.7,422.3
online_match_04/frame_03017.jpg,data\frames_dense2\online_match_04\frame_03017.jpg,0.737,164.4,381.9,190.1,405.0
online_match_04/frame_03020.jpg,data\frames_dense2\online_match_04\frame_03020.jpg,0.742,183.6,370.4,203.8,389.7
online_match_04/frame_03022.jpg,data\frames_dense2\online_match_04\frame_03022.jpg,0.73,186.1,362.4,206.3,381.4
online_match_04/frame_03025.jpg,data\frames_dense2\online_match_04\frame_03025.jpg,0.698,184.3,359.0,205.5,379.6
online_match_04/frame_03028.jpg,data\frames_dense2\online_match_04\frame_03028.jpg,0.56,181.9,361.7,203.2,382.1
online_match_04/frame_03030.jpg,data\frames_dense2\online_match_04\frame_03030.jpg,0.548,178.4,363.4,202.1,385.5
online_match_04/frame_03033.jpg,data\frames_dense2\online_match_04\frame_03033.jpg,0.711,173.8,368.0,194.7,388.1
online_match_04/frame_03035.jpg,data\frames_dense2\online_match_04\frame_03035.jpg,0.682,167.7,363.6,190.6,384.1
online_match_04/frame_03038.jpg,data\frames_dense2\online_match_04\frame_03038.jpg,0.706,159.4,356.8,182.2,378.6
online_match_04/frame_03041.jpg,data\frames_dense2\online_match_04\frame_03041.jpg,0.507,152.1,346.1,171.7,364.9
online_match_04/frame_03043.jpg,data\frames_dense2\online_match_04\frame_03043.jpg,0.45,148.4,343.5,168.6,363.3
online_match_04/frame_03046.jpg,data\frames_dense2\online_match_04\frame_03046.jpg,0.287,139.5,340.9,158.5,359.5
online_match_04/frame_03053.jpg,data\frames_dense2\online_match_04\frame_03053.jpg,0.49,120.8,365.6,143.5,386.5
online_match_04/frame_03056.jpg,data\frames_dense2\online_match_04\frame_03056.jpg,0.798,112.6,392.2,135.6,414.0
online_match_04/frame_03059.jpg,data\frames_dense2\online_match_04\frame_03059.jpg,0.626,105.3,427.5,132.2,453.5
online_match_04/frame_03061.jpg,data\frames_dense2\online_match_04\frame_03061.jpg,0.823,105.8,415.6,128.9,437.6
online_match_04/frame_03064.jpg,data\frames_dense2\online_match_04\frame_03064.jpg,0.834,107.1,384.3,126.7,404.3
online_match_04/frame_03066.jpg,data\frames_dense2\online_match_04\frame_03066.jpg,0.694,105.6,373.4,127.4,396.1
online_match_04/frame_03069.jpg,data\frames_dense2\online_match_04\frame_03069.jpg,0.786,107.6,355.3,127.5,374.9
online_match_04/frame_03072.jpg,data\frames_dense2\online_match_04\frame_03072.jpg,0.684,103.4,401.4,125.9,422.8
online_match_04/frame_03074.jpg,data\frames_dense2\online_match_04\frame_03074.jpg,0.712,99.3,417.1,125.2,440.3
online_match_04/frame_03077.jpg,data\frames_dense2\online_match_04\frame_03077.jpg,0.73,94.1,367.0,115.1,387.5
online_match_04/frame_03079.jpg,data\frames_dense2\online_match_04\frame_03079.jpg,0.681,91.5,350.7,113.7,372.5
online_match_04/frame_03082.jpg,data\frames_dense2\online_match_04\frame_03082.jpg,0.425,88.8,335.3,110.8,357.2
online_match_04/frame_03087.jpg,data\frames_dense2\online_match_04\frame_03087.jpg,0.653,77.8,336.4,98.3,356.6
online_match_04/frame_03090.jpg,data\frames_dense2\online_match_04\frame_03090.jpg,0.505,75.6,347.2,95.8,365.7
online_match_04/frame_03092.jpg,data\frames_dense2\online_match_04\frame_03092.jpg,0.619,71.8,370.0,90.9,389.5
online_match_04/frame_03095.jpg,data\frames_dense2\online_match_04\frame_03095.jpg,0.646,69.3,411.2,92.1,432.3
online_match_04/frame_03098.jpg,data\frames_dense2\online_match_04\frame_03098.jpg,0.615,68.8,411.5,93.1,434.0
online_match_04/frame_03100.jpg,data\frames_dense2\online_match_04\frame_03100.jpg,0.746,73.2,390.0,93.5,410.1
online_match_04/frame_03103.jpg,data\frames_dense2\online_match_04\frame_03103.jpg,0.83,74.6,370.9,95.1,391.8
online_match_04/frame_03105.jpg,data\frames_dense2\online_match_04\frame_03105.jpg,0.685,77.7,356.9,97.9,377.4
online_match_04/frame_03108.jpg,data\frames_dense2\online_match_04\frame_03108.jpg,0.539,81.7,374.8,101.3,393.8
online_match_04/frame_03111.jpg,data\frames_dense2\online_match_04\frame_03111.jpg,0.642,86.5,400.6,107.7,421.2
online_match_04/frame_03116.jpg,data\frames_dense2\online_match_04\frame_03116.jpg,0.299,78.2,339.3,100.3,360.6
online_match_04/frame_03118.jpg,data\frames_dense2\online_match_04\frame_03118.jpg,0.518,76.3,332.0,95.6,350.6
online_match_04/frame_03121.jpg,data\frames_dense2\online_match_04\frame_03121.jpg,0.574,75.6,331.2,95.1,350.0
online_match_04/frame_03131.jpg,data\frames_dense2\online_match_04\frame_03131.jpg,0.44,67.4,419.0,90.3,442.2
online_match_04/frame_03134.jpg,data\frames_dense2\online_match_04\frame_03134.jpg,0.494,72.0,396.9,92.5,416.8
online_match_04/frame_03136.jpg,data\frames_dense2\online_match_04\frame_03136.jpg,0.643,74.9,377.6,94.3,396.0
online_match_04/frame_03139.jpg,data\frames_dense2\online_match_04\frame_03139.jpg,0.58,78.5,360.0,98.2,379.6
online_match_04/frame_03142.jpg,data\frames_dense2\online_match_04\frame_03142.jpg,0.445,89.2,354.0,105.8,370.3
online_match_04/frame_03144.jpg,data\frames_dense2\online_match_04\frame_03144.jpg,0.519,89.0,354.7,106.2,371.9
online_match_04/frame_03147.jpg,data\frames_dense2\online_match_04\frame_03147.jpg,0.629,88.2,357.9,106.2,375.8
online_match_04/frame_03149.jpg,data\frames_dense2\online_match_04\frame_03149.jpg,0.634,88.1,359.3,107.3,378.1
online_match_04/frame_03152.jpg,data\frames_dense2\online_match_04\frame_03152.jpg,0.648,91.6,361.4,111.1,380.1
online_match_04/frame_03155.jpg,data\frames_dense2\online_match_04\frame_03155.jpg,0.405,97.2,362.0,116.6,380.6
online_match_04/frame_03157.jpg,data\frames_dense2\online_match_04\frame_03157.jpg,0.557,100.5,359.1,120.0,379.3
online_match_04/frame_03160.jpg,data\frames_dense2\online_match_04\frame_03160.jpg,0.566,107.6,351.7,127.1,369.1
online_match_04/frame_03162.jpg,data\frames_dense2\online_match_04\frame_03162.jpg,0.542,109.8,348.7,130.8,367.8
online_match_04/frame_03165.jpg,data\frames_dense2\online_match_04\frame_03165.jpg,0.565,116.3,348.1,138.5,368.2
online_match_04/frame_03168.jpg,data\frames_dense2\online_match_04\frame_03168.jpg,0.637,126.2,352.5,144.9,370.0
online_match_04/frame_03170.jpg,data\frames_dense2\online_match_04\frame_03170.jpg,0.476,133.0,368.2,151.8,386.2
online_match_04/frame_03173.jpg,data\frames_dense2\online_match_04\frame_03173.jpg,0.697,144.9,412.3,170.6,434.3
online_match_04/frame_03175.jpg,data\frames_dense2\online_match_04\frame_03175.jpg,0.759,147.8,418.5,172.8,443.4
online_match_04/frame_03178.jpg,data\frames_dense2\online_match_04\frame_03178.jpg,0.839,149.0,385.3,168.6,404.9
online_match_04/frame_03181.jpg,data\frames_dense2\online_match_04\frame_03181.jpg,0.598,146.6,367.7,166.9,386.2
online_match_04/frame_03183.jpg,data\frames_dense2\online_match_04\frame_03183.jpg,0.666,143.5,351.8,163.9,370.8
online_match_04/frame_03186.jpg,data\frames_dense2\online_match_04\frame_03186.jpg,0.595,143.0,344.7,165.5,365.4
online_match_04/frame_03188.jpg,data\frames_dense2\online_match_04\frame_03188.jpg,0.611,141.7,342.9,164.8,364.6
online_match_04/frame_03191.jpg,data\frames_dense2\online_match_04\frame_03191.jpg,0.563,144.1,351.9,164.1,371.1
online_match_04/frame_03194.jpg,data\frames_dense2\online_match_04\frame_03194.jpg,0.731,147.0,370.5,165.5,389.0
online_match_04/frame_03196.jpg,data\frames_dense2\online_match_04\frame_03196.jpg,0.675,149.5,394.2,169.6,413.5
online_match_04/frame_03199.jpg,data\frames_dense2\online_match_04\frame_03199.jpg,0.73,148.0,420.0,172.7,444.6
online_match_04/frame_03201.jpg,data\frames_dense2\online_match_04\frame_03201.jpg,0.785,145.3,410.2,171.3,433.3
online_match_04/frame_03204.jpg,data\frames_dense2\online_match_04\frame_03204.jpg,0.803,147.1,393.9,166.6,412.7
online_match_04/frame_03206.jpg,data\frames_dense2\online_match_04\frame_03206.jpg,0.682,144.8,379.1,164.6,397.5
online_match_04/frame_03209.jpg,data\frames_dense2\online_match_04\frame_03209.jpg,0.608,143.1,362.7,162.1,380.1
online_match_04/frame_03212.jpg,data\frames_dense2\online_match_04\frame_03212.jpg,0.823,144.9,391.8,164.4,409.6
online_match_04/frame_03214.jpg,data\frames_dense2\online_match_04\frame_03214.jpg,0.797,145.1,419.9,171.0,444.8
online_match_04/frame_03217.jpg,data\frames_dense2\online_match_04\frame_03217.jpg,0.806,148.3,391.5,167.4,410.3
online_match_04/frame_03219.jpg,data\frames_dense2\online_match_04\frame_03219.jpg,0.532,143.9,361.8,164.8,381.0
online_match_04/frame_03222.jpg,data\frames_dense2\online_match_04\frame_03222.jpg,0.591,143.0,348.5,164.0,367.7
online_match_04/frame_03225.jpg,data\frames_dense2\online_match_04\frame_03225.jpg,0.793,141.2,342.4,160.9,361.5
online_match_04/frame_03227.jpg,data\frames_dense2\online_match_04\frame_03227.jpg,0.706,142.0,344.8,161.9,363.5
online_match_04/frame_03230.jpg,data\frames_dense2\online_match_04\frame_03230.jpg,0.577,145.5,351.9,166.6,369.5
online_match_04/frame_03232.jpg,data\frames_dense2\online_match_04\frame_03232.jpg,0.712,144.9,368.7,164.6,387.4
online_match_04/frame_03235.jpg,data\frames_dense2\online_match_04\frame_03235.jpg,0.552,150.2,392.1,168.7,410.2
online_match_04/frame_03238.jpg,data\frames_dense2\online_match_04\frame_03238.jpg,0.839,149.5,431.4,173.7,452.9
online_match_04/frame_03240.jpg,data\frames_dense2\online_match_04\frame_03240.jpg,0.775,147.2,423.0,171.5,446.6
online_match_04/frame_03243.jpg,data\frames_dense2\online_match_04\frame_03243.jpg,0.674,144.3,397.7,164.8,416.6
online_match_04/frame_03245.jpg,data\frames_dense2\online_match_04\frame_03245.jpg,0.749,141.2,384.0,160.1,402.2
online_match_04/frame_03248.jpg,data\frames_dense2\online_match_04\frame_03248.jpg,0.753,137.7,371.4,157.8,390.9
online_match_04/frame_03251.jpg,data\frames_dense2\online_match_04\frame_03251.jpg,0.839,139.4,407.1,158.9,426.6
online_match_04/frame_03253.jpg,data\frames_dense2\online_match_04\frame_03253.jpg,0.708,139.4,425.5,163.7,447.9
online_match_04/frame_03256.jpg,data\frames_dense2\online_match_04\frame_03256.jpg,0.67,140.7,397.0,158.6,414.2
online_match_04/frame_03258.jpg,data\frames_dense2\online_match_04\frame_03258.jpg,0.573,138.4,380.4,157.7,398.1
online_match_04/frame_03261.jpg,data\frames_dense2\online_match_04\frame_03261.jpg,0.608,134.3,353.2,152.9,371.8
online_match_04/frame_03264.jpg,data\frames_dense2\online_match_04\frame_03264.jpg,0.627,134.9,344.8,153.4,364.0
online_match_04/frame_03266.jpg,data\frames_dense2\online_match_04\frame_03266.jpg,0.654,135.0,344.2,154.6,364.1
online_match_04/frame_03269.jpg,data\frames_dense2\online_match_04\frame_03269.jpg,0.826,140.2,354.6,159.5,373.2
online_match_04/frame_03271.jpg,data\frames_dense2\online_match_04\frame_03271.jpg,0.782,141.0,360.1,161.1,379.2
online_match_04/frame_03274.jpg,data\frames_dense2\online_match_04\frame_03274.jpg,0.56,144.8,398.1,164.8,416.2
online_match_04/frame_03277.jpg,data\frames_dense2\online_match_04\frame_03277.jpg,0.814,144.2,421.6,167.8,444.9
online_match_04/frame_03279.jpg,data\frames_dense2\online_match_04\frame_03279.jpg,0.829,142.6,419.9,166.8,443.9
online_match_04/frame_03282.jpg,data\frames_dense2\online_match_04\frame_03282.jpg,0.861,142.2,402.2,159.8,420.4
online_match_04/frame_03284.jpg,data\frames_dense2\online_match_04\frame_03284.jpg,0.827,140.4,386.2,158.3,404.3
online_match_04/frame_03287.jpg,data\frames_dense2\online_match_04\frame_03287.jpg,0.623,133.7,367.4,153.3,386.1
online_match_04/frame_03289.jpg,data\frames_dense2\online_match_04\frame_03289.jpg,0.614,135.5,388.4,153.5,407.0
online_match_04/frame_03292.jpg,data\frames_dense2\online_match_04\frame_03292.jpg,0.688,131.6,415.3,154.1,437.1
online_match_04/frame_03295.jpg,data\frames_dense2\online_match_04\frame_03295.jpg,0.761,128.6,384.4,147.9,402.4
online_match_04/frame_03297.jpg,data\frames_dense2\online_match_04\frame_03297.jpg,0.696,128.2,362.4,147.6,380.0
online_match_04/frame_03300.jpg,data\frames_dense2\online_match_04\frame_03300.jpg,0.685,126.5,351.2,145.4,369.3
online_match_04/frame_03302.jpg,data\frames_dense2\online_match_04\frame_03302.jpg,0.74,125.6,345.9,145.5,364.9
online_match_04/frame_03305.jpg,data\frames_dense2\online_match_04\frame_03305.jpg,0.669,131.7,351.6,151.4,369.0
online_match_04/frame_03308.jpg,data\frames_dense2\online_match_04\frame_03308.jpg,0.602,136.2,361.0,155.6,379.4
online_match_04/frame_03310.jpg,data\frames_dense2\online_match_04\frame_03310.jpg,0.559,138.4,379.7,156.7,397.2
online_match_04/frame_03313.jpg,data\frames_dense2\online_match_04\frame_03313.jpg,0.821,140.8,404.1,158.5,421.6
online_match_04/frame_03315.jpg,data\frames_dense2\online_match_04\frame_03315.jpg,0.861,137.9,432.3,160.1,453.6
online_match_04/frame_03318.jpg,data\frames_dense2\online_match_04\frame_03318.jpg,0.839,136.6,416.9,158.0,437.0
online_match_04/frame_03321.jpg,data\frames_dense2\online_match_04\frame_03321.jpg,0.584,133.3,391.1,152.2,409.9
online_match_04/frame_03323.jpg,data\frames_dense2\online_match_04\frame_03323.jpg,0.776,128.5,377.1,148.1,395.0
online_match_04/frame_03326.jpg,data\frames_dense2\online_match_04\frame_03326.jpg,0.703,128.3,384.0,146.8,401.4
online_match_04/frame_03328.jpg,data\frames_dense2\online_match_04\frame_03328.jpg,0.623,129.7,429.1,155.9,452.5
online_match_04/frame_03331.jpg,data\frames_dense2\online_match_04\frame_03331.jpg,0.771,132.3,407.3,152.9,428.1
online_match_04/frame_03334.jpg,data\frames_dense2\online_match_04\frame_03334.jpg,0.544,128.1,364.8,149.0,383.9
online_match_04/frame_03336.jpg,data\frames_dense2\online_match_04\frame_03336.jpg,0.738,128.4,361.0,148.2,378.8
online_match_04/frame_03339.jpg,data\frames_dense2\online_match_04\frame_03339.jpg,0.796,128.5,352.5,147.0,369.6
online_match_04/frame_03341.jpg,data\frames_dense2\online_match_04\frame_03341.jpg,0.86,129.1,352.9,149.0,370.9
online_match_04/frame_03344.jpg,data\frames_dense2\online_match_04\frame_03344.jpg,0.743,132.5,357.7,153.4,377.4
online_match_04/frame_03347.jpg,data\frames_dense2\online_match_04\frame_03347.jpg,0.464,137.5,381.2,155.7,399.5
online_match_04/frame_03349.jpg,data\frames_dense2\online_match_04\frame_03349.jpg,0.43,141.1,397.7,157.6,414.3
online_match_04/frame_03352.jpg,data\frames_dense2\online_match_04\frame_03352.jpg,0.784,138.4,433.3,159.7,454.2
online_match_04/frame_03354.jpg,data\frames_dense2\online_match_04\frame_03354.jpg,0.689,138.0,428.5,159.5,449.2
online_match_04/frame_03357.jpg,data\frames_dense2\online_match_04\frame_03357.jpg,0.638,135.0,401.4,154.5,421.0
online_match_04/frame_03359.jpg,data\frames_dense2\online_match_04\frame_03359.jpg,0.668,132.1,385.2,151.4,405.2
online_match_04/frame_03362.jpg,data\frames_dense2\online_match_04\frame_03362.jpg,0.872,127.7,374.3,148.6,394.3
online_match_04/frame_03365.jpg,data\frames_dense2\online_match_04\frame_03365.jpg,0.591,132.6,429.1,157.1,451.0
online_match_04/frame_03367.jpg,data\frames_dense2\online_match_04\frame_03367.jpg,0.743,135.1,423.2,157.0,444.7
online_match_04/frame_03370.jpg,data\frames_dense2\online_match_04\frame_03370.jpg,0.467,132.0,375.3,152.0,395.3
online_match_04/frame_03372.jpg,data\frames_dense2\online_match_04\frame_03372.jpg,0.76,129.6,364.0,152.0,384.2
online_match_04/frame_03375.jpg,data\frames_dense2\online_match_04\frame_03375.jpg,0.722,128.9,350.1,151.4,370.2
online_match_04/frame_03378.jpg,data\frames_dense2\online_match_04\frame_03378.jpg,0.662,128.7,347.0,151.2,367.7
online_match_04/frame_03380.jpg,data\frames_dense2\online_match_04\frame_03380.jpg,0.817,130.7,351.3,152.4,371.1
online_match_04/frame_03383.jpg,data\frames_dense2\online_match_04\frame_03383.jpg,0.563,134.7,365.8,156.2,385.5
online_match_04/frame_03385.jpg,data\frames_dense2\online_match_04\frame_03385.jpg,0.641,136.3,374.1,155.4,394.1
online_match_04/frame_03388.jpg,data\frames_dense2\online_match_04\frame_03388.jpg,0.636,140.1,413.1,160.3,432.7
online_match_04/frame_03391.jpg,data\frames_dense2\online_match_04\frame_03391.jpg,0.816,137.1,435.5,159.4,459.1
online_match_04/frame_03393.jpg,data\frames_dense2\online_match_04\frame_03393.jpg,0.686,135.6,415.1,157.4,434.6
online_match_04/frame_03396.jpg,data\frames_dense2\online_match_04\frame_03396.jpg,0.624,130.4,395.6,153.4,416.6
online_match_04/frame_03398.jpg,data\frames_dense2\online_match_04\frame_03398.jpg,0.637,128.0,379.7,150.5,400.5
online_match_04/frame_03401.jpg,data\frames_dense2\online_match_04\frame_03401.jpg,0.704,129.2,387.7,150.5,408.7
online_match_04/frame_03404.jpg,data\frames_dense2\online_match_04\frame_03404.jpg,0.713,134.2,432.4,157.7,454.2
online_match_04/frame_03406.jpg,data\frames_dense2\online_match_04\frame_03406.jpg,0.659,136.1,402.7,154.9,421.9
online_match_04/frame_03409.jpg,data\frames_dense2\online_match_04\frame_03409.jpg,0.257,134.7,369.8,153.9,390.2
online_match_04/frame_03411.jpg,data\frames_dense2\online_match_04\frame_03411.jpg,0.749,131.0,355.6,151.7,375.7
online_match_04/frame_03414.jpg,data\frames_dense2\online_match_04\frame_03414.jpg,0.533,130.5,347.5,151.6,367.5
online_match_04/frame_03417.jpg,data\frames_dense2\online_match_04\frame_03417.jpg,0.456,132.1,347.9,153.8,368.4
online_match_04/frame_03419.jpg,data\frames_dense2\online_match_04\frame_03419.jpg,0.7,135.6,354.9,155.1,373.9
online_match_04/frame_03422.jpg,data\frames_dense2\online_match_04\frame_03422.jpg,0.633,138.9,368.0,159.4,386.7
online_match_04/frame_03424.jpg,data\frames_dense2\online_match_04\frame_03424.jpg,0.771,141.2,388.1,160.5,407.3
online_match_04/frame_03427.jpg,data\frames_dense2\online_match_04\frame_03427.jpg,0.72,143.3,416.0,162.5,434.0
online_match_04/frame_03430.jpg,data\frames_dense2\online_match_04\frame_03430.jpg,0.806,138.1,424.7,161.0,446.8
online_match_04/frame_03432.jpg,data\frames_dense2\online_match_04\frame_03432.jpg,0.75,138.3,416.9,158.1,434.9
online_match_04/frame_03435.jpg,data\frames_dense2\online_match_04\frame_03435.jpg,0.549,134.4,389.8,153.5,410.3
online_match_04/frame_03437.jpg,data\frames_dense2\online_match_04\frame_03437.jpg,0.712,130.3,377.4,150.1,395.9
online_match_04/frame_03440.jpg,data\frames_dense2\online_match_04\frame_03440.jpg,0.578,128.5,395.6,150.3,415.7
online_match_04/frame_03442.jpg,data\frames_dense2\online_match_04\frame_03442.jpg,0.659,129.1,430.4,154.2,453.6
online_match_04/frame_03445.jpg,data\frames_dense2\online_match_04\frame_03445.jpg,0.523,129.5,396.1,151.6,416.5
online_match_04/frame_03448.jpg,data\frames_dense2\online_match_04\frame_03448.jpg,0.677,126.5,362.1,146.9,381.1
online_match_04/frame_03450.jpg,data\frames_dense2\online_match_04\frame_03450.jpg,0.8,126.3,356.1,146.1,375.3
online_match_04/frame_03453.jpg,data\frames_dense2\online_match_04\frame_03453.jpg,0.758,127.4,352.1,146.5,370.7
online_match_04/frame_03455.jpg,data\frames_dense2\online_match_04\frame_03455.jpg,0.885,127.7,354.5,148.3,373.8
online_match_04/frame_03458.jpg,data\frames_dense2\online_match_04\frame_03458.jpg,0.741,130.7,362.1,151.3,381.6
online_match_04/frame_03461.jpg,data\frames_dense2\online_match_04\frame_03461.jpg,0.492,134.3,390.3,153.0,410.4
online_match_04/frame_03463.jpg,data\frames_dense2\online_match_04\frame_03463.jpg,0.661,133.2,403.9,153.1,424.5
online_match_04/frame_03466.jpg,data\frames_dense2\online_match_04\frame_03466.jpg,0.681,131.9,435.8,157.4,461.2
online_match_04/frame_03468.jpg,data\frames_dense2\online_match_04\frame_03468.jpg,0.727,130.3,425.3,155.3,448.4
online_match_04/frame_03471.jpg,data\frames_dense2\online_match_04\frame_03471.jpg,0.739,127.8,399.9,148.4,419.7
online_match_04/frame_03474.jpg,data\frames_dense2\online_match_04\frame_03474.jpg,0.72,124.2,383.5,145.5,404.3
online_match_04/frame_03476.jpg,data\frames_dense2\online_match_04\frame_03476.jpg,0.737,122.9,375.2,143.4,395.9
online_match_04/frame_03479.jpg,data\frames_dense2\online_match_04\frame_03479.jpg,0.63,125.6,431.8,149.9,454.8
online_match_04/frame_03481.jpg,data\frames_dense2\online_match_04\frame_03481.jpg,0.779,128.4,417.3,149.0,437.2
online_match_04/frame_03484.jpg,data\frames_dense2\online_match_04\frame_03484.jpg,0.821,123.7,369.3,144.5,388.9
online_match_04/frame_03487.jpg,data\frames_dense2\online_match_04\frame_03487.jpg,0.796,123.5,356.5,143.8,376.4
online_match_04/frame_03489.jpg,data\frames_dense2\online_match_04\frame_03489.jpg,0.65,122.4,351.1,143.3,370.5
online_match_04/frame_03492.jpg,data\frames_dense2\online_match_04\frame_03492.jpg,0.738,123.7,351.6,143.7,370.8
online_match_04/frame_03494.jpg,data\frames_dense2\online_match_04\frame_03494.jpg,0.818,124.9,357.1,147.1,378.5
online_match_04/frame_03497.jpg,data\frames_dense2\online_match_04\frame_03497.jpg,0.659,127.4,375.6,150.1,396.9
online_match_04/frame_03500.jpg,data\frames_dense2\online_match_04\frame_03500.jpg,0.7,133.1,406.8,152.5,427.3
online_match_04/frame_03502.jpg,data\frames_dense2\online_match_04\frame_03502.jpg,0.712,127.6,434.0,153.6,458.7
online_match_04/frame_03505.jpg,data\frames_dense2\online_match_04\frame_03505.jpg,0.641,125.7,427.3,150.3,450.0
online_match_04/frame_03507.jpg,data\frames_dense2\online_match_04\frame_03507.jpg,0.848,122.6,404.3,143.4,425.5
online_match_04/frame_03510.jpg,data\frames_dense2\online_match_04\frame_03510.jpg,0.695,117.3,386.7,138.8,408.0
online_match_04/frame_03512.jpg,data\frames_dense2\online_match_04\frame_03512.jpg,0.814,115.0,376.5,134.7,395.6
online_match_04/frame_03515.jpg,data\frames_dense2\online_match_04\frame_03515.jpg,0.808,116.3,374.6,137.4,395.2
online_match_04/frame_03518.jpg,data\frames_dense2\online_match_04\frame_03518.jpg,0.61,120.5,381.6,142.0,401.6
online_match_04/frame_03520.jpg,data\frames_dense2\online_match_04\frame_03520.jpg,0.785,126.4,402.3,145.1,421.0
online_match_04/frame_03523.jpg,data\frames_dense2\online_match_04\frame_03523.jpg,0.612,128.8,429.2,154.6,452.5
online_match_04/frame_03525.jpg,data\frames_dense2\online_match_04\frame_03525.jpg,0.684,128.8,430.6,154.1,453.9
online_match_04/frame_03528.jpg,data\frames_dense2\online_match_04\frame_03528.jpg,0.721,127.8,411.6,149.6,431.7
online_match_04/frame_03531.jpg,data\frames_dense2\online_match_04\frame_03531.jpg,0.856,123.3,386.4,142.3,405.0
online_match_04/frame_03533.jpg,data\frames_dense2\online_match_04\frame_03533.jpg,0.682,122.5,378.4,142.2,397.1
online_match_04/frame_03536.jpg,data\frames_dense2\online_match_04\frame_03536.jpg,0.729,123.1,376.4,142.5,394.8
online_match_04/frame_03538.jpg,data\frames_dense2\online_match_04\frame_03538.jpg,0.667,124.3,383.6,143.9,402.2
online_match_04/frame_03541.jpg,data\frames_dense2\online_match_04\frame_03541.jpg,0.737,128.8,404.2,150.2,424.5
online_match_04/frame_03544.jpg,data\frames_dense2\online_match_04\frame_03544.jpg,0.672,128.7,441.5,155.4,465.2
online_match_04/frame_03546.jpg,data\frames_dense2\online_match_04\frame_03546.jpg,0.631,126.8,429.2,153.4,454.5
online_match_04/frame_03549.jpg,data\frames_dense2\online_match_04\frame_03549.jpg,0.791,124.0,401.9,145.4,422.7
online_match_04/frame_03551.jpg,data\frames_dense2\online_match_04\frame_03551.jpg,0.776,122.4,387.7,142.4,406.9
online_match_04/frame_03554.jpg,data\frames_dense2\online_match_04\frame_03554.jpg,0.654,121.8,379.4,142.6,398.4
online_match_04/frame_03557.jpg,data\frames_dense2\online_match_04\frame_03557.jpg,0.633,122.6,379.0,143.5,398.4
online_match_04/frame_03559.jpg,data\frames_dense2\online_match_04\frame_03559.jpg,0.576,123.9,383.1,143.9,401.6
online_match_04/frame_03562.jpg,data\frames_dense2\online_match_04\frame_03562.jpg,0.55,128.9,414.6,150.6,434.2
online_match_04/frame_03564.jpg,data\frames_dense2\online_match_04\frame_03564.jpg,0.683,127.0,427.5,152.6,451.1
online_match_04/frame_03567.jpg,data\frames_dense2\online_match_04\frame_03567.jpg,0.73,126.2,424.3,149.8,446.3
online_match_04/frame_03570.jpg,data\frames_dense2\online_match_04\frame_03570.jpg,0.793,123.0,404.0,143.6,424.5
online_match_04/frame_03572.jpg,data\frames_dense2\online_match_04\frame_03572.jpg,0.693,119.2,389.3,138.6,409.0
online_match_04/frame_03575.jpg,data\frames_dense2\online_match_04\frame_03575.jpg,0.616,117.3,377.4,137.9,397.1
online_match_04/frame_03577.jpg,data\frames_dense2\online_match_04\frame_03577.jpg,0.606,119.6,378.4,139.5,397.2
online_match_04/frame_03580.jpg,data\frames_dense2\online_match_04\frame_03580.jpg,0.79,124.6,388.3,144.3,407.7
online_match_04/frame_03583.jpg,data\frames_dense2\online_match_04\frame_03583.jpg,0.502,129.8,412.8,151.4,433.2
online_match_04/frame_03585.jpg,data\frames_dense2\online_match_04\frame_03585.jpg,0.718,131.6,439.1,155.7,462.4
online_match_04/frame_03588.jpg,data\frames_dense2\online_match_04\frame_03588.jpg,0.666,130.6,424.9,154.3,446.5
online_match_04/frame_03590.jpg,data\frames_dense2\online_match_04\frame_03590.jpg,0.712,128.0,406.5,149.6,426.4
online_match_04/frame_03593.jpg,data\frames_dense2\online_match_04\frame_03593.jpg,0.826,125.0,385.3,143.4,403.8
online_match_04/frame_03595.jpg,data\frames_dense2\online_match_04\frame_03595.jpg,0.577,123.9,380.9,144.3,400.2
online_match_04/frame_03598.jpg,data\frames_dense2\online_match_04\frame_03598.jpg,0.579,124.1,381.5,144.7,401.4
online_match_04/frame_03601.jpg,data\frames_dense2\online_match_04\frame_03601.jpg,0.449,130.2,399.3,149.6,417.0
online_match_04/frame_03603.jpg,data\frames_dense2\online_match_04\frame_03603.jpg,0.694,131.6,424.1,155.3,446.5
online_match_04/frame_03606.jpg,data\frames_dense2\online_match_04\frame_03606.jpg,0.73,132.7,437.1,156.6,461.2
online_match_04/frame_03608.jpg,data\frames_dense2\online_match_04\frame_03608.jpg,0.835,130.7,417.5,151.4,437.4
online_match_04/frame_03611.jpg,data\frames_dense2\online_match_04\frame_03611.jpg,0.79,125.3,391.1,145.6,411.0
online_match_04/frame_03614.jpg,data\frames_dense2\online_match_04\frame_03614.jpg,0.68,125.6,380.9,145.9,400.1
online_match_04/frame_03616.jpg,data\frames_dense2\online_match_04\frame_03616.jpg,0.785,125.5,378.2,145.2,397.0
online_match_04/frame_03619.jpg,data\frames_dense2\online_match_04\frame_03619.jpg,0.745,126.2,379.7,146.7,398.8
online_match_04/frame_03621.jpg,data\frames_dense2\online_match_04\frame_03621.jpg,0.652,128.2,391.7,149.2,411.4
online_match_04/frame_03624.jpg,data\frames_dense2\online_match_04\frame_03624.jpg,0.735,135.2,418.8,154.0,437.9
online_match_04/frame_03627.jpg,data\frames_dense2\online_match_04\frame_03627.jpg,0.767,135.5,428.6,158.1,450.3
online_match_04/frame_03627.jpg,data\frames_dense2\online_match_04\frame_03627.jpg,0.365,131.7,426.3,159.7,456.0
online_match_04/frame_03629.jpg,data\frames_dense2\online_match_04\frame_03629.jpg,0.643,133.2,409.0,153.7,429.7
online_match_04/frame_03632.jpg,data\frames_dense2\online_match_04\frame_03632.jpg,0.712,127.7,393.5,148.2,412.6
online_match_04/frame_03634.jpg,data\frames_dense2\online_match_04\frame_03634.jpg,0.55,128.8,377.6,147.6,394.6
online_match_04/frame_03637.jpg,data\frames_dense2\online_match_04\frame_03637.jpg,0.628,127.4,369.9,146.3,387.6
online_match_04/frame_03640.jpg,data\frames_dense2\online_match_04\frame_03640.jpg,0.62,127.7,369.2,146.5,386.6
online_match_04/frame_03640.jpg,data\frames_dense2\online_match_04\frame_03640.jpg,0.258,124.9,367.1,145.5,385.2
online_match_04/frame_03642.jpg,data\frames_dense2\online_match_04\frame_03642.jpg,0.502,127.3,369.1,146.4,386.6
online_match_04/frame_03645.jpg,data\frames_dense2\online_match_04\frame_03645.jpg,0.522,129.7,370.0,148.6,387.9
online_match_04/frame_03647.jpg,data\frames_dense2\online_match_04\frame_03647.jpg,0.251,120.8,348.3,138.1,364.9
online_match_04/frame_03653.jpg,data\frames_dense2\online_match_04\frame_03653.jpg,0.432,133.5,369.5,151.4,386.7
online_match_04/frame_03655.jpg,data\frames_dense2\online_match_04\frame_03655.jpg,0.731,130.1,371.4,148.7,389.6
online_match_04/frame_03658.jpg,data\frames_dense2\online_match_04\frame_03658.jpg,0.721,116.4,375.3,136.8,395.9
online_match_04/frame_03660.jpg,data\frames_dense2\online_match_04\frame_03660.jpg,0.77,113.0,377.5,134.4,397.5
online_match_04/frame_03663.jpg,data\frames_dense2\online_match_04\frame_03663.jpg,0.794,104.8,384.8,126.4,405.6
online_match_04/frame_03666.jpg,data\frames_dense2\online_match_04\frame_03666.jpg,0.799,104.9,392.1,126.4,413.7
online_match_04/frame_03668.jpg,data\frames_dense2\online_match_04\frame_03668.jpg,0.785,109.3,398.8,131.1,419.7
online_match_04/frame_03671.jpg,data\frames_dense2\online_match_04\frame_03671.jpg,0.808,124.4,403.9,146.8,425.9
online_match_04/frame_03673.jpg,data\frames_dense2\online_match_04\frame_03673.jpg,0.627,133.6,405.3,155.3,427.1
online_match_04/frame_03676.jpg,data\frames_dense2\online_match_04\frame_03676.jpg,0.692,158.2,410.3,180.2,430.5
online_match_04/frame_03678.jpg,data\frames_dense2\online_match_04\frame_03678.jpg,0.604,168.6,412.9,188.9,431.4
online_match_04/frame_03681.jpg,data\frames_dense2\online_match_04\frame_03681.jpg,0.66,189.2,412.7,211.9,433.0
online_match_04/frame_03684.jpg,data\frames_dense2\online_match_04\frame_03684.jpg,0.644,206.0,414.7,228.0,435.2
online_match_04/frame_03686.jpg,data\frames_dense2\online_match_04\frame_03686.jpg,0.691,220.2,418.8,239.6,438.3
online_match_04/frame_03689.jpg,data\frames_dense2\online_match_04\frame_03689.jpg,0.69,237.8,423.2,260.3,445.0
online_match_04/frame_03691.jpg,data\frames_dense2\online_match_04\frame_03691.jpg,0.691,245.7,420.6,269.8,445.9
online_match_04/frame_03694.jpg,data\frames_dense2\online_match_04\frame_03694.jpg,0.69,271.2,413.0,295.6,434.9
online_match_04/frame_03697.jpg,data\frames_dense2\online_match_04\frame_03697.jpg,0.726,286.5,392.0,311.3,414.8
online_match_04/frame_03699.jpg,data\frames_dense2\online_match_04\frame_03699.jpg,0.802,293.4,368.4,317.9,390.1
online_match_04/frame_03699.jpg,data\frames_dense2\online_match_04\frame_03699.jpg,0.534,291.3,370.1,317.6,395.8
online_match_04/frame_03702.jpg,data\frames_dense2\online_match_04\frame_03702.jpg,0.769,305.1,346.3,324.6,364.4
online_match_04/frame_03704.jpg,data\frames_dense2\online_match_04\frame_03704.jpg,0.304,307.9,321.4,328.8,342.4
online_match_04/frame_03710.jpg,data\frames_dense2\online_match_04\frame_03710.jpg,0.282,311.7,285.6,333.5,307.9
online_match_04/frame_03712.jpg,data\frames_dense2\online_match_04\frame_03712.jpg,0.614,312.1,279.3,333.2,298.8
online_match_04/frame_03715.jpg,data\frames_dense2\online_match_04\frame_03715.jpg,0.571,309.9,276.0,329.4,294.9
online_match_04/frame_03715.jpg,data\frames_dense2\online_match_04\frame_03715.jpg,0.302,345.7,326.7,373.0,352.5
online_match_04/frame_03717.jpg,data\frames_dense2\online_match_04\frame_03717.jpg,0.836,304.4,274.1,324.6,293.3
online_match_04/frame_03720.jpg,data\frames_dense2\online_match_04\frame_03720.jpg,0.802,296.9,277.7,316.9,296.7
online_match_04/frame_03723.jpg,data\frames_dense2\online_match_04\frame_03723.jpg,0.791,285.0,291.2,301.4,307.2
online_match_04/frame_03725.jpg,data\frames_dense2\online_match_04\frame_03725.jpg,0.651,273.9,305.1,293.4,323.2
online_match_04/frame_03728.jpg,data\frames_dense2\online_match_04\frame_03728.jpg,0.632,345.8,302.2,369.7,324.3
online_match_04/frame_03730.jpg,data\frames_dense2\online_match_04\frame_03730.jpg,0.425,461.3,300.4,482.7,321.7
online_match_04/frame_03733.jpg,data\frames_dense2\online_match_04\frame_03733.jpg,0.543,570.7,306.0,596.6,330.9
online_match_04/frame_03736.jpg,data\frames_dense2\online_match_04\frame_03736.jpg,0.674,718.2,324.5,736.9,342.5
online_match_04/frame_03738.jpg,data\frames_dense2\online_match_04\frame_03738.jpg,0.416,762.1,333.8,780.6,351.7
online_match_04/frame_03741.jpg,data\frames_dense2\online_match_04\frame_03741.jpg,0.402,882.7,365.5,902.6,384.1
online_match_04/frame_03748.jpg,data\frames_dense2\online_match_04\frame_03748.jpg,0.5,968.3,347.7,989.6,367.4
online_match_04/frame_03761.jpg,data\frames_dense2\online_match_04\frame_03761.jpg,0.474,901.6,165.0,916.5,179.2
online_match_04/frame_03764.jpg,data\frames_dense2\online_match_04\frame_03764.jpg,0.621,895.2,144.9,911.9,160.9
online_match_04/frame_03767.jpg,data\frames_dense2\online_match_04\frame_03767.jpg,0.796,882.5,123.0,902.2,141.4
online_match_04/frame_03769.jpg,data\frames_dense2\online_match_04\frame_03769.jpg,0.868,879.7,116.0,901.8,137.3
online_match_04/frame_03772.jpg,data\frames_dense2\online_match_04\frame_03772.jpg,0.707,872.1,105.2,890.7,122.8
online_match_04/frame_03774.jpg,data\frames_dense2\online_match_04\frame_03774.jpg,0.791,869.2,100.4,889.6,119.8
online_match_04/frame_03777.jpg,data\frames_dense2\online_match_04\frame_03777.jpg,0.808,859.7,99.1,878.5,117.1
online_match_04/frame_03780.jpg,data\frames_dense2\online_match_04\frame_03780.jpg,0.71,851.6,100.6,871.8,119.3
online_match_04/frame_03785.jpg,data\frames_dense2\online_match_04\frame_03785.jpg,0.598,836.0,117.9,855.4,136.7
online_match_04/frame_03787.jpg,data\frames_dense2\online_match_04\frame_03787.jpg,0.433,832.2,125.8,851.0,143.2
online_match_04/frame_03790.jpg,data\frames_dense2\online_match_04\frame_03790.jpg,0.641,824.4,148.3,841.4,164.7
online_match_04/frame_03793.jpg,data\frames_dense2\online_match_04\frame_03793.jpg,0.812,816.1,165.8,832.7,181.5
online_match_04/frame_03795.jpg,data\frames_dense2\online_match_04\frame_03795.jpg,0.58,809.8,183.7,827.8,201.4
online_match_04/frame_03816.jpg,data\frames_dense2\online_match_04\frame_03816.jpg,0.435,769.5,203.4,788.7,221.4
online_match_04/frame_03824.jpg,data\frames_dense2\online_match_04\frame_03824.jpg,0.692,767.5,124.5,782.9,139.7
online_match_04/frame_03826.jpg,data\frames_dense2\online_match_04\frame_03826.jpg,0.7,765.4,107.9,783.9,125.7
online_match_04/frame_03829.jpg,data\frames_dense2\online_match_04\frame_03829.jpg,0.669,765.1,95.5,783.6,112.9
online_match_04/frame_03831.jpg,data\frames_dense2\online_match_04\frame_03831.jpg,0.853,765.1,85.1,785.9,104.3
online_match_04/frame_03834.jpg,data\frames_dense2\online_match_04\frame_03834.jpg,0.829,764.9,80.8,783.7,99.1
online_match_04/frame_03837.jpg,data\frames_dense2\online_match_04\frame_03837.jpg,0.703,762.8,77.0,783.5,96.6
online_match_04/frame_03839.jpg,data\frames_dense2\online_match_04\frame_03839.jpg,0.858,763.1,80.9,783.3,100.0
online_match_04/frame_03842.jpg,data\frames_dense2\online_match_04\frame_03842.jpg,0.835,762.2,88.1,781.9,106.7
online_match_04/frame_03844.jpg,data\frames_dense2\online_match_04\frame_03844.jpg,0.607,762.0,96.1,780.4,113.1
online_match_04/frame_03855.jpg,data\frames_dense2\online_match_04\frame_03855.jpg,0.613,757.3,186.6,774.1,203.5
online_match_04/frame_03855.jpg,data\frames_dense2\online_match_04\frame_03855.jpg,0.495,809.3,376.5,830.4,397.2
online_match_04/frame_03860.jpg,data\frames_dense2\online_match_04\frame_03860.jpg,0.507,752.0,244.0,771.5,262.6
online_match_04/frame_03873.jpg,data\frames_dense2\online_match_04\frame_03873.jpg,0.385,880.0,296.5,905.1,319.0
online_match_04/frame_03878.jpg,data\frames_dense2\online_match_04\frame_03878.jpg,0.583,944.5,304.4,962.9,322.0
online_match_04/frame_03883.jpg,data\frames_dense2\online_match_04\frame_03883.jpg,0.293,968.7,208.7,992.9,232.6
online_match_04/frame_03886.jpg,data\frames_dense2\online_match_04\frame_03886.jpg,0.752,987.9,151.5,1009.6,172.7
online_match_04/frame_03889.jpg,data\frames_dense2\online_match_04\frame_03889.jpg,0.637,1000.3,121.3,1017.4,137.2
online_match_04/frame_03891.jpg,data\frames_dense2\online_match_04\frame_03891.jpg,0.73,1009.7,92.4,1027.9,109.3
online_match_04/frame_03891.jpg,data\frames_dense2\online_match_04\frame_03891.jpg,0.263,1.2,323.0,24.7,341.7
online_match_04/frame_03894.jpg,data\frames_dense2\online_match_04\frame_03894.jpg,0.839,1020.7,67.0,1037.7,83.5
online_match_04/frame_03896.jpg,data\frames_dense2\online_match_04\frame_03896.jpg,0.722,1024.6,46.4,1046.3,65.2
online_match_04/frame_03899.jpg,data\frames_dense2\online_match_04\frame_03899.jpg,0.686,1032.8,22.3,1055.3,44.4
online_match_04/frame_03901.jpg,data\frames_dense2\online_match_04\frame_03901.jpg,0.766,1037.6,17.8,1058.6,37.5
online_match_04/frame_03904.jpg,data\frames_dense2\online_match_04\frame_03904.jpg,0.539,1043.9,7.3,1069.2,30.4
online_match_04/frame_03907.jpg,data\frames_dense2\online_match_04\frame_03907.jpg,0.736,1049.4,3.9,1071.5,25.7
online_match_04/frame_03909.jpg,data\frames_dense2\online_match_04\frame_03909.jpg,0.666,1055.9,9.4,1077.0,29.2
online_match_04/frame_03912.jpg,data\frames_dense2\online_match_04\frame_03912.jpg,0.727,1060.6,16.8,1082.8,37.7
online_match_04/frame_03914.jpg,data\frames_dense2\online_match_04\frame_03914.jpg,0.723,1058.1,26.2,1082.3,47.1
online_match_04/frame_03917.jpg,data\frames_dense2\online_match_04\frame_03917.jpg,0.711,1061.9,51.1,1081.5,70.5
online_match_04/frame_03920.jpg,data\frames_dense2\online_match_04\frame_03920.jpg,0.661,1056.6,68.1,1078.6,88.2
online_match_04/frame_03922.jpg,data\frames_dense2\online_match_04\frame_03922.jpg,0.598,1059.3,93.2,1078.0,110.6
online_match_04/frame_03925.jpg,data\frames_dense2\online_match_04\frame_03925.jpg,0.684,1057.2,121.7,1073.7,136.7
online_match_04/frame_03927.jpg,data\frames_dense2\online_match_04\frame_03927.jpg,0.675,1053.3,146.9,1075.0,168.2
online_match_04/frame_03930.jpg,data\frames_dense2\online_match_04\frame_03930.jpg,0.723,1054.7,179.3,1074.9,198.4
online_match_04/frame_03935.jpg,data\frames_dense2\online_match_04\frame_03935.jpg,0.443,1053.8,266.5,1074.4,286.4
online_match_04/frame_03938.jpg,data\frames_dense2\online_match_04\frame_03938.jpg,0.788,1058.2,305.1,1078.0,324.4
online_match_04/frame_03948.jpg,data\frames_dense2\online_match_04\frame_03948.jpg,0.494,1021.3,188.2,1042.5,208.8
online_match_04/frame_03951.jpg,data\frames_dense2\online_match_04\frame_03951.jpg,0.544,1005.0,125.5,1021.1,141.2
online_match_04/frame_03953.jpg,data\frames_dense2\online_match_04\frame_03953.jpg,0.628,987.8,81.4,1007.1,99.9
online_match_04/frame_03956.jpg,data\frames_dense2\online_match_04\frame_03956.jpg,0.626,975.2,47.6,992.8,65.4
online_match_04/frame_03987.jpg,data\frames_dense2\online_match_04\frame_03987.jpg,0.369,4.9,350.1,34.6,376.1
online_match_04/frame_04000.jpg,data\frames_dense2\online_match_04\frame_04000.jpg,0.561,668.1,31.1,688.4,51.5
online_match_04/frame_04003.jpg,data\frames_dense2\online_match_04\frame_04003.jpg,0.503,647.7,74.6,668.5,93.0
online_match_04/frame_04005.jpg,data\frames_dense2\online_match_04\frame_04005.jpg,0.283,622.7,124.1,643.9,143.7
online_match_04/frame_04008.jpg,data\frames_dense2\online_match_04\frame_04008.jpg,0.652,608.4,175.0,631.8,196.0
online_match_04/frame_04010.jpg,data\frames_dense2\online_match_04\frame_04010.jpg,0.758,590.7,226.5,614.4,249.3
online_match_04/frame_04013.jpg,data\frames_dense2\online_match_04\frame_04013.jpg,0.543,560.0,315.0,587.9,341.9
online_match_04/frame_04021.jpg,data\frames_dense2\online_match_04\frame_04021.jpg,0.301,548.8,302.0,572.5,325.6
online_match_04/frame_04023.jpg,data\frames_dense2\online_match_04\frame_04023.jpg,0.813,556.4,273.3,577.5,293.6
online_match_04/frame_04026.jpg,data\frames_dense2\online_match_04\frame_04026.jpg,0.678,558.3,249.0,582.5,271.0
online_match_04/frame_04029.jpg,data\frames_dense2\online_match_04\frame_04029.jpg,0.6,564.7,216.4,587.9,237.7
online_match_04/frame_04031.jpg,data\frames_dense2\online_match_04\frame_04031.jpg,0.663,574.8,204.3,594.8,223.0
online_match_04/frame_04034.jpg,data\frames_dense2\online_match_04\frame_04034.jpg,0.781,576.5,192.5,598.9,213.3
online_match_04/frame_04036.jpg,data\frames_dense2\online_match_04\frame_04036.jpg,0.488,577.9,185.7,604.5,208.6
online_match_04/frame_04039.jpg,data\frames_dense2\online_match_04\frame_04039.jpg,0.658,586.6,186.9,606.8,206.1
online_match_04/frame_04042.jpg,data\frames_dense2\online_match_04\frame_04042.jpg,0.877,587.0,194.0,606.5,212.8
online_match_04/frame_04044.jpg,data\frames_dense2\online_match_04\frame_04044.jpg,0.769,586.5,198.4,606.5,218.1
online_match_04/frame_04047.jpg,data\frames_dense2\online_match_04\frame_04047.jpg,0.257,590.0,220.7,611.4,240.8
online_match_04/frame_04049.jpg,data\frames_dense2\online_match_04\frame_04049.jpg,0.595,588.6,240.3,608.8,260.6
online_match_04/frame_04052.jpg,data\frames_dense2\online_match_04\frame_04052.jpg,0.59,582.4,259.7,607.9,285.8
online_match_04/frame_04054.jpg,data\frames_dense2\online_match_04\frame_04054.jpg,0.71,588.7,288.8,608.4,308.7
online_match_04/frame_04057.jpg,data\frames_dense2\online_match_04\frame_04057.jpg,0.618,579.9,321.3,603.1,343.8
online_match_04/frame_04062.jpg,data\frames_dense2\online_match_04\frame_04062.jpg,0.763,567.9,323.5,591.6,347.9
online_match_04/frame_04065.jpg,data\frames_dense2\online_match_04\frame_04065.jpg,0.721,556.5,281.5,580.2,303.2
online_match_04/frame_04067.jpg,data\frames_dense2\online_match_04\frame_04067.jpg,0.7,541.5,257.3,570.4,283.2
online_match_04/frame_04070.jpg,data\frames_dense2\online_match_04\frame_04070.jpg,0.672,534.5,240.8,558.1,263.5
online_match_04/frame_04073.jpg,data\frames_dense2\online_match_04\frame_04073.jpg,0.534,520.9,220.7,542.3,240.5
online_match_04/frame_04075.jpg,data\frames_dense2\online_match_04\frame_04075.jpg,0.713,516.2,216.0,537.6,236.4
online_match_04/frame_04078.jpg,data\frames_dense2\online_match_04\frame_04078.jpg,0.78,504.4,210.1,527.2,231.9
online_match_04/frame_04080.jpg,data\frames_dense2\online_match_04\frame_04080.jpg,0.632,501.5,211.3,525.0,232.7
online_match_04/frame_04083.jpg,data\frames_dense2\online_match_04\frame_04083.jpg,0.573,490.2,217.5,511.8,238.0
online_match_04/frame_04086.jpg,data\frames_dense2\online_match_04\frame_04086.jpg,0.728,479.0,228.7,503.0,251.5
online_match_04/frame_04088.jpg,data\frames_dense2\online_match_04\frame_04088.jpg,0.631,469.5,243.7,493.8,267.7
online_match_04/frame_04091.jpg,data\frames_dense2\online_match_04\frame_04091.jpg,0.761,454.3,271.2,478.9,296.0
online_match_04/frame_04093.jpg,data\frames_dense2\online_match_04\frame_04093.jpg,0.513,449.3,286.0,474.1,307.6
online_match_04/frame_04099.jpg,data\frames_dense2\online_match_04\frame_04099.jpg,0.374,596.7,363.8,617.8,382.9
online_match_04/frame_04101.jpg,data\frames_dense2\online_match_04\frame_04101.jpg,0.722,564.1,370.5,583.5,389.7
online_match_04/frame_04106.jpg,data\frames_dense2\online_match_04\frame_04106.jpg,0.476,506.8,399.6,527.2,418.2
online_match_04/frame_04119.jpg,data\frames_dense2\online_match_04\frame_04119.jpg,0.428,417.7,399.3,438.5,417.9
online_match_04/frame_04122.jpg,data\frames_dense2\online_match_04\frame_04122.jpg,0.498,408.3,379.7,428.1,398.1
online_match_04/frame_04125.jpg,data\frames_dense2\online_match_04\frame_04125.jpg,0.541,393.6,356.6,414.8,377.7
online_match_04/frame_04127.jpg,data\frames_dense2\online_match_04\frame_04127.jpg,0.279,384.3,350.6,405.5,369.5
online_match_04/frame_04137.jpg,data\frames_dense2\online_match_04\frame_04137.jpg,0.689,348.8,356.5,368.3,375.7
online_match_04/frame_04140.jpg,data\frames_dense2\online_match_04\frame_04140.jpg,0.548,341.3,367.4,360.2,385.8
online_match_04/frame_04143.jpg,data\frames_dense2\online_match_04\frame_04143.jpg,0.382,331.8,388.2,350.7,406.7
online_match_04/frame_04150.jpg,data\frames_dense2\online_match_04\frame_04150.jpg,0.25,311.8,351.7,329.7,369.0
online_match_04/frame_04197.jpg,data\frames_dense2\online_match_04\frame_04197.jpg,0.627,306.6,361.0,327.2,380.6
online_match_04/frame_04210.jpg,data\frames_dense2\online_match_04\frame_04210.jpg,0.561,269.3,354.8,286.9,372.7
online_match_04/frame_04213.jpg,data\frames_dense2\online_match_04\frame_04213.jpg,0.539,263.0,363.8,281.1,381.8
online_match_04/frame_04215.jpg,data\frames_dense2\online_match_04\frame_04215.jpg,0.575,255.5,361.8,275.5,380.9
online_match_04/frame_04218.jpg,data\frames_dense2\online_match_04\frame_04218.jpg,0.742,250.6,354.6,269.3,373.0
online_match_04/frame_04223.jpg,data\frames_dense2\online_match_04\frame_04223.jpg,0.524,236.1,352.6,252.6,369.5
online_match_04/frame_04226.jpg,data\frames_dense2\online_match_04\frame_04226.jpg,0.48,230.1,354.3,248.0,373.7
online_match_04/frame_04231.jpg,data\frames_dense2\online_match_04\frame_04231.jpg,0.538,217.1,360.4,235.7,379.3
online_match_04/frame_04262.jpg,data\frames_dense2\online_match_04\frame_04262.jpg,0.299,908.7,411.0,930.5,432.8
online_match_04/frame_04267.jpg,data\frames_dense2\online_match_04\frame_04267.jpg,0.393,3.0,381.0,26.9,401.7
online_match_04/frame_04270.jpg,data\frames_dense2\online_match_04\frame_04270.jpg,0.347,0.0,386.7,13.3,402.0
online_match_04/frame_04272.jpg,data\frames_dense2\online_match_04\frame_04272.jpg,0.33,0.0,386.5,12.8,401.9
online_match_04/frame_04568.jpg,data\frames_dense2\online_match_04\frame_04568.jpg,0.428,1144.8,388.0,1165.0,407.5
online_match_04/frame_04609.jpg,data\frames_dense2\online_match_04\frame_04609.jpg,0.431,1024.0,399.6,1042.3,417.8
online_match_04/frame_04612.jpg,data\frames_dense2\online_match_04\frame_04612.jpg,0.769,1017.4,383.7,1038.3,404.4
online_match_04/frame_04615.jpg,data\frames_dense2\online_match_04\frame_04615.jpg,0.545,1021.5,382.0,1041.2,401.4
online_match_04/frame_04651.jpg,data\frames_dense2\online_match_04\frame_04651.jpg,0.47,1096.4,383.2,1115.7,401.3
online_match_04/frame_04656.jpg,data\frames_dense2\online_match_04\frame_04656.jpg,0.291,1103.9,380.5,1126.0,400.9
online_match_04/frame_04659.jpg,data\frames_dense2\online_match_04\frame_04659.jpg,0.486,1117.2,378.8,1138.9,398.9
online_match_04/frame_04661.jpg,data\frames_dense2\online_match_04\frame_04661.jpg,0.453,1124.0,379.4,1145.0,399.5
online_match_04/frame_04664.jpg,data\frames_dense2\online_match_04\frame_04664.jpg,0.516,1131.8,378.4,1153.3,398.1
online_match_04/frame_04667.jpg,data\frames_dense2\online_match_04\frame_04667.jpg,0.276,1143.6,380.1,1162.3,399.3
online_match_04/frame_04669.jpg,data\frames_dense2\online_match_04\frame_04669.jpg,0.376,1145.1,378.0,1166.3,397.9
online_match_04/frame_04672.jpg,data\frames_dense2\online_match_04\frame_04672.jpg,0.559,1158.8,383.2,1178.5,402.1
online_match_04/frame_04674.jpg,data\frames_dense2\online_match_04\frame_04674.jpg,0.78,1162.9,386.1,1182.6,405.2
online_match_04/frame_04677.jpg,data\frames_dense2\online_match_04\frame_04677.jpg,0.628,1169.9,411.6,1190.7,431.2
online_match_04/frame_04679.jpg,data\frames_dense2\online_match_04\frame_04679.jpg,0.754,1175.8,431.3,1198.1,452.5
online_match_04/frame_04682.jpg,data\frames_dense2\online_match_04\frame_04682.jpg,0.862,1178.8,418.2,1198.6,437.5
online_match_04/frame_04685.jpg,data\frames_dense2\online_match_04\frame_04685.jpg,0.784,1183.5,401.2,1201.2,419.6
online_match_04/frame_04687.jpg,data\frames_dense2\online_match_04\frame_04687.jpg,0.547,1183.3,395.8,1203.3,415.0
online_match_04/frame_04690.jpg,data\frames_dense2\online_match_04\frame_04690.jpg,0.794,1187.1,386.2,1205.2,403.6
online_match_04/frame_04692.jpg,data\frames_dense2\online_match_04\frame_04692.jpg,0.684,1189.4,386.1,1206.3,402.7
online_match_04/frame_04695.jpg,data\frames_dense2\online_match_04\frame_04695.jpg,0.817,1198.5,401.5,1215.2,418.9
online_match_04/frame_04698.jpg,data\frames_dense2\online_match_04\frame_04698.jpg,0.861,1200.5,418.4,1223.1,440.5
online_match_04/frame_04700.jpg,data\frames_dense2\online_match_04\frame_04700.jpg,0.523,1204.7,426.8,1226.2,447.9
online_match_04/frame_04703.jpg,data\frames_dense2\online_match_04\frame_04703.jpg,0.787,1209.7,403.6,1230.0,423.1
online_match_04/frame_04705.jpg,data\frames_dense2\online_match_04\frame_04705.jpg,0.767,1212.5,400.1,1231.5,419.1
online_match_04/frame_04708.jpg,data\frames_dense2\online_match_04\frame_04708.jpg,0.715,1216.0,385.0,1234.5,402.9
online_match_04/frame_04711.jpg,data\frames_dense2\online_match_04\frame_04711.jpg,0.461,1217.5,384.1,1236.5,401.5
online_match_04/frame_04713.jpg,data\frames_dense2\online_match_04\frame_04713.jpg,0.567,1221.2,392.9,1239.9,411.4
online_match_04/frame_04716.jpg,data\frames_dense2\online_match_04\frame_04716.jpg,0.591,1221.1,410.2,1241.6,429.8
online_match_04/frame_04718.jpg,data\frames_dense2\online_match_04\frame_04718.jpg,0.522,1220.4,429.7,1243.0,450.3
online_match_04/frame_04721.jpg,data\frames_dense2\online_match_04\frame_04721.jpg,0.665,1225.0,404.4,1243.2,423.0
online_match_04/frame_04726.jpg,data\frames_dense2\online_match_04\frame_04726.jpg,0.324,1197.8,418.9,1225.8,445.2
online_match_04/frame_04750.jpg,data\frames_dense2\online_match_04\frame_04750.jpg,0.26,1186.1,387.9,1201.2,402.3
online_match_04/frame_04757.jpg,data\frames_dense2\online_match_04\frame_04757.jpg,0.408,1184.7,383.8,1201.8,401.2
online_match_04/frame_04760.jpg,data\frames_dense2\online_match_04\frame_04760.jpg,0.42,1185.7,422.5,1203.2,439.4
online_match_04/frame_04760.jpg,data\frames_dense2\online_match_04\frame_04760.jpg,0.374,1182.8,369.2,1200.2,387.4
online_match_04/frame_04762.jpg,data\frames_dense2\online_match_04\frame_04762.jpg,0.478,1180.0,361.8,1199.5,381.0
online_match_04/frame_04762.jpg,data\frames_dense2\online_match_04\frame_04762.jpg,0.317,1185.9,421.9,1203.7,439.5
online_match_04/frame_04765.jpg,data\frames_dense2\online_match_04\frame_04765.jpg,0.307,1184.4,421.3,1202.9,439.2
online_match_04/frame_04783.jpg,data\frames_dense2\online_match_04\frame_04783.jpg,0.273,1154.3,393.6,1173.9,412.8
online_match_04/frame_04786.jpg,data\frames_dense2\online_match_04\frame_04786.jpg,0.824,1147.9,418.6,1168.9,439.2
online_match_04/frame_04788.jpg,data\frames_dense2\online_match_04\frame_04788.jpg,0.705,1147.3,423.5,1170.0,445.9
online_match_04/frame_04791.jpg,data\frames_dense2\online_match_04\frame_04791.jpg,0.75,1161.6,403.1,1180.9,421.6
online_match_04/frame_04794.jpg,data\frames_dense2\online_match_04\frame_04794.jpg,0.446,1168.2,395.1,1185.6,412.1
online_match_04/frame_04796.jpg,data\frames_dense2\online_match_04\frame_04796.jpg,0.636,1178.8,388.8,1195.0,405.9
online_match_04/frame_04799.jpg,data\frames_dense2\online_match_04\frame_04799.jpg,0.538,1183.6,384.4,1200.4,401.3
online_match_04/frame_04801.jpg,data\frames_dense2\online_match_04\frame_04801.jpg,0.617,1183.8,385.1,1200.4,401.8
online_match_04/frame_04804.jpg,data\frames_dense2\online_match_04\frame_04804.jpg,0.698,1187.6,386.5,1204.6,403.6
online_match_04/frame_04807.jpg,data\frames_dense2\online_match_04\frame_04807.jpg,0.6,1188.8,384.6,1205.9,401.4
online_match_04/frame_04809.jpg,data\frames_dense2\online_match_04\frame_04809.jpg,0.287,1186.7,381.9,1204.0,399.4
online_match_04/frame_04812.jpg,data\frames_dense2\online_match_04\frame_04812.jpg,0.31,1184.5,373.6,1201.8,391.4
online_match_04/frame_04814.jpg,data\frames_dense2\online_match_04\frame_04814.jpg,0.47,1180.6,365.0,1199.4,384.1
online_match_04/frame_04832.jpg,data\frames_dense2\online_match_04\frame_04832.jpg,0.482,1150.8,394.4,1169.7,413.5
online_match_04/frame_04835.jpg,data\frames_dense2\online_match_04\frame_04835.jpg,0.851,1143.5,416.9,1165.8,437.7
online_match_04/frame_04838.jpg,data\frames_dense2\online_match_04\frame_04838.jpg,0.78,1143.5,421.8,1165.8,444.1
online_match_04/frame_04840.jpg,data\frames_dense2\online_match_04\frame_04840.jpg,0.625,1149.2,408.5,1172.4,430.5
online_match_04/frame_04843.jpg,data\frames_dense2\online_match_04\frame_04843.jpg,0.525,1156.3,397.0,1178.5,417.6
online_match_04/frame_04843.jpg,data\frames_dense2\online_match_04\frame_04843.jpg,0.298,476.1,380.7,491.2,396.1
online_match_04/frame_04845.jpg,data\frames_dense2\online_match_04\frame_04845.jpg,0.762,1164.0,388.4,1184.9,409.4
online_match_04/frame_04848.jpg,data\frames_dense2\online_match_04\frame_04848.jpg,0.786,1168.6,386.1,1189.1,405.5
online_match_04/frame_04851.jpg,data\frames_dense2\online_match_04\frame_04851.jpg,0.503,1180.2,381.3,1199.4,400.4
online_match_04/frame_04853.jpg,data\frames_dense2\online_match_04\frame_04853.jpg,0.519,1181.7,383.3,1200.4,401.4
online_match_04/frame_04856.jpg,data\frames_dense2\online_match_04\frame_04856.jpg,0.619,1182.8,384.0,1201.6,402.0
online_match_04/frame_04858.jpg,data\frames_dense2\online_match_04\frame_04858.jpg,0.726,1183.7,385.6,1201.6,403.2
online_match_04/frame_04861.jpg,data\frames_dense2\online_match_04\frame_04861.jpg,0.768,1185.1,386.7,1203.8,405.1
online_match_04/frame_04864.jpg,data\frames_dense2\online_match_04\frame_04864.jpg,0.68,1185.2,387.8,1204.0,406.1
online_match_04/frame_04866.jpg,data\frames_dense2\online_match_04\frame_04866.jpg,0.658,1184.6,388.8,1203.5,406.9
online_match_04/frame_04869.jpg,data\frames_dense2\online_match_04\frame_04869.jpg,0.694,1183.4,390.2,1202.5,408.5
online_match_04/frame_04871.jpg,data\frames_dense2\online_match_04\frame_04871.jpg,0.717,1181.8,392.9,1200.1,411.1
online_match_04/frame_04874.jpg,data\frames_dense2\online_match_04\frame_04874.jpg,0.734,1180.4,393.9,1199.0,412.3
online_match_04/frame_04877.jpg,data\frames_dense2\online_match_04\frame_04877.jpg,0.597,1178.2,395.3,1198.1,413.7
online_match_04/frame_04879.jpg,data\frames_dense2\online_match_04\frame_04879.jpg,0.527,1176.9,397.2,1196.2,415.9
online_match_04/frame_04882.jpg,data\frames_dense2\online_match_04\frame_04882.jpg,0.34,1177.3,400.2,1195.4,417.6
online_match_04/frame_04887.jpg,data\frames_dense2\online_match_04\frame_04887.jpg,0.323,1176.2,402.4,1193.8,419.2
online_match_04/frame_04890.jpg,data\frames_dense2\online_match_04\frame_04890.jpg,0.667,1172.2,400.7,1190.1,417.5
online_match_04/frame_04892.jpg,data\frames_dense2\online_match_04\frame_04892.jpg,0.51,1160.5,397.3,1178.9,415.3
online_match_04/frame_04895.jpg,data\frames_dense2\online_match_04\frame_04895.jpg,0.514,1137.6,383.0,1157.9,401.2
online_match_04/frame_04897.jpg,data\frames_dense2\online_match_04\frame_04897.jpg,0.497,1130.3,369.2,1149.8,387.3
online_match_04/frame_04913.jpg,data\frames_dense2\online_match_04\frame_04913.jpg,0.668,1092.8,171.4,1108.7,186.7
online_match_04/frame_04915.jpg,data\frames_dense2\online_match_04\frame_04915.jpg,0.593,1090.0,160.2,1107.3,176.5
online_match_04/frame_04915.jpg,data\frames_dense2\online_match_04\frame_04915.jpg,0.262,1143.5,348.8,1161.5,367.2
online_match_04/frame_04918.jpg,data\frames_dense2\online_match_04\frame_04918.jpg,0.678,1078.2,137.6,1096.8,155.9
online_match_04/frame_04921.jpg,data\frames_dense2\online_match_04\frame_04921.jpg,0.687,1071.2,130.3,1088.2,146.3
online_match_04/frame_04923.jpg,data\frames_dense2\online_match_04\frame_04923.jpg,0.615,1067.8,124.8,1083.8,139.7
online_match_04/frame_04926.jpg,data\frames_dense2\online_match_04\frame_04926.jpg,0.829,1061.0,120.3,1076.9,135.0
online_match_04/frame_04928.jpg,data\frames_dense2\online_match_04\frame_04928.jpg,0.809,1053.8,117.3,1070.7,133.6
online_match_04/frame_04931.jpg,data\frames_dense2\online_match_04\frame_04931.jpg,0.794,1043.5,123.3,1060.0,138.7
online_match_04/frame_04934.jpg,data\frames_dense2\online_match_04\frame_04934.jpg,0.713,1035.4,130.0,1054.1,147.0
online_match_04/frame_04936.jpg,data\frames_dense2\online_match_04\frame_04936.jpg,0.734,1026.9,140.5,1045.6,158.2
online_match_04/frame_04939.jpg,data\frames_dense2\online_match_04\frame_04939.jpg,0.684,1023.0,156.7,1039.5,172.6
online_match_04/frame_04941.jpg,data\frames_dense2\online_match_04\frame_04941.jpg,0.563,1021.0,171.7,1035.7,185.8
online_match_04/frame_04947.jpg,data\frames_dense2\online_match_04\frame_04947.jpg,0.638,1006.5,220.0,1025.8,238.1
online_match_04/frame_04952.jpg,data\frames_dense2\online_match_04\frame_04952.jpg,0.765,1004.3,276.0,1022.4,293.5
online_match_04/frame_04965.jpg,data\frames_dense2\online_match_04\frame_04965.jpg,0.47,471.2,330.3,494.3,350.8
online_match_04/frame_04967.jpg,data\frames_dense2\online_match_04\frame_04967.jpg,0.534,362.4,362.7,386.9,385.6
online_match_04/frame_05149.jpg,data\frames_dense2\online_match_04\frame_05149.jpg,0.319,1076.7,350.9,1097.1,369.4
online_match_04/frame_05159.jpg,data\frames_dense2\online_match_04\frame_05159.jpg,0.493,1153.5,354.3,1173.1,373.5
online_match_04/frame_05162.jpg,data\frames_dense2\online_match_04\frame_05162.jpg,0.291,1196.9,366.5,1214.8,384.9
online_match_04/frame_05164.jpg,data\frames_dense2\online_match_04\frame_05164.jpg,0.304,1184.7,361.3,1210.0,384.1
online_match_04/frame_05170.jpg,data\frames_dense2\online_match_04\frame_05170.jpg,0.369,1234.8,359.2,1257.6,380.1
online_match_04/frame_05198.jpg,data\frames_dense2\online_match_04\frame_05198.jpg,0.293,1105.8,362.6,1124.5,380.7
online_match_04/frame_05203.jpg,data\frames_dense2\online_match_04\frame_05203.jpg,0.38,1084.0,364.2,1103.6,383.2
online_match_04/frame_05224.jpg,data\frames_dense2\online_match_04\frame_05224.jpg,0.505,23.2,363.9,47.6,387.8
online_match_04/frame_05227.jpg,data\frames_dense2\online_match_04\frame_05227.jpg,0.257,58.7,370.6,81.9,393.8
online_match_04/frame_05229.jpg,data\frames_dense2\online_match_04\frame_05229.jpg,0.755,92.7,385.6,115.7,407.9
online_match_04/frame_05232.jpg,data\frames_dense2\online_match_04\frame_05232.jpg,0.77,121.5,403.2,146.5,427.9
online_match_04/frame_05234.jpg,data\frames_dense2\online_match_04\frame_05234.jpg,0.766,131.0,390.4,154.0,412.4
online_match_04/frame_05234.jpg,data\frames_dense2\online_match_04\frame_05234.jpg,0.633,1006.6,371.9,1025.6,390.5
online_match_04/frame_05237.jpg,data\frames_dense2\online_match_04\frame_05237.jpg,0.701,145.8,371.6,170.6,394.8
online_match_04/frame_05237.jpg,data\frames_dense2\online_match_04\frame_05237.jpg,0.583,1013.7,375.5,1031.9,393.5
online_match_04/frame_05240.jpg,data\frames_dense2\online_match_04\frame_05240.jpg,0.665,156.2,367.0,177.8,388.8
online_match_04/frame_05242.jpg,data\frames_dense2\online_match_04\frame_05242.jpg,0.57,159.0,363.5,182.5,385.0
online_match_04/frame_05245.jpg,data\frames_dense2\online_match_04\frame_05245.jpg,0.519,165.3,363.7,189.7,384.8
online_match_04/frame_05245.jpg,data\frames_dense2\online_match_04\frame_05245.jpg,0.413,1034.1,375.5,1051.6,393.0
online_match_04/frame_05247.jpg,data\frames_dense2\online_match_04\frame_05247.jpg,0.684,169.6,368.1,190.5,387.7
online_match_04/frame_05250.jpg,data\frames_dense2\online_match_04\frame_05250.jpg,0.475,171.1,370.8,193.0,392.0
online_match_04/frame_05253.jpg,data\frames_dense2\online_match_04\frame_05253.jpg,0.745,169.7,370.9,191.7,392.4
online_match_04/frame_05255.jpg,data\frames_dense2\online_match_04\frame_05255.jpg,0.71,171.4,361.2,191.3,380.6
online_match_04/frame_05258.jpg,data\frames_dense2\online_match_04\frame_05258.jpg,0.746,171.3,354.0,192.7,374.8
online_match_04/frame_05258.jpg,data\frames_dense2\online_match_04\frame_05258.jpg,0.36,1264.1,268.2,1279.1,287.2
online_match_04/frame_05260.jpg,data\frames_dense2\online_match_04\frame_05260.jpg,0.647,174.9,353.0,196.1,373.6
online_match_04/frame_05263.jpg,data\frames_dense2\online_match_04\frame_05263.jpg,0.776,176.1,355.1,197.8,375.9
online_match_04/frame_05266.jpg,data\frames_dense2\online_match_04\frame_05266.jpg,0.499,179.6,360.1,201.4,381.1
online_match_04/frame_05268.jpg,data\frames_dense2\online_match_04\frame_05268.jpg,0.282,181.1,355.8,201.9,377.3
online_match_04/frame_05276.jpg,data\frames_dense2\online_match_04\frame_05276.jpg,0.51,185.0,346.1,205.8,365.3
