frame_id,image_path,confidence,x1,y1,x2,y2
online_match_01/frame_0000.jpg,data\frames_dense\online_match_01\frame_0000.jpg,0.254,264.0,268.1,273.8,280.7
online_match_01/frame_0001.jpg,data\frames_dense\online_match_01\frame_0001.jpg,0.648,788.9,213.0,802.0,228.0
online_match_01/frame_0002.jpg,data\frames_dense\online_match_01\frame_0002.jpg,0.281,806.7,211.7,823.5,226.5
online_match_01/frame_0003.jpg,data\frames_dense\online_match_01\frame_0003.jpg,0.552,818.0,208.6,831.3,227.0
online_match_01/frame_0003.jpg,data\frames_dense\online_match_01\frame_0003.jpg,0.313,817.1,206.7,829.2,224.5
online_match_01/frame_0004.jpg,data\frames_dense\online_match_01\frame_0004.jpg,0.45,820.3,208.5,833.0,226.1
online_match_01/frame_0005.jpg,data\frames_dense\online_match_01\frame_0005.jpg,0.526,824.0,206.2,835.2,222.2
online_match_01/frame_0006.jpg,data\frames_dense\online_match_01\frame_0006.jpg,0.608,339.7,229.1,350.4,243.9
online_match_01/frame_0006.jpg,data\frames_dense\online_match_01\frame_0006.jpg,0.56,833.4,206.7,845.2,223.3
online_match_01/frame_0006.jpg,data\frames_dense\online_match_01\frame_0006.jpg,0.486,293.5,263.6,303.0,275.8
online_match_01/frame_0007.jpg,data\frames_dense\online_match_01\frame_0007.jpg,0.688,835.5,206.8,847.8,224.3
online_match_01/frame_0008.jpg,data\frames_dense\online_match_01\frame_0008.jpg,0.637,291.6,263.7,301.6,277.0
online_match_01/frame_0008.jpg,data\frames_dense\online_match_01\frame_0008.jpg,0.529,829.6,206.9,840.4,222.0
online_match_01/frame_0009.jpg,data\frames_dense\online_match_01\frame_0009.jpg,0.675,274.7,263.2,285.3,276.1
online_match_01/frame_0009.jpg,data\frames_dense\online_match_01\frame_0009.jpg,0.251,815.3,207.3,828.3,222.7
online_match_01/frame_0010.jpg,data\frames_dense\online_match_01\frame_0010.jpg,0.526,776.0,206.1,788.1,221.3
online_match_01/frame_0010.jpg,data\frames_dense\online_match_01\frame_0010.jpg,0.383,779.1,206.2,792.1,221.6
online_match_01/frame_0011.jpg,data\frames_dense\online_match_01\frame_0011.jpg,0.433,730.8,205.6,744.1,220.4
online_match_01/frame_0011.jpg,data\frames_dense\online_match_01\frame_0011.jpg,0.313,728.0,204.9,741.8,219.3
online_match_01/frame_0011.jpg,data\frames_dense\online_match_01\frame_0011.jpg,0.301,227.7,225.6,239.9,241.4
online_match_01/frame_0012.jpg,data\frames_dense\online_match_01\frame_0012.jpg,0.766,664.9,181.2,685.0,197.7
online_match_01/frame_0012.jpg,data\frames_dense\online_match_01\frame_0012.jpg,0.349,156.9,206.4,168.4,218.8
online_match_01/frame_0012.jpg,data\frames_dense\online_match_01\frame_0012.jpg,0.325,104.0,238.5,114.3,252.1
online_match_01/frame_0013.jpg,data\frames_dense\online_match_01\frame_0013.jpg,0.285,80.9,201.7,92.6,212.9
online_match_01/frame_0015.jpg,data\frames_dense\online_match_01\frame_0015.jpg,0.443,583.9,173.6,595.0,189.8
online_match_01/frame_0017.jpg,data\frames_dense\online_match_01\frame_0017.jpg,0.729,643.8,177.6,656.2,194.7
online_match_01/frame_0018.jpg,data\frames_dense\online_match_01\frame_0018.jpg,0.489,682.6,185.0,696.5,201.8
online_match_01/frame_0018.jpg,data\frames_dense\online_match_01\frame_0018.jpg,0.286,135.9,239.4,145.1,254.0
online_match_01/frame_0018.jpg,data\frames_dense\online_match_01\frame_0018.jpg,0.268,680.0,184.3,695.5,199.1
online_match_01/frame_0019.jpg,data\frames_dense\online_match_01\frame_0019.jpg,0.285,716.0,192.7,728.1,208.7
online_match_01/frame_0020.jpg,data\frames_dense\online_match_01\frame_0020.jpg,0.547,743.8,196.9,756.1,210.8
online_match_01/frame_0020.jpg,data\frames_dense\online_match_01\frame_0020.jpg,0.377,276.6,220.1,287.0,233.1
online_match_01/frame_0021.jpg,data\frames_dense\online_match_01\frame_0021.jpg,0.775,755.3,200.7,766.3,217.5
online_match_01/frame_0021.jpg,data\frames_dense\online_match_01\frame_0021.jpg,0.673,248.0,251.8,258.1,265.6
online_match_01/frame_0022.jpg,data\frames_dense\online_match_01\frame_0022.jpg,0.763,757.3,201.2,768.3,217.0
online_match_01/frame_0022.jpg,data\frames_dense\online_match_01\frame_0022.jpg,0.55,254.9,253.1,264.5,265.3
online_match_01/frame_0023.jpg,data\frames_dense\online_match_01\frame_0023.jpg,0.638,260.7,252.7,268.9,265.0
online_match_01/frame_0024.jpg,data\frames_dense\online_match_01\frame_0024.jpg,0.271,756.6,197.0,768.5,210.8
online_match_01/frame_0025.jpg,data\frames_dense\online_match_01\frame_0025.jpg,0.476,755.8,194.1,766.7,209.8
online_match_01/frame_0025.jpg,data\frames_dense\online_match_01\frame_0025.jpg,0.341,263.9,243.9,273.5,256.8
online_match_01/frame_0026.jpg,data\frames_dense\online_match_01\frame_0026.jpg,0.74,753.5,189.6,765.1,205.9
online_match_01/frame_0026.jpg,data\frames_dense\online_match_01\frame_0026.jpg,0.257,269.7,242.6,280.1,256.9
online_match_01/frame_0027.jpg,data\frames_dense\online_match_01\frame_0027.jpg,0.773,752.7,188.4,764.7,205.8
online_match_01/frame_0027.jpg,data\frames_dense\online_match_01\frame_0027.jpg,0.501,273.9,239.6,281.2,254.0
online_match_01/frame_0027.jpg,data\frames_dense\online_match_01\frame_0027.jpg,0.276,274.9,240.3,282.4,256.7
online_match_01/frame_0028.jpg,data\frames_dense\online_match_01\frame_0028.jpg,0.761,751.4,189.0,762.9,205.9
online_match_01/frame_0028.jpg,data\frames_dense\online_match_01\frame_0028.jpg,0.304,278.2,239.7,286.7,254.7
online_match_01/frame_0029.jpg,data\frames_dense\online_match_01\frame_0029.jpg,0.743,750.7,190.5,760.6,206.0
online_match_01/frame_0030.jpg,data\frames_dense\online_match_01\frame_0030.jpg,0.667,750.1,190.2,760.4,205.3
online_match_01/frame_0031.jpg,data\frames_dense\online_match_01\frame_0031.jpg,0.758,749.4,188.7,760.2,204.1
online_match_01/frame_0032.jpg,data\frames_dense\online_match_01\frame_0032.jpg,0.674,749.0,188.7,760.0,202.8
online_match_01/frame_0033.jpg,data\frames_dense\online_match_01\frame_0033.jpg,0.539,748.7,188.9,760.0,203.0
online_match_01/frame_0033.jpg,data\frames_dense\online_match_01\frame_0033.jpg,0.25,286.2,236.3,296.2,248.6
online_match_01/frame_0034.jpg,data\frames_dense\online_match_01\frame_0034.jpg,0.352,748.5,189.4,760.0,203.1
online_match_01/frame_0035.jpg,data\frames_dense\online_match_01\frame_0035.jpg,0.481,748.8,189.4,760.0,203.2
online_match_01/frame_0036.jpg,data\frames_dense\online_match_01\frame_0036.jpg,0.566,748.8,189.3,760.0,203.1
online_match_01/frame_0037.jpg,data\frames_dense\online_match_01\frame_0037.jpg,0.558,748.7,189.6,760.0,203.4
online_match_01/frame_0037.jpg,data\frames_dense\online_match_01\frame_0037.jpg,0.251,744.0,189.3,756.6,202.9
online_match_01/frame_0038.jpg,data\frames_dense\online_match_01\frame_0038.jpg,0.542,748.5,189.6,760.0,203.6
online_match_01/frame_0038.jpg,data\frames_dense\online_match_01\frame_0038.jpg,0.312,744.0,189.3,756.5,203.1
online_match_01/frame_0039.jpg,data\frames_dense\online_match_01\frame_0039.jpg,0.532,748.5,189.8,760.1,203.6
online_match_01/frame_0039.jpg,data\frames_dense\online_match_01\frame_0039.jpg,0.313,744.0,189.5,756.4,203.1
online_match_01/frame_0039.jpg,data\frames_dense\online_match_01\frame_0039.jpg,0.28,285.6,236.6,296.1,249.3
online_match_01/frame_0040.jpg,data\frames_dense\online_match_01\frame_0040.jpg,0.583,748.6,189.7,760.0,203.7
online_match_01/frame_0040.jpg,data\frames_dense\online_match_01\frame_0040.jpg,0.345,744.0,189.3,756.4,203.2
online_match_01/frame_0041.jpg,data\frames_dense\online_match_01\frame_0041.jpg,0.563,748.5,189.7,760.0,203.7
online_match_01/frame_0041.jpg,data\frames_dense\online_match_01\frame_0041.jpg,0.343,744.0,189.2,756.4,203.3
online_match_01/frame_0042.jpg,data\frames_dense\online_match_01\frame_0042.jpg,0.613,748.5,189.4,760.0,203.7
online_match_01/frame_0042.jpg,data\frames_dense\online_match_01\frame_0042.jpg,0.335,744.0,188.9,756.6,203.3
online_match_01/frame_0043.jpg,data\frames_dense\online_match_01\frame_0043.jpg,0.484,748.4,189.7,760.0,203.7
online_match_01/frame_0043.jpg,data\frames_dense\online_match_01\frame_0043.jpg,0.348,744.0,189.2,756.3,203.3
online_match_01/frame_0044.jpg,data\frames_dense\online_match_01\frame_0044.jpg,0.375,748.2,189.6,760.0,203.5
online_match_01/frame_0044.jpg,data\frames_dense\online_match_01\frame_0044.jpg,0.335,744.0,189.4,756.1,203.1
online_match_01/frame_0045.jpg,data\frames_dense\online_match_01\frame_0045.jpg,0.411,748.2,189.6,760.0,203.4
online_match_01/frame_0045.jpg,data\frames_dense\online_match_01\frame_0045.jpg,0.342,744.0,189.3,756.1,203.1
online_match_01/frame_0046.jpg,data\frames_dense\online_match_01\frame_0046.jpg,0.355,748.3,189.6,760.0,203.4
online_match_01/frame_0046.jpg,data\frames_dense\online_match_01\frame_0046.jpg,0.301,744.0,189.4,756.1,203.1
online_match_01/frame_0047.jpg,data\frames_dense\online_match_01\frame_0047.jpg,0.447,748.6,189.3,760.0,203.3
online_match_01/frame_0047.jpg,data\frames_dense\online_match_01\frame_0047.jpg,0.254,744.0,189.0,756.5,202.9
online_match_01/frame_0048.jpg,data\frames_dense\online_match_01\frame_0048.jpg,0.485,748.6,189.1,760.0,203.3
online_match_01/frame_0048.jpg,data\frames_dense\online_match_01\frame_0048.jpg,0.259,744.0,188.9,756.5,202.9
online_match_01/frame_0049.jpg,data\frames_dense\online_match_01\frame_0049.jpg,0.497,748.5,188.8,760.0,203.3
online_match_01/frame_0049.jpg,data\frames_dense\online_match_01\frame_0049.jpg,0.279,744.0,188.6,756.5,202.9
online_match_01/frame_0050.jpg,data\frames_dense\online_match_01\frame_0050.jpg,0.448,748.4,188.9,760.0,203.2
online_match_01/frame_0050.jpg,data\frames_dense\online_match_01\frame_0050.jpg,0.333,285.7,236.4,296.1,249.1
online_match_01/frame_0050.jpg,data\frames_dense\online_match_01\frame_0050.jpg,0.302,744.0,188.6,756.4,202.8
online_match_01/frame_0051.jpg,data\frames_dense\online_match_01\frame_0051.jpg,0.555,748.4,188.9,760.0,203.2
online_match_01/frame_0051.jpg,data\frames_dense\online_match_01\frame_0051.jpg,0.345,744.0,188.6,756.4,202.8
online_match_01/frame_0051.jpg,data\frames_dense\online_match_01\frame_0051.jpg,0.265,285.8,236.4,296.1,249.2
online_match_01/frame_0052.jpg,data\frames_dense\online_match_01\frame_0052.jpg,0.54,748.4,189.1,760.0,203.3
online_match_01/frame_0052.jpg,data\frames_dense\online_match_01\frame_0052.jpg,0.328,744.0,188.9,756.4,202.8
online_match_01/frame_0052.jpg,data\frames_dense\online_match_01\frame_0052.jpg,0.28,285.8,236.5,296.1,249.1
online_match_01/frame_0053.jpg,data\frames_dense\online_match_01\frame_0053.jpg,0.571,748.5,189.2,760.0,203.3
online_match_01/frame_0053.jpg,data\frames_dense\online_match_01\frame_0053.jpg,0.335,285.7,236.4,296.1,249.1
online_match_01/frame_0053.jpg,data\frames_dense\online_match_01\frame_0053.jpg,0.316,744.0,188.9,756.5,202.9
online_match_01/frame_0054.jpg,data\frames_dense\online_match_01\frame_0054.jpg,0.602,748.6,189.1,760.0,203.4
online_match_01/frame_0054.jpg,data\frames_dense\online_match_01\frame_0054.jpg,0.3,744.0,188.9,756.6,203.0
online_match_01/frame_0055.jpg,data\frames_dense\online_match_01\frame_0055.jpg,0.554,748.6,189.3,760.0,203.5
online_match_01/frame_0055.jpg,data\frames_dense\online_match_01\frame_0055.jpg,0.283,285.5,235.8,296.1,249.0
online_match_01/frame_0055.jpg,data\frames_dense\online_match_01\frame_0055.jpg,0.27,744.0,189.1,756.5,203.1
online_match_01/frame_0056.jpg,data\frames_dense\online_match_01\frame_0056.jpg,0.612,748.6,189.0,760.0,203.3
online_match_01/frame_0056.jpg,data\frames_dense\online_match_01\frame_0056.jpg,0.304,744.0,188.8,756.6,203.0
online_match_01/frame_0057.jpg,data\frames_dense\online_match_01\frame_0057.jpg,0.587,748.6,189.2,760.0,203.5
online_match_01/frame_0057.jpg,data\frames_dense\online_match_01\frame_0057.jpg,0.304,744.0,189.0,756.5,203.2
online_match_01/frame_0057.jpg,data\frames_dense\online_match_01\frame_0057.jpg,0.27,285.7,236.2,296.1,249.3
online_match_01/frame_0058.jpg,data\frames_dense\online_match_01\frame_0058.jpg,0.568,748.6,189.1,760.0,203.5
online_match_01/frame_0058.jpg,data\frames_dense\online_match_01\frame_0058.jpg,0.313,285.6,236.2,296.1,249.2
online_match_01/frame_0058.jpg,data\frames_dense\online_match_01\frame_0058.jpg,0.273,744.0,188.9,756.5,203.2
online_match_01/frame_0059.jpg,data\frames_dense\online_match_01\frame_0059.jpg,0.595,748.6,189.2,760.0,203.5
online_match_01/frame_0059.jpg,data\frames_dense\online_match_01\frame_0059.jpg,0.295,744.0,189.0,756.5,203.2
online_match_01/frame_0059.jpg,data\frames_dense\online_match_01\frame_0059.jpg,0.289,285.7,236.3,296.1,249.3
online_match_01/frame_0060.jpg,data\frames_dense\online_match_01\frame_0060.jpg,0.609,748.5,189.2,760.0,203.5
online_match_01/frame_0060.jpg,data\frames_dense\online_match_01\frame_0060.jpg,0.32,744.0,189.0,756.5,203.2
online_match_01/frame_0060.jpg,data\frames_dense\online_match_01\frame_0060.jpg,0.307,285.5,236.2,296.1,249.3
online_match_01/frame_0061.jpg,data\frames_dense\online_match_01\frame_0061.jpg,0.546,748.6,188.5,760.0,203.1
online_match_01/frame_0062.jpg,data\frames_dense\online_match_01\frame_0062.jpg,0.54,748.6,188.5,760.0,203.1
online_match_01/frame_0063.jpg,data\frames_dense\online_match_01\frame_0063.jpg,0.552,748.6,188.5,760.0,203.1
online_match_01/frame_0063.jpg,data\frames_dense\online_match_01\frame_0063.jpg,0.256,744.0,188.4,756.6,202.7
online_match_01/frame_0064.jpg,data\frames_dense\online_match_01\frame_0064.jpg,0.518,748.7,188.9,760.0,203.2
online_match_01/frame_0065.jpg,data\frames_dense\online_match_01\frame_0065.jpg,0.534,748.8,189.3,760.1,203.3
online_match_01/frame_0066.jpg,data\frames_dense\online_match_01\frame_0066.jpg,0.408,748.5,189.6,760.1,203.2
online_match_01/frame_0067.jpg,data\frames_dense\online_match_01\frame_0067.jpg,0.49,748.7,189.5,760.1,203.2
online_match_01/frame_0068.jpg,data\frames_dense\online_match_01\frame_0068.jpg,0.52,748.8,189.6,760.1,203.2
online_match_01/frame_0069.jpg,data\frames_dense\online_match_01\frame_0069.jpg,0.622,748.8,189.6,760.0,203.2
online_match_01/frame_0069.jpg,data\frames_dense\online_match_01\frame_0069.jpg,0.284,744.0,189.6,756.6,202.9
online_match_01/frame_0070.jpg,data\frames_dense\online_match_01\frame_0070.jpg,0.608,748.6,189.1,760.0,203.1
online_match_01/frame_0070.jpg,data\frames_dense\online_match_01\frame_0070.jpg,0.308,744.0,189.0,756.5,202.8
online_match_01/frame_0071.jpg,data\frames_dense\online_match_01\frame_0071.jpg,0.586,748.6,188.9,760.0,203.2
online_match_01/frame_0071.jpg,data\frames_dense\online_match_01\frame_0071.jpg,0.328,744.0,188.7,756.6,203.0
online_match_01/frame_0072.jpg,data\frames_dense\online_match_01\frame_0072.jpg,0.581,748.5,189.0,760.0,203.0
online_match_01/frame_0072.jpg,data\frames_dense\online_match_01\frame_0072.jpg,0.353,744.0,188.8,756.5,202.9
online_match_01/frame_0073.jpg,data\frames_dense\online_match_01\frame_0073.jpg,0.564,748.5,189.0,760.0,202.9
online_match_01/frame_0073.jpg,data\frames_dense\online_match_01\frame_0073.jpg,0.374,744.0,188.8,756.4,202.8
online_match_01/frame_0074.jpg,data\frames_dense\online_match_01\frame_0074.jpg,0.577,748.5,189.0,760.0,203.0
online_match_01/frame_0074.jpg,data\frames_dense\online_match_01\frame_0074.jpg,0.384,744.0,188.8,756.4,202.8
online_match_01/frame_0075.jpg,data\frames_dense\online_match_01\frame_0075.jpg,0.611,748.3,188.0,760.0,202.9
online_match_01/frame_0075.jpg,data\frames_dense\online_match_01\frame_0075.jpg,0.353,744.0,187.7,756.7,202.7
online_match_01/frame_0076.jpg,data\frames_dense\online_match_01\frame_0076.jpg,0.589,748.4,188.3,760.0,202.9
online_match_01/frame_0076.jpg,data\frames_dense\online_match_01\frame_0076.jpg,0.328,744.0,188.1,756.7,202.7
online_match_01/frame_0077.jpg,data\frames_dense\online_match_01\frame_0077.jpg,0.451,748.5,188.8,760.0,203.1
online_match_01/frame_0078.jpg,data\frames_dense\online_match_01\frame_0078.jpg,0.436,748.6,188.9,760.0,203.1
online_match_01/frame_0079.jpg,data\frames_dense\online_match_01\frame_0079.jpg,0.338,748.6,188.9,760.0,203.1
online_match_01/frame_0081.jpg,data\frames_dense\online_match_01\frame_0081.jpg,0.303,748.4,189.6,760.0,203.2
online_match_01/frame_0083.jpg,data\frames_dense\online_match_01\frame_0083.jpg,0.444,748.5,189.8,760.1,203.2
online_match_01/frame_0083.jpg,data\frames_dense\online_match_01\frame_0083.jpg,0.284,744.0,189.6,756.2,202.8
online_match_01/frame_0084.jpg,data\frames_dense\online_match_01\frame_0084.jpg,0.467,748.5,189.7,760.1,203.2
online_match_01/frame_0084.jpg,data\frames_dense\online_match_01\frame_0084.jpg,0.292,744.0,189.6,756.2,202.8
online_match_01/frame_0085.jpg,data\frames_dense\online_match_01\frame_0085.jpg,0.517,748.7,189.8,760.1,203.3
online_match_01/frame_0085.jpg,data\frames_dense\online_match_01\frame_0085.jpg,0.288,744.0,189.6,756.3,202.9
online_match_01/frame_0086.jpg,data\frames_dense\online_match_01\frame_0086.jpg,0.511,748.6,189.7,760.1,203.3
online_match_01/frame_0086.jpg,data\frames_dense\online_match_01\frame_0086.jpg,0.289,744.0,189.6,756.3,202.9
online_match_01/frame_0087.jpg,data\frames_dense\online_match_01\frame_0087.jpg,0.461,748.6,189.5,760.0,203.4
online_match_01/frame_0087.jpg,data\frames_dense\online_match_01\frame_0087.jpg,0.257,744.0,189.4,756.4,203.0
online_match_01/frame_0088.jpg,data\frames_dense\online_match_01\frame_0088.jpg,0.556,748.8,188.9,760.0,203.1
online_match_01/frame_0089.jpg,data\frames_dense\online_match_01\frame_0089.jpg,0.525,748.9,189.0,760.0,203.2
online_match_01/frame_0090.jpg,data\frames_dense\online_match_01\frame_0090.jpg,0.575,748.6,188.9,760.0,203.3
online_match_01/frame_0091.jpg,data\frames_dense\online_match_01\frame_0091.jpg,0.725,741.4,187.4,752.2,202.6
online_match_01/frame_0092.jpg,data\frames_dense\online_match_01\frame_0092.jpg,0.718,739.8,187.7,750.9,203.8
online_match_01/frame_0092.jpg,data\frames_dense\online_match_01\frame_0092.jpg,0.61,277.4,236.0,286.3,249.2
online_match_01/frame_0092.jpg,data\frames_dense\online_match_01\frame_0092.jpg,0.446,580.4,179.0,589.3,194.3
online_match_01/frame_0093.jpg,data\frames_dense\online_match_01\frame_0093.jpg,0.801,275.1,236.6,283.1,249.7
online_match_01/frame_0093.jpg,data\frames_dense\online_match_01\frame_0093.jpg,0.712,738.3,188.8,749.2,204.0
online_match_01/frame_0093.jpg,data\frames_dense\online_match_01\frame_0093.jpg,0.33,578.7,179.0,587.2,194.3
online_match_01/frame_0094.jpg,data\frames_dense\online_match_01\frame_0094.jpg,0.703,733.5,189.3,744.3,203.4
online_match_01/frame_0095.jpg,data\frames_dense\online_match_01\frame_0095.jpg,0.642,728.0,189.2,739.1,203.0
online_match_01/frame_0095.jpg,data\frames_dense\online_match_01\frame_0095.jpg,0.639,264.0,235.4,274.5,249.1
online_match_01/frame_0096.jpg,data\frames_dense\online_match_01\frame_0096.jpg,0.817,726.1,187.4,736.9,202.2
online_match_01/frame_0096.jpg,data\frames_dense\online_match_01\frame_0096.jpg,0.455,263.4,236.3,271.9,249.2
online_match_01/frame_0097.jpg,data\frames_dense\online_match_01\frame_0097.jpg,0.805,726.7,187.4,736.9,202.3
online_match_01/frame_0097.jpg,data\frames_dense\online_match_01\frame_0097.jpg,0.341,263.6,236.1,272.0,249.0
online_match_01/frame_0098.jpg,data\frames_dense\online_match_01\frame_0098.jpg,0.761,727.6,187.8,737.2,202.6
online_match_01/frame_0098.jpg,data\frames_dense\online_match_01\frame_0098.jpg,0.51,263.7,236.2,272.2,248.8
online_match_01/frame_0099.jpg,data\frames_dense\online_match_01\frame_0099.jpg,0.627,728.0,188.3,738.1,203.2
online_match_01/frame_0099.jpg,data\frames_dense\online_match_01\frame_0099.jpg,0.519,263.9,236.3,272.8,248.8
online_match_01/frame_0100.jpg,data\frames_dense\online_match_01\frame_0100.jpg,0.523,731.7,189.2,744.1,203.6
online_match_01/frame_0100.jpg,data\frames_dense\online_match_01\frame_0100.jpg,0.445,728.0,189.2,740.2,203.4
online_match_01/frame_0101.jpg,data\frames_dense\online_match_01\frame_0101.jpg,0.661,732.9,189.4,744.3,203.2
online_match_01/frame_0102.jpg,data\frames_dense\online_match_01\frame_0102.jpg,0.756,753.9,189.2,764.7,203.6
online_match_01/frame_0102.jpg,data\frames_dense\online_match_01\frame_0102.jpg,0.6,293.5,236.0,301.9,249.6
online_match_01/frame_0102.jpg,data\frames_dense\online_match_01\frame_0102.jpg,0.407,595.0,179.0,603.9,194.2
online_match_01/frame_0103.jpg,data\frames_dense\online_match_01\frame_0103.jpg,0.734,775.7,188.2,785.4,202.7
online_match_01/frame_0104.jpg,data\frames_dense\online_match_01\frame_0104.jpg,0.748,800.7,189.1,811.9,204.0
online_match_01/frame_0104.jpg,data\frames_dense\online_match_01\frame_0104.jpg,0.262,641.2,179.2,649.7,194.3
online_match_01/frame_0105.jpg,data\frames_dense\online_match_01\frame_0105.jpg,0.689,812.6,189.0,824.1,203.4
online_match_01/frame_0105.jpg,data\frames_dense\online_match_01\frame_0105.jpg,0.277,808.0,188.9,821.3,202.8
online_match_01/frame_0106.jpg,data\frames_dense\online_match_01\frame_0106.jpg,0.824,805.2,188.3,816.5,204.5
online_match_01/frame_0107.jpg,data\frames_dense\online_match_01\frame_0107.jpg,0.78,783.9,189.3,793.3,204.0
online_match_01/frame_0107.jpg,data\frames_dense\online_match_01\frame_0107.jpg,0.515,624.9,180.7,633.4,195.8
online_match_01/frame_0108.jpg,data\frames_dense\online_match_01\frame_0108.jpg,0.464,754.1,191.6,764.9,206.5
online_match_01/frame_0111.jpg,data\frames_dense\online_match_01\frame_0111.jpg,0.433,647.3,191.4,658.9,207.3
online_match_01/frame_0112.jpg,data\frames_dense\online_match_01\frame_0112.jpg,0.64,643.3,195.9,655.2,210.9
online_match_01/frame_0113.jpg,data\frames_dense\online_match_01\frame_0113.jpg,0.718,646.2,198.4,656.3,212.8
online_match_01/frame_0114.jpg,data\frames_dense\online_match_01\frame_0114.jpg,0.494,664.0,206.3,676.1,220.4
online_match_01/frame_0114.jpg,data\frames_dense\online_match_01\frame_0114.jpg,0.414,667.5,206.7,680.0,220.7
online_match_01/frame_0115.jpg,data\frames_dense\online_match_01\frame_0115.jpg,0.719,696.0,205.0,706.9,219.1
online_match_01/frame_0116.jpg,data\frames_dense\online_match_01\frame_0116.jpg,0.778,724.1,205.6,734.5,219.7
online_match_01/frame_0117.jpg,data\frames_dense\online_match_01\frame_0117.jpg,0.695,749.6,205.4,760.3,219.3
online_match_01/frame_0117.jpg,data\frames_dense\online_match_01\frame_0117.jpg,0.375,593.5,195.1,602.8,210.9
online_match_01/frame_0118.jpg,data\frames_dense\online_match_01\frame_0118.jpg,0.672,770.3,199.9,783.4,213.3
online_match_01/frame_0118.jpg,data\frames_dense\online_match_01\frame_0118.jpg,0.306,562.1,200.4,574.7,212.1
online_match_01/frame_0121.jpg,data\frames_dense\online_match_01\frame_0121.jpg,0.779,817.5,189.1,828.0,205.0
online_match_01/frame_0122.jpg,data\frames_dense\online_match_01\frame_0122.jpg,0.802,817.3,189.0,827.3,204.6
online_match_01/frame_0123.jpg,data\frames_dense\online_match_01\frame_0123.jpg,0.789,815.4,190.1,824.4,204.2
online_match_01/frame_0123.jpg,data\frames_dense\online_match_01\frame_0123.jpg,0.278,659.3,181.1,667.7,196.1
online_match_01/frame_0124.jpg,data\frames_dense\online_match_01\frame_0124.jpg,0.697,808.0,189.1,818.7,204.6
online_match_01/frame_0125.jpg,data\frames_dense\online_match_01\frame_0125.jpg,0.79,805.6,189.8,816.3,205.1
online_match_01/frame_0126.jpg,data\frames_dense\online_match_01\frame_0126.jpg,0.547,792.0,188.4,804.4,203.6
online_match_01/frame_0126.jpg,data\frames_dense\online_match_01\frame_0126.jpg,0.523,795.5,189.3,808.0,203.9
online_match_01/frame_0126.jpg,data\frames_dense\online_match_01\frame_0126.jpg,0.296,640.6,180.5,649.0,195.1
online_match_01/frame_0127.jpg,data\frames_dense\online_match_01\frame_0127.jpg,0.811,783.8,188.5,794.0,204.0
online_match_01/frame_0128.jpg,data\frames_dense\online_match_01\frame_0128.jpg,0.84,774.7,188.6,784.8,203.6
online_match_01/frame_0129.jpg,data\frames_dense\online_match_01\frame_0129.jpg,0.782,768.7,188.4,778.5,203.8
online_match_01/frame_0130.jpg,data\frames_dense\online_match_01\frame_0130.jpg,0.784,766.6,189.0,776.3,203.9
online_match_01/frame_0131.jpg,data\frames_dense\online_match_01\frame_0131.jpg,0.676,765.6,188.6,776.2,203.1
online_match_01/frame_0131.jpg,data\frames_dense\online_match_01\frame_0131.jpg,0.455,612.7,179.9,621.7,194.9
online_match_01/frame_0132.jpg,data\frames_dense\online_match_01\frame_0132.jpg,0.598,765.1,188.7,776.1,203.1
online_match_01/frame_0132.jpg,data\frames_dense\online_match_01\frame_0132.jpg,0.3,612.1,179.6,620.7,194.3
online_match_01/frame_0133.jpg,data\frames_dense\online_match_01\frame_0133.jpg,0.418,764.6,188.2,776.1,202.6
online_match_01/frame_0134.jpg,data\frames_dense\online_match_01\frame_0134.jpg,0.364,764.1,187.7,776.1,202.1
online_match_01/frame_0135.jpg,data\frames_dense\online_match_01\frame_0135.jpg,0.302,763.9,186.8,776.1,201.7
online_match_01/frame_0136.jpg,data\frames_dense\online_match_01\frame_0136.jpg,0.378,763.7,186.4,776.1,201.4
online_match_01/frame_0137.jpg,data\frames_dense\online_match_01\frame_0137.jpg,0.419,763.7,186.5,776.1,201.5
online_match_01/frame_0137.jpg,data\frames_dense\online_match_01\frame_0137.jpg,0.29,760.0,185.7,772.5,200.4
online_match_01/frame_0138.jpg,data\frames_dense\online_match_01\frame_0138.jpg,0.501,763.6,186.7,776.1,201.8
online_match_01/frame_0138.jpg,data\frames_dense\online_match_01\frame_0138.jpg,0.346,760.0,186.0,772.5,200.7
online_match_01/frame_0139.jpg,data\frames_dense\online_match_01\frame_0139.jpg,0.422,763.8,187.0,776.0,202.3
online_match_01/frame_0139.jpg,data\frames_dense\online_match_01\frame_0139.jpg,0.376,760.0,186.2,772.2,201.7
online_match_01/frame_0140.jpg,data\frames_dense\online_match_01\frame_0140.jpg,0.345,760.0,186.5,771.7,202.1
online_match_01/frame_0141.jpg,data\frames_dense\online_match_01\frame_0141.jpg,0.355,760.0,187.3,771.5,202.3
online_match_01/frame_0143.jpg,data\frames_dense\online_match_01\frame_0143.jpg,0.255,610.8,175.5,618.5,191.0
online_match_01/frame_0144.jpg,data\frames_dense\online_match_01\frame_0144.jpg,0.428,610.9,175.5,618.6,191.0
online_match_01/frame_0145.jpg,data\frames_dense\online_match_01\frame_0145.jpg,0.298,760.0,187.3,771.4,202.1
online_match_01/frame_0146.jpg,data\frames_dense\online_match_01\frame_0146.jpg,0.403,760.0,186.9,771.6,202.1
online_match_01/frame_0147.jpg,data\frames_dense\online_match_01\frame_0147.jpg,0.345,760.0,186.9,771.5,202.0
online_match_01/frame_0148.jpg,data\frames_dense\online_match_01\frame_0148.jpg,0.307,760.0,187.1,771.6,202.2
online_match_01/frame_0150.jpg,data\frames_dense\online_match_01\frame_0150.jpg,0.267,763.8,188.6,776.1,203.2
online_match_01/frame_0150.jpg,data\frames_dense\online_match_01\frame_0150.jpg,0.263,760.0,187.7,771.9,202.3
online_match_01/frame_0151.jpg,data\frames_dense\online_match_01\frame_0151.jpg,0.268,764.0,188.6,776.0,203.4
online_match_01/frame_0156.jpg,data\frames_dense\online_match_01\frame_0156.jpg,0.254,763.9,187.5,776.1,202.4
online_match_01/frame_0157.jpg,data\frames_dense\online_match_01\frame_0157.jpg,0.312,612.0,174.4,619.1,189.5
online_match_01/frame_0158.jpg,data\frames_dense\online_match_01\frame_0158.jpg,0.428,611.9,174.2,619.2,189.5
online_match_01/frame_0159.jpg,data\frames_dense\online_match_01\frame_0159.jpg,0.509,612.0,174.2,619.3,189.3
online_match_01/frame_0160.jpg,data\frames_dense\online_match_01\frame_0160.jpg,0.559,612.1,174.5,619.5,189.9
online_match_01/frame_0161.jpg,data\frames_dense\online_match_01\frame_0161.jpg,0.606,612.3,174.7,619.9,190.2
online_match_01/frame_0162.jpg,data\frames_dense\online_match_01\frame_0162.jpg,0.659,612.5,174.8,620.6,190.4
online_match_01/frame_0162.jpg,data\frames_dense\online_match_01\frame_0162.jpg,0.391,765.0,186.0,776.2,200.4
online_match_01/frame_0163.jpg,data\frames_dense\online_match_01\frame_0163.jpg,0.693,612.7,174.6,620.9,190.2
online_match_01/frame_0163.jpg,data\frames_dense\online_match_01\frame_0163.jpg,0.343,764.8,186.0,776.1,200.3
online_match_01/frame_0164.jpg,data\frames_dense\online_match_01\frame_0164.jpg,0.684,612.3,174.8,620.0,190.2
online_match_01/frame_0165.jpg,data\frames_dense\online_match_01\frame_0165.jpg,0.647,612.5,174.7,620.5,190.3
online_match_01/frame_0166.jpg,data\frames_dense\online_match_01\frame_0166.jpg,0.611,612.6,174.5,620.5,190.0
online_match_01/frame_0167.jpg,data\frames_dense\online_match_01\frame_0167.jpg,0.52,612.5,174.9,620.1,190.3
online_match_01/frame_0167.jpg,data\frames_dense\online_match_01\frame_0167.jpg,0.311,764.9,185.9,776.0,200.3
online_match_01/frame_0168.jpg,data\frames_dense\online_match_01\frame_0168.jpg,0.562,612.6,174.8,620.3,190.2
online_match_01/frame_0168.jpg,data\frames_dense\online_match_01\frame_0168.jpg,0.297,764.8,186.3,776.1,200.6
online_match_01/frame_0169.jpg,data\frames_dense\online_match_01\frame_0169.jpg,0.584,612.6,174.6,620.2,190.0
online_match_01/frame_0170.jpg,data\frames_dense\online_match_01\frame_0170.jpg,0.621,612.6,174.6,620.4,190.1
online_match_01/frame_0171.jpg,data\frames_dense\online_match_01\frame_0171.jpg,0.64,612.5,174.8,620.5,190.5
online_match_01/frame_0171.jpg,data\frames_dense\online_match_01\frame_0171.jpg,0.268,764.8,186.5,776.1,200.8
online_match_01/frame_0172.jpg,data\frames_dense\online_match_01\frame_0172.jpg,0.593,612.6,175.1,620.3,190.6
online_match_01/frame_0173.jpg,data\frames_dense\online_match_01\frame_0173.jpg,0.56,612.6,175.1,620.3,190.5
online_match_01/frame_0174.jpg,data\frames_dense\online_match_01\frame_0174.jpg,0.476,612.3,175.4,619.9,190.9
online_match_01/frame_0175.jpg,data\frames_dense\online_match_01\frame_0175.jpg,0.523,612.2,175.4,619.8,190.8
online_match_01/frame_0176.jpg,data\frames_dense\online_match_01\frame_0176.jpg,0.556,612.0,175.3,619.7,190.7
online_match_01/frame_0177.jpg,data\frames_dense\online_match_01\frame_0177.jpg,0.616,612.2,175.2,620.1,190.6
online_match_01/frame_0178.jpg,data\frames_dense\online_match_01\frame_0178.jpg,0.639,612.0,175.1,620.1,190.6
online_match_01/frame_0179.jpg,data\frames_dense\online_match_01\frame_0179.jpg,0.667,612.1,175.1,620.0,190.5
online_match_01/frame_0180.jpg,data\frames_dense\online_match_01\frame_0180.jpg,0.673,612.0,174.9,619.9,190.3
online_match_01/frame_0181.jpg,data\frames_dense\online_match_01\frame_0181.jpg,0.628,612.0,174.7,620.1,190.4
online_match_01/frame_0181.jpg,data\frames_dense\online_match_01\frame_0181.jpg,0.457,764.5,186.6,776.0,201.0
online_match_01/frame_0182.jpg,data\frames_dense\online_match_01\frame_0182.jpg,0.59,612.3,174.5,620.9,190.3
online_match_01/frame_0182.jpg,data\frames_dense\online_match_01\frame_0182.jpg,0.471,764.9,186.1,776.1,200.5
online_match_01/frame_0183.jpg,data\frames_dense\online_match_01\frame_0183.jpg,0.622,612.5,174.7,620.9,190.2
online_match_01/frame_0183.jpg,data\frames_dense\online_match_01\frame_0183.jpg,0.317,764.7,186.5,776.1,200.7
online_match_01/frame_0184.jpg,data\frames_dense\online_match_01\frame_0184.jpg,0.611,612.6,174.9,621.0,190.4
online_match_01/frame_0184.jpg,data\frames_dense\online_match_01\frame_0184.jpg,0.354,765.0,186.5,776.1,200.6
online_match_01/frame_0185.jpg,data\frames_dense\online_match_01\frame_0185.jpg,0.75,771.6,185.2,781.8,200.5
online_match_01/frame_0185.jpg,data\frames_dense\online_match_01\frame_0185.jpg,0.551,616.0,174.6,625.8,190.2
online_match_01/frame_0186.jpg,data\frames_dense\online_match_01\frame_0186.jpg,0.761,771.6,186.0,782.0,201.8
online_match_01/frame_0186.jpg,data\frames_dense\online_match_01\frame_0186.jpg,0.471,616.0,175.1,626.0,190.4
online_match_01/frame_0187.jpg,data\frames_dense\online_match_01\frame_0187.jpg,0.763,771.7,185.9,781.7,201.7
online_match_01/frame_0187.jpg,data\frames_dense\online_match_01\frame_0187.jpg,0.448,616.0,175.1,625.9,190.6
online_match_01/frame_0188.jpg,data\frames_dense\online_match_01\frame_0188.jpg,0.694,771.5,184.9,782.2,200.2
online_match_01/frame_0188.jpg,data\frames_dense\online_match_01\frame_0188.jpg,0.259,641.6,479.3,669.9,528.7
online_match_01/frame_0189.jpg,data\frames_dense\online_match_01\frame_0189.jpg,0.657,771.7,184.0,782.2,199.7
online_match_01/frame_0189.jpg,data\frames_dense\online_match_01\frame_0189.jpg,0.332,616.0,175.0,625.9,190.6
online_match_01/frame_0190.jpg,data\frames_dense\online_match_01\frame_0190.jpg,0.697,771.8,184.9,782.3,200.3
online_match_01/frame_0190.jpg,data\frames_dense\online_match_01\frame_0190.jpg,0.265,616.0,174.8,626.0,190.4
online_match_01/frame_0191.jpg,data\frames_dense\online_match_01\frame_0191.jpg,0.76,770.4,184.9,782.4,200.8
online_match_01/frame_0191.jpg,data\frames_dense\online_match_01\frame_0191.jpg,0.262,616.0,174.5,625.8,190.4
online_match_01/frame_0192.jpg,data\frames_dense\online_match_01\frame_0192.jpg,0.774,770.8,184.9,782.1,200.5
online_match_01/frame_0192.jpg,data\frames_dense\online_match_01\frame_0192.jpg,0.367,616.0,174.7,625.7,190.4
online_match_01/frame_0193.jpg,data\frames_dense\online_match_01\frame_0193.jpg,0.782,771.0,185.0,782.2,201.4
online_match_01/frame_0193.jpg,data\frames_dense\online_match_01\frame_0193.jpg,0.477,616.0,174.7,625.7,190.5
online_match_01/frame_0194.jpg,data\frames_dense\online_match_01\frame_0194.jpg,0.793,770.9,185.1,782.1,201.6
online_match_01/frame_0194.jpg,data\frames_dense\online_match_01\frame_0194.jpg,0.59,616.0,174.8,625.8,190.5
online_match_01/frame_0195.jpg,data\frames_dense\online_match_01\frame_0195.jpg,0.769,771.7,184.8,781.9,200.8
online_match_01/frame_0195.jpg,data\frames_dense\online_match_01\frame_0195.jpg,0.514,616.0,174.8,625.8,190.4
online_match_01/frame_0196.jpg,data\frames_dense\online_match_01\frame_0196.jpg,0.701,771.7,184.5,781.3,199.5
online_match_01/frame_0196.jpg,data\frames_dense\online_match_01\frame_0196.jpg,0.486,616.0,174.8,625.9,190.5
online_match_01/frame_0197.jpg,data\frames_dense\online_match_01\frame_0197.jpg,0.693,771.5,184.5,781.3,199.7
online_match_01/frame_0197.jpg,data\frames_dense\online_match_01\frame_0197.jpg,0.442,616.0,174.8,626.0,190.5
online_match_01/frame_0198.jpg,data\frames_dense\online_match_01\frame_0198.jpg,0.704,771.1,184.6,781.1,199.8
online_match_01/frame_0198.jpg,data\frames_dense\online_match_01\frame_0198.jpg,0.457,616.0,174.9,625.8,190.5
online_match_01/frame_0199.jpg,data\frames_dense\online_match_01\frame_0199.jpg,0.726,771.2,184.9,781.1,200.1
online_match_01/frame_0199.jpg,data\frames_dense\online_match_01\frame_0199.jpg,0.462,616.0,174.9,625.9,190.5
online_match_01/frame_0200.jpg,data\frames_dense\online_match_01\frame_0200.jpg,0.714,771.3,185.4,781.4,200.8
online_match_01/frame_0200.jpg,data\frames_dense\online_match_01\frame_0200.jpg,0.421,616.0,174.9,625.8,190.6
online_match_01/frame_0201.jpg,data\frames_dense\online_match_01\frame_0201.jpg,0.712,771.9,185.8,782.0,201.9
online_match_01/frame_0201.jpg,data\frames_dense\online_match_01\frame_0201.jpg,0.482,616.0,174.8,626.3,190.5
online_match_01/frame_0202.jpg,data\frames_dense\online_match_01\frame_0202.jpg,0.725,771.5,185.0,781.0,200.3
online_match_01/frame_0202.jpg,data\frames_dense\online_match_01\frame_0202.jpg,0.33,616.0,174.7,626.3,190.3
online_match_01/frame_0203.jpg,data\frames_dense\online_match_01\frame_0203.jpg,0.699,771.5,184.8,781.1,200.3
online_match_01/frame_0203.jpg,data\frames_dense\online_match_01\frame_0203.jpg,0.488,616.0,174.8,626.0,190.5
online_match_01/frame_0204.jpg,data\frames_dense\online_match_01\frame_0204.jpg,0.689,771.4,184.8,781.3,200.4
online_match_01/frame_0204.jpg,data\frames_dense\online_match_01\frame_0204.jpg,0.455,616.0,174.8,626.1,190.5
online_match_01/frame_0205.jpg,data\frames_dense\online_match_01\frame_0205.jpg,0.682,771.4,184.7,781.2,200.4
online_match_01/frame_0205.jpg,data\frames_dense\online_match_01\frame_0205.jpg,0.39,616.0,174.7,626.0,190.5
online_match_01/frame_0206.jpg,data\frames_dense\online_match_01\frame_0206.jpg,0.686,771.3,184.8,781.1,200.3
online_match_01/frame_0206.jpg,data\frames_dense\online_match_01\frame_0206.jpg,0.573,712.0,196.4,723.9,210.7
online_match_01/frame_0206.jpg,data\frames_dense\online_match_01\frame_0206.jpg,0.298,616.0,174.6,625.9,190.4
online_match_01/frame_0207.jpg,data\frames_dense\online_match_01\frame_0207.jpg,0.731,771.2,185.2,781.7,201.0
online_match_01/frame_0207.jpg,data\frames_dense\online_match_01\frame_0207.jpg,0.597,712.0,196.5,723.6,210.6
online_match_01/frame_0207.jpg,data\frames_dense\online_match_01\frame_0207.jpg,0.504,615.9,174.5,625.8,190.5
online_match_01/frame_0208.jpg,data\frames_dense\online_match_01\frame_0208.jpg,0.725,771.1,185.1,781.3,200.8
online_match_01/frame_0208.jpg,data\frames_dense\online_match_01\frame_0208.jpg,0.52,712.0,196.2,723.5,210.3
online_match_01/frame_0208.jpg,data\frames_dense\online_match_01\frame_0208.jpg,0.47,615.9,174.5,625.8,190.5
online_match_01/frame_0209.jpg,data\frames_dense\online_match_01\frame_0209.jpg,0.723,771.1,185.0,781.1,200.8
online_match_01/frame_0209.jpg,data\frames_dense\online_match_01\frame_0209.jpg,0.564,712.0,196.5,723.5,210.4
online_match_01/frame_0209.jpg,data\frames_dense\online_match_01\frame_0209.jpg,0.389,615.9,174.8,625.9,190.7
online_match_01/frame_0210.jpg,data\frames_dense\online_match_01\frame_0210.jpg,0.64,771.2,184.6,781.1,200.0
online_match_01/frame_0210.jpg,data\frames_dense\online_match_01\frame_0210.jpg,0.577,712.0,196.2,723.7,210.4
online_match_01/frame_0210.jpg,data\frames_dense\online_match_01\frame_0210.jpg,0.385,615.9,175.0,626.1,190.9
online_match_01/frame_0211.jpg,data\frames_dense\online_match_01\frame_0211.jpg,0.699,771.2,184.7,781.0,200.2
online_match_01/frame_0211.jpg,data\frames_dense\online_match_01\frame_0211.jpg,0.585,712.0,196.2,723.6,210.1
online_match_01/frame_0211.jpg,data\frames_dense\online_match_01\frame_0211.jpg,0.37,616.0,175.0,626.2,190.9
online_match_01/frame_0212.jpg,data\frames_dense\online_match_01\frame_0212.jpg,0.694,771.1,185.2,781.3,200.7
online_match_01/frame_0212.jpg,data\frames_dense\online_match_01\frame_0212.jpg,0.569,712.0,196.3,723.6,210.2
online_match_01/frame_0212.jpg,data\frames_dense\online_match_01\frame_0212.jpg,0.463,616.0,174.4,626.3,190.5
online_match_01/frame_0213.jpg,data\frames_dense\online_match_01\frame_0213.jpg,0.694,771.2,185.3,781.3,200.9
online_match_01/frame_0213.jpg,data\frames_dense\online_match_01\frame_0213.jpg,0.575,712.0,196.5,723.4,210.5
online_match_01/frame_0213.jpg,data\frames_dense\online_match_01\frame_0213.jpg,0.387,616.0,174.5,626.2,190.5
online_match_01/frame_0214.jpg,data\frames_dense\online_match_01\frame_0214.jpg,0.716,771.2,185.5,781.4,201.0
online_match_01/frame_0214.jpg,data\frames_dense\online_match_01\frame_0214.jpg,0.553,712.0,196.4,723.4,210.2
online_match_01/frame_0214.jpg,data\frames_dense\online_match_01\frame_0214.jpg,0.39,616.0,174.6,626.2,190.5
online_match_01/frame_0215.jpg,data\frames_dense\online_match_01\frame_0215.jpg,0.731,771.3,185.5,781.1,200.8
online_match_01/frame_0215.jpg,data\frames_dense\online_match_01\frame_0215.jpg,0.576,712.0,196.2,723.4,209.9
online_match_01/frame_0216.jpg,data\frames_dense\online_match_01\frame_0216.jpg,0.715,771.8,185.6,782.0,200.7
online_match_01/frame_0216.jpg,data\frames_dense\online_match_01\frame_0216.jpg,0.624,712.0,196.5,723.4,210.3
online_match_01/frame_0216.jpg,data\frames_dense\online_match_01\frame_0216.jpg,0.391,616.0,174.8,626.3,190.7
online_match_01/frame_0217.jpg,data\frames_dense\online_match_01\frame_0217.jpg,0.733,771.6,185.4,782.4,200.9
online_match_01/frame_0217.jpg,data\frames_dense\online_match_01\frame_0217.jpg,0.592,712.0,196.4,723.4,210.5
online_match_01/frame_0217.jpg,data\frames_dense\online_match_01\frame_0217.jpg,0.33,616.0,174.3,626.2,190.5
online_match_01/frame_0218.jpg,data\frames_dense\online_match_01\frame_0218.jpg,0.691,771.7,185.5,782.2,200.5
online_match_01/frame_0218.jpg,data\frames_dense\online_match_01\frame_0218.jpg,0.612,712.0,196.4,723.0,210.2
online_match_01/frame_0218.jpg,data\frames_dense\online_match_01\frame_0218.jpg,0.33,616.0,174.9,626.1,190.5
online_match_01/frame_0219.jpg,data\frames_dense\online_match_01\frame_0219.jpg,0.655,771.3,183.6,781.2,198.5
online_match_01/frame_0219.jpg,data\frames_dense\online_match_01\frame_0219.jpg,0.637,712.0,196.6,723.0,210.4
online_match_01/frame_0219.jpg,data\frames_dense\online_match_01\frame_0219.jpg,0.413,616.0,174.8,625.8,190.4
online_match_01/frame_0220.jpg,data\frames_dense\online_match_01\frame_0220.jpg,0.639,712.0,196.7,723.0,210.4
online_match_01/frame_0220.jpg,data\frames_dense\online_match_01\frame_0220.jpg,0.506,771.5,184.0,782.3,198.4
online_match_01/frame_0220.jpg,data\frames_dense\online_match_01\frame_0220.jpg,0.335,616.0,175.2,625.7,190.5
online_match_01/frame_0221.jpg,data\frames_dense\online_match_01\frame_0221.jpg,0.611,712.0,196.6,723.1,210.4
online_match_01/frame_0221.jpg,data\frames_dense\online_match_01\frame_0221.jpg,0.382,616.0,175.0,626.0,190.4
online_match_01/frame_0221.jpg,data\frames_dense\online_match_01\frame_0221.jpg,0.362,771.3,182.3,782.2,196.8
online_match_01/frame_0222.jpg,data\frames_dense\online_match_01\frame_0222.jpg,0.624,712.0,196.6,723.0,210.3
online_match_01/frame_0222.jpg,data\frames_dense\online_match_01\frame_0222.jpg,0.343,616.0,175.2,625.7,190.6
online_match_01/frame_0222.jpg,data\frames_dense\online_match_01\frame_0222.jpg,0.318,771.5,182.8,782.6,197.1
online_match_01/frame_0223.jpg,data\frames_dense\online_match_01\frame_0223.jpg,0.625,712.0,196.7,723.2,210.5
online_match_01/frame_0223.jpg,data\frames_dense\online_match_01\frame_0223.jpg,0.307,615.9,175.0,626.1,190.5
online_match_01/frame_0224.jpg,data\frames_dense\online_match_01\frame_0224.jpg,0.555,712.0,197.2,723.5,210.9
online_match_01/frame_0224.jpg,data\frames_dense\online_match_01\frame_0224.jpg,0.319,770.9,183.0,782.4,196.7
online_match_01/frame_0224.jpg,data\frames_dense\online_match_01\frame_0224.jpg,0.255,327.1,232.9,334.6,243.4
online_match_01/frame_0225.jpg,data\frames_dense\online_match_01\frame_0225.jpg,0.588,712.0,197.2,723.5,211.0
online_match_01/frame_0225.jpg,data\frames_dense\online_match_01\frame_0225.jpg,0.382,771.0,183.8,782.0,197.5
online_match_01/frame_0226.jpg,data\frames_dense\online_match_01\frame_0226.jpg,0.456,712.0,196.6,723.5,210.2
online_match_01/frame_0226.jpg,data\frames_dense\online_match_01\frame_0226.jpg,0.379,770.9,183.1,780.7,196.6
online_match_01/frame_0227.jpg,data\frames_dense\online_match_01\frame_0227.jpg,0.472,770.9,184.0,781.5,197.5
online_match_01/frame_0227.jpg,data\frames_dense\online_match_01\frame_0227.jpg,0.416,712.0,196.6,723.3,210.3
online_match_01/frame_0227.jpg,data\frames_dense\online_match_01\frame_0227.jpg,0.298,616.0,175.1,626.1,190.7
online_match_01/frame_0227.jpg,data\frames_dense\online_match_01\frame_0227.jpg,0.263,689.3,463.9,719.6,510.3
online_match_01/frame_0228.jpg,data\frames_dense\online_match_01\frame_0228.jpg,0.519,771.0,184.2,782.0,197.9
online_match_01/frame_0228.jpg,data\frames_dense\online_match_01\frame_0228.jpg,0.367,616.0,175.2,626.1,190.8
online_match_01/frame_0228.jpg,data\frames_dense\online_match_01\frame_0228.jpg,0.348,712.0,196.4,723.5,210.3
online_match_01/frame_0229.jpg,data\frames_dense\online_match_01\frame_0229.jpg,0.528,771.0,184.8,781.8,198.6
online_match_01/frame_0229.jpg,data\frames_dense\online_match_01\frame_0229.jpg,0.432,327.2,232.4,335.0,243.5
online_match_01/frame_0229.jpg,data\frames_dense\online_match_01\frame_0229.jpg,0.421,712.0,196.1,723.6,210.2
online_match_01/frame_0229.jpg,data\frames_dense\online_match_01\frame_0229.jpg,0.4,616.0,175.2,625.9,190.7
online_match_01/frame_0230.jpg,data\frames_dense\online_match_01\frame_0230.jpg,0.684,771.3,185.1,782.2,200.0
online_match_01/frame_0230.jpg,data\frames_dense\online_match_01\frame_0230.jpg,0.568,616.0,175.1,626.2,190.7
online_match_01/frame_0230.jpg,data\frames_dense\online_match_01\frame_0230.jpg,0.521,712.0,196.1,723.6,210.1
online_match_01/frame_0231.jpg,data\frames_dense\online_match_01\frame_0231.jpg,0.679,771.2,185.3,782.2,200.7
online_match_01/frame_0231.jpg,data\frames_dense\online_match_01\frame_0231.jpg,0.503,616.0,175.1,626.1,190.7
online_match_01/frame_0231.jpg,data\frames_dense\online_match_01\frame_0231.jpg,0.462,712.0,195.8,723.8,209.9
online_match_01/frame_0232.jpg,data\frames_dense\online_match_01\frame_0232.jpg,0.673,771.4,185.3,782.3,201.1
online_match_01/frame_0232.jpg,data\frames_dense\online_match_01\frame_0232.jpg,0.555,712.0,196.1,723.8,210.2
online_match_01/frame_0232.jpg,data\frames_dense\online_match_01\frame_0232.jpg,0.432,616.0,175.1,626.0,190.7
online_match_01/frame_0233.jpg,data\frames_dense\online_match_01\frame_0233.jpg,0.632,771.3,185.1,782.3,200.9
online_match_01/frame_0233.jpg,data\frames_dense\online_match_01\frame_0233.jpg,0.435,616.0,175.1,625.9,190.7
online_match_01/frame_0233.jpg,data\frames_dense\online_match_01\frame_0233.jpg,0.409,712.0,196.4,723.6,210.3
online_match_01/frame_0234.jpg,data\frames_dense\online_match_01\frame_0234.jpg,0.608,771.2,185.2,782.4,201.1
online_match_01/frame_0234.jpg,data\frames_dense\online_match_01\frame_0234.jpg,0.387,616.0,175.3,626.0,190.8
online_match_01/frame_0234.jpg,data\frames_dense\online_match_01\frame_0234.jpg,0.266,712.0,196.3,723.9,210.3
online_match_01/frame_0235.jpg,data\frames_dense\online_match_01\frame_0235.jpg,0.583,771.3,185.0,782.3,200.9
online_match_01/frame_0235.jpg,data\frames_dense\online_match_01\frame_0235.jpg,0.421,616.0,175.1,626.4,190.5
online_match_01/frame_0235.jpg,data\frames_dense\online_match_01\frame_0235.jpg,0.263,712.0,196.5,723.8,210.2
online_match_01/frame_0236.jpg,data\frames_dense\online_match_01\frame_0236.jpg,0.626,771.1,185.1,782.3,201.0
online_match_01/frame_0236.jpg,data\frames_dense\online_match_01\frame_0236.jpg,0.495,616.0,175.1,626.4,190.7
online_match_01/frame_0236.jpg,data\frames_dense\online_match_01\frame_0236.jpg,0.349,712.0,196.3,723.7,210.1
online_match_01/frame_0237.jpg,data\frames_dense\online_match_01\frame_0237.jpg,0.592,771.0,185.1,782.2,200.8
online_match_01/frame_0237.jpg,data\frames_dense\online_match_01\frame_0237.jpg,0.467,616.0,175.1,626.2,190.6
online_match_01/frame_0237.jpg,data\frames_dense\online_match_01\frame_0237.jpg,0.362,712.0,196.1,724.1,209.9
online_match_01/frame_0238.jpg,data\frames_dense\online_match_01\frame_0238.jpg,0.602,770.9,185.2,782.2,201.1
online_match_01/frame_0238.jpg,data\frames_dense\online_match_01\frame_0238.jpg,0.539,616.0,174.9,626.0,190.5
online_match_01/frame_0238.jpg,data\frames_dense\online_match_01\frame_0238.jpg,0.428,712.0,196.0,724.1,209.9
online_match_01/frame_0238.jpg,data\frames_dense\online_match_01\frame_0238.jpg,0.312,326.2,232.5,333.8,244.2
online_match_01/frame_0239.jpg,data\frames_dense\online_match_01\frame_0239.jpg,0.579,616.0,175.1,626.1,190.6
online_match_01/frame_0239.jpg,data\frames_dense\online_match_01\frame_0239.jpg,0.54,771.2,185.4,782.3,200.8
online_match_01/frame_0239.jpg,data\frames_dense\online_match_01\frame_0239.jpg,0.523,712.0,195.9,724.1,210.1
online_match_01/frame_0239.jpg,data\frames_dense\online_match_01\frame_0239.jpg,0.252,327.4,233.0,335.0,244.5
online_match_01/frame_0240.jpg,data\frames_dense\online_match_01\frame_0240.jpg,0.631,771.3,185.2,782.1,200.7
online_match_01/frame_0240.jpg,data\frames_dense\online_match_01\frame_0240.jpg,0.567,616.0,175.1,626.2,190.6
online_match_01/frame_0240.jpg,data\frames_dense\online_match_01\frame_0240.jpg,0.378,712.0,196.2,724.0,210.1
online_match_01/frame_0241.jpg,data\frames_dense\online_match_01\frame_0241.jpg,0.568,771.5,185.7,782.0,200.8
online_match_01/frame_0241.jpg,data\frames_dense\online_match_01\frame_0241.jpg,0.563,616.0,175.2,625.7,190.7
online_match_01/frame_0241.jpg,data\frames_dense\online_match_01\frame_0241.jpg,0.5,712.0,196.0,723.5,210.1
online_match_01/frame_0242.jpg,data\frames_dense\online_match_01\frame_0242.jpg,0.604,771.4,185.6,782.1,201.1
online_match_01/frame_0242.jpg,data\frames_dense\online_match_01\frame_0242.jpg,0.534,616.0,175.2,625.7,190.8
online_match_01/frame_0242.jpg,data\frames_dense\online_match_01\frame_0242.jpg,0.494,712.0,196.2,723.5,210.1
online_match_01/frame_0243.jpg,data\frames_dense\online_match_01\frame_0243.jpg,0.573,771.4,185.3,782.1,200.8
online_match_01/frame_0243.jpg,data\frames_dense\online_match_01\frame_0243.jpg,0.557,616.0,175.2,625.7,190.8
online_match_01/frame_0243.jpg,data\frames_dense\online_match_01\frame_0243.jpg,0.428,712.0,196.1,723.5,209.8
online_match_01/frame_0244.jpg,data\frames_dense\online_match_01\frame_0244.jpg,0.661,771.4,185.1,781.4,200.8
online_match_01/frame_0244.jpg,data\frames_dense\online_match_01\frame_0244.jpg,0.459,712.0,196.4,723.6,209.9
online_match_01/frame_0244.jpg,data\frames_dense\online_match_01\frame_0244.jpg,0.38,616.0,175.1,625.8,190.6
online_match_01/frame_0245.jpg,data\frames_dense\online_match_01\frame_0245.jpg,0.685,771.2,185.1,781.4,201.0
online_match_01/frame_0245.jpg,data\frames_dense\online_match_01\frame_0245.jpg,0.43,712.0,196.3,723.9,209.8
online_match_01/frame_0245.jpg,data\frames_dense\online_match_01\frame_0245.jpg,0.378,616.0,175.1,625.9,190.7
online_match_01/frame_0246.jpg,data\frames_dense\online_match_01\frame_0246.jpg,0.756,770.9,185.9,781.6,202.1
online_match_01/frame_0246.jpg,data\frames_dense\online_match_01\frame_0246.jpg,0.415,616.0,175.2,625.8,190.7
online_match_01/frame_0246.jpg,data\frames_dense\online_match_01\frame_0246.jpg,0.317,327.3,232.5,335.1,243.3
online_match_01/frame_0247.jpg,data\frames_dense\online_match_01\frame_0247.jpg,0.723,770.8,185.9,781.8,202.1
online_match_01/frame_0247.jpg,data\frames_dense\online_match_01\frame_0247.jpg,0.417,616.0,175.3,625.7,190.7
online_match_01/frame_0247.jpg,data\frames_dense\online_match_01\frame_0247.jpg,0.254,327.1,232.4,335.0,243.6
online_match_01/frame_0248.jpg,data\frames_dense\online_match_01\frame_0248.jpg,0.733,771.0,185.9,781.7,201.8
online_match_01/frame_0248.jpg,data\frames_dense\online_match_01\frame_0248.jpg,0.396,616.0,175.3,625.7,190.7
online_match_01/frame_0249.jpg,data\frames_dense\online_match_01\frame_0249.jpg,0.744,770.9,185.7,781.8,201.9
online_match_01/frame_0249.jpg,data\frames_dense\online_match_01\frame_0249.jpg,0.376,616.0,175.2,625.8,190.7
online_match_01/frame_0250.jpg,data\frames_dense\online_match_01\frame_0250.jpg,0.605,771.3,185.6,781.9,201.3
online_match_01/frame_0250.jpg,data\frames_dense\online_match_01\frame_0250.jpg,0.427,616.0,175.3,625.7,190.7
online_match_01/frame_0251.jpg,data\frames_dense\online_match_01\frame_0251.jpg,0.534,770.7,184.3,779.3,199.4
online_match_01/frame_0251.jpg,data\frames_dense\online_match_01\frame_0251.jpg,0.388,616.0,175.4,625.6,190.8
online_match_01/frame_0251.jpg,data\frames_dense\online_match_01\frame_0251.jpg,0.308,326.9,232.8,334.7,243.7
online_match_01/frame_0252.jpg,data\frames_dense\online_match_01\frame_0252.jpg,0.537,770.1,184.4,781.2,199.6
online_match_01/frame_0252.jpg,data\frames_dense\online_match_01\frame_0252.jpg,0.495,615.9,175.3,625.5,190.8
online_match_01/frame_0253.jpg,data\frames_dense\online_match_01\frame_0253.jpg,0.536,770.5,185.7,782.0,200.9
online_match_01/frame_0253.jpg,data\frames_dense\online_match_01\frame_0253.jpg,0.426,615.9,175.2,625.5,190.8
online_match_01/frame_0254.jpg,data\frames_dense\online_match_01\frame_0254.jpg,0.646,770.9,186.0,782.1,201.4
online_match_01/frame_0254.jpg,data\frames_dense\online_match_01\frame_0254.jpg,0.482,615.9,175.3,625.5,190.8
online_match_01/frame_0255.jpg,data\frames_dense\online_match_01\frame_0255.jpg,0.718,770.7,186.1,781.7,201.8
online_match_01/frame_0255.jpg,data\frames_dense\online_match_01\frame_0255.jpg,0.469,616.0,175.2,625.5,190.5
online_match_01/frame_0256.jpg,data\frames_dense\online_match_01\frame_0256.jpg,0.622,771.0,186.2,781.8,201.6
online_match_01/frame_0256.jpg,data\frames_dense\online_match_01\frame_0256.jpg,0.478,616.0,175.2,625.4,190.6
online_match_01/frame_0257.jpg,data\frames_dense\online_match_01\frame_0257.jpg,0.646,770.9,186.3,781.6,201.8
online_match_01/frame_0257.jpg,data\frames_dense\online_match_01\frame_0257.jpg,0.468,616.0,175.2,625.4,190.6
online_match_01/frame_0258.jpg,data\frames_dense\online_match_01\frame_0258.jpg,0.688,771.4,186.6,781.1,201.7
online_match_01/frame_0258.jpg,data\frames_dense\online_match_01\frame_0258.jpg,0.442,616.0,175.1,625.8,190.7
online_match_01/frame_0259.jpg,data\frames_dense\online_match_01\frame_0259.jpg,0.723,771.3,186.4,781.4,201.9
online_match_01/frame_0259.jpg,data\frames_dense\online_match_01\frame_0259.jpg,0.279,616.0,175.1,625.8,190.8
online_match_01/frame_0260.jpg,data\frames_dense\online_match_01\frame_0260.jpg,0.753,771.2,186.0,781.4,201.6
online_match_01/frame_0260.jpg,data\frames_dense\online_match_01\frame_0260.jpg,0.256,616.0,175.1,626.0,190.8
online_match_01/frame_0261.jpg,data\frames_dense\online_match_01\frame_0261.jpg,0.783,771.2,185.8,781.4,201.6
online_match_01/frame_0262.jpg,data\frames_dense\online_match_01\frame_0262.jpg,0.787,771.2,185.7,781.4,201.5
online_match_01/frame_0263.jpg,data\frames_dense\online_match_01\frame_0263.jpg,0.725,770.6,185.4,779.9,200.2
online_match_01/frame_0263.jpg,data\frames_dense\online_match_01\frame_0263.jpg,0.351,615.9,175.3,625.6,190.7
online_match_01/frame_0264.jpg,data\frames_dense\online_match_01\frame_0264.jpg,0.62,771.2,185.3,780.4,199.8
online_match_01/frame_0265.jpg,data\frames_dense\online_match_01\frame_0265.jpg,0.617,771.1,185.2,780.5,199.8
online_match_01/frame_0265.jpg,data\frames_dense\online_match_01\frame_0265.jpg,0.253,616.0,175.2,625.7,190.5
online_match_01/frame_0266.jpg,data\frames_dense\online_match_01\frame_0266.jpg,0.513,771.4,185.3,780.9,199.9
online_match_01/frame_0266.jpg,data\frames_dense\online_match_01\frame_0266.jpg,0.304,616.0,175.3,625.7,190.5
online_match_01/frame_0267.jpg,data\frames_dense\online_match_01\frame_0267.jpg,0.48,771.5,185.1,781.5,199.9
online_match_01/frame_0267.jpg,data\frames_dense\online_match_01\frame_0267.jpg,0.367,616.0,175.2,625.7,190.6
online_match_01/frame_0268.jpg,data\frames_dense\online_match_01\frame_0268.jpg,0.637,771.4,185.1,781.3,200.1
online_match_01/frame_0268.jpg,data\frames_dense\online_match_01\frame_0268.jpg,0.396,616.0,175.2,625.8,190.6
online_match_01/frame_0269.jpg,data\frames_dense\online_match_01\frame_0269.jpg,0.675,771.5,185.0,781.2,200.4
online_match_01/frame_0269.jpg,data\frames_dense\online_match_01\frame_0269.jpg,0.436,616.0,175.2,625.6,190.7
online_match_01/frame_0270.jpg,data\frames_dense\online_match_01\frame_0270.jpg,0.702,771.4,184.9,781.0,200.3
online_match_01/frame_0270.jpg,data\frames_dense\online_match_01\frame_0270.jpg,0.578,327.2,231.9,334.9,243.9
online_match_01/frame_0270.jpg,data\frames_dense\online_match_01\frame_0270.jpg,0.402,616.0,175.0,625.6,190.4
online_match_01/frame_0271.jpg,data\frames_dense\online_match_01\frame_0271.jpg,0.719,771.6,185.2,781.1,200.7
online_match_01/frame_0271.jpg,data\frames_dense\online_match_01\frame_0271.jpg,0.583,327.0,232.0,334.9,244.6
online_match_01/frame_0271.jpg,data\frames_dense\online_match_01\frame_0271.jpg,0.435,616.0,174.9,625.8,190.4
online_match_01/frame_0272.jpg,data\frames_dense\online_match_01\frame_0272.jpg,0.71,771.6,185.2,781.2,200.8
online_match_01/frame_0272.jpg,data\frames_dense\online_match_01\frame_0272.jpg,0.456,616.0,174.8,625.8,190.4
online_match_01/frame_0272.jpg,data\frames_dense\online_match_01\frame_0272.jpg,0.432,327.0,232.3,335.0,244.5
online_match_01/frame_0273.jpg,data\frames_dense\online_match_01\frame_0273.jpg,0.654,771.2,184.8,780.9,200.2
online_match_01/frame_0273.jpg,data\frames_dense\online_match_01\frame_0273.jpg,0.325,616.0,174.6,625.8,190.5
online_match_01/frame_0274.jpg,data\frames_dense\online_match_01\frame_0274.jpg,0.715,770.2,183.7,779.6,199.2
online_match_01/frame_0274.jpg,data\frames_dense\online_match_01\frame_0274.jpg,0.263,615.9,174.9,625.6,190.4
online_match_01/frame_0275.jpg,data\frames_dense\online_match_01\frame_0275.jpg,0.552,771.4,184.3,781.3,199.9
online_match_01/frame_0275.jpg,data\frames_dense\online_match_01\frame_0275.jpg,0.417,616.0,175.3,625.9,190.7
online_match_01/frame_0276.jpg,data\frames_dense\online_match_01\frame_0276.jpg,0.641,771.5,183.9,781.1,199.1
online_match_01/frame_0276.jpg,data\frames_dense\online_match_01\frame_0276.jpg,0.419,616.0,175.3,625.8,190.8
online_match_01/frame_0277.jpg,data\frames_dense\online_match_01\frame_0277.jpg,0.734,770.8,183.4,779.7,198.4
online_match_01/frame_0278.jpg,data\frames_dense\online_match_01\frame_0278.jpg,0.757,766.6,185.3,776.1,200.5
online_match_01/frame_0278.jpg,data\frames_dense\online_match_01\frame_0278.jpg,0.274,613.6,174.7,622.1,190.2
online_match_01/frame_0278.jpg,data\frames_dense\online_match_01\frame_0278.jpg,0.257,564.4,185.4,574.9,197.8
online_match_01/frame_0279.jpg,data\frames_dense\online_match_01\frame_0279.jpg,0.672,612.2,174.6,620.0,189.8
online_match_01/frame_0279.jpg,data\frames_dense\online_match_01\frame_0279.jpg,0.417,765.0,186.0,776.2,199.9
online_match_01/frame_0280.jpg,data\frames_dense\online_match_01\frame_0280.jpg,0.659,610.4,174.3,618.3,189.7
online_match_01/frame_0280.jpg,data\frames_dense\online_match_01\frame_0280.jpg,0.291,763.7,187.1,776.7,201.9
online_match_01/frame_0281.jpg,data\frames_dense\online_match_01\frame_0281.jpg,0.631,609.1,174.5,617.1,189.0
online_match_01/frame_0281.jpg,data\frames_dense\online_match_01\frame_0281.jpg,0.596,760.0,184.4,771.3,198.5
online_match_01/frame_0281.jpg,data\frames_dense\online_match_01\frame_0281.jpg,0.3,762.6,185.2,776.1,200.1
online_match_01/frame_0282.jpg,data\frames_dense\online_match_01\frame_0282.jpg,0.718,759.3,183.9,768.5,197.9
online_match_01/frame_0282.jpg,data\frames_dense\online_match_01\frame_0282.jpg,0.617,604.6,174.5,616.0,189.5
online_match_01/frame_0282.jpg,data\frames_dense\online_match_01\frame_0282.jpg,0.262,598.3,473.6,641.7,517.9
online_match_01/frame_0283.jpg,data\frames_dense\online_match_01\frame_0283.jpg,0.768,756.6,185.8,767.8,200.3
online_match_01/frame_0283.jpg,data\frames_dense\online_match_01\frame_0283.jpg,0.469,595.8,473.0,641.5,520.0
online_match_01/frame_0284.jpg,data\frames_dense\online_match_01\frame_0284.jpg,0.795,755.3,187.1,765.1,202.9
online_match_01/frame_0285.jpg,data\frames_dense\online_match_01\frame_0285.jpg,0.768,753.1,188.7,761.3,203.1
online_match_01/frame_0286.jpg,data\frames_dense\online_match_01\frame_0286.jpg,0.729,752.2,190.3,760.7,204.1
online_match_01/frame_0287.jpg,data\frames_dense\online_match_01\frame_0287.jpg,0.565,742.9,191.4,752.2,206.1
online_match_01/frame_0288.jpg,data\frames_dense\online_match_01\frame_0288.jpg,0.386,732.2,194.6,744.0,209.3
online_match_01/frame_0288.jpg,data\frames_dense\online_match_01\frame_0288.jpg,0.258,589.4,182.6,600.0,197.4
online_match_01/frame_0289.jpg,data\frames_dense\online_match_01\frame_0289.jpg,0.383,711.9,196.5,721.3,210.6
online_match_01/frame_0290.jpg,data\frames_dense\online_match_01\frame_0290.jpg,0.716,693.3,197.0,702.3,211.4
online_match_01/frame_0291.jpg,data\frames_dense\online_match_01\frame_0291.jpg,0.739,679.4,200.1,688.0,214.4
online_match_01/frame_0291.jpg,data\frames_dense\online_match_01\frame_0291.jpg,0.552,541.5,190.8,552.0,205.6
online_match_01/frame_0291.jpg,data\frames_dense\online_match_01\frame_0291.jpg,0.381,449.0,698.7,493.6,720.0
online_match_01/frame_0292.jpg,data\frames_dense\online_match_01\frame_0292.jpg,0.599,670.6,201.0,680.1,214.2
online_match_01/frame_0292.jpg,data\frames_dense\online_match_01\frame_0292.jpg,0.433,440.7,696.6,484.3,718.6
online_match_01/frame_0293.jpg,data\frames_dense\online_match_01\frame_0293.jpg,0.528,440.4,695.6,483.4,719.0
online_match_01/frame_0293.jpg,data\frames_dense\online_match_01\frame_0293.jpg,0.282,532.4,195.3,540.2,210.2
online_match_01/frame_0294.jpg,data\frames_dense\online_match_01\frame_0294.jpg,0.802,660.3,203.4,669.1,217.9
online_match_01/frame_0294.jpg,data\frames_dense\online_match_01\frame_0294.jpg,0.659,436.1,695.0,479.1,719.8
online_match_01/frame_0295.jpg,data\frames_dense\online_match_01\frame_0295.jpg,0.568,411.1,694.9,450.2,719.7
online_match_01/frame_0295.jpg,data\frames_dense\online_match_01\frame_0295.jpg,0.267,632.0,203.2,640.9,217.0
online_match_01/frame_0296.jpg,data\frames_dense\online_match_01\frame_0296.jpg,0.643,387.0,695.7,430.0,719.9
online_match_01/frame_0296.jpg,data\frames_dense\online_match_01\frame_0296.jpg,0.426,605.1,205.4,616.0,219.1
online_match_01/frame_0297.jpg,data\frames_dense\online_match_01\frame_0297.jpg,0.548,595.8,206.6,603.6,220.5
online_match_01/frame_0297.jpg,data\frames_dense\online_match_01\frame_0297.jpg,0.286,196.9,253.2,204.8,265.4
online_match_01/frame_0298.jpg,data\frames_dense\online_match_01\frame_0298.jpg,0.566,597.9,207.4,606.0,222.3
online_match_01/frame_0298.jpg,data\frames_dense\online_match_01\frame_0298.jpg,0.317,383.7,685.5,430.4,720.0
online_match_01/frame_0299.jpg,data\frames_dense\online_match_01\frame_0299.jpg,0.548,612.3,207.6,620.0,223.1
online_match_01/frame_0299.jpg,data\frames_dense\online_match_01\frame_0299.jpg,0.489,221.9,253.6,232.1,265.8
online_match_01/frame_0300.jpg,data\frames_dense\online_match_01\frame_0300.jpg,0.446,628.3,211.9,636.6,225.6
online_match_01/frame_0301.jpg,data\frames_dense\online_match_01\frame_0301.jpg,0.382,638.9,211.3,648.2,225.5
online_match_01/frame_0301.jpg,data\frames_dense\online_match_01\frame_0301.jpg,0.259,513.7,203.6,521.3,218.1
online_match_01/frame_0302.jpg,data\frames_dense\online_match_01\frame_0302.jpg,0.401,520.0,205.7,529.8,219.6
online_match_01/frame_0303.jpg,data\frames_dense\online_match_01\frame_0303.jpg,0.717,530.4,206.2,537.9,220.6
online_match_01/frame_0304.jpg,data\frames_dense\online_match_01\frame_0304.jpg,0.498,533.4,206.4,541.3,221.6
online_match_01/frame_0304.jpg,data\frames_dense\online_match_01\frame_0304.jpg,0.306,561.4,22.6,573.2,36.1
online_match_01/frame_0304.jpg,data\frames_dense\online_match_01\frame_0304.jpg,0.262,450.5,667.1,493.5,705.0
online_match_01/frame_0305.jpg,data\frames_dense\online_match_01\frame_0305.jpg,0.378,503.7,22.1,516.4,36.0
online_match_01/frame_0306.jpg,data\frames_dense\online_match_01\frame_0306.jpg,0.378,456.7,664.1,495.3,692.9
online_match_01/frame_0307.jpg,data\frames_dense\online_match_01\frame_0307.jpg,0.486,458.8,661.9,496.9,691.4
online_match_01/frame_0307.jpg,data\frames_dense\online_match_01\frame_0307.jpg,0.345,615.5,26.9,626.7,42.7
online_match_01/frame_0308.jpg,data\frames_dense\online_match_01\frame_0308.jpg,0.415,457.9,658.1,498.5,687.0
online_match_01/frame_0309.jpg,data\frames_dense\online_match_01\frame_0309.jpg,0.28,536.0,211.9,545.0,226.2
online_match_01/frame_0310.jpg,data\frames_dense\online_match_01\frame_0310.jpg,0.349,461.5,652.8,498.3,684.9
online_match_01/frame_0310.jpg,data\frames_dense\online_match_01\frame_0310.jpg,0.267,536.0,212.2,544.9,226.9
online_match_01/frame_0311.jpg,data\frames_dense\online_match_01\frame_0311.jpg,0.377,610.6,39.3,622.8,52.5
online_match_01/frame_0311.jpg,data\frames_dense\online_match_01\frame_0311.jpg,0.292,559.3,39.6,573.2,52.0
online_match_01/frame_0311.jpg,data\frames_dense\online_match_01\frame_0311.jpg,0.29,460.1,649.9,496.5,680.5
online_match_01/frame_0312.jpg,data\frames_dense\online_match_01\frame_0312.jpg,0.478,460.7,649.1,497.2,680.5
online_match_01/frame_0312.jpg,data\frames_dense\online_match_01\frame_0312.jpg,0.292,532.5,445.7,563.3,482.2
online_match_01/frame_0313.jpg,data\frames_dense\online_match_01\frame_0313.jpg,0.399,530.9,216.9,538.3,231.5
online_match_01/frame_0316.jpg,data\frames_dense\online_match_01\frame_0316.jpg,0.561,590.6,53.8,604.4,66.9
online_match_01/frame_0317.jpg,data\frames_dense\online_match_01\frame_0317.jpg,0.759,515.2,221.7,523.0,236.3
online_match_01/frame_0318.jpg,data\frames_dense\online_match_01\frame_0318.jpg,0.539,436.8,636.2,477.0,670.8
online_match_01/frame_0318.jpg,data\frames_dense\online_match_01\frame_0318.jpg,0.33,508.9,222.1,520.0,236.1
online_match_01/frame_0320.jpg,data\frames_dense\online_match_01\frame_0320.jpg,0.683,497.2,223.0,504.4,236.9
online_match_01/frame_0320.jpg,data\frames_dense\online_match_01\frame_0320.jpg,0.337,464.9,56.2,477.7,72.1
online_match_01/frame_0321.jpg,data\frames_dense\online_match_01\frame_0321.jpg,0.425,493.1,222.6,504.0,236.6
online_match_01/frame_0321.jpg,data\frames_dense\online_match_01\frame_0321.jpg,0.335,462.8,55.5,476.0,71.5
online_match_01/frame_0322.jpg,data\frames_dense\online_match_01\frame_0322.jpg,0.573,493.1,222.6,504.0,236.5
online_match_01/frame_0322.jpg,data\frames_dense\online_match_01\frame_0322.jpg,0.377,462.8,55.6,476.2,71.6
online_match_01/frame_0323.jpg,data\frames_dense\online_match_01\frame_0323.jpg,0.552,461.5,54.5,475.3,71.7
online_match_01/frame_0323.jpg,data\frames_dense\online_match_01\frame_0323.jpg,0.263,422.4,637.4,461.7,669.4
online_match_01/frame_0324.jpg,data\frames_dense\online_match_01\frame_0324.jpg,0.468,455.6,55.2,469.3,70.0
online_match_01/frame_0324.jpg,data\frames_dense\online_match_01\frame_0324.jpg,0.417,558.3,56.5,569.4,70.2
online_match_01/frame_0325.jpg,data\frames_dense\online_match_01\frame_0325.jpg,0.499,455.7,55.3,468.6,70.1
online_match_01/frame_0326.jpg,data\frames_dense\online_match_01\frame_0326.jpg,0.5,455.6,55.1,468.3,70.0
online_match_01/frame_0326.jpg,data\frames_dense\online_match_01\frame_0326.jpg,0.268,456.3,55.4,472.3,69.6
online_match_01/frame_0327.jpg,data\frames_dense\online_match_01\frame_0327.jpg,0.462,455.6,55.5,469.2,70.3
online_match_01/frame_0327.jpg,data\frames_dense\online_match_01\frame_0327.jpg,0.304,558.0,56.2,569.1,69.8
online_match_01/frame_0328.jpg,data\frames_dense\online_match_01\frame_0328.jpg,0.544,497.4,223.7,504.5,238.7
online_match_01/frame_0328.jpg,data\frames_dense\online_match_01\frame_0328.jpg,0.281,464.1,59.6,476.6,74.8
online_match_01/frame_0329.jpg,data\frames_dense\online_match_01\frame_0329.jpg,0.565,527.9,229.8,536.3,244.8
online_match_01/frame_0329.jpg,data\frames_dense\online_match_01\frame_0329.jpg,0.334,456.9,645.5,493.6,673.3
online_match_01/frame_0329.jpg,data\frames_dense\online_match_01\frame_0329.jpg,0.283,599.8,67.4,611.0,81.2
online_match_01/frame_0331.jpg,data\frames_dense\online_match_01\frame_0331.jpg,0.3,525.4,645.0,562.5,670.5
online_match_01/frame_0332.jpg,data\frames_dense\online_match_01\frame_0332.jpg,0.667,704.3,54.5,718.5,67.7
online_match_01/frame_0332.jpg,data\frames_dense\online_match_01\frame_0332.jpg,0.529,627.4,228.0,634.3,241.6
online_match_01/frame_0332.jpg,data\frames_dense\online_match_01\frame_0332.jpg,0.418,495.5,54.6,507.5,67.4
online_match_01/frame_0332.jpg,data\frames_dense\online_match_01\frame_0332.jpg,0.273,654.9,55.9,669.6,67.5
online_match_01/frame_0332.jpg,data\frames_dense\online_match_01\frame_0332.jpg,0.251,767.9,55.4,781.8,68.3
online_match_01/frame_0333.jpg,data\frames_dense\online_match_01\frame_0333.jpg,0.731,655.7,222.0,664.2,236.0
online_match_01/frame_0333.jpg,data\frames_dense\online_match_01\frame_0333.jpg,0.426,456.8,43.2,473.2,59.0
online_match_01/frame_0333.jpg,data\frames_dense\online_match_01\frame_0333.jpg,0.424,572.8,662.0,610.3,692.2
online_match_01/frame_0334.jpg,data\frames_dense\online_match_01\frame_0334.jpg,0.63,595.5,672.2,629.3,711.7
online_match_01/frame_0334.jpg,data\frames_dense\online_match_01\frame_0334.jpg,0.437,480.8,31.4,493.8,46.7
online_match_01/frame_0335.jpg,data\frames_dense\online_match_01\frame_0335.jpg,0.695,691.6,212.9,699.3,227.9
online_match_01/frame_0335.jpg,data\frames_dense\online_match_01\frame_0335.jpg,0.658,484.4,22.8,497.7,37.2
online_match_01/frame_0335.jpg,data\frames_dense\online_match_01\frame_0335.jpg,0.468,820.7,221.3,829.8,234.0
online_match_01/frame_0335.jpg,data\frames_dense\online_match_01\frame_0335.jpg,0.406,598.2,680.6,638.0,719.9
online_match_01/frame_0335.jpg,data\frames_dense\online_match_01\frame_0335.jpg,0.339,782.6,19.3,795.9,33.6
online_match_01/frame_0335.jpg,data\frames_dense\online_match_01\frame_0335.jpg,0.289,667.6,22.0,683.5,37.1
online_match_01/frame_0336.jpg,data\frames_dense\online_match_01\frame_0336.jpg,0.655,480.5,10.6,493.9,26.9
online_match_01/frame_0336.jpg,data\frames_dense\online_match_01\frame_0336.jpg,0.562,596.0,690.8,640.3,720.0
online_match_01/frame_0336.jpg,data\frames_dense\online_match_01\frame_0336.jpg,0.298,669.1,9.2,683.4,25.0
online_match_01/frame_0337.jpg,data\frames_dense\online_match_01\frame_0337.jpg,0.757,820.3,212.6,829.8,226.6
online_match_01/frame_0337.jpg,data\frames_dense\online_match_01\frame_0337.jpg,0.306,582.8,698.3,625.8,719.5
online_match_01/frame_0338.jpg,data\frames_dense\online_match_01\frame_0338.jpg,0.612,659.1,198.3,666.6,212.3
online_match_01/frame_0340.jpg,data\frames_dense\online_match_01\frame_0340.jpg,0.644,592.9,187.7,601.2,203.8
online_match_01/frame_0341.jpg,data\frames_dense\online_match_01\frame_0341.jpg,0.745,710.0,190.6,720.0,205.3
online_match_01/frame_0341.jpg,data\frames_dense\online_match_01\frame_0341.jpg,0.559,261.7,238.6,269.7,250.3
online_match_01/frame_0342.jpg,data\frames_dense\online_match_01\frame_0342.jpg,0.752,702.7,186.2,712.6,201.0
online_match_01/frame_0342.jpg,data\frames_dense\online_match_01\frame_0342.jpg,0.486,238.8,234.8,248.1,248.5
online_match_01/frame_0343.jpg,data\frames_dense\online_match_01\frame_0343.jpg,0.602,540.6,170.2,552.0,186.8
online_match_01/frame_0343.jpg,data\frames_dense\online_match_01\frame_0343.jpg,0.343,703.7,179.9,714.8,193.8
online_match_01/frame_0344.jpg,data\frames_dense\online_match_01\frame_0344.jpg,0.688,705.8,174.2,714.5,189.5
online_match_01/frame_0344.jpg,data\frames_dense\online_match_01\frame_0344.jpg,0.422,216.0,226.5,225.2,241.3
online_match_01/frame_0345.jpg,data\frames_dense\online_match_01\frame_0345.jpg,0.658,709.3,174.8,720.0,190.2
online_match_01/frame_0345.jpg,data\frames_dense\online_match_01\frame_0345.jpg,0.415,216.0,225.2,227.1,240.9
online_match_01/frame_0346.jpg,data\frames_dense\online_match_01\frame_0346.jpg,0.741,726.5,174.3,736.1,188.8
online_match_01/frame_0346.jpg,data\frames_dense\online_match_01\frame_0346.jpg,0.368,238.2,223.7,248.1,239.4
online_match_01/frame_0347.jpg,data\frames_dense\online_match_01\frame_0347.jpg,0.77,736.6,174.4,744.7,189.2
online_match_01/frame_0347.jpg,data\frames_dense\online_match_01\frame_0347.jpg,0.394,248.0,224.5,259.2,240.9
online_match_01/frame_0348.jpg,data\frames_dense\online_match_01\frame_0348.jpg,0.631,261.4,225.8,270.7,241.1
online_match_01/frame_0348.jpg,data\frames_dense\online_match_01\frame_0348.jpg,0.477,744.0,173.8,755.3,189.1
online_match_01/frame_0348.jpg,data\frames_dense\online_match_01\frame_0348.jpg,0.326,337.4,286.5,348.6,300.1
online_match_01/frame_0349.jpg,data\frames_dense\online_match_01\frame_0349.jpg,0.754,752.6,174.4,761.0,189.7
online_match_01/frame_0350.jpg,data\frames_dense\online_match_01\frame_0350.jpg,0.628,764.9,175.1,776.0,189.4
online_match_01/frame_0350.jpg,data\frames_dense\online_match_01\frame_0350.jpg,0.464,279.9,223.7,289.5,239.4
online_match_01/frame_0351.jpg,data\frames_dense\online_match_01\frame_0351.jpg,0.688,773.1,175.1,783.0,190.5
online_match_01/frame_0351.jpg,data\frames_dense\online_match_01\frame_0351.jpg,0.284,290.6,224.8,298.1,240.9
online_match_01/frame_0351.jpg,data\frames_dense\online_match_01\frame_0351.jpg,0.282,289.3,223.7,296.8,238.8
online_match_01/frame_0352.jpg,data\frames_dense\online_match_01\frame_0352.jpg,0.703,776.0,173.5,786.0,189.2
online_match_01/frame_0352.jpg,data\frames_dense\online_match_01\frame_0352.jpg,0.578,294.2,223.6,303.0,239.2
online_match_01/frame_0353.jpg,data\frames_dense\online_match_01\frame_0353.jpg,0.637,295.9,223.4,305.2,238.7
online_match_01/frame_0353.jpg,data\frames_dense\online_match_01\frame_0353.jpg,0.476,776.0,174.5,787.7,189.5
online_match_01/frame_0353.jpg,data\frames_dense\online_match_01\frame_0353.jpg,0.272,779.5,175.0,792.0,189.7
online_match_01/frame_0354.jpg,data\frames_dense\online_match_01\frame_0354.jpg,0.614,781.3,175.3,792.0,189.9
online_match_01/frame_0355.jpg,data\frames_dense\online_match_01\frame_0355.jpg,0.726,782.7,174.2,792.1,188.1
online_match_01/frame_0356.jpg,data\frames_dense\online_match_01\frame_0356.jpg,0.772,786.3,173.1,796.1,189.0
online_match_01/frame_0356.jpg,data\frames_dense\online_match_01\frame_0356.jpg,0.306,302.2,223.3,312.2,237.3
online_match_01/frame_0357.jpg,data\frames_dense\online_match_01\frame_0357.jpg,0.738,303.9,222.3,312.5,235.7
online_match_01/frame_0357.jpg,data\frames_dense\online_match_01\frame_0357.jpg,0.699,786.3,173.0,797.6,188.6
online_match_01/frame_0358.jpg,data\frames_dense\online_match_01\frame_0358.jpg,0.744,785.7,170.7,794.7,185.4
online_match_01/frame_0358.jpg,data\frames_dense\online_match_01\frame_0358.jpg,0.66,305.1,221.5,312.9,234.1
online_match_01/frame_0359.jpg,data\frames_dense\online_match_01\frame_0359.jpg,0.783,786.1,169.4,795.2,183.8
online_match_01/frame_0359.jpg,data\frames_dense\online_match_01\frame_0359.jpg,0.31,304.7,219.2,313.4,233.0
online_match_01/frame_0360.jpg,data\frames_dense\online_match_01\frame_0360.jpg,0.763,787.7,169.1,796.9,182.7
online_match_01/frame_0360.jpg,data\frames_dense\online_match_01\frame_0360.jpg,0.296,305.9,218.9,314.5,232.3
online_match_01/frame_0361.jpg,data\frames_dense\online_match_01\frame_0361.jpg,0.517,789.8,168.0,799.0,180.3
online_match_01/frame_0361.jpg,data\frames_dense\online_match_01\frame_0361.jpg,0.516,310.2,219.5,318.9,232.6
online_match_01/frame_0362.jpg,data\frames_dense\online_match_01\frame_0362.jpg,0.765,803.0,169.2,812.2,184.0
online_match_01/frame_0362.jpg,data\frames_dense\online_match_01\frame_0362.jpg,0.308,324.5,219.3,332.5,231.8
online_match_01/frame_0363.jpg,data\frames_dense\online_match_01\frame_0363.jpg,0.704,343.5,219.4,351.7,232.7
online_match_01/frame_0363.jpg,data\frames_dense\online_match_01\frame_0363.jpg,0.58,821.9,171.0,831.1,184.3
online_match_01/frame_0363.jpg,data\frames_dense\online_match_01\frame_0363.jpg,0.416,416.6,279.7,425.4,292.8
online_match_01/frame_0363.jpg,data\frames_dense\online_match_01\frame_0363.jpg,0.316,1217.4,287.0,1226.9,301.0
online_match_01/frame_0364.jpg,data\frames_dense\online_match_01\frame_0364.jpg,0.759,837.8,172.9,848.0,187.2
online_match_01/frame_0364.jpg,data\frames_dense\online_match_01\frame_0364.jpg,0.28,434.3,279.2,443.6,291.6
online_match_01/frame_0365.jpg,data\frames_dense\online_match_01\frame_0365.jpg,0.77,852.8,172.3,864.2,187.5
online_match_01/frame_0365.jpg,data\frames_dense\online_match_01\frame_0365.jpg,0.504,376.0,219.3,387.0,233.0
online_match_01/frame_0366.jpg,data\frames_dense\online_match_01\frame_0366.jpg,0.781,869.5,173.2,880.9,189.4
online_match_01/frame_0366.jpg,data\frames_dense\online_match_01\frame_0366.jpg,0.465,398.1,221.9,408.2,234.8
online_match_01/frame_0367.jpg,data\frames_dense\online_match_01\frame_0367.jpg,0.717,882.1,174.9,892.1,190.4
online_match_01/frame_0367.jpg,data\frames_dense\online_match_01\frame_0367.jpg,0.646,418.1,222.2,425.5,235.1
online_match_01/frame_0368.jpg,data\frames_dense\online_match_01\frame_0368.jpg,0.399,429.2,222.8,440.0,236.4
online_match_01/frame_0369.jpg,data\frames_dense\online_match_01\frame_0369.jpg,0.496,894.7,179.2,904.6,193.8
online_match_01/frame_0370.jpg,data\frames_dense\online_match_01\frame_0370.jpg,0.678,897.3,179.2,909.3,194.5
online_match_01/frame_0371.jpg,data\frames_dense\online_match_01\frame_0371.jpg,0.751,901.3,181.3,911.8,195.2
online_match_01/frame_0371.jpg,data\frames_dense\online_match_01\frame_0371.jpg,0.52,446.8,223.6,456.1,238.6
online_match_01/frame_0371.jpg,data\frames_dense\online_match_01\frame_0371.jpg,0.31,738.8,170.9,747.0,186.5
online_match_01/frame_0372.jpg,data\frames_dense\online_match_01\frame_0372.jpg,0.554,453.1,223.6,461.0,239.1
online_match_01/frame_0372.jpg,data\frames_dense\online_match_01\frame_0372.jpg,0.506,903.9,179.5,914.9,194.1
online_match_01/frame_0372.jpg,data\frames_dense\online_match_01\frame_0372.jpg,0.29,453.3,224.7,462.5,241.0
online_match_01/frame_0373.jpg,data\frames_dense\online_match_01\frame_0373.jpg,0.475,455.6,223.7,464.6,239.5
online_match_01/frame_0373.jpg,data\frames_dense\online_match_01\frame_0373.jpg,0.462,908.6,179.6,920.1,194.3
online_match_01/frame_0374.jpg,data\frames_dense\online_match_01\frame_0374.jpg,0.757,913.9,179.2,925.5,194.2
online_match_01/frame_0375.jpg,data\frames_dense\online_match_01\frame_0375.jpg,0.721,919.4,179.5,928.7,194.4
online_match_01/frame_0376.jpg,data\frames_dense\online_match_01\frame_0376.jpg,0.468,925.3,179.7,936.2,194.3
online_match_01/frame_0377.jpg,data\frames_dense\online_match_01\frame_0377.jpg,0.677,929.7,179.1,941.0,194.2
online_match_01/frame_0377.jpg,data\frames_dense\online_match_01\frame_0377.jpg,0.434,765.4,171.6,776.0,187.3
online_match_01/frame_0378.jpg,data\frames_dense\online_match_01\frame_0378.jpg,0.632,931.8,179.8,942.5,194.7
online_match_01/frame_0379.jpg,data\frames_dense\online_match_01\frame_0379.jpg,0.618,931.9,179.9,942.6,194.8
online_match_01/frame_0380.jpg,data\frames_dense\online_match_01\frame_0380.jpg,0.642,932.0,179.8,942.5,194.7
online_match_01/frame_0381.jpg,data\frames_dense\online_match_01\frame_0381.jpg,0.614,931.9,179.7,942.4,194.6
online_match_01/frame_0382.jpg,data\frames_dense\online_match_01\frame_0382.jpg,0.653,931.4,179.5,942.4,194.6
online_match_01/frame_0383.jpg,data\frames_dense\online_match_01\frame_0383.jpg,0.65,931.4,179.3,942.3,194.5
online_match_01/frame_0384.jpg,data\frames_dense\online_match_01\frame_0384.jpg,0.64,931.5,179.2,942.4,194.5
online_match_01/frame_0385.jpg,data\frames_dense\online_match_01\frame_0385.jpg,0.591,931.3,179.3,942.4,194.4
online_match_01/frame_0386.jpg,data\frames_dense\online_match_01\frame_0386.jpg,0.526,931.2,179.6,942.9,194.6
online_match_01/frame_0387.jpg,data\frames_dense\online_match_01\frame_0387.jpg,0.402,931.4,179.7,943.1,194.5
online_match_01/frame_0388.jpg,data\frames_dense\online_match_01\frame_0388.jpg,0.322,931.6,179.8,942.5,194.3
online_match_01/frame_0389.jpg,data\frames_dense\online_match_01\frame_0389.jpg,0.323,931.6,179.7,942.6,194.4
online_match_01/frame_0390.jpg,data\frames_dense\online_match_01\frame_0390.jpg,0.396,931.6,179.5,942.5,194.5
online_match_01/frame_0391.jpg,data\frames_dense\online_match_01\frame_0391.jpg,0.508,931.7,179.5,942.4,194.5
online_match_01/frame_0392.jpg,data\frames_dense\online_match_01\frame_0392.jpg,0.43,931.8,179.6,942.5,194.6
online_match_01/frame_0393.jpg,data\frames_dense\online_match_01\frame_0393.jpg,0.414,932.0,179.6,942.7,194.7
online_match_01/frame_0394.jpg,data\frames_dense\online_match_01\frame_0394.jpg,0.463,932.0,179.4,942.7,194.4
online_match_01/frame_0395.jpg,data\frames_dense\online_match_01\frame_0395.jpg,0.272,932.1,178.8,942.3,193.6
online_match_01/frame_0396.jpg,data\frames_dense\online_match_01\frame_0396.jpg,0.269,472.0,221.5,483.0,234.0
online_match_01/frame_0398.jpg,data\frames_dense\online_match_01\frame_0398.jpg,0.303,472.0,221.3,483.2,234.0
online_match_01/frame_0399.jpg,data\frames_dense\online_match_01\frame_0399.jpg,0.294,472.0,221.1,483.2,234.0
online_match_01/frame_0400.jpg,data\frames_dense\online_match_01\frame_0400.jpg,0.458,928.2,175.2,936.7,190.6
online_match_01/frame_0401.jpg,data\frames_dense\online_match_01\frame_0401.jpg,0.57,915.3,175.1,925.2,190.6
online_match_01/frame_0402.jpg,data\frames_dense\online_match_01\frame_0402.jpg,0.477,888.0,173.9,898.1,189.1
online_match_01/frame_0403.jpg,data\frames_dense\online_match_01\frame_0403.jpg,0.69,864.6,171.9,873.8,187.9
online_match_01/frame_0403.jpg,data\frames_dense\online_match_01\frame_0403.jpg,0.579,652.0,175.1,664.8,188.6
online_match_01/frame_0403.jpg,data\frames_dense\online_match_01\frame_0403.jpg,0.323,703.4,166.4,712.7,180.6
online_match_01/frame_0404.jpg,data\frames_dense\online_match_01\frame_0404.jpg,0.601,834.1,171.4,843.5,187.5
online_match_01/frame_0404.jpg,data\frames_dense\online_match_01\frame_0404.jpg,0.388,623.2,174.8,634.4,188.3
online_match_01/frame_0405.jpg,data\frames_dense\online_match_01\frame_0405.jpg,0.447,774.2,174.6,785.0,188.7
online_match_01/frame_0405.jpg,data\frames_dense\online_match_01\frame_0405.jpg,0.392,564.7,172.9,578.8,187.6
online_match_01/frame_0406.jpg,data\frames_dense\online_match_01\frame_0406.jpg,0.409,700.9,174.2,712.1,187.3
online_match_01/frame_0407.jpg,data\frames_dense\online_match_01\frame_0407.jpg,0.33,632.0,173.1,643.8,186.8
online_match_01/frame_0408.jpg,data\frames_dense\online_match_01\frame_0408.jpg,0.647,599.6,169.1,608.2,182.1
online_match_01/frame_0409.jpg,data\frames_dense\online_match_01\frame_0409.jpg,0.649,598.7,166.6,608.1,179.0
online_match_01/frame_0410.jpg,data\frames_dense\online_match_01\frame_0410.jpg,0.734,597.2,164.5,606.8,178.2
online_match_01/frame_0411.jpg,data\frames_dense\online_match_01\frame_0411.jpg,0.292,86.1,216.7,95.1,226.6
online_match_01/frame_0411.jpg,data\frames_dense\online_match_01\frame_0411.jpg,0.262,599.2,161.0,607.5,176.9
online_match_01/frame_0412.jpg,data\frames_dense\online_match_01\frame_0412.jpg,0.569,600.0,158.6,610.6,173.3
online_match_01/frame_0412.jpg,data\frames_dense\online_match_01\frame_0412.jpg,0.498,85.2,215.2,94.4,226.1
online_match_01/frame_0413.jpg,data\frames_dense\online_match_01\frame_0413.jpg,0.774,612.8,157.9,622.7,173.5
online_match_01/frame_0414.jpg,data\frames_dense\online_match_01\frame_0414.jpg,0.756,637.3,157.8,648.0,172.0
online_match_01/frame_0415.jpg,data\frames_dense\online_match_01\frame_0415.jpg,0.744,691.5,158.2,703.0,172.5
online_match_01/frame_0415.jpg,data\frames_dense\online_match_01\frame_0415.jpg,0.526,182.4,209.0,191.5,225.1
online_match_01/frame_0415.jpg,data\frames_dense\online_match_01\frame_0415.jpg,0.252,47.4,124.0,58.6,136.2
online_match_01/frame_0416.jpg,data\frames_dense\online_match_01\frame_0416.jpg,0.8,718.2,156.5,728.6,171.9
online_match_01/frame_0417.jpg,data\frames_dense\online_match_01\frame_0417.jpg,0.811,735.8,157.2,745.5,172.8
online_match_01/frame_0418.jpg,data\frames_dense\online_match_01\frame_0418.jpg,0.81,742.4,157.0,752.6,173.7
online_match_01/frame_0419.jpg,data\frames_dense\online_match_01\frame_0419.jpg,0.763,749.3,157.4,760.0,172.1
online_match_01/frame_0419.jpg,data\frames_dense\online_match_01\frame_0419.jpg,0.489,576.7,147.2,586.4,163.4
online_match_01/frame_0420.jpg,data\frames_dense\online_match_01\frame_0420.jpg,0.785,757.0,157.1,766.4,173.6
online_match_01/frame_0421.jpg,data\frames_dense\online_match_01\frame_0421.jpg,0.794,757.9,157.3,767.7,173.7
online_match_01/frame_0421.jpg,data\frames_dense\online_match_01\frame_0421.jpg,0.268,256.4,207.5,264.6,222.4
online_match_01/frame_0422.jpg,data\frames_dense\online_match_01\frame_0422.jpg,0.792,759.2,156.7,768.7,174.0
online_match_01/frame_0422.jpg,data\frames_dense\online_match_01\frame_0422.jpg,0.386,258.0,207.6,265.4,222.5
online_match_01/frame_0423.jpg,data\frames_dense\online_match_01\frame_0423.jpg,0.786,760.0,156.1,769.8,173.3
online_match_01/frame_0424.jpg,data\frames_dense\online_match_01\frame_0424.jpg,0.754,760.0,156.1,770.6,173.0
online_match_01/frame_0425.jpg,data\frames_dense\online_match_01\frame_0425.jpg,0.789,760.0,155.7,770.1,173.1
online_match_01/frame_0425.jpg,data\frames_dense\online_match_01\frame_0425.jpg,0.465,258.9,209.5,267.0,224.8
online_match_01/frame_0425.jpg,data\frames_dense\online_match_01\frame_0425.jpg,0.268,258.0,207.8,265.4,223.1
online_match_01/frame_0426.jpg,data\frames_dense\online_match_01\frame_0426.jpg,0.787,759.9,156.2,769.8,173.2
online_match_01/frame_0426.jpg,data\frames_dense\online_match_01\frame_0426.jpg,0.37,258.9,210.0,267.0,225.0
online_match_01/frame_0427.jpg,data\frames_dense\online_match_01\frame_0427.jpg,0.545,759.5,159.1,768.6,174.7
online_match_01/frame_0427.jpg,data\frames_dense\online_match_01\frame_0427.jpg,0.42,259.6,214.2,269.1,226.4
online_match_01/frame_0427.jpg,data\frames_dense\online_match_01\frame_0427.jpg,0.261,609.4,472.4,639.2,517.6
online_match_01/frame_0428.jpg,data\frames_dense\online_match_01\frame_0428.jpg,0.784,759.6,161.8,769.6,179.2
online_match_01/frame_0428.jpg,data\frames_dense\online_match_01\frame_0428.jpg,0.668,260.1,217.1,269.2,230.1
online_match_01/frame_0429.jpg,data\frames_dense\online_match_01\frame_0429.jpg,0.705,759.9,161.9,769.1,178.6
online_match_01/frame_0429.jpg,data\frames_dense\online_match_01\frame_0429.jpg,0.689,260.5,219.4,269.0,232.6
online_match_01/frame_0430.jpg,data\frames_dense\online_match_01\frame_0430.jpg,0.72,260.9,220.5,269.2,233.3
online_match_01/frame_0430.jpg,data\frames_dense\online_match_01\frame_0430.jpg,0.416,759.7,162.8,768.5,178.0
online_match_01/frame_0431.jpg,data\frames_dense\online_match_01\frame_0431.jpg,0.737,261.8,221.0,270.7,233.3
online_match_01/frame_0432.jpg,data\frames_dense\online_match_01\frame_0432.jpg,0.726,264.0,221.9,273.9,235.0
online_match_01/frame_0432.jpg,data\frames_dense\online_match_01\frame_0432.jpg,0.583,760.0,170.8,771.6,188.2
online_match_01/frame_0433.jpg,data\frames_dense\online_match_01\frame_0433.jpg,0.705,760.0,172.2,772.3,191.0
online_match_01/frame_0433.jpg,data\frames_dense\online_match_01\frame_0433.jpg,0.608,501.8,151.2,512.2,168.0
online_match_01/frame_0433.jpg,data\frames_dense\online_match_01\frame_0433.jpg,0.393,264.0,221.9,275.5,236.8
online_match_01/frame_0433.jpg,data\frames_dense\online_match_01\frame_0433.jpg,0.37,762.1,172.8,776.0,190.9
online_match_01/frame_0434.jpg,data\frames_dense\online_match_01\frame_0434.jpg,0.569,759.9,175.7,771.2,193.7
online_match_01/frame_0435.jpg,data\frames_dense\online_match_01\frame_0435.jpg,0.434,759.6,177.5,769.3,193.8
online_match_01/frame_0436.jpg,data\frames_dense\online_match_01\frame_0436.jpg,0.569,675.1,411.5,708.8,452.8
online_match_01/frame_0436.jpg,data\frames_dense\online_match_01\frame_0436.jpg,0.526,275.2,228.7,283.7,241.8
online_match_01/frame_0437.jpg,data\frames_dense\online_match_01\frame_0437.jpg,0.533,680.0,403.6,715.2,434.9
online_match_01/frame_0437.jpg,data\frames_dense\online_match_01\frame_0437.jpg,0.517,276.3,229.8,286.4,243.1
online_match_01/frame_0438.jpg,data\frames_dense\online_match_01\frame_0438.jpg,0.457,695.3,186.1,705.0,200.1
online_match_01/frame_0443.jpg,data\frames_dense\online_match_01\frame_0443.jpg,0.541,504.0,189.5,515.4,205.9
online_match_01/frame_0443.jpg,data\frames_dense\online_match_01\frame_0443.jpg,0.533,285.7,238.3,296.1,251.3
online_match_01/frame_0443.jpg,data\frames_dense\online_match_01\frame_0443.jpg,0.467,592.4,180.1,602.1,196.5
online_match_01/frame_0444.jpg,data\frames_dense\online_match_01\frame_0444.jpg,0.57,289.5,239.2,296.9,253.5
online_match_01/frame_0445.jpg,data\frames_dense\online_match_01\frame_0445.jpg,0.417,292.5,243.7,301.7,257.9
online_match_01/frame_0447.jpg,data\frames_dense\online_match_01\frame_0447.jpg,0.544,184.0,173.1,194.6,186.8
online_match_01/frame_0448.jpg,data\frames_dense\online_match_01\frame_0448.jpg,0.466,187.9,174.8,200.0,189.9
online_match_01/frame_0448.jpg,data\frames_dense\online_match_01\frame_0448.jpg,0.435,184.0,174.4,196.6,189.7
online_match_01/frame_0449.jpg,data\frames_dense\online_match_01\frame_0449.jpg,0.347,296.0,247.7,307.2,259.1
online_match_01/frame_0450.jpg,data\frames_dense\online_match_01\frame_0450.jpg,0.44,694.5,205.9,703.9,220.2
online_match_01/frame_0451.jpg,data\frames_dense\online_match_01\frame_0451.jpg,0.78,596.8,196.4,605.9,212.4
online_match_01/frame_0452.jpg,data\frames_dense\online_match_01\frame_0452.jpg,0.352,596.7,197.3,605.5,212.6
online_match_01/frame_0455.jpg,data\frames_dense\online_match_01\frame_0455.jpg,0.688,600.0,206.7,610.2,221.9
online_match_01/frame_0458.jpg,data\frames_dense\online_match_01\frame_0458.jpg,0.315,361.3,0.0,377.4,14.4
online_match_01/frame_0459.jpg,data\frames_dense\online_match_01\frame_0459.jpg,0.39,698.1,4.6,716.0,20.3
online_match_01/frame_0460.jpg,data\frames_dense\online_match_01\frame_0460.jpg,0.61,605.4,218.3,616.0,234.9
online_match_01/frame_0460.jpg,data\frames_dense\online_match_01\frame_0460.jpg,0.261,239.8,207.2,248.4,220.4
online_match_01/frame_0461.jpg,data\frames_dense\online_match_01\frame_0461.jpg,0.714,605.9,222.4,616.0,237.5
online_match_01/frame_0461.jpg,data\frames_dense\online_match_01\frame_0461.jpg,0.538,1081.7,10.3,1099.4,26.3
online_match_01/frame_0462.jpg,data\frames_dense\online_match_01\frame_0462.jpg,0.443,447.2,20.6,463.2,36.9
online_match_01/frame_0462.jpg,data\frames_dense\online_match_01\frame_0462.jpg,0.392,606.6,223.4,616.1,238.5
online_match_01/frame_0462.jpg,data\frames_dense\online_match_01\frame_0462.jpg,0.355,375.7,19.2,391.0,33.8
online_match_01/frame_0462.jpg,data\frames_dense\online_match_01\frame_0462.jpg,0.342,697.2,21.8,713.9,37.4
online_match_01/frame_0463.jpg,data\frames_dense\online_match_01\frame_0463.jpg,0.361,379.4,24.7,395.2,41.0
online_match_01/frame_0464.jpg,data\frames_dense\online_match_01\frame_0464.jpg,0.686,379.5,25.5,395.5,41.9
online_match_01/frame_0464.jpg,data\frames_dense\online_match_01\frame_0464.jpg,0.359,695.9,28.3,708.6,44.5
online_match_01/frame_0464.jpg,data\frames_dense\online_match_01\frame_0464.jpg,0.318,314.0,24.9,330.8,41.1
online_match_01/frame_0465.jpg,data\frames_dense\online_match_01\frame_0465.jpg,0.605,379.9,25.2,395.7,41.3
online_match_01/frame_0465.jpg,data\frames_dense\online_match_01\frame_0465.jpg,0.374,314.6,24.7,330.8,40.8
online_match_01/frame_0466.jpg,data\frames_dense\online_match_01\frame_0466.jpg,0.683,379.9,25.0,395.7,41.5
online_match_01/frame_0466.jpg,data\frames_dense\online_match_01\frame_0466.jpg,0.424,314.2,24.7,330.8,40.9
online_match_01/frame_0466.jpg,data\frames_dense\online_match_01\frame_0466.jpg,0.258,695.8,28.0,708.5,43.7
online_match_01/frame_0467.jpg,data\frames_dense\online_match_01\frame_0467.jpg,0.668,380.4,25.1,395.3,41.4
online_match_01/frame_0467.jpg,data\frames_dense\online_match_01\frame_0467.jpg,0.558,314.7,24.4,330.9,40.9
online_match_01/frame_0468.jpg,data\frames_dense\online_match_01\frame_0468.jpg,0.638,380.4,25.1,395.3,41.3
online_match_01/frame_0468.jpg,data\frames_dense\online_match_01\frame_0468.jpg,0.637,1057.4,343.4,1089.7,366.6
online_match_01/frame_0468.jpg,data\frames_dense\online_match_01\frame_0468.jpg,0.525,314.8,24.5,330.8,41.0
online_match_01/frame_0469.jpg,data\frames_dense\online_match_01\frame_0469.jpg,0.675,380.4,24.9,395.4,41.2
online_match_01/frame_0469.jpg,data\frames_dense\online_match_01\frame_0469.jpg,0.562,314.9,24.4,330.9,40.7
online_match_01/frame_0469.jpg,data\frames_dense\online_match_01\frame_0469.jpg,0.53,1057.5,343.6,1089.0,365.9
online_match_01/frame_0469.jpg,data\frames_dense\online_match_01\frame_0469.jpg,0.27,301.7,375.4,318.7,388.8
online_match_01/frame_0470.jpg,data\frames_dense\online_match_01\frame_0470.jpg,0.609,380.5,25.0,396.0,41.1
online_match_01/frame_0470.jpg,data\frames_dense\online_match_01\frame_0470.jpg,0.558,315.3,24.0,331.4,40.8
online_match_01/frame_0470.jpg,data\frames_dense\online_match_01\frame_0470.jpg,0.543,1057.9,344.6,1087.7,365.5
online_match_01/frame_0472.jpg,data\frames_dense\online_match_01\frame_0472.jpg,0.671,571.3,572.8,594.7,593.6
online_match_01/frame_0473.jpg,data\frames_dense\online_match_01\frame_0473.jpg,0.75,571.1,572.1,594.7,594.7
online_match_01/frame_0474.jpg,data\frames_dense\online_match_01\frame_0474.jpg,0.762,570.8,571.7,594.7,594.4
online_match_01/frame_0475.jpg,data\frames_dense\online_match_01\frame_0475.jpg,0.779,569.8,571.4,594.7,594.1
online_match_01/frame_0476.jpg,data\frames_dense\online_match_01\frame_0476.jpg,0.778,570.0,571.5,594.7,594.3
online_match_01/frame_0477.jpg,data\frames_dense\online_match_01\frame_0477.jpg,0.775,570.0,571.6,594.9,594.3
online_match_01/frame_0478.jpg,data\frames_dense\online_match_01\frame_0478.jpg,0.78,569.4,571.5,594.5,594.4
online_match_01/frame_0479.jpg,data\frames_dense\online_match_01\frame_0479.jpg,0.78,569.4,571.7,594.3,594.7
online_match_01/frame_0480.jpg,data\frames_dense\online_match_01\frame_0480.jpg,0.78,569.3,571.6,594.2,594.6
online_match_01/frame_0481.jpg,data\frames_dense\online_match_01\frame_0481.jpg,0.78,569.2,571.5,594.3,594.4
online_match_01/frame_0482.jpg,data\frames_dense\online_match_01\frame_0482.jpg,0.599,568.8,570.0,594.9,590.6
online_match_01/frame_0483.jpg,data\frames_dense\online_match_01\frame_0483.jpg,0.605,569.1,570.1,594.9,590.8
online_match_01/frame_0484.jpg,data\frames_dense\online_match_01\frame_0484.jpg,0.65,568.7,570.3,594.3,591.0
online_match_01/frame_0485.jpg,data\frames_dense\online_match_01\frame_0485.jpg,0.639,568.7,570.3,593.9,591.1
online_match_01/frame_0486.jpg,data\frames_dense\online_match_01\frame_0486.jpg,0.675,568.7,570.4,594.1,591.2
online_match_01/frame_0487.jpg,data\frames_dense\online_match_01\frame_0487.jpg,0.657,568.8,570.3,594.3,591.0
online_match_01/frame_0488.jpg,data\frames_dense\online_match_01\frame_0488.jpg,0.646,568.8,570.3,594.2,590.9
online_match_01/frame_0489.jpg,data\frames_dense\online_match_01\frame_0489.jpg,0.711,403.8,346.4,418.2,364.2
online_match_01/frame_0489.jpg,data\frames_dense\online_match_01\frame_0489.jpg,0.686,568.5,570.4,594.2,591.3
online_match_01/frame_0489.jpg,data\frames_dense\online_match_01\frame_0489.jpg,0.517,760.0,347.3,771.3,366.3
online_match_01/frame_0489.jpg,data\frames_dense\online_match_01\frame_0489.jpg,0.315,883.0,347.8,896.7,366.0
online_match_01/frame_0490.jpg,data\frames_dense\online_match_01\frame_0490.jpg,0.71,568.3,570.2,594.7,591.1
online_match_01/frame_0490.jpg,data\frames_dense\online_match_01\frame_0490.jpg,0.599,403.1,346.3,418.0,364.1
online_match_01/frame_0490.jpg,data\frames_dense\online_match_01\frame_0490.jpg,0.575,759.9,347.5,771.5,366.2
online_match_01/frame_0490.jpg,data\frames_dense\online_match_01\frame_0490.jpg,0.324,882.9,347.8,896.5,365.4
online_match_01/frame_0491.jpg,data\frames_dense\online_match_01\frame_0491.jpg,0.717,568.3,570.2,594.7,591.1
online_match_01/frame_0491.jpg,data\frames_dense\online_match_01\frame_0491.jpg,0.575,403.1,346.4,418.1,364.2
online_match_01/frame_0491.jpg,data\frames_dense\online_match_01\frame_0491.jpg,0.453,759.9,347.2,773.0,365.9
online_match_01/frame_0491.jpg,data\frames_dense\online_match_01\frame_0491.jpg,0.29,883.0,348.1,896.9,365.8
online_match_01/frame_0492.jpg,data\frames_dense\online_match_01\frame_0492.jpg,0.742,568.3,570.3,594.7,591.4
online_match_01/frame_0492.jpg,data\frames_dense\online_match_01\frame_0492.jpg,0.717,883.9,349.6,896.5,366.9
online_match_01/frame_0492.jpg,data\frames_dense\online_match_01\frame_0492.jpg,0.395,762.6,348.9,776.4,365.8
online_match_01/frame_0492.jpg,data\frames_dense\online_match_01\frame_0492.jpg,0.364,760.0,349.2,773.2,365.5
online_match_01/frame_0492.jpg,data\frames_dense\online_match_01\frame_0492.jpg,0.31,33.0,439.7,64.0,467.6
online_match_01/frame_0493.jpg,data\frames_dense\online_match_01\frame_0493.jpg,0.753,568.3,570.3,594.6,591.5
online_match_01/frame_0494.jpg,data\frames_dense\online_match_01\frame_0494.jpg,0.743,568.2,570.4,594.5,591.6
online_match_01/frame_0495.jpg,data\frames_dense\online_match_01\frame_0495.jpg,0.746,568.3,570.4,594.5,591.5
online_match_01/frame_0496.jpg,data\frames_dense\online_match_01\frame_0496.jpg,0.748,568.4,570.3,594.6,591.5
online_match_01/frame_0497.jpg,data\frames_dense\online_match_01\frame_0497.jpg,0.745,568.5,570.3,594.6,591.5
online_match_01/frame_0498.jpg,data\frames_dense\online_match_01\frame_0498.jpg,0.75,568.5,570.3,594.5,591.6
online_match_02/frame_0000.jpg,data\frames_dense\online_match_02\frame_0000.jpg,0.671,311.7,84.6,322.5,102.4
online_match_02/frame_0000.jpg,data\frames_dense\online_match_02\frame_0000.jpg,0.277,311.9,50.8,323.7,67.9
online_match_02/frame_0001.jpg,data\frames_dense\online_match_02\frame_0001.jpg,0.675,311.6,84.6,322.5,102.5
online_match_02/frame_0001.jpg,data\frames_dense\online_match_02\frame_0001.jpg,0.286,311.8,50.8,323.7,67.9
online_match_02/frame_0002.jpg,data\frames_dense\online_match_02\frame_0002.jpg,0.688,311.6,84.6,322.5,102.5
online_match_02/frame_0002.jpg,data\frames_dense\online_match_02\frame_0002.jpg,0.314,311.8,50.8,323.7,67.9
online_match_02/frame_0003.jpg,data\frames_dense\online_match_02\frame_0003.jpg,0.71,311.6,84.5,322.5,102.8
online_match_02/frame_0003.jpg,data\frames_dense\online_match_02\frame_0003.jpg,0.32,311.9,50.7,323.8,67.7
online_match_02/frame_0004.jpg,data\frames_dense\online_match_02\frame_0004.jpg,0.708,311.6,84.5,322.5,102.8
online_match_02/frame_0004.jpg,data\frames_dense\online_match_02\frame_0004.jpg,0.309,311.9,50.7,323.8,67.7
online_match_02/frame_0005.jpg,data\frames_dense\online_match_02\frame_0005.jpg,0.706,311.6,84.5,322.6,102.8
online_match_02/frame_0005.jpg,data\frames_dense\online_match_02\frame_0005.jpg,0.305,311.9,50.7,323.8,67.7
online_match_02/frame_0006.jpg,data\frames_dense\online_match_02\frame_0006.jpg,0.663,311.5,84.6,322.5,103.0
online_match_02/frame_0006.jpg,data\frames_dense\online_match_02\frame_0006.jpg,0.316,311.9,50.7,324.0,68.1
online_match_02/frame_0007.jpg,data\frames_dense\online_match_02\frame_0007.jpg,0.663,311.5,84.6,322.5,103.0
online_match_02/frame_0007.jpg,data\frames_dense\online_match_02\frame_0007.jpg,0.331,311.9,50.7,324.0,68.1
online_match_02/frame_0008.jpg,data\frames_dense\online_match_02\frame_0008.jpg,0.565,311.5,85.1,322.4,102.9
online_match_02/frame_0008.jpg,data\frames_dense\online_match_02\frame_0008.jpg,0.36,311.9,50.6,324.1,68.0
online_match_02/frame_0009.jpg,data\frames_dense\online_match_02\frame_0009.jpg,0.647,311.4,84.9,322.4,103.1
online_match_02/frame_0009.jpg,data\frames_dense\online_match_02\frame_0009.jpg,0.312,311.9,50.7,324.1,67.8
online_match_02/frame_0010.jpg,data\frames_dense\online_match_02\frame_0010.jpg,0.642,311.5,84.9,322.5,103.3
online_match_02/frame_0010.jpg,data\frames_dense\online_match_02\frame_0010.jpg,0.334,311.9,50.6,324.1,67.8
online_match_02/frame_0011.jpg,data\frames_dense\online_match_02\frame_0011.jpg,0.631,311.4,84.9,322.5,103.4
online_match_02/frame_0011.jpg,data\frames_dense\online_match_02\frame_0011.jpg,0.296,311.9,50.6,324.2,67.9
online_match_02/frame_0012.jpg,data\frames_dense\online_match_02\frame_0012.jpg,0.633,311.5,84.9,322.5,103.3
online_match_02/frame_0012.jpg,data\frames_dense\online_match_02\frame_0012.jpg,0.326,311.9,50.6,324.2,67.9
online_match_02/frame_0013.jpg,data\frames_dense\online_match_02\frame_0013.jpg,0.622,311.5,84.9,322.5,103.2
online_match_02/frame_0013.jpg,data\frames_dense\online_match_02\frame_0013.jpg,0.327,311.9,50.5,324.2,67.8
online_match_02/frame_0014.jpg,data\frames_dense\online_match_02\frame_0014.jpg,0.559,311.6,84.7,322.5,103.1
online_match_02/frame_0014.jpg,data\frames_dense\online_match_02\frame_0014.jpg,0.332,311.9,50.6,324.1,68.2
online_match_02/frame_0015.jpg,data\frames_dense\online_match_02\frame_0015.jpg,0.526,311.4,84.5,322.4,103.2
online_match_02/frame_0016.jpg,data\frames_dense\online_match_02\frame_0016.jpg,0.517,311.4,84.6,322.2,103.2
online_match_02/frame_0017.jpg,data\frames_dense\online_match_02\frame_0017.jpg,0.536,311.3,84.6,322.2,103.2
online_match_02/frame_0018.jpg,data\frames_dense\online_match_02\frame_0018.jpg,0.538,311.3,84.6,322.2,103.2
online_match_02/frame_0019.jpg,data\frames_dense\online_match_02\frame_0019.jpg,0.529,311.3,84.7,322.2,103.2
online_match_02/frame_0020.jpg,data\frames_dense\online_match_02\frame_0020.jpg,0.573,311.2,84.6,322.1,103.4
online_match_02/frame_0021.jpg,data\frames_dense\online_match_02\frame_0021.jpg,0.561,311.6,84.7,322.4,103.4
online_match_02/frame_0021.jpg,data\frames_dense\online_match_02\frame_0021.jpg,0.369,311.8,50.4,323.9,68.3
online_match_02/frame_0022.jpg,data\frames_dense\online_match_02\frame_0022.jpg,0.541,311.6,84.7,322.4,103.4
online_match_02/frame_0022.jpg,data\frames_dense\online_match_02\frame_0022.jpg,0.341,311.8,50.4,324.0,68.3
online_match_02/frame_0023.jpg,data\frames_dense\online_match_02\frame_0023.jpg,0.551,311.6,84.7,322.4,103.4
online_match_02/frame_0023.jpg,data\frames_dense\online_match_02\frame_0023.jpg,0.359,311.8,50.4,323.9,68.3
online_match_02/frame_0024.jpg,data\frames_dense\online_match_02\frame_0024.jpg,0.464,311.6,84.7,322.4,103.3
online_match_02/frame_0024.jpg,data\frames_dense\online_match_02\frame_0024.jpg,0.275,311.8,50.4,324.0,68.3
online_match_02/frame_0025.jpg,data\frames_dense\online_match_02\frame_0025.jpg,0.374,311.6,84.7,322.9,104.1
online_match_02/frame_0026.jpg,data\frames_dense\online_match_02\frame_0026.jpg,0.689,310.4,84.3,322.9,105.0
online_match_02/frame_0026.jpg,data\frames_dense\online_match_02\frame_0026.jpg,0.266,311.9,50.9,324.0,69.1
online_match_02/frame_0027.jpg,data\frames_dense\online_match_02\frame_0027.jpg,0.619,310.9,84.1,322.9,103.7
online_match_02/frame_0027.jpg,data\frames_dense\online_match_02\frame_0027.jpg,0.367,311.6,50.4,324.2,68.9
online_match_02/frame_0031.jpg,data\frames_dense\online_match_02\frame_0031.jpg,0.295,311.8,50.6,323.5,68.6
online_match_02/frame_0037.jpg,data\frames_dense\online_match_02\frame_0037.jpg,0.356,44.8,180.8,63.9,203.2
online_match_02/frame_0039.jpg,data\frames_dense\online_match_02\frame_0039.jpg,0.565,311.7,84.6,323.2,104.5
online_match_02/frame_0043.jpg,data\frames_dense\online_match_02\frame_0043.jpg,0.37,405.7,303.2,417.4,319.4
online_match_02/frame_0045.jpg,data\frames_dense\online_match_02\frame_0045.jpg,0.562,387.2,300.1,398.9,320.0
online_match_02/frame_0092.jpg,data\frames_dense\online_match_02\frame_0092.jpg,0.443,311.5,85.9,322.8,105.0
online_match_02/frame_0092.jpg,data\frames_dense\online_match_02\frame_0092.jpg,0.363,133.5,238.9,143.2,255.6
online_match_02/frame_0168.jpg,data\frames_dense\online_match_02\frame_0168.jpg,0.259,311.8,51.0,322.9,68.4
online_match_02/frame_0170.jpg,data\frames_dense\online_match_02\frame_0170.jpg,0.394,240.1,86.1,253.8,104.3
online_match_02/frame_0171.jpg,data\frames_dense\online_match_02\frame_0171.jpg,0.571,240.2,86.3,253.2,103.6
online_match_02/frame_0171.jpg,data\frames_dense\online_match_02\frame_0171.jpg,0.393,1193.7,5.6,1212.8,21.1
online_match_02/frame_0171.jpg,data\frames_dense\online_match_02\frame_0171.jpg,0.367,812.7,20.3,827.2,38.3
online_match_02/frame_0171.jpg,data\frames_dense\online_match_02\frame_0171.jpg,0.27,312.0,50.9,323.4,68.3
online_match_02/frame_0172.jpg,data\frames_dense\online_match_02\frame_0172.jpg,0.477,240.0,86.7,253.3,103.5
online_match_02/frame_0172.jpg,data\frames_dense\online_match_02\frame_0172.jpg,0.313,604.9,26.3,618.3,42.2
online_match_02/frame_0173.jpg,data\frames_dense\online_match_02\frame_0173.jpg,0.593,1147.2,21.0,1166.4,36.5
online_match_02/frame_0173.jpg,data\frames_dense\online_match_02\frame_0173.jpg,0.332,402.6,30.0,413.4,45.6
online_match_02/frame_0173.jpg,data\frames_dense\online_match_02\frame_0173.jpg,0.263,240.1,85.9,253.7,103.0
online_match_02/frame_0174.jpg,data\frames_dense\online_match_02\frame_0174.jpg,0.514,1137.9,23.4,1152.5,36.7
online_match_02/frame_0174.jpg,data\frames_dense\online_match_02\frame_0174.jpg,0.417,702.4,30.1,714.1,44.8
online_match_02/frame_0175.jpg,data\frames_dense\online_match_02\frame_0175.jpg,0.312,186.6,26.9,201.9,40.2
online_match_02/frame_0176.jpg,data\frames_dense\online_match_02\frame_0176.jpg,0.33,240.5,86.1,253.3,102.3
online_match_02/frame_0176.jpg,data\frames_dense\online_match_02\frame_0176.jpg,0.286,311.7,86.3,322.4,104.7
online_match_02/frame_0177.jpg,data\frames_dense\online_match_02\frame_0177.jpg,0.374,311.7,86.3,322.4,104.7
online_match_02/frame_0177.jpg,data\frames_dense\online_match_02\frame_0177.jpg,0.317,240.7,85.8,253.1,102.1
online_match_02/frame_0178.jpg,data\frames_dense\online_match_02\frame_0178.jpg,0.376,311.7,86.3,322.4,104.7
online_match_02/frame_0178.jpg,data\frames_dense\online_match_02\frame_0178.jpg,0.291,240.7,85.8,253.1,102.1
online_match_02/frame_0179.jpg,data\frames_dense\online_match_02\frame_0179.jpg,0.387,311.7,86.3,322.4,104.7
online_match_02/frame_0179.jpg,data\frames_dense\online_match_02\frame_0179.jpg,0.315,240.8,85.8,253.1,102.1
online_match_02/frame_0180.jpg,data\frames_dense\online_match_02\frame_0180.jpg,0.334,311.7,86.3,322.4,104.7
online_match_02/frame_0180.jpg,data\frames_dense\online_match_02\frame_0180.jpg,0.283,240.7,85.8,253.2,102.1
online_match_02/frame_0181.jpg,data\frames_dense\online_match_02\frame_0181.jpg,0.332,311.7,86.3,322.4,104.7
online_match_02/frame_0181.jpg,data\frames_dense\online_match_02\frame_0181.jpg,0.311,240.8,85.8,253.1,102.1
online_match_02/frame_0182.jpg,data\frames_dense\online_match_02\frame_0182.jpg,0.522,240.7,85.9,253.9,103.0
online_match_02/frame_0182.jpg,data\frames_dense\online_match_02\frame_0182.jpg,0.505,311.8,85.8,322.4,104.4
online_match_02/frame_0182.jpg,data\frames_dense\online_match_02\frame_0182.jpg,0.313,165.1,255.7,174.3,270.9
online_match_02/frame_0183.jpg,data\frames_dense\online_match_02\frame_0183.jpg,0.537,311.8,85.8,322.4,104.4
online_match_02/frame_0183.jpg,data\frames_dense\online_match_02\frame_0183.jpg,0.516,240.8,85.9,253.9,103.0
online_match_02/frame_0183.jpg,data\frames_dense\online_match_02\frame_0183.jpg,0.312,164.8,255.7,173.6,271.0
online_match_02/frame_0184.jpg,data\frames_dense\online_match_02\frame_0184.jpg,0.54,240.8,85.9,253.8,103.0
online_match_02/frame_0184.jpg,data\frames_dense\online_match_02\frame_0184.jpg,0.526,311.8,85.8,322.4,104.4
online_match_02/frame_0184.jpg,data\frames_dense\online_match_02\frame_0184.jpg,0.402,164.6,257.3,174.2,273.2
online_match_02/frame_0185.jpg,data\frames_dense\online_match_02\frame_0185.jpg,0.537,240.7,85.9,253.9,103.0
online_match_02/frame_0185.jpg,data\frames_dense\online_match_02\frame_0185.jpg,0.528,311.8,85.9,322.4,104.5
online_match_02/frame_0185.jpg,data\frames_dense\online_match_02\frame_0185.jpg,0.383,164.8,257.5,174.4,273.2
online_match_02/frame_0186.jpg,data\frames_dense\online_match_02\frame_0186.jpg,0.482,240.8,85.8,253.9,102.7
online_match_02/frame_0186.jpg,data\frames_dense\online_match_02\frame_0186.jpg,0.442,311.7,86.0,322.2,104.5
online_match_02/frame_0187.jpg,data\frames_dense\online_match_02\frame_0187.jpg,0.339,698.9,31.4,712.0,46.4
online_match_02/frame_0187.jpg,data\frames_dense\online_match_02\frame_0187.jpg,0.307,240.6,85.6,253.5,101.8
online_match_02/frame_0188.jpg,data\frames_dense\online_match_02\frame_0188.jpg,0.461,699.8,31.3,712.1,46.1
online_match_02/frame_0188.jpg,data\frames_dense\online_match_02\frame_0188.jpg,0.327,1132.1,23.7,1147.2,36.9
online_match_02/frame_0188.jpg,data\frames_dense\online_match_02\frame_0188.jpg,0.322,311.8,86.2,322.2,104.3
online_match_02/frame_0188.jpg,data\frames_dense\online_match_02\frame_0188.jpg,0.263,240.5,85.7,253.5,101.7
online_match_02/frame_0189.jpg,data\frames_dense\online_match_02\frame_0189.jpg,0.506,700.3,31.2,712.1,46.0
online_match_02/frame_0189.jpg,data\frames_dense\online_match_02\frame_0189.jpg,0.376,240.7,85.6,253.6,101.9
online_match_02/frame_0189.jpg,data\frames_dense\online_match_02\frame_0189.jpg,0.339,311.8,86.2,322.2,104.3
online_match_02/frame_0189.jpg,data\frames_dense\online_match_02\frame_0189.jpg,0.293,1132.5,23.3,1148.0,36.8
online_match_02/frame_0190.jpg,data\frames_dense\online_match_02\frame_0190.jpg,0.501,700.2,31.2,712.1,45.8
online_match_02/frame_0190.jpg,data\frames_dense\online_match_02\frame_0190.jpg,0.366,240.7,85.6,254.0,102.2
online_match_02/frame_0190.jpg,data\frames_dense\online_match_02\frame_0190.jpg,0.255,1132.5,23.3,1148.3,36.4
online_match_02/frame_0191.jpg,data\frames_dense\online_match_02\frame_0191.jpg,0.548,700.6,31.1,712.1,45.7
online_match_02/frame_0191.jpg,data\frames_dense\online_match_02\frame_0191.jpg,0.377,1132.9,23.3,1148.8,36.7
online_match_02/frame_0191.jpg,data\frames_dense\online_match_02\frame_0191.jpg,0.35,240.6,85.6,254.0,102.2
online_match_02/frame_0192.jpg,data\frames_dense\online_match_02\frame_0192.jpg,0.559,700.7,31.1,712.1,45.6
online_match_02/frame_0192.jpg,data\frames_dense\online_match_02\frame_0192.jpg,0.402,1132.9,23.2,1149.0,36.7
online_match_02/frame_0192.jpg,data\frames_dense\online_match_02\frame_0192.jpg,0.311,240.4,85.9,254.0,101.9
online_match_02/frame_0193.jpg,data\frames_dense\online_match_02\frame_0193.jpg,0.577,700.6,31.1,712.1,45.6
online_match_02/frame_0193.jpg,data\frames_dense\online_match_02\frame_0193.jpg,0.356,240.4,85.9,253.6,102.0
online_match_02/frame_0193.jpg,data\frames_dense\online_match_02\frame_0193.jpg,0.352,1133.4,23.2,1148.7,36.7
online_match_02/frame_0194.jpg,data\frames_dense\online_match_02\frame_0194.jpg,0.614,311.8,84.4,322.0,103.5
online_match_02/frame_0194.jpg,data\frames_dense\online_match_02\frame_0194.jpg,0.562,700.6,31.1,712.1,45.5
online_match_02/frame_0194.jpg,data\frames_dense\online_match_02\frame_0194.jpg,0.386,1133.6,23.2,1148.9,36.7
online_match_02/frame_0195.jpg,data\frames_dense\online_match_02\frame_0195.jpg,0.636,311.8,84.5,321.9,103.7
online_match_02/frame_0195.jpg,data\frames_dense\online_match_02\frame_0195.jpg,0.546,700.9,31.0,712.1,45.3
online_match_02/frame_0195.jpg,data\frames_dense\online_match_02\frame_0195.jpg,0.344,1134.1,23.4,1149.1,36.7
online_match_02/frame_0196.jpg,data\frames_dense\online_match_02\frame_0196.jpg,0.685,311.8,84.3,321.9,103.3
online_match_02/frame_0196.jpg,data\frames_dense\online_match_02\frame_0196.jpg,0.482,700.1,30.8,712.1,45.0
online_match_02/frame_0196.jpg,data\frames_dense\online_match_02\frame_0196.jpg,0.46,1132.2,22.7,1148.4,36.3
online_match_02/frame_0197.jpg,data\frames_dense\online_match_02\frame_0197.jpg,0.471,311.8,84.5,322.1,103.7
online_match_02/frame_0198.jpg,data\frames_dense\online_match_02\frame_0198.jpg,0.404,311.9,84.5,322.8,103.9
online_match_02/frame_0198.jpg,data\frames_dense\online_match_02\frame_0198.jpg,0.321,1120.0,23.9,1134.3,36.9
online_match_02/frame_0199.jpg,data\frames_dense\online_match_02\frame_0199.jpg,0.264,311.9,84.2,323.3,104.1
online_match_02/frame_0200.jpg,data\frames_dense\online_match_02\frame_0200.jpg,0.575,311.8,84.0,322.7,103.8
online_match_02/frame_0200.jpg,data\frames_dense\online_match_02\frame_0200.jpg,0.459,669.0,30.8,680.6,45.1
online_match_02/frame_0201.jpg,data\frames_dense\online_match_02\frame_0201.jpg,0.695,311.7,84.5,322.9,104.3
online_match_02/frame_0201.jpg,data\frames_dense\online_match_02\frame_0201.jpg,0.46,1079.9,26.5,1092.0,41.3
online_match_02/frame_0201.jpg,data\frames_dense\online_match_02\frame_0201.jpg,0.425,1015.7,27.7,1028.1,41.6
online_match_02/frame_0201.jpg,data\frames_dense\online_match_02\frame_0201.jpg,0.289,656.4,31.0,668.4,45.8
online_match_02/frame_0202.jpg,data\frames_dense\online_match_02\frame_0202.jpg,0.51,1063.6,27.8,1075.8,43.0
online_match_02/frame_0202.jpg,data\frames_dense\online_match_02\frame_0202.jpg,0.494,311.9,84.9,323.3,104.8
online_match_02/frame_0203.jpg,data\frames_dense\online_match_02\frame_0203.jpg,0.563,311.9,84.7,323.1,104.7
online_match_02/frame_0203.jpg,data\frames_dense\online_match_02\frame_0203.jpg,0.291,632.0,31.0,643.8,46.9
online_match_02/frame_0203.jpg,data\frames_dense\online_match_02\frame_0203.jpg,0.256,1047.9,29.8,1062.4,43.9
online_match_02/frame_0204.jpg,data\frames_dense\online_match_02\frame_0204.jpg,0.443,1034.3,30.6,1048.9,45.9
online_match_02/frame_0204.jpg,data\frames_dense\online_match_02\frame_0204.jpg,0.395,620.2,31.4,632.1,46.0
online_match_02/frame_0204.jpg,data\frames_dense\online_match_02\frame_0204.jpg,0.318,311.9,84.1,323.2,104.1
online_match_02/frame_0206.jpg,data\frames_dense\online_match_02\frame_0206.jpg,0.631,311.5,83.9,323.3,104.9
online_match_02/frame_0208.jpg,data\frames_dense\online_match_02\frame_0208.jpg,0.351,311.8,83.9,323.1,104.2
online_match_02/frame_0209.jpg,data\frames_dense\online_match_02\frame_0209.jpg,0.474,223.4,27.5,235.8,41.5
online_match_02/frame_0210.jpg,data\frames_dense\online_match_02\frame_0210.jpg,0.326,212.2,28.4,224.0,42.2
online_match_02/frame_0211.jpg,data\frames_dense\online_match_02\frame_0211.jpg,0.327,196.7,30.1,208.2,44.1
online_match_02/frame_0213.jpg,data\frames_dense\online_match_02\frame_0213.jpg,0.638,311.6,84.4,322.5,103.6
online_match_02/frame_0214.jpg,data\frames_dense\online_match_02\frame_0214.jpg,0.568,311.6,84.8,322.4,103.3
online_match_02/frame_0214.jpg,data\frames_dense\online_match_02\frame_0214.jpg,0.438,163.0,29.5,176.1,43.9
online_match_02/frame_0215.jpg,data\frames_dense\online_match_02\frame_0215.jpg,0.459,156.1,29.9,169.3,42.8
online_match_02/frame_0215.jpg,data\frames_dense\online_match_02\frame_0215.jpg,0.427,311.7,84.6,322.8,103.6
online_match_02/frame_0216.jpg,data\frames_dense\online_match_02\frame_0216.jpg,0.589,311.8,84.4,322.7,103.6
online_match_02/frame_0216.jpg,data\frames_dense\online_match_02\frame_0216.jpg,0.343,151.8,27.5,163.4,42.6
online_match_02/frame_0217.jpg,data\frames_dense\online_match_02\frame_0217.jpg,0.559,311.9,84.6,322.7,103.4
online_match_02/frame_0218.jpg,data\frames_dense\online_match_02\frame_0218.jpg,0.574,886.5,51.2,898.1,65.8
online_match_02/frame_0218.jpg,data\frames_dense\online_match_02\frame_0218.jpg,0.44,311.9,84.9,322.7,103.4
online_match_02/frame_0219.jpg,data\frames_dense\online_match_02\frame_0219.jpg,0.362,311.9,85.1,322.5,103.3
online_match_02/frame_0220.jpg,data\frames_dense\online_match_02\frame_0220.jpg,0.418,311.9,85.0,322.5,103.1
online_match_02/frame_0221.jpg,data\frames_dense\online_match_02\frame_0221.jpg,0.434,880.8,52.1,893.6,66.3
online_match_02/frame_0221.jpg,data\frames_dense\online_match_02\frame_0221.jpg,0.298,311.8,84.5,322.4,102.8
online_match_02/frame_0222.jpg,data\frames_dense\online_match_02\frame_0222.jpg,0.637,311.7,84.7,322.8,104.1
online_match_02/frame_0223.jpg,data\frames_dense\online_match_02\frame_0223.jpg,0.691,311.7,84.6,322.9,104.2
online_match_02/frame_0224.jpg,data\frames_dense\online_match_02\frame_0224.jpg,0.705,311.7,84.7,322.9,104.3
online_match_02/frame_0225.jpg,data\frames_dense\online_match_02\frame_0225.jpg,0.7,311.7,84.6,323.0,104.3
online_match_02/frame_0226.jpg,data\frames_dense\online_match_02\frame_0226.jpg,0.683,311.7,84.6,322.9,104.1
online_match_02/frame_0227.jpg,data\frames_dense\online_match_02\frame_0227.jpg,0.682,311.7,84.6,322.9,104.1
online_match_02/frame_0228.jpg,data\frames_dense\online_match_02\frame_0228.jpg,0.625,311.8,85.0,322.9,103.6
online_match_02/frame_0228.jpg,data\frames_dense\online_match_02\frame_0228.jpg,0.306,881.0,51.7,892.4,65.9
online_match_02/frame_0229.jpg,data\frames_dense\online_match_02\frame_0229.jpg,0.529,311.3,83.9,323.3,104.6
online_match_02/frame_0230.jpg,data\frames_dense\online_match_02\frame_0230.jpg,0.509,311.2,84.3,322.9,104.6
online_match_02/frame_0230.jpg,data\frames_dense\online_match_02\frame_0230.jpg,0.462,52.4,16.6,79.6,33.9
online_match_02/frame_0230.jpg,data\frames_dense\online_match_02\frame_0230.jpg,0.445,940.1,34.6,958.9,50.3
online_match_02/frame_0230.jpg,data\frames_dense\online_match_02\frame_0230.jpg,0.29,997.7,36.0,1018.2,50.0
online_match_02/frame_0231.jpg,data\frames_dense\online_match_02\frame_0231.jpg,0.57,311.8,84.4,323.4,104.6
online_match_02/frame_0231.jpg,data\frames_dense\online_match_02\frame_0231.jpg,0.554,35.3,238.9,47.2,255.2
online_match_02/frame_0231.jpg,data\frames_dense\online_match_02\frame_0231.jpg,0.398,561.3,698.4,599.5,719.7
online_match_02/frame_0231.jpg,data\frames_dense\online_match_02\frame_0231.jpg,0.364,369.4,21.4,386.2,35.8
online_match_02/frame_0232.jpg,data\frames_dense\online_match_02\frame_0232.jpg,0.684,629.1,690.8,671.8,720.0
online_match_02/frame_0232.jpg,data\frames_dense\online_match_02\frame_0232.jpg,0.359,518.2,10.3,531.9,25.0
online_match_02/frame_0232.jpg,data\frames_dense\online_match_02\frame_0232.jpg,0.298,53.5,204.4,73.9,223.7
online_match_02/frame_0233.jpg,data\frames_dense\online_match_02\frame_0233.jpg,0.363,674.9,694.1,712.7,720.0
online_match_02/frame_0235.jpg,data\frames_dense\online_match_02\frame_0235.jpg,0.779,127.5,206.4,139.7,223.2
online_match_02/frame_0236.jpg,data\frames_dense\online_match_02\frame_0236.jpg,0.428,95.2,200.3,108.8,219.0
online_match_02/frame_0239.jpg,data\frames_dense\online_match_02\frame_0239.jpg,0.388,311.5,85.0,322.6,104.0
online_match_02/frame_0248.jpg,data\frames_dense\online_match_02\frame_0248.jpg,0.279,787.1,184.6,794.9,199.3
online_match_02/frame_0255.jpg,data\frames_dense\online_match_02\frame_0255.jpg,0.463,311.9,83.8,323.4,102.4
online_match_02/frame_0256.jpg,data\frames_dense\online_match_02\frame_0256.jpg,0.379,311.9,83.1,323.8,101.5
online_match_02/frame_0257.jpg,data\frames_dense\online_match_02\frame_0257.jpg,0.579,960.8,163.4,969.4,178.3
online_match_02/frame_0257.jpg,data\frames_dense\online_match_02\frame_0257.jpg,0.558,70.0,150.5,81.7,165.8
online_match_02/frame_0258.jpg,data\frames_dense\online_match_02\frame_0258.jpg,0.274,1221.0,181.7,1233.1,201.4
online_match_02/frame_0262.jpg,data\frames_dense\online_match_02\frame_0262.jpg,0.495,311.9,83.8,322.7,100.2
online_match_02/frame_0263.jpg,data\frames_dense\online_match_02\frame_0263.jpg,0.598,311.8,83.5,322.8,100.8
online_match_02/frame_0264.jpg,data\frames_dense\online_match_02\frame_0264.jpg,0.694,311.8,83.5,322.9,101.0
online_match_02/frame_0265.jpg,data\frames_dense\online_match_02\frame_0265.jpg,0.554,311.8,83.4,322.7,100.6
online_match_02/frame_0266.jpg,data\frames_dense\online_match_02\frame_0266.jpg,0.683,311.7,83.1,322.9,102.0
online_match_02/frame_0266.jpg,data\frames_dense\online_match_02\frame_0266.jpg,0.58,1235.4,295.9,1244.1,308.6
online_match_02/frame_0266.jpg,data\frames_dense\online_match_02\frame_0266.jpg,0.32,1144.0,171.8,1153.3,186.5
online_match_02/frame_0267.jpg,data\frames_dense\online_match_02\frame_0267.jpg,0.582,311.8,82.9,324.0,102.4
online_match_02/frame_0268.jpg,data\frames_dense\online_match_02\frame_0268.jpg,0.278,311.5,83.0,323.5,102.4
online_match_02/frame_0272.jpg,data\frames_dense\online_match_02\frame_0272.jpg,0.516,311.4,83.2,322.5,101.6
online_match_02/frame_0273.jpg,data\frames_dense\online_match_02\frame_0273.jpg,0.698,311.8,83.3,322.8,101.8
online_match_02/frame_0274.jpg,data\frames_dense\online_match_02\frame_0274.jpg,0.707,311.8,84.0,323.5,103.1
online_match_02/frame_0275.jpg,data\frames_dense\online_match_02\frame_0275.jpg,0.425,311.9,84.3,323.4,101.6
online_match_02/frame_0280.jpg,data\frames_dense\online_match_02\frame_0280.jpg,0.379,46.4,164.9,56.2,178.4
online_match_02/frame_0280.jpg,data\frames_dense\online_match_02\frame_0280.jpg,0.366,246.0,169.8,263.5,194.3
online_match_02/frame_0283.jpg,data\frames_dense\online_match_02\frame_0283.jpg,0.256,799.7,280.1,810.1,297.9
online_match_02/frame_0283.jpg,data\frames_dense\online_match_02\frame_0283.jpg,0.251,46.6,169.5,56.1,180.9
online_match_02/frame_0284.jpg,data\frames_dense\online_match_02\frame_0284.jpg,0.314,44.8,172.7,56.1,185.8
online_match_02/frame_0285.jpg,data\frames_dense\online_match_02\frame_0285.jpg,0.27,44.5,172.8,56.1,186.0
online_match_02/frame_0288.jpg,data\frames_dense\online_match_02\frame_0288.jpg,0.362,45.9,171.7,56.1,184.2
online_match_02/frame_0288.jpg,data\frames_dense\online_match_02\frame_0288.jpg,0.262,751.9,278.6,765.9,296.9
online_match_02/frame_0289.jpg,data\frames_dense\online_match_02\frame_0289.jpg,0.381,45.9,171.8,56.1,184.5
online_match_02/frame_0290.jpg,data\frames_dense\online_match_02\frame_0290.jpg,0.258,46.3,172.1,56.2,184.6
online_match_02/frame_0292.jpg,data\frames_dense\online_match_02\frame_0292.jpg,0.266,46.1,172.9,56.1,185.6
online_match_02/frame_0293.jpg,data\frames_dense\online_match_02\frame_0293.jpg,0.444,45.4,173.5,56.0,186.5
online_match_02/frame_0297.jpg,data\frames_dense\online_match_02\frame_0297.jpg,0.797,311.8,83.8,322.7,103.7
online_match_02/frame_0307.jpg,data\frames_dense\online_match_02\frame_0307.jpg,0.327,977.0,369.6,986.6,388.3
online_match_02/frame_0308.jpg,data\frames_dense\online_match_02\frame_0308.jpg,0.424,151.8,333.1,162.2,348.1
online_match_02/frame_0308.jpg,data\frames_dense\online_match_02\frame_0308.jpg,0.351,311.8,83.5,324.4,104.3
online_match_02/frame_0310.jpg,data\frames_dense\online_match_02\frame_0310.jpg,0.26,1089.7,286.7,1102.7,298.9
online_match_02/frame_0311.jpg,data\frames_dense\online_match_02\frame_0311.jpg,0.545,1184.5,291.9,1193.8,310.8
online_match_02/frame_0311.jpg,data\frames_dense\online_match_02\frame_0311.jpg,0.287,1125.1,261.9,1133.7,274.4
online_match_02/frame_0312.jpg,data\frames_dense\online_match_02\frame_0312.jpg,0.388,1191.7,287.0,1202.3,304.2
online_match_02/frame_0312.jpg,data\frames_dense\online_match_02\frame_0312.jpg,0.358,1220.3,247.0,1228.5,259.5
online_match_02/frame_0316.jpg,data\frames_dense\online_match_02\frame_0316.jpg,0.437,240.7,85.8,254.0,101.6
online_match_02/frame_0319.jpg,data\frames_dense\online_match_02\frame_0319.jpg,0.371,312.0,84.8,325.0,104.9
online_match_02/frame_0328.jpg,data\frames_dense\online_match_02\frame_0328.jpg,0.258,311.6,83.9,323.9,103.8
online_match_02/frame_0340.jpg,data\frames_dense\online_match_02\frame_0340.jpg,0.475,311.8,84.2,322.9,103.1
online_match_02/frame_0341.jpg,data\frames_dense\online_match_02\frame_0341.jpg,0.513,311.8,84.6,322.8,103.5
online_match_02/frame_0342.jpg,data\frames_dense\online_match_02\frame_0342.jpg,0.256,311.6,84.4,322.5,103.0
online_match_02/frame_0344.jpg,data\frames_dense\online_match_02\frame_0344.jpg,0.567,41.8,205.5,63.7,224.3
online_match_02/frame_0345.jpg,data\frames_dense\online_match_02\frame_0345.jpg,0.261,69.8,201.5,87.6,220.9
online_match_02/frame_0347.jpg,data\frames_dense\online_match_02\frame_0347.jpg,0.484,105.8,189.1,129.7,208.2
online_match_02/frame_0378.jpg,data\frames_dense\online_match_02\frame_0378.jpg,0.491,352.0,4.9,368.0,20.7
online_match_02/frame_0378.jpg,data\frames_dense\online_match_02\frame_0378.jpg,0.453,705.5,5.6,719.8,21.1
online_match_02/frame_0380.jpg,data\frames_dense\online_match_02\frame_0380.jpg,0.52,1111.9,4.5,1133.3,21.3
online_match_02/frame_0381.jpg,data\frames_dense\online_match_02\frame_0381.jpg,0.389,1180.4,7.2,1199.2,21.8
online_match_02/frame_0381.jpg,data\frames_dense\online_match_02\frame_0381.jpg,0.281,702.9,19.1,717.2,34.2
online_match_02/frame_0382.jpg,data\frames_dense\online_match_02\frame_0382.jpg,0.284,701.5,22.4,715.5,37.7
online_match_02/frame_0383.jpg,data\frames_dense\online_match_02\frame_0383.jpg,0.381,1168.6,15.7,1183.7,31.4
online_match_02/frame_0384.jpg,data\frames_dense\online_match_02\frame_0384.jpg,0.357,700.0,31.3,712.3,46.3
online_match_02/frame_0384.jpg,data\frames_dense\online_match_02\frame_0384.jpg,0.286,89.6,25.9,105.4,40.6
online_match_02/frame_0385.jpg,data\frames_dense\online_match_02\frame_0385.jpg,0.547,1079.5,30.2,1095.6,45.3
online_match_02/frame_0385.jpg,data\frames_dense\online_match_02\frame_0385.jpg,0.405,1147.0,27.3,1166.5,42.4
online_match_02/frame_0387.jpg,data\frames_dense\online_match_02\frame_0387.jpg,0.42,1133.8,38.7,1149.8,52.4
online_match_02/frame_0388.jpg,data\frames_dense\online_match_02\frame_0388.jpg,0.411,1125.3,42.0,1138.4,56.6
online_match_02/frame_0388.jpg,data\frames_dense\online_match_02\frame_0388.jpg,0.308,239.9,86.2,253.5,103.9
online_match_02/frame_0389.jpg,data\frames_dense\online_match_02\frame_0389.jpg,0.574,689.7,54.8,703.1,69.0
online_match_02/frame_0389.jpg,data\frames_dense\online_match_02\frame_0389.jpg,0.288,1051.2,47.6,1065.4,63.7
online_match_02/frame_0390.jpg,data\frames_dense\online_match_02\frame_0390.jpg,0.598,687.4,57.4,700.4,71.5
online_match_02/frame_0390.jpg,data\frames_dense\online_match_02\frame_0390.jpg,0.405,574.7,57.4,586.1,72.4
online_match_02/frame_0390.jpg,data\frames_dense\online_match_02\frame_0390.jpg,0.392,760.0,58.2,771.5,74.0
online_match_02/frame_0391.jpg,data\frames_dense\online_match_02\frame_0391.jpg,0.377,685.9,62.8,697.7,76.0
online_match_03/frame_0019.jpg,data\frames_dense\online_match_03\frame_0019.jpg,0.295,767.5,490.1,805.2,524.5
online_match_03/frame_0020.jpg,data\frames_dense\online_match_03\frame_0020.jpg,0.292,769.1,491.1,798.2,529.4
online_match_03/frame_0033.jpg,data\frames_dense\online_match_03\frame_0033.jpg,0.305,154.9,110.4,173.4,121.1
online_match_03/frame_0034.jpg,data\frames_dense\online_match_03\frame_0034.jpg,0.45,1013.0,7.1,1026.7,20.9
online_match_03/frame_0035.jpg,data\frames_dense\online_match_03\frame_0035.jpg,0.637,1019.5,10.3,1034.7,27.5
online_match_03/frame_0036.jpg,data\frames_dense\online_match_03\frame_0036.jpg,0.279,279.2,204.2,291.7,224.3
online_match_03/frame_0037.jpg,data\frames_dense\online_match_03\frame_0037.jpg,0.668,949.5,22.1,962.3,35.9
online_match_03/frame_0037.jpg,data\frames_dense\online_match_03\frame_0037.jpg,0.612,1030.8,20.1,1043.1,35.9
online_match_03/frame_0037.jpg,data\frames_dense\online_match_03\frame_0037.jpg,0.609,292.9,207.6,305.5,226.6
online_match_03/frame_0038.jpg,data\frames_dense\online_match_03\frame_0038.jpg,0.427,955.9,21.9,972.3,36.7
online_match_03/frame_0039.jpg,data\frames_dense\online_match_03\frame_0039.jpg,0.595,961.1,22.1,975.5,37.0
online_match_03/frame_0040.jpg,data\frames_dense\online_match_03\frame_0040.jpg,0.557,308.4,207.9,320.6,226.0
online_match_03/frame_0040.jpg,data\frames_dense\online_match_03\frame_0040.jpg,0.259,720.3,28.3,732.8,41.6
online_match_03/frame_0040.jpg,data\frames_dense\online_match_03\frame_0040.jpg,0.251,658.9,30.2,669.3,45.1
online_match_03/frame_0041.jpg,data\frames_dense\online_match_03\frame_0041.jpg,0.54,308.8,207.7,321.6,226.5
online_match_03/frame_0041.jpg,data\frames_dense\online_match_03\frame_0041.jpg,0.274,722.6,27.6,735.0,41.4
online_match_03/frame_0042.jpg,data\frames_dense\online_match_03\frame_0042.jpg,0.474,309.0,207.7,321.4,226.5
online_match_03/frame_0043.jpg,data\frames_dense\online_match_03\frame_0043.jpg,0.425,309.2,207.6,321.5,226.5
online_match_03/frame_0043.jpg,data\frames_dense\online_match_03\frame_0043.jpg,0.256,723.6,27.3,735.8,41.4
online_match_03/frame_0044.jpg,data\frames_dense\online_match_03\frame_0044.jpg,0.355,723.8,27.0,736.2,41.4
online_match_03/frame_0044.jpg,data\frames_dense\online_match_03\frame_0044.jpg,0.324,309.5,207.6,321.8,226.4
online_match_03/frame_0045.jpg,data\frames_dense\online_match_03\frame_0045.jpg,0.429,724.1,26.9,736.3,41.5
online_match_03/frame_0045.jpg,data\frames_dense\online_match_03\frame_0045.jpg,0.263,310.8,207.3,322.6,225.8
online_match_03/frame_0045.jpg,data\frames_dense\online_match_03\frame_0045.jpg,0.255,782.1,26.3,794.4,40.1
online_match_03/frame_0046.jpg,data\frames_dense\online_match_03\frame_0046.jpg,0.476,724.3,26.9,736.4,41.5
online_match_03/frame_0046.jpg,data\frames_dense\online_match_03\frame_0046.jpg,0.399,781.9,26.4,794.5,40.6
online_match_03/frame_0046.jpg,data\frames_dense\online_match_03\frame_0046.jpg,0.394,967.0,21.4,980.2,35.3
online_match_03/frame_0046.jpg,data\frames_dense\online_match_03\frame_0046.jpg,0.337,660.9,30.1,671.2,44.3
online_match_03/frame_0047.jpg,data\frames_dense\online_match_03\frame_0047.jpg,0.546,967.3,21.4,980.2,35.4
online_match_03/frame_0047.jpg,data\frames_dense\online_match_03\frame_0047.jpg,0.468,724.3,26.9,736.4,41.6
online_match_03/frame_0047.jpg,data\frames_dense\online_match_03\frame_0047.jpg,0.406,782.0,26.4,794.4,40.6
online_match_03/frame_0047.jpg,data\frames_dense\online_match_03\frame_0047.jpg,0.329,660.9,30.1,671.2,44.2
online_match_03/frame_0047.jpg,data\frames_dense\online_match_03\frame_0047.jpg,0.251,311.3,207.3,322.6,225.4
online_match_03/frame_0048.jpg,data\frames_dense\online_match_03\frame_0048.jpg,0.479,967.2,21.5,980.2,35.4
online_match_03/frame_0048.jpg,data\frames_dense\online_match_03\frame_0048.jpg,0.47,724.3,26.9,736.4,41.6
online_match_03/frame_0048.jpg,data\frames_dense\online_match_03\frame_0048.jpg,0.394,782.0,26.4,794.4,40.6
online_match_03/frame_0049.jpg,data\frames_dense\online_match_03\frame_0049.jpg,0.504,724.6,26.8,736.7,41.7
online_match_03/frame_0049.jpg,data\frames_dense\online_match_03\frame_0049.jpg,0.487,966.0,21.7,979.7,35.3
online_match_03/frame_0049.jpg,data\frames_dense\online_match_03\frame_0049.jpg,0.332,782.2,26.4,794.1,40.6
online_match_03/frame_0049.jpg,data\frames_dense\online_match_03\frame_0049.jpg,0.28,310.9,207.7,322.2,226.2
online_match_03/frame_0050.jpg,data\frames_dense\online_match_03\frame_0050.jpg,0.494,724.6,26.8,736.7,41.7
online_match_03/frame_0050.jpg,data\frames_dense\online_match_03\frame_0050.jpg,0.441,966.0,21.7,979.7,35.3
online_match_03/frame_0050.jpg,data\frames_dense\online_match_03\frame_0050.jpg,0.344,782.2,26.4,794.2,40.6
online_match_03/frame_0051.jpg,data\frames_dense\online_match_03\frame_0051.jpg,0.486,309.9,207.8,321.7,226.4
online_match_03/frame_0051.jpg,data\frames_dense\online_match_03\frame_0051.jpg,0.457,724.4,26.6,736.3,41.4
online_match_03/frame_0051.jpg,data\frames_dense\online_match_03\frame_0051.jpg,0.385,966.1,21.7,979.6,35.1
online_match_03/frame_0051.jpg,data\frames_dense\online_match_03\frame_0051.jpg,0.264,782.2,26.3,794.0,40.5
online_match_03/frame_0052.jpg,data\frames_dense\online_match_03\frame_0052.jpg,0.534,309.8,207.8,321.7,226.4
online_match_03/frame_0052.jpg,data\frames_dense\online_match_03\frame_0052.jpg,0.453,724.3,26.8,736.5,41.5
online_match_03/frame_0052.jpg,data\frames_dense\online_match_03\frame_0052.jpg,0.367,965.7,21.6,979.6,35.3
online_match_03/frame_0053.jpg,data\frames_dense\online_match_03\frame_0053.jpg,0.492,309.6,207.9,321.4,226.5
online_match_03/frame_0053.jpg,data\frames_dense\online_match_03\frame_0053.jpg,0.483,724.1,26.7,736.4,41.4
online_match_03/frame_0053.jpg,data\frames_dense\online_match_03\frame_0053.jpg,0.409,965.7,21.6,979.3,35.5
online_match_03/frame_0054.jpg,data\frames_dense\online_match_03\frame_0054.jpg,0.637,309.2,208.0,320.9,226.6
online_match_03/frame_0054.jpg,data\frames_dense\online_match_03\frame_0054.jpg,0.424,723.3,26.9,736.0,41.2
online_match_03/frame_0054.jpg,data\frames_dense\online_match_03\frame_0054.jpg,0.39,965.5,21.7,978.7,35.6
online_match_03/frame_0055.jpg,data\frames_dense\online_match_03\frame_0055.jpg,0.656,960.1,22.0,974.9,36.6
online_match_03/frame_0056.jpg,data\frames_dense\online_match_03\frame_0056.jpg,0.54,950.0,22.2,963.3,35.7
online_match_03/frame_0057.jpg,data\frames_dense\online_match_03\frame_0057.jpg,0.489,814.2,26.7,827.3,41.0
online_match_03/frame_0058.jpg,data\frames_dense\online_match_03\frame_0058.jpg,0.551,246.3,211.8,261.6,230.4
online_match_03/frame_0058.jpg,data\frames_dense\online_match_03\frame_0058.jpg,0.305,982.8,25.8,994.7,41.9
online_match_03/frame_0060.jpg,data\frames_dense\online_match_03\frame_0060.jpg,0.589,1221.7,17.0,1247.1,34.8
online_match_03/frame_0061.jpg,data\frames_dense\online_match_03\frame_0061.jpg,0.518,759.1,18.3,771.6,33.2
online_match_03/frame_0061.jpg,data\frames_dense\online_match_03\frame_0061.jpg,0.374,633.5,17.9,651.3,34.3
online_match_03/frame_0061.jpg,data\frames_dense\online_match_03\frame_0061.jpg,0.335,836.1,20.2,850.0,35.1
online_match_03/frame_0061.jpg,data\frames_dense\online_match_03\frame_0061.jpg,0.294,699.8,19.3,716.0,33.6
online_match_03/frame_0061.jpg,data\frames_dense\online_match_03\frame_0061.jpg,0.268,1225.2,9.9,1249.7,25.1
online_match_03/frame_0066.jpg,data\frames_dense\online_match_03\frame_0066.jpg,0.534,240.6,85.8,254.2,104.3
online_match_03/frame_0071.jpg,data\frames_dense\online_match_03\frame_0071.jpg,0.508,1041.2,248.0,1052.4,262.7
online_match_03/frame_0072.jpg,data\frames_dense\online_match_03\frame_0072.jpg,0.319,76.6,139.6,88.4,153.5
online_match_03/frame_0074.jpg,data\frames_dense\online_match_03\frame_0074.jpg,0.385,210.5,146.3,224.9,162.9
online_match_03/frame_0074.jpg,data\frames_dense\online_match_03\frame_0074.jpg,0.3,239.9,86.0,254.9,101.8
online_match_03/frame_0079.jpg,data\frames_dense\online_match_03\frame_0079.jpg,0.448,223.8,111.4,232.9,123.7
online_match_03/frame_0081.jpg,data\frames_dense\online_match_03\frame_0081.jpg,0.361,1159.3,207.7,1171.6,224.1
online_match_03/frame_0091.jpg,data\frames_dense\online_match_03\frame_0091.jpg,0.475,1007.7,227.5,1017.3,242.0
online_match_03/frame_0091.jpg,data\frames_dense\online_match_03\frame_0091.jpg,0.389,796.6,4.8,812.3,19.0
online_match_03/frame_0092.jpg,data\frames_dense\online_match_03\frame_0092.jpg,0.421,240.6,85.9,254.7,104.2
online_match_03/frame_0093.jpg,data\frames_dense\online_match_03\frame_0093.jpg,0.612,791.7,18.9,803.6,33.6
online_match_03/frame_0093.jpg,data\frames_dense\online_match_03\frame_0093.jpg,0.301,1241.9,9.4,1261.3,27.2
online_match_03/frame_0094.jpg,data\frames_dense\online_match_03\frame_0094.jpg,0.554,1227.7,17.7,1247.5,34.5
online_match_03/frame_0095.jpg,data\frames_dense\online_match_03\frame_0095.jpg,0.536,1147.7,26.0,1162.5,40.5
online_match_03/frame_0096.jpg,data\frames_dense\online_match_03\frame_0096.jpg,0.508,1147.9,26.3,1162.7,40.9
online_match_03/frame_0097.jpg,data\frames_dense\online_match_03\frame_0097.jpg,0.438,1148.2,25.9,1162.8,40.5
online_match_03/frame_0098.jpg,data\frames_dense\online_match_03\frame_0098.jpg,0.288,1148.6,25.7,1162.6,39.6
online_match_03/frame_0100.jpg,data\frames_dense\online_match_03\frame_0100.jpg,0.308,1216.8,23.7,1231.5,36.3
online_match_03/frame_0101.jpg,data\frames_dense\online_match_03\frame_0101.jpg,0.354,1216.9,23.5,1231.8,36.2
online_match_03/frame_0102.jpg,data\frames_dense\online_match_03\frame_0102.jpg,0.373,1216.9,23.4,1231.9,36.3
online_match_03/frame_0103.jpg,data\frames_dense\online_match_03\frame_0103.jpg,0.302,1216.8,23.3,1232.2,36.4
online_match_03/frame_0104.jpg,data\frames_dense\online_match_03\frame_0104.jpg,0.347,1216.5,23.2,1232.2,36.5
online_match_03/frame_0105.jpg,data\frames_dense\online_match_03\frame_0105.jpg,0.261,1216.5,23.2,1232.2,36.4
online_match_03/frame_0106.jpg,data\frames_dense\online_match_03\frame_0106.jpg,0.375,672.9,29.2,685.3,43.1
online_match_03/frame_0106.jpg,data\frames_dense\online_match_03\frame_0106.jpg,0.31,131.4,203.7,145.8,223.5
online_match_03/frame_0107.jpg,data\frames_dense\online_match_03\frame_0107.jpg,0.387,672.4,28.4,685.0,42.5
online_match_03/frame_0107.jpg,data\frames_dense\online_match_03\frame_0107.jpg,0.291,131.7,203.5,145.9,223.2
online_match_03/frame_0108.jpg,data\frames_dense\online_match_03\frame_0108.jpg,0.353,672.3,27.8,685.0,42.5
online_match_03/frame_0108.jpg,data\frames_dense\online_match_03\frame_0108.jpg,0.347,131.8,203.5,145.9,223.3
online_match_03/frame_0109.jpg,data\frames_dense\online_match_03\frame_0109.jpg,0.489,131.8,203.3,145.8,223.5
online_match_03/frame_0109.jpg,data\frames_dense\online_match_03\frame_0109.jpg,0.346,672.1,27.5,684.7,41.8
online_match_03/frame_0109.jpg,data\frames_dense\online_match_03\frame_0109.jpg,0.306,855.8,27.6,867.2,43.6
online_match_03/frame_0109.jpg,data\frames_dense\online_match_03\frame_0109.jpg,0.264,782.8,27.4,796.3,41.1
online_match_03/frame_0110.jpg,data\frames_dense\online_match_03\frame_0110.jpg,0.437,131.7,203.2,145.7,223.5
online_match_03/frame_0110.jpg,data\frames_dense\online_match_03\frame_0110.jpg,0.423,672.0,27.1,684.5,41.9
online_match_03/frame_0110.jpg,data\frames_dense\online_match_03\frame_0110.jpg,0.4,855.7,27.3,867.2,43.5
online_match_03/frame_0110.jpg,data\frames_dense\online_match_03\frame_0110.jpg,0.335,783.1,27.1,796.3,41.1
online_match_03/frame_0110.jpg,data\frames_dense\online_match_03\frame_0110.jpg,0.264,1147.5,22.6,1165.6,37.6
online_match_03/frame_0111.jpg,data\frames_dense\online_match_03\frame_0111.jpg,0.39,672.2,27.0,684.6,42.0
online_match_03/frame_0111.jpg,data\frames_dense\online_match_03\frame_0111.jpg,0.328,855.7,27.1,867.1,43.3
online_match_03/frame_0111.jpg,data\frames_dense\online_match_03\frame_0111.jpg,0.323,783.1,26.9,796.3,41.0
online_match_03/frame_0111.jpg,data\frames_dense\online_match_03\frame_0111.jpg,0.316,1147.5,22.3,1165.6,37.4
online_match_03/frame_0111.jpg,data\frames_dense\online_match_03\frame_0111.jpg,0.299,131.6,203.1,145.6,223.3
online_match_03/frame_0112.jpg,data\frames_dense\online_match_03\frame_0112.jpg,0.331,1147.4,22.1,1165.8,37.6
online_match_03/frame_0113.jpg,data\frames_dense\online_match_03\frame_0113.jpg,0.411,1147.3,22.0,1165.9,37.7
online_match_03/frame_0114.jpg,data\frames_dense\online_match_03\frame_0114.jpg,0.371,1147.2,21.9,1166.1,37.6
online_match_03/frame_0114.jpg,data\frames_dense\online_match_03\frame_0114.jpg,0.275,783.3,26.4,795.9,40.7
online_match_03/frame_0115.jpg,data\frames_dense\online_match_03\frame_0115.jpg,0.449,1147.0,21.9,1166.3,37.4
online_match_03/frame_0115.jpg,data\frames_dense\online_match_03\frame_0115.jpg,0.336,783.5,26.1,796.0,40.4
online_match_03/frame_0116.jpg,data\frames_dense\online_match_03\frame_0116.jpg,0.386,783.7,25.9,796.2,40.1
online_match_03/frame_0116.jpg,data\frames_dense\online_match_03\frame_0116.jpg,0.253,855.7,26.0,867.2,41.7
online_match_03/frame_0117.jpg,data\frames_dense\online_match_03\frame_0117.jpg,0.435,783.7,25.8,796.2,40.2
online_match_03/frame_0117.jpg,data\frames_dense\online_match_03\frame_0117.jpg,0.267,673.0,25.9,685.1,41.3
online_match_03/frame_0118.jpg,data\frames_dense\online_match_03\frame_0118.jpg,0.405,783.8,25.6,796.2,39.5
online_match_03/frame_0118.jpg,data\frames_dense\online_match_03\frame_0118.jpg,0.341,673.4,25.7,685.1,40.9
online_match_03/frame_0119.jpg,data\frames_dense\online_match_03\frame_0119.jpg,0.381,784.1,25.4,796.5,39.4
online_match_03/frame_0120.jpg,data\frames_dense\online_match_03\frame_0120.jpg,0.489,784.2,25.2,796.5,39.2
online_match_03/frame_0121.jpg,data\frames_dense\online_match_03\frame_0121.jpg,0.433,784.5,24.7,797.4,38.4
online_match_03/frame_0122.jpg,data\frames_dense\online_match_03\frame_0122.jpg,0.461,784.5,24.5,797.5,38.3
online_match_03/frame_0123.jpg,data\frames_dense\online_match_03\frame_0123.jpg,0.514,784.4,24.2,797.8,38.0
online_match_03/frame_0124.jpg,data\frames_dense\online_match_03\frame_0124.jpg,0.573,784.5,23.8,798.1,37.5
online_match_03/frame_0124.jpg,data\frames_dense\online_match_03\frame_0124.jpg,0.312,855.7,24.8,866.7,39.6
online_match_03/frame_0125.jpg,data\frames_dense\online_match_03\frame_0125.jpg,0.584,784.5,23.6,798.2,37.3
online_match_03/frame_0126.jpg,data\frames_dense\online_match_03\frame_0126.jpg,0.587,784.4,23.3,798.2,37.1
online_match_03/frame_0126.jpg,data\frames_dense\online_match_03\frame_0126.jpg,0.298,855.6,24.5,866.7,39.1
online_match_03/frame_0126.jpg,data\frames_dense\online_match_03\frame_0126.jpg,0.269,672.7,24.4,685.7,38.8
online_match_03/frame_0127.jpg,data\frames_dense\online_match_03\frame_0127.jpg,0.579,784.2,23.1,798.2,37.1
online_match_03/frame_0127.jpg,data\frames_dense\online_match_03\frame_0127.jpg,0.277,855.4,24.3,866.9,38.8
online_match_03/frame_0127.jpg,data\frames_dense\online_match_03\frame_0127.jpg,0.276,740.2,191.5,748.7,207.2
online_match_03/frame_0127.jpg,data\frames_dense\online_match_03\frame_0127.jpg,0.25,672.6,24.3,685.7,38.9
online_match_03/frame_0128.jpg,data\frames_dense\online_match_03\frame_0128.jpg,0.525,783.9,23.0,798.2,36.9
online_match_03/frame_0128.jpg,data\frames_dense\online_match_03\frame_0128.jpg,0.333,672.5,24.0,685.9,39.3
online_match_03/frame_0128.jpg,data\frames_dense\online_match_03\frame_0128.jpg,0.307,855.4,23.9,866.9,38.1
online_match_03/frame_0129.jpg,data\frames_dense\online_match_03\frame_0129.jpg,0.46,783.8,22.8,798.1,36.7
online_match_03/frame_0129.jpg,data\frames_dense\online_match_03\frame_0129.jpg,0.308,855.6,23.7,867.2,37.8
online_match_03/frame_0129.jpg,data\frames_dense\online_match_03\frame_0129.jpg,0.252,672.4,23.7,686.0,39.5
online_match_03/frame_0130.jpg,data\frames_dense\online_match_03\frame_0130.jpg,0.521,783.9,22.5,798.2,36.6
online_match_03/frame_0130.jpg,data\frames_dense\online_match_03\frame_0130.jpg,0.383,855.4,23.3,867.1,37.2
online_match_03/frame_0130.jpg,data\frames_dense\online_match_03\frame_0130.jpg,0.351,672.2,23.3,685.7,39.5
online_match_03/frame_0131.jpg,data\frames_dense\online_match_03\frame_0131.jpg,0.512,783.7,22.4,798.0,36.3
online_match_03/frame_0131.jpg,data\frames_dense\online_match_03\frame_0131.jpg,0.467,672.1,23.1,685.5,39.3
online_match_03/frame_0131.jpg,data\frames_dense\online_match_03\frame_0131.jpg,0.324,855.4,23.0,867.0,36.5
online_match_03/frame_0132.jpg,data\frames_dense\online_match_03\frame_0132.jpg,0.487,783.5,22.2,798.1,36.1
online_match_03/frame_0132.jpg,data\frames_dense\online_match_03\frame_0132.jpg,0.422,855.4,22.7,867.3,36.3
online_match_03/frame_0132.jpg,data\frames_dense\online_match_03\frame_0132.jpg,0.281,672.0,22.8,685.5,38.8
online_match_03/frame_0133.jpg,data\frames_dense\online_match_03\frame_0133.jpg,0.462,855.5,22.5,867.4,36.0
online_match_03/frame_0133.jpg,data\frames_dense\online_match_03\frame_0133.jpg,0.417,783.2,22.0,797.9,35.7
online_match_03/frame_0134.jpg,data\frames_dense\online_match_03\frame_0134.jpg,0.553,855.5,22.5,867.4,36.0
online_match_03/frame_0134.jpg,data\frames_dense\online_match_03\frame_0134.jpg,0.472,783.2,22.1,797.8,35.5
online_match_03/frame_0134.jpg,data\frames_dense\online_match_03\frame_0134.jpg,0.275,672.1,22.7,685.5,38.1
online_match_03/frame_0135.jpg,data\frames_dense\online_match_03\frame_0135.jpg,0.514,783.2,21.7,798.0,35.0
online_match_03/frame_0135.jpg,data\frames_dense\online_match_03\frame_0135.jpg,0.255,855.3,22.6,867.2,36.3
online_match_03/frame_0136.jpg,data\frames_dense\online_match_03\frame_0136.jpg,0.515,790.2,21.0,802.7,34.5
online_match_03/frame_0137.jpg,data\frames_dense\online_match_03\frame_0137.jpg,0.399,751.0,22.1,765.3,35.7
online_match_03/frame_0138.jpg,data\frames_dense\online_match_03\frame_0138.jpg,0.497,823.7,19.2,835.4,33.5
online_match_03/frame_0138.jpg,data\frames_dense\online_match_03\frame_0138.jpg,0.304,176.0,196.0,192.1,217.6
online_match_03/frame_0138.jpg,data\frames_dense\online_match_03\frame_0138.jpg,0.279,595.5,21.2,606.9,35.3
online_match_03/frame_0140.jpg,data\frames_dense\online_match_03\frame_0140.jpg,0.344,861.4,15.3,872.9,29.6
online_match_03/frame_0154.jpg,data\frames_dense\online_match_03\frame_0154.jpg,0.337,1014.6,10.8,1026.6,27.3
online_match_03/frame_0155.jpg,data\frames_dense\online_match_03\frame_0155.jpg,0.291,1015.0,10.9,1026.4,27.0
online_match_03/frame_0159.jpg,data\frames_dense\online_match_03\frame_0159.jpg,0.258,1014.8,10.8,1026.4,26.8
online_match_03/frame_0162.jpg,data\frames_dense\online_match_03\frame_0162.jpg,0.307,1014.4,10.7,1026.2,26.4
online_match_03/frame_0163.jpg,data\frames_dense\online_match_03\frame_0163.jpg,0.284,1014.3,10.6,1026.2,26.3
online_match_03/frame_0166.jpg,data\frames_dense\online_match_03\frame_0166.jpg,0.317,906.8,15.1,920.1,29.8
online_match_03/frame_0166.jpg,data\frames_dense\online_match_03\frame_0166.jpg,0.272,904.0,14.7,917.0,30.2
online_match_03/frame_0167.jpg,data\frames_dense\online_match_03\frame_0167.jpg,0.323,1054.3,10.2,1069.9,25.6
online_match_03/frame_0169.jpg,data\frames_dense\online_match_03\frame_0169.jpg,0.333,606.3,458.2,621.8,491.3
online_match_03/frame_0173.jpg,data\frames_dense\online_match_03\frame_0173.jpg,0.575,1229.6,154.6,1257.1,175.6
online_match_03/frame_0174.jpg,data\frames_dense\online_match_03\frame_0174.jpg,0.27,1265.5,144.8,1278.3,166.0
online_match_03/frame_0178.jpg,data\frames_dense\online_match_03\frame_0178.jpg,0.408,1110.1,186.5,1124.3,204.0
online_match_03/frame_0183.jpg,data\frames_dense\online_match_03\frame_0183.jpg,0.34,725.9,143.6,736.2,159.6
online_match_03/frame_0211.jpg,data\frames_dense\online_match_03\frame_0211.jpg,0.307,343.9,143.6,353.0,158.0
online_match_03/frame_0217.jpg,data\frames_dense\online_match_03\frame_0217.jpg,0.344,240.2,86.2,254.6,103.5
online_match_03/frame_0218.jpg,data\frames_dense\online_match_03\frame_0218.jpg,0.388,240.1,86.0,254.6,102.9
online_match_03/frame_0220.jpg,data\frames_dense\online_match_03\frame_0220.jpg,0.364,240.4,86.3,254.8,104.1
online_match_03/frame_0233.jpg,data\frames_dense\online_match_03\frame_0233.jpg,0.617,271.1,180.1,287.0,202.1
online_match_03/frame_0234.jpg,data\frames_dense\online_match_03\frame_0234.jpg,0.28,225.2,104.8,245.2,113.4
online_match_03/frame_0237.jpg,data\frames_dense\online_match_03\frame_0237.jpg,0.317,316.5,188.4,328.3,205.9
online_match_03/frame_0238.jpg,data\frames_dense\online_match_03\frame_0238.jpg,0.451,316.8,188.7,328.4,206.2
online_match_03/frame_0239.jpg,data\frames_dense\online_match_03\frame_0239.jpg,0.674,317.0,188.9,328.6,206.3
online_match_03/frame_0240.jpg,data\frames_dense\online_match_03\frame_0240.jpg,0.683,317.1,189.0,328.9,206.3
online_match_03/frame_0241.jpg,data\frames_dense\online_match_03\frame_0241.jpg,0.56,317.7,189.0,329.2,206.2
online_match_03/frame_0242.jpg,data\frames_dense\online_match_03\frame_0242.jpg,0.274,855.5,3.1,866.3,17.9
online_match_03/frame_0243.jpg,data\frames_dense\online_match_03\frame_0243.jpg,0.363,855.7,3.2,866.8,18.1
online_match_03/frame_0244.jpg,data\frames_dense\online_match_03\frame_0244.jpg,0.338,855.7,3.3,867.1,18.2
online_match_03/frame_0245.jpg,data\frames_dense\online_match_03\frame_0245.jpg,0.339,855.8,3.1,867.6,18.3
online_match_03/frame_0246.jpg,data\frames_dense\online_match_03\frame_0246.jpg,0.32,855.8,3.2,867.7,18.3
online_match_03/frame_0247.jpg,data\frames_dense\online_match_03\frame_0247.jpg,0.302,855.8,3.1,867.6,18.3
online_match_03/frame_0247.jpg,data\frames_dense\online_match_03\frame_0247.jpg,0.287,320.7,188.2,333.5,207.1
online_match_03/frame_0248.jpg,data\frames_dense\online_match_03\frame_0248.jpg,0.26,855.8,3.3,867.5,18.3
online_match_03/frame_0252.jpg,data\frames_dense\online_match_03\frame_0252.jpg,0.309,322.1,188.7,335.2,207.4
online_match_03/frame_0253.jpg,data\frames_dense\online_match_03\frame_0253.jpg,0.383,321.9,189.3,334.5,207.6
online_match_03/frame_0255.jpg,data\frames_dense\online_match_03\frame_0255.jpg,0.517,948.2,5.5,961.6,20.1
online_match_03/frame_0255.jpg,data\frames_dense\online_match_03\frame_0255.jpg,0.277,1028.9,3.7,1042.0,19.4
online_match_03/frame_0256.jpg,data\frames_dense\online_match_03\frame_0256.jpg,0.4,599.8,21.9,612.5,35.2
online_match_03/frame_0256.jpg,data\frames_dense\online_match_03\frame_0256.jpg,0.344,663.5,21.6,677.0,34.5
online_match_03/frame_0257.jpg,data\frames_dense\online_match_03\frame_0257.jpg,0.405,686.5,25.9,700.4,39.3
online_match_03/frame_0257.jpg,data\frames_dense\online_match_03\frame_0257.jpg,0.324,942.9,22.4,959.3,37.1
online_match_03/frame_0257.jpg,data\frames_dense\online_match_03\frame_0257.jpg,0.271,868.5,23.4,880.5,37.1
online_match_03/frame_0261.jpg,data\frames_dense\online_match_03\frame_0261.jpg,0.373,575.9,487.0,597.7,526.6
online_match_03/frame_0262.jpg,data\frames_dense\online_match_03\frame_0262.jpg,0.484,79.9,154.5,90.3,166.0
online_match_03/frame_0266.jpg,data\frames_dense\online_match_03\frame_0266.jpg,0.439,60.6,143.6,72.0,157.2
online_match_03/frame_0268.jpg,data\frames_dense\online_match_03\frame_0268.jpg,0.428,113.2,148.4,121.6,161.7
online_match_03/frame_0290.jpg,data\frames_dense\online_match_03\frame_0290.jpg,0.274,113.5,149.0,121.7,162.1
online_match_03/frame_0316.jpg,data\frames_dense\online_match_03\frame_0316.jpg,0.292,72.0,157.1,83.1,170.0
online_match_03/frame_0321.jpg,data\frames_dense\online_match_03\frame_0321.jpg,0.401,1175.6,206.7,1189.6,225.6
online_match_03/frame_0326.jpg,data\frames_dense\online_match_03\frame_0326.jpg,0.353,52.8,190.8,61.4,206.5
online_match_03/frame_0340.jpg,data\frames_dense\online_match_03\frame_0340.jpg,0.382,931.3,57.8,941.4,75.4
online_match_03/frame_0348.jpg,data\frames_dense\online_match_03\frame_0348.jpg,0.415,665.5,517.4,702.1,560.2
online_match_03/frame_0351.jpg,data\frames_dense\online_match_03\frame_0351.jpg,0.463,1157.4,192.4,1171.2,213.2
online_match_03/frame_0352.jpg,data\frames_dense\online_match_03\frame_0352.jpg,0.529,1141.8,195.3,1156.1,214.9
online_match_03/frame_0356.jpg,data\frames_dense\online_match_03\frame_0356.jpg,0.299,613.7,496.7,646.8,541.5
online_match_03/frame_0357.jpg,data\frames_dense\online_match_03\frame_0357.jpg,0.604,1078.9,212.3,1090.3,229.4
online_match_03/frame_0357.jpg,data\frames_dense\online_match_03\frame_0357.jpg,0.554,608.8,498.8,640.2,546.0
online_match_03/frame_0359.jpg,data\frames_dense\online_match_03\frame_0359.jpg,0.305,145.2,138.6,153.7,151.9
online_match_03/frame_0360.jpg,data\frames_dense\online_match_03\frame_0360.jpg,0.319,589.1,501.7,626.0,540.1
online_match_03/frame_0362.jpg,data\frames_dense\online_match_03\frame_0362.jpg,0.415,161.7,154.7,170.3,168.2
online_match_03/frame_0366.jpg,data\frames_dense\online_match_03\frame_0366.jpg,0.329,197.6,175.5,206.0,189.2
online_match_03/frame_0370.jpg,data\frames_dense\online_match_03\frame_0370.jpg,0.305,829.7,6.6,844.5,21.3
online_match_03/frame_0371.jpg,data\frames_dense\online_match_03\frame_0371.jpg,0.729,241.0,86.2,254.4,104.0
online_match_03/frame_0371.jpg,data\frames_dense\online_match_03\frame_0371.jpg,0.557,221.7,4.7,238.4,19.9
online_match_03/frame_0372.jpg,data\frames_dense\online_match_03\frame_0372.jpg,0.604,240.9,86.4,254.6,104.3
online_match_03/frame_0373.jpg,data\frames_dense\online_match_03\frame_0373.jpg,0.712,769.5,22.5,783.0,37.2
online_match_03/frame_0373.jpg,data\frames_dense\online_match_03\frame_0373.jpg,0.357,240.8,86.0,254.5,103.8
online_match_03/frame_0373.jpg,data\frames_dense\online_match_03\frame_0373.jpg,0.298,848.4,22.4,862.1,36.5
online_match_03/frame_0374.jpg,data\frames_dense\online_match_03\frame_0374.jpg,0.37,1243.6,18.5,1264.3,34.7
online_match_03/frame_0376.jpg,data\frames_dense\online_match_03\frame_0376.jpg,0.391,241.0,85.7,254.7,101.9
online_match_03/frame_0376.jpg,data\frames_dense\online_match_03\frame_0376.jpg,0.384,853.6,35.4,865.7,50.6
online_match_03/frame_0378.jpg,data\frames_dense\online_match_03\frame_0378.jpg,0.5,670.0,43.7,683.0,57.8
online_match_03/frame_0379.jpg,data\frames_dense\online_match_03\frame_0379.jpg,0.411,241.5,85.8,254.4,102.1
online_match_03/frame_0380.jpg,data\frames_dense\online_match_03\frame_0380.jpg,0.594,791.5,50.5,802.5,65.3
online_match_03/frame_0381.jpg,data\frames_dense\online_match_03\frame_0381.jpg,0.631,240.5,85.9,254.3,103.1
online_match_03/frame_0381.jpg,data\frames_dense\online_match_03\frame_0381.jpg,0.551,498.0,54.2,509.4,68.9
online_match_03/frame_0381.jpg,data\frames_dense\online_match_03\frame_0381.jpg,0.514,560.8,54.9,573.7,68.8
online_match_03/frame_0381.jpg,data\frames_dense\online_match_03\frame_0381.jpg,0.453,789.5,54.6,801.7,67.4
online_match_03/frame_0381.jpg,data\frames_dense\online_match_03\frame_0381.jpg,0.252,861.5,54.5,874.8,69.2
online_match_03/frame_0382.jpg,data\frames_dense\online_match_03\frame_0382.jpg,0.657,497.3,57.5,507.8,72.1
online_match_03/frame_0382.jpg,data\frames_dense\online_match_03\frame_0382.jpg,0.644,240.7,85.8,254.3,103.9
online_match_03/frame_0382.jpg,data\frames_dense\online_match_03\frame_0382.jpg,0.308,558.8,56.8,571.0,69.7
online_match_03/frame_0382.jpg,data\frames_dense\online_match_03\frame_0382.jpg,0.3,785.5,56.8,798.4,70.5
online_match_03/frame_0383.jpg,data\frames_dense\online_match_03\frame_0383.jpg,0.597,1212.8,50.8,1230.1,66.3
online_match_03/frame_0383.jpg,data\frames_dense\online_match_03\frame_0383.jpg,0.407,492.9,56.4,505.1,70.8
online_match_03/frame_0383.jpg,data\frames_dense\online_match_03\frame_0383.jpg,0.344,240.7,85.7,254.5,104.3
online_match_03/frame_0383.jpg,data\frames_dense\online_match_03\frame_0383.jpg,0.299,782.6,56.4,794.9,70.3
online_match_03/frame_0384.jpg,data\frames_dense\online_match_03\frame_0384.jpg,0.471,240.9,85.6,254.1,104.0
online_match_03/frame_0384.jpg,data\frames_dense\online_match_03\frame_0384.jpg,0.324,1210.0,50.2,1227.2,66.0
online_match_03/frame_0385.jpg,data\frames_dense\online_match_03\frame_0385.jpg,0.375,241.1,85.7,254.6,104.0
online_match_03/frame_0386.jpg,data\frames_dense\online_match_03\frame_0386.jpg,0.496,241.3,85.6,255.0,104.1
online_match_03/frame_0386.jpg,data\frames_dense\online_match_03\frame_0386.jpg,0.446,1205.8,51.9,1223.9,66.2
online_match_03/frame_0387.jpg,data\frames_dense\online_match_03\frame_0387.jpg,0.455,241.4,85.8,254.8,104.0
online_match_03/frame_0387.jpg,data\frames_dense\online_match_03\frame_0387.jpg,0.32,1133.3,53.8,1151.2,68.5
online_match_03/frame_0387.jpg,data\frames_dense\online_match_03\frame_0387.jpg,0.295,546.0,56.8,558.6,70.6
online_match_03/frame_0388.jpg,data\frames_dense\online_match_03\frame_0388.jpg,0.553,1195.4,52.7,1214.4,68.1
online_match_03/frame_0388.jpg,data\frames_dense\online_match_03\frame_0388.jpg,0.478,480.8,56.8,491.9,71.2
online_match_03/frame_0388.jpg,data\frames_dense\online_match_03\frame_0388.jpg,0.341,542.7,56.6,555.2,69.6
online_match_03/frame_0389.jpg,data\frames_dense\online_match_03\frame_0389.jpg,0.424,477.7,55.9,490.6,70.5
online_match_03/frame_0390.jpg,data\frames_dense\online_match_03\frame_0390.jpg,0.502,475.2,56.3,488.7,70.5
online_match_03/frame_0390.jpg,data\frames_dense\online_match_03\frame_0390.jpg,0.301,725.4,223.3,734.8,239.2
online_match_03/frame_0390.jpg,data\frames_dense\online_match_03\frame_0390.jpg,0.259,535.8,56.5,549.5,69.0
online_match_03/frame_0391.jpg,data\frames_dense\online_match_03\frame_0391.jpg,0.305,471.7,55.6,482.4,68.2
online_match_03/frame_0392.jpg,data\frames_dense\online_match_03\frame_0392.jpg,0.319,471.6,55.5,482.1,68.1
online_match_03/frame_0392.jpg,data\frames_dense\online_match_03\frame_0392.jpg,0.301,725.6,223.3,735.0,239.6
online_match_03/frame_0393.jpg,data\frames_dense\online_match_03\frame_0393.jpg,0.319,471.6,55.5,481.6,68.2
online_match_03/frame_0394.jpg,data\frames_dense\online_match_03\frame_0394.jpg,0.293,724.3,223.3,733.2,239.3
online_match_03/frame_0394.jpg,data\frames_dense\online_match_03\frame_0394.jpg,0.253,759.9,56.8,772.0,71.0
online_match_03/frame_0395.jpg,data\frames_dense\online_match_03\frame_0395.jpg,0.335,759.9,56.9,771.8,71.4
online_match_03/frame_0396.jpg,data\frames_dense\online_match_03\frame_0396.jpg,0.372,759.9,56.7,771.7,71.2
online_match_03/frame_0396.jpg,data\frames_dense\online_match_03\frame_0396.jpg,0.345,471.4,55.2,481.4,68.9
online_match_03/frame_0397.jpg,data\frames_dense\online_match_03\frame_0397.jpg,0.346,471.0,55.5,481.1,69.5
online_match_03/frame_0397.jpg,data\frames_dense\online_match_03\frame_0397.jpg,0.311,759.9,56.7,771.4,71.1
online_match_03/frame_0398.jpg,data\frames_dense\online_match_03\frame_0398.jpg,0.601,1180.5,54.1,1198.9,68.9
online_match_03/frame_0398.jpg,data\frames_dense\online_match_03\frame_0398.jpg,0.333,532.0,56.3,543.3,70.3
online_match_03/frame_0399.jpg,data\frames_dense\online_match_03\frame_0399.jpg,0.506,750.4,56.4,762.7,70.8
online_match_03/frame_0400.jpg,data\frames_dense\online_match_03\frame_0400.jpg,0.637,737.7,55.5,750.5,69.2
online_match_03/frame_0400.jpg,data\frames_dense\online_match_03\frame_0400.jpg,0.595,627.4,55.4,638.7,70.6
online_match_03/frame_0400.jpg,data\frames_dense\online_match_03\frame_0400.jpg,0.367,509.3,54.3,523.5,67.9
online_match_03/frame_0402.jpg,data\frames_dense\online_match_03\frame_0402.jpg,0.442,1117.1,37.4,1135.3,52.6
online_match_03/frame_0402.jpg,data\frames_dense\online_match_03\frame_0402.jpg,0.369,695.8,36.8,708.5,50.1
online_match_03/frame_0402.jpg,data\frames_dense\online_match_03\frame_0402.jpg,0.268,767.6,38.4,781.0,52.5
online_match_03/frame_0403.jpg,data\frames_dense\online_match_03\frame_0403.jpg,0.489,1036.1,27.1,1053.8,42.0
online_match_03/frame_0404.jpg,data\frames_dense\online_match_03\frame_0404.jpg,0.448,240.3,86.2,254.3,102.9
online_match_03/frame_0404.jpg,data\frames_dense\online_match_03\frame_0404.jpg,0.427,607.2,486.3,623.5,520.1
online_match_03/frame_0405.jpg,data\frames_dense\online_match_03\frame_0405.jpg,0.324,671.7,6.9,687.0,22.4
online_match_03/frame_0406.jpg,data\frames_dense\online_match_03\frame_0406.jpg,0.307,87.9,286.8,101.8,306.4
online_match_03/frame_0409.jpg,data\frames_dense\online_match_03\frame_0409.jpg,0.291,208.1,158.4,216.3,171.3
online_match_03/frame_0410.jpg,data\frames_dense\online_match_03\frame_0410.jpg,0.298,207.3,158.1,216.2,171.0
online_match_03/frame_0411.jpg,data\frames_dense\online_match_03\frame_0411.jpg,0.321,207.2,157.8,216.3,170.6
online_match_03/frame_0412.jpg,data\frames_dense\online_match_03\frame_0412.jpg,0.362,207.0,157.6,216.3,170.5
online_match_03/frame_0413.jpg,data\frames_dense\online_match_03\frame_0413.jpg,0.414,207.0,156.9,216.4,170.1
online_match_03/frame_0414.jpg,data\frames_dense\online_match_03\frame_0414.jpg,0.268,206.8,156.5,216.5,169.7
online_match_03/frame_0442.jpg,data\frames_dense\online_match_03\frame_0442.jpg,0.485,200.0,143.1,209.8,156.8
online_match_03/frame_0443.jpg,data\frames_dense\online_match_03\frame_0443.jpg,0.413,195.0,143.0,201.6,155.5
online_match_03/frame_0444.jpg,data\frames_dense\online_match_03\frame_0444.jpg,0.477,190.5,142.2,200.1,154.6
online_match_03/frame_0445.jpg,data\frames_dense\online_match_03\frame_0445.jpg,0.251,183.9,142.6,192.9,155.8
online_match_03/frame_0446.jpg,data\frames_dense\online_match_03\frame_0446.jpg,0.298,174.0,142.4,184.0,154.6
online_match_03/frame_0447.jpg,data\frames_dense\online_match_03\frame_0447.jpg,0.628,159.7,142.9,168.1,155.1
online_match_03/frame_0448.jpg,data\frames_dense\online_match_03\frame_0448.jpg,0.634,144.5,143.5,152.4,156.2
online_match_03/frame_0450.jpg,data\frames_dense\online_match_03\frame_0450.jpg,0.434,114.4,147.7,122.1,161.5
online_match_03/frame_0454.jpg,data\frames_dense\online_match_03\frame_0454.jpg,0.373,65.8,157.0,73.2,170.1
online_match_03/frame_0455.jpg,data\frames_dense\online_match_03\frame_0455.jpg,0.419,55.8,158.1,64.3,171.4
online_match_03/frame_0456.jpg,data\frames_dense\online_match_03\frame_0456.jpg,0.251,49.8,159.3,57.2,172.7
online_match_03/frame_0461.jpg,data\frames_dense\online_match_03\frame_0461.jpg,0.267,316.9,85.3,329.6,105.4
online_match_03/frame_0462.jpg,data\frames_dense\online_match_03\frame_0462.jpg,0.292,316.9,85.2,329.4,105.0
online_match_03/frame_0464.jpg,data\frames_dense\online_match_03\frame_0464.jpg,0.299,317.0,84.4,329.7,104.6
online_match_03/frame_0467.jpg,data\frames_dense\online_match_03\frame_0467.jpg,0.409,511.6,3.2,525.4,18.1
online_match_03/frame_0468.jpg,data\frames_dense\online_match_03\frame_0468.jpg,0.356,407.8,1.0,419.3,17.0
online_match_03/frame_0468.jpg,data\frames_dense\online_match_03\frame_0468.jpg,0.313,535.6,5.0,550.0,19.8
online_match_03/frame_0469.jpg,data\frames_dense\online_match_03\frame_0469.jpg,0.263,858.6,10.0,884.9,24.2
online_match_03/frame_0470.jpg,data\frames_dense\online_match_03\frame_0470.jpg,0.417,1165.8,215.2,1192.2,233.8
online_match_03/frame_0475.jpg,data\frames_dense\online_match_03\frame_0475.jpg,0.517,926.2,212.9,936.1,228.0
online_match_03/frame_0476.jpg,data\frames_dense\online_match_03\frame_0476.jpg,0.332,256.8,164.0,265.5,177.7
online_match_03/frame_0477.jpg,data\frames_dense\online_match_03\frame_0477.jpg,0.697,894.7,212.9,904.2,228.6
online_match_03/frame_0479.jpg,data\frames_dense\online_match_03\frame_0479.jpg,0.381,209.2,159.5,216.8,173.5
online_match_03/frame_0480.jpg,data\frames_dense\online_match_03\frame_0480.jpg,0.57,196.5,158.2,204.6,171.1
online_match_03/frame_0481.jpg,data\frames_dense\online_match_03\frame_0481.jpg,0.508,184.0,156.3,194.2,170.0
online_match_03/frame_0481.jpg,data\frames_dense\online_match_03\frame_0481.jpg,0.298,212.6,318.4,224.6,332.4
online_match_03/frame_0483.jpg,data\frames_dense\online_match_03\frame_0483.jpg,0.577,162.2,151.2,170.9,164.3
online_match_03/frame_0485.jpg,data\frames_dense\online_match_03\frame_0485.jpg,0.258,127.8,147.3,137.6,161.4
online_match_03/frame_0486.jpg,data\frames_dense\online_match_03\frame_0486.jpg,0.493,115.4,143.7,123.3,158.8
online_match_03/frame_0492.jpg,data\frames_dense\online_match_03\frame_0492.jpg,0.317,110.3,126.8,120.3,140.8
online_match_04/frame_0002.jpg,data\frames_dense\online_match_04\frame_0002.jpg,0.336,1032.0,30.5,1044.5,45.1
online_match_04/frame_0003.jpg,data\frames_dense\online_match_04\frame_0003.jpg,0.264,615.9,19.3,628.3,33.8
online_match_04/frame_0017.jpg,data\frames_dense\online_match_04\frame_0017.jpg,0.279,18.5,131.7,35.5,156.2
online_match_04/frame_0034.jpg,data\frames_dense\online_match_04\frame_0034.jpg,0.327,1009.1,199.3,1024.3,219.0
online_match_04/frame_0067.jpg,data\frames_dense\online_match_04\frame_0067.jpg,0.261,76.1,164.5,96.4,187.8
online_match_04/frame_0071.jpg,data\frames_dense\online_match_04\frame_0071.jpg,0.312,1143.5,237.5,1151.6,252.1
online_match_04/frame_0074.jpg,data\frames_dense\online_match_04\frame_0074.jpg,0.294,1173.7,243.1,1181.4,257.4
online_match_04/frame_0077.jpg,data\frames_dense\online_match_04\frame_0077.jpg,0.279,1208.0,252.2,1218.8,266.1
online_match_04/frame_0090.jpg,data\frames_dense\online_match_04\frame_0090.jpg,0.523,343.3,201.5,356.4,222.6
online_match_04/frame_0091.jpg,data\frames_dense\online_match_04\frame_0091.jpg,0.533,343.4,201.1,356.5,222.4
online_match_04/frame_0092.jpg,data\frames_dense\online_match_04\frame_0092.jpg,0.563,343.3,201.2,356.6,222.7
online_match_04/frame_0093.jpg,data\frames_dense\online_match_04\frame_0093.jpg,0.628,343.1,201.0,356.8,222.8
online_match_04/frame_0094.jpg,data\frames_dense\online_match_04\frame_0094.jpg,0.585,343.2,200.9,357.0,222.3
online_match_04/frame_0095.jpg,data\frames_dense\online_match_04\frame_0095.jpg,0.619,343.2,200.8,357.1,222.5
online_match_04/frame_0096.jpg,data\frames_dense\online_match_04\frame_0096.jpg,0.594,343.5,200.9,357.4,222.7
online_match_04/frame_0097.jpg,data\frames_dense\online_match_04\frame_0097.jpg,0.483,343.8,201.4,357.4,222.9
online_match_04/frame_0098.jpg,data\frames_dense\online_match_04\frame_0098.jpg,0.52,343.7,201.4,357.2,223.1
online_match_04/frame_0099.jpg,data\frames_dense\online_match_04\frame_0099.jpg,0.37,343.6,201.5,357.1,223.0
online_match_04/frame_0100.jpg,data\frames_dense\online_match_04\frame_0100.jpg,0.291,343.7,201.6,357.0,222.8
online_match_04/frame_0101.jpg,data\frames_dense\online_match_04\frame_0101.jpg,0.278,343.6,201.5,357.2,222.8
online_match_04/frame_0102.jpg,data\frames_dense\online_match_04\frame_0102.jpg,0.333,343.6,201.5,357.2,223.0
online_match_04/frame_0103.jpg,data\frames_dense\online_match_04\frame_0103.jpg,0.26,343.7,201.5,357.1,222.9
online_match_04/frame_0110.jpg,data\frames_dense\online_match_04\frame_0110.jpg,0.314,343.7,201.8,357.1,223.5
online_match_04/frame_0111.jpg,data\frames_dense\online_match_04\frame_0111.jpg,0.559,343.4,201.4,357.0,223.4
online_match_04/frame_0115.jpg,data\frames_dense\online_match_04\frame_0115.jpg,0.577,217.2,108.3,244.1,121.0
online_match_04/frame_0115.jpg,data\frames_dense\online_match_04\frame_0115.jpg,0.461,294.0,202.4,309.7,223.8
online_match_04/frame_0115.jpg,data\frames_dense\online_match_04\frame_0115.jpg,0.281,1223.4,261.3,1233.0,274.2
online_match_04/frame_0116.jpg,data\frames_dense\online_match_04\frame_0116.jpg,0.256,231.9,202.8,249.9,221.7
online_match_04/frame_0117.jpg,data\frames_dense\online_match_04\frame_0117.jpg,0.601,174.3,202.0,192.9,222.1
online_match_04/frame_0118.jpg,data\frames_dense\online_match_04\frame_0118.jpg,0.292,117.8,202.3,139.8,222.3
online_match_04/frame_0128.jpg,data\frames_dense\online_match_04\frame_0128.jpg,0.358,920.0,238.6,931.6,253.4
online_match_04/frame_0128.jpg,data\frames_dense\online_match_04\frame_0128.jpg,0.325,924.0,238.7,936.0,252.9
online_match_04/frame_0138.jpg,data\frames_dense\online_match_04\frame_0138.jpg,0.305,996.4,216.6,1002.8,226.7
online_match_04/frame_0139.jpg,data\frames_dense\online_match_04\frame_0139.jpg,0.342,996.3,215.6,1002.7,226.3
online_match_04/frame_0140.jpg,data\frames_dense\online_match_04\frame_0140.jpg,0.278,995.3,214.6,1001.5,225.4
online_match_04/frame_0141.jpg,data\frames_dense\online_match_04\frame_0141.jpg,0.34,994.7,215.4,1001.1,225.6
online_match_04/frame_0144.jpg,data\frames_dense\online_match_04\frame_0144.jpg,0.272,994.6,216.5,1002.8,227.4
online_match_04/frame_0145.jpg,data\frames_dense\online_match_04\frame_0145.jpg,0.472,991.3,208.7,1001.1,225.1
online_match_04/frame_0146.jpg,data\frames_dense\online_match_04\frame_0146.jpg,0.639,990.5,213.9,1000.5,227.3
online_match_04/frame_0147.jpg,data\frames_dense\online_match_04\frame_0147.jpg,0.688,992.4,214.9,1000.7,228.3
online_match_04/frame_0148.jpg,data\frames_dense\online_match_04\frame_0148.jpg,0.765,995.4,218.3,1002.2,232.0
online_match_04/frame_0149.jpg,data\frames_dense\online_match_04\frame_0149.jpg,0.617,990.9,222.7,1000.2,234.6
online_match_04/frame_0150.jpg,data\frames_dense\online_match_04\frame_0150.jpg,0.644,989.4,222.1,1000.1,233.9
online_match_04/frame_0151.jpg,data\frames_dense\online_match_04\frame_0151.jpg,0.565,988.4,219.8,1000.0,232.9
online_match_04/frame_0151.jpg,data\frames_dense\online_match_04\frame_0151.jpg,0.407,984.0,220.5,996.5,234.0
online_match_04/frame_0154.jpg,data\frames_dense\online_match_04\frame_0154.jpg,0.326,968.0,216.9,980.3,229.2
online_match_04/frame_0157.jpg,data\frames_dense\online_match_04\frame_0157.jpg,0.459,990.0,222.7,1000.1,234.6
online_match_04/frame_0167.jpg,data\frames_dense\online_match_04\frame_0167.jpg,0.265,1176.0,232.9,1186.3,243.9
online_match_04/frame_0168.jpg,data\frames_dense\online_match_04\frame_0168.jpg,0.343,1192.0,232.8,1203.7,244.4
online_match_04/frame_0172.jpg,data\frames_dense\online_match_04\frame_0172.jpg,0.299,1224.0,232.9,1236.2,248.5
online_match_04/frame_0176.jpg,data\frames_dense\online_match_04\frame_0176.jpg,0.274,1224.0,233.2,1235.8,248.9
online_match_04/frame_0179.jpg,data\frames_dense\online_match_04\frame_0179.jpg,0.35,46.3,166.7,56.1,179.1
online_match_04/frame_0180.jpg,data\frames_dense\online_match_04\frame_0180.jpg,0.414,1224.0,232.9,1236.7,249.7
online_match_04/frame_0180.jpg,data\frames_dense\online_match_04\frame_0180.jpg,0.35,46.3,166.5,56.1,179.3
online_match_04/frame_0181.jpg,data\frames_dense\online_match_04\frame_0181.jpg,0.392,46.0,166.8,56.1,179.5
online_match_04/frame_0182.jpg,data\frames_dense\online_match_04\frame_0182.jpg,0.333,45.8,166.7,56.1,179.4
online_match_04/frame_0183.jpg,data\frames_dense\online_match_04\frame_0183.jpg,0.415,46.1,166.8,56.1,179.6
online_match_04/frame_0184.jpg,data\frames_dense\online_match_04\frame_0184.jpg,0.419,46.1,166.9,56.1,179.6
online_match_04/frame_0185.jpg,data\frames_dense\online_match_04\frame_0185.jpg,0.459,46.3,166.4,56.1,179.2
online_match_04/frame_0185.jpg,data\frames_dense\online_match_04\frame_0185.jpg,0.376,1224.0,234.1,1235.1,250.3
online_match_04/frame_0186.jpg,data\frames_dense\online_match_04\frame_0186.jpg,0.335,1238.4,231.5,1247.9,249.7
online_match_04/frame_0193.jpg,data\frames_dense\online_match_04\frame_0193.jpg,0.404,158.7,174.4,168.2,186.4
online_match_04/frame_0196.jpg,data\frames_dense\online_match_04\frame_0196.jpg,0.455,348.3,188.5,361.8,206.9
online_match_04/frame_0196.jpg,data\frames_dense\online_match_04\frame_0196.jpg,0.353,1256.0,253.6,1268.0,267.6
online_match_04/frame_0196.jpg,data\frames_dense\online_match_04\frame_0196.jpg,0.328,47.9,245.2,56.9,259.8
online_match_04/frame_0198.jpg,data\frames_dense\online_match_04\frame_0198.jpg,0.264,1250.8,254.7,1260.2,267.4
online_match_04/frame_0199.jpg,data\frames_dense\online_match_04\frame_0199.jpg,0.358,1245.7,254.9,1256.5,267.8
online_match_04/frame_0200.jpg,data\frames_dense\online_match_04\frame_0200.jpg,0.565,1240.0,254.0,1251.6,267.4
online_match_04/frame_0200.jpg,data\frames_dense\online_match_04\frame_0200.jpg,0.296,1243.2,254.6,1256.0,267.5
online_match_04/frame_0200.jpg,data\frames_dense\online_match_04\frame_0200.jpg,0.267,343.5,187.8,356.2,209.3
online_match_04/frame_0201.jpg,data\frames_dense\online_match_04\frame_0201.jpg,0.663,1240.0,253.7,1251.2,267.6
online_match_04/frame_0202.jpg,data\frames_dense\online_match_04\frame_0202.jpg,0.711,1240.0,253.4,1250.7,267.7
online_match_04/frame_0203.jpg,data\frames_dense\online_match_04\frame_0203.jpg,0.733,1240.0,252.3,1250.8,267.3
online_match_04/frame_0204.jpg,data\frames_dense\online_match_04\frame_0204.jpg,0.722,1240.0,252.3,1250.8,266.9
online_match_04/frame_0205.jpg,data\frames_dense\online_match_04\frame_0205.jpg,0.721,1239.8,252.8,1250.2,267.2
online_match_04/frame_0206.jpg,data\frames_dense\online_match_04\frame_0206.jpg,0.717,1238.5,253.7,1248.7,267.1
online_match_04/frame_0207.jpg,data\frames_dense\online_match_04\frame_0207.jpg,0.733,1237.1,253.3,1246.7,266.2
online_match_04/frame_0207.jpg,data\frames_dense\online_match_04\frame_0207.jpg,0.622,336.6,188.5,351.5,206.8
online_match_04/frame_0208.jpg,data\frames_dense\online_match_04\frame_0208.jpg,0.718,1234.0,253.4,1242.7,266.2
online_match_04/frame_0209.jpg,data\frames_dense\online_match_04\frame_0209.jpg,0.684,1232.3,253.1,1241.3,266.2
online_match_04/frame_0209.jpg,data\frames_dense\online_match_04\frame_0209.jpg,0.274,32.4,247.4,42.2,262.5
online_match_04/frame_0210.jpg,data\frames_dense\online_match_04\frame_0210.jpg,0.647,1229.9,254.5,1240.4,267.4
online_match_04/frame_0211.jpg,data\frames_dense\online_match_04\frame_0211.jpg,0.509,1224.0,254.2,1235.9,267.4
online_match_04/frame_0211.jpg,data\frames_dense\online_match_04\frame_0211.jpg,0.478,1227.4,254.6,1240.0,267.4
online_match_04/frame_0212.jpg,data\frames_dense\online_match_04\frame_0212.jpg,0.504,1224.0,253.8,1235.9,267.6
online_match_04/frame_0212.jpg,data\frames_dense\online_match_04\frame_0212.jpg,0.372,1227.2,254.5,1240.0,267.5
online_match_04/frame_0213.jpg,data\frames_dense\online_match_04\frame_0213.jpg,0.614,1224.0,254.1,1235.1,267.6
online_match_04/frame_0214.jpg,data\frames_dense\online_match_04\frame_0214.jpg,0.634,1224.0,254.1,1234.5,267.9
online_match_04/frame_0214.jpg,data\frames_dense\online_match_04\frame_0214.jpg,0.277,327.9,189.6,342.0,210.1
online_match_04/frame_0215.jpg,data\frames_dense\online_match_04\frame_0215.jpg,0.637,1224.0,254.4,1234.2,268.2
online_match_04/frame_0215.jpg,data\frames_dense\online_match_04\frame_0215.jpg,0.261,327.8,189.9,341.5,210.2
online_match_04/frame_0216.jpg,data\frames_dense\online_match_04\frame_0216.jpg,0.678,1223.8,254.5,1233.4,268.4
online_match_04/frame_0217.jpg,data\frames_dense\online_match_04\frame_0217.jpg,0.612,1208.0,254.1,1219.2,267.6
online_match_04/frame_0218.jpg,data\frames_dense\online_match_04\frame_0218.jpg,0.557,1189.6,254.5,1198.9,267.3
online_match_04/frame_0218.jpg,data\frames_dense\online_match_04\frame_0218.jpg,0.284,226.6,105.4,246.9,114.0
online_match_04/frame_0219.jpg,data\frames_dense\online_match_04\frame_0219.jpg,0.397,1144.0,254.5,1156.3,267.6
online_match_04/frame_0219.jpg,data\frames_dense\online_match_04\frame_0219.jpg,0.371,1148.3,254.8,1160.0,267.5
online_match_04/frame_0220.jpg,data\frames_dense\online_match_04\frame_0220.jpg,0.332,200.5,195.6,217.8,215.6
online_match_04/frame_0230.jpg,data\frames_dense\online_match_04\frame_0230.jpg,0.301,887.6,223.8,897.2,239.2
online_match_04/frame_0231.jpg,data\frames_dense\online_match_04\frame_0231.jpg,0.506,909.6,223.3,920.1,236.7
online_match_04/frame_0231.jpg,data\frames_dense\online_match_04\frame_0231.jpg,0.354,932.0,316.2,973.7,349.4
online_match_04/frame_0232.jpg,data\frames_dense\online_match_04\frame_0232.jpg,0.639,936.0,221.6,946.8,236.2
online_match_04/frame_0233.jpg,data\frames_dense\online_match_04\frame_0233.jpg,0.384,960.3,219.3,970.5,232.5
online_match_04/frame_0234.jpg,data\frames_dense\online_match_04\frame_0234.jpg,0.577,992.1,207.8,1000.4,222.8
online_match_04/frame_0235.jpg,data\frames_dense\online_match_04\frame_0235.jpg,0.616,1019.8,202.7,1032.1,217.1
online_match_04/frame_0235.jpg,data\frames_dense\online_match_04\frame_0235.jpg,0.379,1016.0,202.4,1029.1,216.4
online_match_04/frame_0236.jpg,data\frames_dense\online_match_04\frame_0236.jpg,0.764,1030.0,199.4,1039.6,213.2
online_match_04/frame_0237.jpg,data\frames_dense\online_match_04\frame_0237.jpg,0.773,1030.2,198.7,1040.5,212.7
online_match_04/frame_0238.jpg,data\frames_dense\online_match_04\frame_0238.jpg,0.674,1027.1,196.8,1036.5,210.1
online_match_04/frame_0239.jpg,data\frames_dense\online_match_04\frame_0239.jpg,0.732,1012.2,196.3,1022.0,209.8
online_match_04/frame_0240.jpg,data\frames_dense\online_match_04\frame_0240.jpg,0.757,997.8,196.6,1007.9,210.4
online_match_04/frame_0241.jpg,data\frames_dense\online_match_04\frame_0241.jpg,0.525,984.0,194.3,994.5,208.9
online_match_04/frame_0242.jpg,data\frames_dense\online_match_04\frame_0242.jpg,0.361,978.1,181.5,986.3,196.1
online_match_04/frame_0244.jpg,data\frames_dense\online_match_04\frame_0244.jpg,0.338,963.1,185.7,970.8,201.6
online_match_04/frame_0245.jpg,data\frames_dense\online_match_04\frame_0245.jpg,0.591,952.0,188.0,962.3,205.8
online_match_04/frame_0246.jpg,data\frames_dense\online_match_04\frame_0246.jpg,0.57,948.5,188.2,957.4,205.2
online_match_04/frame_0246.jpg,data\frames_dense\online_match_04\frame_0246.jpg,0.546,946.0,194.8,953.5,212.0
online_match_04/frame_0247.jpg,data\frames_dense\online_match_04\frame_0247.jpg,0.553,941.3,189.3,952.0,206.6
online_match_04/frame_0247.jpg,data\frames_dense\online_match_04\frame_0247.jpg,0.279,940.9,191.9,952.0,210.3
online_match_04/frame_0248.jpg,data\frames_dense\online_match_04\frame_0248.jpg,0.333,936.0,192.2,946.7,210.3
online_match_04/frame_0249.jpg,data\frames_dense\online_match_04\frame_0249.jpg,0.603,931.6,201.4,941.1,219.4
online_match_04/frame_0250.jpg,data\frames_dense\online_match_04\frame_0250.jpg,0.48,926.9,201.2,936.2,218.6
online_match_04/frame_0251.jpg,data\frames_dense\online_match_04\frame_0251.jpg,0.513,925.5,199.7,936.0,219.0
online_match_04/frame_0252.jpg,data\frames_dense\online_match_04\frame_0252.jpg,0.517,925.0,199.8,936.0,218.4
online_match_04/frame_0254.jpg,data\frames_dense\online_match_04\frame_0254.jpg,0.482,920.0,198.3,933.3,218.6
online_match_04/frame_0254.jpg,data\frames_dense\online_match_04\frame_0254.jpg,0.419,923.0,196.4,936.0,216.6
online_match_04/frame_0255.jpg,data\frames_dense\online_match_04\frame_0255.jpg,0.718,920.0,198.7,931.8,218.5
online_match_04/frame_0256.jpg,data\frames_dense\online_match_04\frame_0256.jpg,0.65,919.7,198.3,929.5,218.4
online_match_04/frame_0257.jpg,data\frames_dense\online_match_04\frame_0257.jpg,0.636,918.0,198.6,927.4,216.8
online_match_04/frame_0258.jpg,data\frames_dense\online_match_04\frame_0258.jpg,0.675,917.9,198.2,927.1,215.3
online_match_04/frame_0259.jpg,data\frames_dense\online_match_04\frame_0259.jpg,0.695,918.1,198.1,927.4,215.7
online_match_04/frame_0260.jpg,data\frames_dense\online_match_04\frame_0260.jpg,0.507,920.0,201.7,932.3,218.4
online_match_04/frame_0260.jpg,data\frames_dense\online_match_04\frame_0260.jpg,0.251,923.7,200.7,936.0,216.6
online_match_04/frame_0261.jpg,data\frames_dense\online_match_04\frame_0261.jpg,0.42,932.9,197.2,941.5,213.6
online_match_04/frame_0263.jpg,data\frames_dense\online_match_04\frame_0263.jpg,0.748,946.5,196.6,956.1,214.3
online_match_04/frame_0264.jpg,data\frames_dense\online_match_04\frame_0264.jpg,0.617,951.8,196.8,961.5,214.6
online_match_04/frame_0266.jpg,data\frames_dense\online_match_04\frame_0266.jpg,0.654,968.0,201.2,979.0,218.4
online_match_04/frame_0267.jpg,data\frames_dense\online_match_04\frame_0267.jpg,0.54,979.6,206.7,988.2,223.1
online_match_04/frame_0268.jpg,data\frames_dense\online_match_04\frame_0268.jpg,0.445,991.2,204.2,1000.1,218.6
online_match_04/frame_0269.jpg,data\frames_dense\online_match_04\frame_0269.jpg,0.696,1008.4,206.3,1016.8,222.4
online_match_04/frame_0270.jpg,data\frames_dense\online_match_04\frame_0270.jpg,0.303,1026.6,208.0,1038.9,227.3
online_match_04/frame_0271.jpg,data\frames_dense\online_match_04\frame_0271.jpg,0.685,1047.2,207.9,1059.2,227.0
online_match_04/frame_0275.jpg,data\frames_dense\online_match_04\frame_0275.jpg,0.551,1103.9,215.0,1113.1,229.3
online_match_04/frame_0276.jpg,data\frames_dense\online_match_04\frame_0276.jpg,0.737,1112.0,213.4,1123.7,229.9
online_match_04/frame_0277.jpg,data\frames_dense\online_match_04\frame_0277.jpg,0.465,1116.5,218.5,1128.0,232.6
online_match_04/frame_0277.jpg,data\frames_dense\online_match_04\frame_0277.jpg,0.35,1112.0,218.2,1124.5,232.8
online_match_04/frame_0278.jpg,data\frames_dense\online_match_04\frame_0278.jpg,0.465,1126.7,212.1,1135.7,227.6
online_match_04/frame_0279.jpg,data\frames_dense\online_match_04\frame_0279.jpg,0.29,1127.9,211.3,1139.2,227.1
online_match_04/frame_0280.jpg,data\frames_dense\online_match_04\frame_0280.jpg,0.813,1134.8,211.3,1145.2,232.0
online_match_04/frame_0281.jpg,data\frames_dense\online_match_04\frame_0281.jpg,0.715,1144.0,215.5,1155.4,232.3
online_match_04/frame_0285.jpg,data\frames_dense\online_match_04\frame_0285.jpg,0.734,1149.8,218.3,1160.2,236.7
online_match_04/frame_0286.jpg,data\frames_dense\online_match_04\frame_0286.jpg,0.462,1158.7,219.5,1169.1,238.5
online_match_04/frame_0287.jpg,data\frames_dense\online_match_04\frame_0287.jpg,0.697,1173.1,221.8,1181.9,237.3
online_match_04/frame_0288.jpg,data\frames_dense\online_match_04\frame_0288.jpg,0.654,1186.4,221.6,1194.6,237.1
online_match_04/frame_0289.jpg,data\frames_dense\online_match_04\frame_0289.jpg,0.422,1199.2,223.5,1208.4,239.7
online_match_04/frame_0290.jpg,data\frames_dense\online_match_04\frame_0290.jpg,0.613,1208.0,225.7,1219.0,242.2
online_match_04/frame_0291.jpg,data\frames_dense\online_match_04\frame_0291.jpg,0.318,278.2,171.0,293.9,193.3
online_match_04/frame_0293.jpg,data\frames_dense\online_match_04\frame_0293.jpg,0.273,1240.0,234.4,1251.4,250.4
online_match_04/frame_0296.jpg,data\frames_dense\online_match_04\frame_0296.jpg,0.674,32.1,236.2,40.5,250.7
online_match_04/frame_0296.jpg,data\frames_dense\online_match_04\frame_0296.jpg,0.279,158.1,174.5,168.2,187.0
online_match_04/frame_0297.jpg,data\frames_dense\online_match_04\frame_0297.jpg,0.513,36.2,238.6,45.0,251.4
online_match_04/frame_0297.jpg,data\frames_dense\online_match_04\frame_0297.jpg,0.325,330.0,180.1,345.7,202.5
online_match_04/frame_0298.jpg,data\frames_dense\online_match_04\frame_0298.jpg,0.485,1221.6,239.0,1230.9,254.0
online_match_04/frame_0302.jpg,data\frames_dense\online_match_04\frame_0302.jpg,0.253,37.3,248.1,47.8,262.4
online_match_04/frame_0303.jpg,data\frames_dense\online_match_04\frame_0303.jpg,0.458,325.4,193.4,338.1,214.4
online_match_04/frame_0303.jpg,data\frames_dense\online_match_04\frame_0303.jpg,0.436,36.0,250.6,46.4,264.6
online_match_04/frame_0304.jpg,data\frames_dense\online_match_04\frame_0304.jpg,0.407,36.1,250.6,46.2,264.6
online_match_04/frame_0307.jpg,data\frames_dense\online_match_04\frame_0307.jpg,0.425,36.2,250.9,46.5,265.6
online_match_04/frame_0308.jpg,data\frames_dense\online_match_04\frame_0308.jpg,0.433,35.5,251.9,45.0,266.1
online_match_04/frame_0309.jpg,data\frames_dense\online_match_04\frame_0309.jpg,0.3,34.4,252.9,42.5,266.4
online_match_04/frame_0310.jpg,data\frames_dense\online_match_04\frame_0310.jpg,0.259,33.0,252.5,41.2,266.2
online_match_04/frame_0311.jpg,data\frames_dense\online_match_04\frame_0311.jpg,0.47,31.8,252.6,40.4,266.4
online_match_04/frame_0314.jpg,data\frames_dense\online_match_04\frame_0314.jpg,0.337,30.5,253.2,40.2,266.9
online_match_04/frame_0315.jpg,data\frames_dense\online_match_04\frame_0315.jpg,0.406,30.5,253.2,40.2,266.7
online_match_04/frame_0316.jpg,data\frames_dense\online_match_04\frame_0316.jpg,0.393,31.0,253.4,40.4,266.5
online_match_04/frame_0317.jpg,data\frames_dense\online_match_04\frame_0317.jpg,0.317,30.7,254.2,40.4,267.4
online_match_04/frame_0339.jpg,data\frames_dense\online_match_04\frame_0339.jpg,0.356,315.6,203.0,328.6,222.8
online_match_04/frame_0340.jpg,data\frames_dense\online_match_04\frame_0340.jpg,0.615,315.5,203.0,328.6,222.8
online_match_04/frame_0341.jpg,data\frames_dense\online_match_04\frame_0341.jpg,0.558,315.4,203.0,328.6,222.8
online_match_04/frame_0342.jpg,data\frames_dense\online_match_04\frame_0342.jpg,0.698,315.6,203.2,328.6,222.7
online_match_04/frame_0343.jpg,data\frames_dense\online_match_04\frame_0343.jpg,0.726,315.4,203.3,328.8,222.8
online_match_04/frame_0344.jpg,data\frames_dense\online_match_04\frame_0344.jpg,0.696,315.2,203.4,328.9,222.8
online_match_04/frame_0345.jpg,data\frames_dense\online_match_04\frame_0345.jpg,0.544,314.6,203.7,328.8,222.7
online_match_04/frame_0346.jpg,data\frames_dense\online_match_04\frame_0346.jpg,0.572,302.2,203.1,317.3,221.3
online_match_04/frame_0347.jpg,data\frames_dense\online_match_04\frame_0347.jpg,0.584,255.6,202.3,274.1,221.9
online_match_04/frame_0354.jpg,data\frames_dense\online_match_04\frame_0354.jpg,0.255,418.7,268.8,426.0,280.6
online_match_04/frame_0373.jpg,data\frames_dense\online_match_04\frame_0373.jpg,0.473,1025.8,238.0,1033.9,251.2
online_match_04/frame_0374.jpg,data\frames_dense\online_match_04\frame_0374.jpg,0.723,1059.0,239.1,1067.8,254.1
online_match_04/frame_0382.jpg,data\frames_dense\online_match_04\frame_0382.jpg,0.255,1080.0,239.3,1091.9,253.9
online_match_04/frame_0402.jpg,data\frames_dense\online_match_04\frame_0402.jpg,0.287,942.4,19.8,958.3,35.0
online_match_04/frame_0402.jpg,data\frames_dense\online_match_04\frame_0402.jpg,0.252,1191.6,15.2,1205.7,30.2
online_match_04/frame_0403.jpg,data\frames_dense\online_match_04\frame_0403.jpg,0.528,1178.1,20.9,1198.8,36.5
online_match_04/frame_0405.jpg,data\frames_dense\online_match_04\frame_0405.jpg,0.479,1147.5,26.4,1163.7,41.1
online_match_04/frame_0405.jpg,data\frames_dense\online_match_04\frame_0405.jpg,0.323,1079.3,28.1,1093.0,41.2
online_match_04/frame_0407.jpg,data\frames_dense\online_match_04\frame_0407.jpg,0.534,567.5,26.4,578.5,42.7
online_match_04/frame_0407.jpg,data\frames_dense\online_match_04\frame_0407.jpg,0.42,688.3,28.3,701.3,42.7
online_match_04/frame_0407.jpg,data\frames_dense\online_match_04\frame_0407.jpg,0.279,1132.1,27.0,1150.4,41.7
online_match_04/frame_0408.jpg,data\frames_dense\online_match_04\frame_0408.jpg,0.508,566.9,25.7,578.1,41.8
online_match_04/frame_0408.jpg,data\frames_dense\online_match_04\frame_0408.jpg,0.348,1131.6,26.6,1149.7,41.3
online_match_04/frame_0409.jpg,data\frames_dense\online_match_04\frame_0409.jpg,0.376,685.1,28.3,697.9,42.6
online_match_04/frame_0409.jpg,data\frames_dense\online_match_04\frame_0409.jpg,0.36,1130.3,27.1,1146.3,41.2
online_match_04/frame_0410.jpg,data\frames_dense\online_match_04\frame_0410.jpg,0.252,352.5,21.9,365.5,37.0
online_match_04/frame_0412.jpg,data\frames_dense\online_match_04\frame_0412.jpg,0.333,412.0,23.2,427.3,37.4
online_match_04/frame_0412.jpg,data\frames_dense\online_match_04\frame_0412.jpg,0.278,311.9,50.7,322.7,68.9
online_match_04/frame_0413.jpg,data\frames_dense\online_match_04\frame_0413.jpg,0.327,663.9,27.5,675.9,43.1
online_match_04/frame_0415.jpg,data\frames_dense\online_match_04\frame_0415.jpg,0.295,311.8,50.7,322.6,68.9
online_match_04/frame_0416.jpg,data\frames_dense\online_match_04\frame_0416.jpg,0.377,667.4,29.5,680.4,44.5
online_match_04/frame_0416.jpg,data\frames_dense\online_match_04\frame_0416.jpg,0.265,311.9,50.6,322.9,68.8
online_match_04/frame_0417.jpg,data\frames_dense\online_match_04\frame_0417.jpg,0.297,59.2,10.8,74.4,25.8
online_match_04/frame_0420.jpg,data\frames_dense\online_match_04\frame_0420.jpg,0.281,311.9,50.6,322.7,68.4
online_match_04/frame_0421.jpg,data\frames_dense\online_match_04\frame_0421.jpg,0.329,311.9,50.5,322.8,68.6
online_match_04/frame_0422.jpg,data\frames_dense\online_match_04\frame_0422.jpg,0.397,311.9,50.4,322.8,68.6
online_match_04/frame_0423.jpg,data\frames_dense\online_match_04\frame_0423.jpg,0.322,311.9,50.7,322.9,68.8
online_match_04/frame_0424.jpg,data\frames_dense\online_match_04\frame_0424.jpg,0.287,311.9,50.8,322.8,68.8
online_match_04/frame_0425.jpg,data\frames_dense\online_match_04\frame_0425.jpg,0.299,311.9,50.6,322.9,68.8
online_match_04/frame_0428.jpg,data\frames_dense\online_match_04\frame_0428.jpg,0.274,311.9,50.8,322.8,69.0
online_match_04/frame_0428.jpg,data\frames_dense\online_match_04\frame_0428.jpg,0.265,479.9,27.3,493.7,41.4
online_match_04/frame_0429.jpg,data\frames_dense\online_match_04\frame_0429.jpg,0.341,666.9,30.9,680.0,46.0
online_match_04/frame_0431.jpg,data\frames_dense\online_match_04\frame_0431.jpg,0.308,471.8,27.0,483.0,42.4
online_match_04/frame_0432.jpg,data\frames_dense\online_match_04\frame_0432.jpg,0.323,535.9,29.2,546.7,44.6
online_match_04/frame_0432.jpg,data\frames_dense\online_match_04\frame_0432.jpg,0.319,42.2,11.0,57.9,25.6
online_match_04/frame_0432.jpg,data\frames_dense\online_match_04\frame_0432.jpg,0.272,658.0,30.7,670.8,44.9
online_match_04/frame_0433.jpg,data\frames_dense\online_match_04\frame_0433.jpg,0.429,654.2,30.7,665.0,44.9
online_match_04/frame_0437.jpg,data\frames_dense\online_match_04\frame_0437.jpg,0.276,1079.9,31.7,1092.8,47.4
online_match_04/frame_0442.jpg,data\frames_dense\online_match_04\frame_0442.jpg,0.354,636.9,30.5,648.4,45.3
online_match_04/frame_0443.jpg,data\frames_dense\online_match_04\frame_0443.jpg,0.432,634.9,30.8,648.0,46.3
online_match_04/frame_0443.jpg,data\frames_dense\online_match_04\frame_0443.jpg,0.257,378.9,24.7,393.0,39.0
online_match_04/frame_0445.jpg,data\frames_dense\online_match_04\frame_0445.jpg,0.404,503.7,27.6,514.7,43.6
online_match_04/frame_0447.jpg,data\frames_dense\online_match_04\frame_0447.jpg,0.282,605.4,30.1,617.7,44.8
online_match_04/frame_0449.jpg,data\frames_dense\online_match_04\frame_0449.jpg,0.302,471.6,26.0,482.6,42.4
online_match_04/frame_0450.jpg,data\frames_dense\online_match_04\frame_0450.jpg,0.268,592.8,29.6,605.7,43.5
online_match_04/frame_0451.jpg,data\frames_dense\online_match_04\frame_0451.jpg,0.371,591.9,30.0,603.6,44.1
online_match_04/frame_0451.jpg,data\frames_dense\online_match_04\frame_0451.jpg,0.297,955.7,34.8,971.6,50.6
online_match_04/frame_0453.jpg,data\frames_dense\online_match_04\frame_0453.jpg,0.352,955.6,35.0,970.9,50.7
online_match_04/frame_0453.jpg,data\frames_dense\online_match_04\frame_0453.jpg,0.318,591.4,30.3,603.3,44.0
online_match_04/frame_0454.jpg,data\frames_dense\online_match_04\frame_0454.jpg,0.329,955.5,35.0,970.9,50.7
online_match_04/frame_0454.jpg,data\frames_dense\online_match_04\frame_0454.jpg,0.318,591.2,30.3,603.1,44.0
online_match_04/frame_0455.jpg,data\frames_dense\online_match_04\frame_0455.jpg,0.283,591.7,30.3,603.3,44.2
online_match_04/frame_0455.jpg,data\frames_dense\online_match_04\frame_0455.jpg,0.275,955.6,35.3,971.0,50.8
online_match_04/frame_0457.jpg,data\frames_dense\online_match_04\frame_0457.jpg,0.263,591.9,30.4,603.5,44.2
online_match_04/frame_0458.jpg,data\frames_dense\online_match_04\frame_0458.jpg,0.252,591.7,30.2,603.5,43.8
online_match_04/frame_0459.jpg,data\frames_dense\online_match_04\frame_0459.jpg,0.262,591.5,30.3,603.3,43.8
online_match_04/frame_0460.jpg,data\frames_dense\online_match_04\frame_0460.jpg,0.278,955.6,35.4,971.0,50.5
online_match_04/frame_0461.jpg,data\frames_dense\online_match_04\frame_0461.jpg,0.317,955.6,35.4,971.0,50.5
online_match_04/frame_0462.jpg,data\frames_dense\online_match_04\frame_0462.jpg,0.279,955.9,35.3,971.1,50.6
online_match_04/frame_0463.jpg,data\frames_dense\online_match_04\frame_0463.jpg,0.28,956.0,35.2,970.8,50.5
online_match_04/frame_0464.jpg,data\frames_dense\online_match_04\frame_0464.jpg,0.278,538.1,29.7,553.2,43.2
online_match_04/frame_0466.jpg,data\frames_dense\online_match_04\frame_0466.jpg,0.269,366.2,21.9,382.2,36.7
online_match_04/frame_0468.jpg,data\frames_dense\online_match_04\frame_0468.jpg,0.505,1159.2,27.2,1181.3,42.1
online_match_04/frame_0468.jpg,data\frames_dense\online_match_04\frame_0468.jpg,0.343,183.9,19.2,204.9,34.5
online_match_04/frame_0468.jpg,data\frames_dense\online_match_04\frame_0468.jpg,0.265,458.4,26.6,474.9,41.7
online_match_04/frame_0470.jpg,data\frames_dense\online_match_04\frame_0470.jpg,0.265,82.0,220.3,93.9,237.0
online_match_04/frame_0471.jpg,data\frames_dense\online_match_04\frame_0471.jpg,0.365,1208.2,16.4,1225.9,33.3
online_match_04/frame_0475.jpg,data\frames_dense\online_match_04\frame_0475.jpg,0.287,1183.1,7.9,1200.2,22.5
online_match_04/frame_0493.jpg,data\frames_dense\online_match_04\frame_0493.jpg,0.524,311.7,85.0,322.8,103.4
online_match_04/frame_0494.jpg,data\frames_dense\online_match_04\frame_0494.jpg,0.355,208.0,169.4,224.1,189.5
online_match_04/frame_0494.jpg,data\frames_dense\online_match_04\frame_0494.jpg,0.279,311.7,85.5,323.3,104.3
online_match_04/frame_0496.jpg,data\frames_dense\online_match_04\frame_0496.jpg,0.276,274.4,171.2,290.2,191.5
