frame_idx,class,x1,y1,x2,y2,confidence
0,player,595.2,526.1,669.4,713.3,0.82
0,player,1070.9,404.3,1134.0,545.6,0.803
0,player,882.8,423.6,962.2,557.0,0.792
0,player,735.1,425.9,835.0,567.3,0.791
0,player,326.1,452.3,397.7,596.6,0.693
0,player,161.0,371.1,212.3,512.6,0.683
0,player,419.9,346.4,470.7,464.4,0.64
0,player,328.6,382.6,368.5,460.9,0.569
0,player,500.4,308.6,542.4,405.1,0.401
1,player,731.5,427.6,835.5,572.7,0.846
1,player,590.8,527.0,664.5,714.4,0.807
1,player,1066.7,406.8,1129.9,549.7,0.794
1,player,881.7,423.1,956.2,559.0,0.773
1,player,150.4,362.3,205.9,511.3,0.728
1,player,420.5,349.2,471.9,466.6,0.695
1,player,322.8,384.1,394.7,590.8,0.633
1,player,326.0,449.6,394.1,597.6,0.457
1,player,499.5,390.3,552.8,472.5,0.411
1,player,495.2,306.5,540.3,403.2,0.314
1,player,850.9,363.2,889.8,437.6,0.3
2,player,725.0,428.6,834.8,574.2,0.873
2,player,877.3,424.5,945.8,561.9,0.797
2,player,583.6,524.4,658.5,713.4,0.789
2,player,1062.6,409.3,1125.4,555.2,0.784
2,player,419.4,352.0,466.7,465.4,0.716
2,player,145.1,356.3,203.4,511.9,0.702
2,player,309.7,433.6,391.4,603.4,0.68
2,player,317.4,378.2,356.7,459.6,0.553
2,player,486.8,395.0,544.7,471.3,0.426
2,player,844.3,359.4,888.0,437.6,0.375
2,player,845.1,328.4,883.2,433.6,0.286
2,player,325.7,453.2,389.6,597.6,0.251
3,player,721.5,429.0,828.5,574.1,0.874
3,player,579.0,525.0,651.6,710.3,0.837
3,player,1055.3,414.9,1121.1,558.3,0.821
3,player,872.2,426.2,936.2,560.1,0.792
3,player,136.7,346.2,194.3,511.7,0.707
3,player,417.7,356.1,462.4,463.4,0.666
3,player,323.9,437.8,390.0,604.9,0.567
3,player,839.7,352.7,880.5,437.5,0.509
3,player,313.6,373.8,355.7,460.5,0.503
3,player,486.3,388.8,542.0,470.2,0.499
4,player,719.3,427.4,823.7,573.0,0.887
4,player,572.4,525.4,646.6,714.7,0.831
4,player,1051.9,418.6,1114.8,556.4,0.814
4,player,863.9,431.2,924.9,555.2,0.775
4,player,133.1,346.9,185.8,513.0,0.746
4,player,409.0,352.5,458.4,470.4,0.665
4,player,325.6,431.7,391.4,597.0,0.602
4,player,832.7,354.4,880.5,438.7,0.434
4,player,301.0,371.7,343.6,499.0,0.316
4,player,477.1,327.1,538.6,472.0,0.296
5,player,717.5,423.9,821.5,573.9,0.87
5,player,568.4,524.3,640.2,714.5,0.839
5,player,858.2,440.0,916.8,559.4,0.779
5,player,1046.8,424.2,1109.8,558.4,0.776
5,player,402.2,351.7,453.3,465.3,0.677
5,player,325.2,432.1,390.8,578.4,0.666
5,player,124.9,355.1,179.7,514.0,0.656
5,player,830.2,359.3,877.7,446.3,0.551
5,player,287.5,370.6,340.9,499.6,0.499
5,player,471.6,393.9,527.8,471.2,0.441
5,player,301.8,371.4,338.6,463.5,0.435
6,player,717.5,423.9,821.6,573.9,0.871
6,player,567.7,524.3,640.2,714.2,0.84
6,player,1046.9,424.3,1109.9,558.5,0.777
6,player,858.2,439.9,916.8,559.4,0.777
6,player,401.9,351.6,453.2,465.3,0.676
6,player,325.2,432.1,390.8,578.1,0.666
6,player,124.9,355.6,179.7,514.0,0.655
6,player,830.1,359.2,877.9,446.4,0.557
6,player,287.5,370.4,341.0,499.5,0.496
6,player,471.5,393.8,527.4,471.3,0.44
6,player,301.8,371.3,338.6,463.5,0.431
7,player,720.5,424.1,812.0,574.3,0.84
7,player,565.9,523.7,634.0,712.1,0.838
7,player,1039.3,428.3,1106.6,559.9,0.8
7,player,848.1,430.7,909.1,556.5,0.749
7,player,325.4,433.2,398.3,574.9,0.695
7,player,407.1,352.5,448.0,463.4,0.684
7,player,117.3,384.0,171.7,513.6,0.679
7,player,823.7,353.8,866.4,457.6,0.528
7,player,296.3,371.3,334.0,462.8,0.464
7,player,279.8,370.3,338.2,498.3,0.376
8,player,556.3,523.6,628.9,712.8,0.811
8,player,842.5,432.1,903.1,559.1,0.788
8,player,327.9,433.3,410.4,576.5,0.76
8,player,1036.0,430.6,1103.2,559.4,0.748
8,player,717.2,421.1,807.4,572.6,0.745
8,player,108.3,387.4,165.1,521.7,0.691
8,player,401.8,353.2,444.2,467.7,0.675
8,player,818.8,364.0,862.3,437.3,0.514
8,player,292.3,372.9,327.0,462.4,0.46
8,player,284.4,373.1,330.0,476.4,0.287
8,player,270.4,374.1,330.7,497.9,0.274
8,player,291.5,373.2,342.7,465.8,0.269
9,player,549.1,521.6,623.0,714.1,0.801
9,player,329.5,435.0,413.3,577.2,0.75
9,player,1028.6,431.4,1101.2,559.4,0.749
9,player,841.9,432.8,901.0,556.3,0.715
9,player,394.5,353.9,437.8,466.7,0.679
9,player,741.3,419.0,804.7,566.3,0.662
9,player,100.6,404.0,155.5,523.2,0.622
9,player,709.9,419.6,803.7,568.0,0.458
9,player,286.5,374.8,323.3,465.6,0.423
9,player,812.1,370.9,853.1,430.5,0.412
9,player,259.4,398.7,325.9,503.3,0.334
9,player,127.8,340.5,161.2,423.1,0.26
9,player,459.4,381.6,524.1,470.1,0.256
10,player,546.7,522.1,618.7,710.2,0.843
10,player,1024.8,432.2,1099.8,559.8,0.839
10,player,838.8,433.5,891.4,556.6,0.78
10,player,330.8,438.6,413.3,576.8,0.772
10,player,741.7,418.9,803.1,573.7,0.718
10,player,392.3,351.6,431.5,465.6,0.679
10,player,97.4,338.5,153.9,526.5,0.671
10,player,255.4,380.2,325.4,504.8,0.61
10,player,96.6,403.7,151.5,525.9,0.595
10,player,796.5,355.1,853.3,435.4,0.454
10,player,453.8,384.7,508.3,472.0,0.345
11,player,1020.9,432.5,1102.0,555.5,0.841
11,player,541.8,522.6,613.3,710.1,0.828
11,player,331.7,443.1,411.3,576.4,0.788
11,player,739.4,417.6,805.1,568.6,0.755
11,player,249.4,383.5,323.1,506.5,0.746
11,player,838.3,433.2,884.8,553.8,0.731
11,player,387.5,350.7,428.8,466.5,0.707
11,player,90.5,339.9,149.1,528.9,0.645
11,player,90.6,404.1,145.9,528.1,0.623
11,player,793.6,362.3,848.1,435.2,0.463
11,player,450.0,379.3,503.7,467.9,0.335
11,player,454.0,382.4,495.7,462.2,0.31
12,player,1020.9,432.5,1102.0,555.4,0.842
12,player,541.8,522.8,613.3,710.1,0.828
12,player,331.7,443.1,411.3,576.4,0.788
12,player,739.4,417.6,805.1,568.6,0.754
12,player,249.4,383.5,323.1,506.5,0.743
12,player,838.2,433.1,884.8,553.9,0.732
12,player,387.5,350.8,428.8,466.5,0.704
12,player,90.5,339.8,149.3,528.9,0.652
12,player,90.6,404.0,145.9,528.1,0.619
12,player,793.5,362.2,848.0,435.1,0.463
12,player,449.9,379.3,503.9,468.0,0.331
12,player,454.0,382.3,495.7,462.2,0.307
13,player,537.6,523.5,609.3,714.1,0.836
13,player,331.7,444.2,408.3,575.9,0.789
13,player,738.9,419.4,806.9,567.4,0.78
13,player,1019.0,434.7,1108.0,554.2,0.771
13,player,245.4,384.2,321.7,510.7,0.738
13,player,835.9,430.8,878.4,554.8,0.732
13,player,85.6,400.6,139.5,530.3,0.724
13,player,381.3,352.8,423.3,470.2,0.586
13,player,444.9,378.6,497.7,470.3,0.355
13,player,783.9,367.5,838.9,431.6,0.345
13,player,114.4,341.4,145.7,419.5,0.255
14,player,537.9,521.5,605.7,716.1,0.824
14,player,329.7,444.5,403.8,576.3,0.784
14,player,740.3,420.3,812.0,568.4,0.77
14,player,242.1,387.2,321.4,507.8,0.764
14,player,80.8,398.8,134.4,531.6,0.761
14,player,1018.5,436.4,1112.8,555.5,0.758
14,player,833.2,430.7,873.4,550.1,0.731
14,player,377.6,352.4,419.6,468.6,0.727
14,player,112.1,340.8,140.4,422.9,0.403
14,player,441.0,377.2,497.5,473.9,0.362
14,player,789.6,328.3,840.8,426.9,0.312
15,player,535.5,522.0,602.3,714.1,0.827
15,player,240.5,387.0,320.8,506.6,0.781
15,player,325.4,448.3,401.3,576.3,0.769
15,player,74.8,397.3,128.5,532.1,0.765
15,player,828.9,429.1,870.8,545.8,0.762
15,player,740.0,421.5,813.4,568.9,0.752
15,player,375.1,350.9,419.2,469.9,0.656
15,player,1015.5,438.3,1116.8,556.7,0.648
15,player,109.2,340.5,137.5,427.2,0.523
15,player,770.5,364.0,830.6,432.8,0.407
15,player,799.4,327.0,833.4,425.6,0.363
15,player,438.7,375.5,509.0,476.1,0.312
15,player,1015.9,441.8,1086.8,555.8,0.251
16,player,536.0,523.5,598.5,710.8,0.826
16,player,71.5,393.9,124.1,524.3,0.803
16,player,1015.2,446.8,1117.9,555.4,0.792
16,player,823.4,428.8,865.8,540.9,0.788
16,player,318.7,449.7,398.6,577.1,0.784
16,player,737.2,423.2,814.3,569.0,0.761
16,player,240.9,385.6,320.6,510.1,0.733
16,player,371.2,350.5,414.5,470.8,0.69
16,player,434.6,370.2,499.1,475.1,0.474
16,player,796.5,328.4,832.9,426.1,0.473
16,player,104.5,339.3,132.6,430.8,0.339
16,player,475.1,380.7,527.5,476.8,0.26
17,player,522.7,524.0,595.5,711.4,0.826
17,player,1012.3,450.2,1114.9,554.2,0.76
17,player,819.5,430.9,862.1,539.5,0.741
17,player,314.7,447.1,395.6,576.9,0.735
17,player,734.6,422.3,813.0,568.5,0.734
17,player,67.0,397.4,118.6,534.8,0.725
17,player,243.6,385.0,319.8,512.3,0.664
17,player,99.3,339.3,129.3,431.2,0.652
17,player,368.0,350.1,409.0,471.0,0.609
17,player,791.7,328.3,828.0,421.2,0.464
17,player,761.0,366.2,808.3,430.8,0.431
17,player,431.8,369.0,492.2,473.5,0.385
17,ball,759.2,379.0,781.8,399.2,0.306
18,player,522.8,524.0,595.5,711.2,0.825
18,player,1012.3,450.2,1114.9,554.2,0.761
18,player,819.6,430.9,862.1,539.5,0.74
18,player,314.8,447.1,395.6,576.9,0.738
18,player,734.6,422.3,813.0,568.6,0.733
18,player,67.0,397.4,118.5,534.8,0.725
18,player,243.7,385.0,319.9,512.1,0.661
18,player,99.3,339.3,129.3,431.2,0.653
18,player,368.0,350.1,409.1,471.0,0.609
18,player,791.7,328.1,828.1,421.2,0.466
18,player,761.1,366.5,808.3,430.8,0.426
18,player,431.8,369.0,492.0,473.5,0.381
18,ball,759.2,378.9,781.8,399.2,0.297
19,player,732.8,421.9,810.8,569.1,0.771
19,player,525.7,523.2,593.9,713.6,0.768
19,player,1007.3,455.1,1110.9,554.1,0.762
19,player,246.2,383.1,317.5,511.4,0.725
19,player,287.5,446.3,392.9,577.4,0.718
19,player,363.2,350.9,404.0,469.3,0.7
19,player,60.6,394.3,107.6,533.1,0.691
19,player,818.3,428.8,859.2,536.5,0.685
19,player,98.1,339.5,125.6,432.1,0.666
19,player,790.4,330.4,826.3,421.8,0.479
19,player,431.3,369.4,494.7,477.0,0.432
19,player,757.2,367.2,801.6,433.3,0.363
19,player,485.3,381.1,522.1,476.4,0.311
19,ball,775.2,390.5,795.6,410.5,0.376
20,player,56.1,397.1,96.8,534.4,0.804
20,player,523.5,520.6,591.2,712.8,0.789
20,player,731.5,421.8,808.7,569.9,0.756
20,player,361.1,349.3,399.6,471.7,0.744
20,player,95.1,338.3,124.0,432.2,0.733
20,player,288.9,448.3,389.2,576.2,0.722
20,player,1002.2,457.8,1107.4,555.8,0.689
20,player,819.7,429.6,856.6,533.8,0.659
20,player,430.8,366.1,493.3,478.2,0.453
20,player,790.5,328.0,822.1,420.9,0.393
20,player,279.5,376.9,322.1,467.5,0.361
20,player,252.8,383.2,317.2,512.4,0.342
20,ball,792.1,406.7,811.7,426.0,0.521
21,player,519.5,520.3,588.8,714.7,0.813
21,player,359.3,348.3,396.2,472.8,0.786
21,player,731.0,423.6,806.7,571.7,0.772
21,player,51.0,391.6,93.2,532.9,0.733
21,player,280.1,456.6,390.4,578.2,0.727
21,player,820.1,431.1,853.7,530.1,0.706
21,player,91.3,339.6,120.7,431.5,0.677
21,player,992.8,461.4,1106.4,555.0,0.627
21,player,281.9,370.0,329.6,470.9,0.556
21,player,744.3,360.4,781.5,443.4,0.552
21,player,431.6,364.4,493.2,477.9,0.503
21,player,790.8,333.4,819.6,419.3,0.375
21,player,991.4,461.3,1046.6,554.3,0.265
21,ball,806.0,420.2,826.8,441.4,0.575
22,player,513.0,520.5,586.8,713.3,0.839
22,player,736.2,420.2,803.2,572.8,0.785
22,player,989.7,461.2,1105.7,553.0,0.777
22,player,44.5,389.0,87.5,533.9,0.77
22,player,354.6,350.1,393.4,473.5,0.767
22,player,820.3,432.5,851.5,531.1,0.766
22,player,88.6,341.6,117.5,429.9,0.621
22,player,272.6,449.9,388.8,579.7,0.613
22,player,432.7,361.3,491.4,478.4,0.563
22,player,789.0,332.4,819.9,418.4,0.538
22,player,737.5,357.8,777.7,436.5,0.503
22,player,269.8,395.8,389.9,579.4,0.503
22,player,288.3,366.3,331.2,460.5,0.268
23,player,519.3,521.4,585.2,710.7,0.824
23,player,38.7,385.5,82.5,534.8,0.77
23,player,819.3,433.3,851.3,527.9,0.761
23,player,741.5,420.2,802.1,571.4,0.76
23,player,986.5,461.3,1101.4,551.6,0.748
23,player,349.2,350.5,392.5,474.3,0.653
23,player,732.4,358.1,772.4,436.9,0.636
23,player,785.5,323.7,820.4,419.0,0.609
23,player,86.2,336.6,114.9,432.4,0.597
23,player,436.3,356.6,489.8,479.8,0.526
23,player,290.3,368.8,333.1,460.6,0.501
23,player,277.9,455.3,385.0,580.0,0.34
24,player,519.2,521.4,585.2,710.6,0.824
24,player,38.7,385.5,82.5,534.7,0.771
24,player,819.3,433.3,851.3,527.8,0.761
24,player,741.5,420.1,802.1,571.4,0.758
24,player,986.5,461.3,1101.4,551.5,0.748
24,player,349.2,350.5,392.5,474.3,0.651
24,player,732.5,358.1,772.5,436.9,0.637
24,player,785.5,323.6,820.4,419.0,0.609
24,player,86.2,336.5,114.9,432.5,0.595
24,player,436.3,356.6,489.8,479.8,0.527
24,player,290.3,369.0,333.0,460.6,0.498
24,player,277.9,455.3,385.4,580.2,0.338
25,player,517.9,522.0,583.4,709.6,0.832
25,player,817.1,438.9,851.0,517.2,0.777
25,player,749.3,421.6,802.8,571.6,0.775
25,player,34.8,388.3,82.4,536.2,0.749
25,player,983.2,461.9,1098.3,549.2,0.709
25,player,346.7,350.0,389.7,472.1,0.655
25,player,728.2,358.1,769.8,443.7,0.644
25,player,85.2,337.4,114.5,432.0,0.639
25,player,785.9,320.1,821.4,421.8,0.593
25,player,440.6,353.2,490.2,479.2,0.494
25,player,273.9,369.4,367.0,579.2,0.396
25,player,288.2,365.6,330.4,455.1,0.251
25,ball,807.9,408.3,825.4,425.9,0.356
26,player,518.0,522.1,582.4,709.7,0.822
26,player,269.2,428.6,351.7,576.7,0.783
26,player,816.2,439.8,852.3,512.4,0.773
26,player,750.9,420.8,803.3,573.6,0.756
26,player,27.6,387.9,80.2,540.7,0.742
26,player,83.7,337.4,114.0,431.9,0.721
26,player,345.6,351.8,388.3,472.0,0.712
26,player,977.5,461.2,1097.5,545.5,0.683
26,player,298.5,366.7,332.6,460.8,0.679
26,player,721.2,357.9,765.6,449.0,0.583
26,player,446.0,353.2,486.9,482.2,0.517
26,player,786.6,323.0,817.3,417.3,0.509
26,player,499.6,528.0,528.1,649.8,0.281
26,ball,794.0,389.8,814.0,409.4,0.528
27,player,517.3,522.2,582.2,710.2,0.817
27,player,754.4,426.4,803.5,570.5,0.773
27,player,266.1,425.8,330.4,575.6,0.77
27,player,82.9,338.3,113.1,432.1,0.741
27,player,343.2,351.2,388.8,472.0,0.732
27,player,21.9,389.0,77.5,545.1,0.72
27,player,815.0,441.6,853.2,508.0,0.688
27,player,301.7,373.2,332.6,463.6,0.633
27,player,783.7,323.2,819.1,416.1,0.546
27,player,448.0,355.4,484.5,484.0,0.471
27,player,714.1,368.6,761.0,448.3,0.429
28,player,516.3,522.2,581.8,711.2,0.803
28,player,757.6,425.3,804.6,568.5,0.784
28,player,83.2,338.3,113.7,433.5,0.761
28,player,341.2,348.4,388.9,472.6,0.719
28,player,257.3,423.8,320.9,573.1,0.701
28,player,815.9,445.9,859.2,505.6,0.693
28,player,23.4,390.4,78.4,549.8,0.681
28,player,304.8,375.8,338.0,469.9,0.551
28,player,709.3,364.3,758.1,442.4,0.408
28,player,448.8,357.1,484.6,485.2,0.399
28,player,779.7,328.2,819.9,416.6,0.38
28,player,967.0,455.6,1056.3,524.8,0.283
28,ball,771.1,356.4,793.3,377.6,0.501
29,player,515.3,521.8,581.9,712.6,0.797
29,player,82.6,339.5,113.1,433.6,0.732
29,player,250.6,423.1,315.1,571.5,0.691
29,player,760.4,422.4,807.6,571.2,0.689
29,player,815.4,448.2,858.8,507.8,0.648
29,player,340.8,348.2,387.3,470.2,0.644
29,player,20.6,397.0,72.1,545.1,0.628
29,player,703.1,360.1,757.0,444.6,0.569
29,player,307.9,381.0,342.4,480.1,0.443
29,player,779.2,330.2,819.4,415.9,0.406
29,player,304.4,374.8,349.9,517.5,0.339
30,player,515.0,521.8,581.9,712.8,0.797
30,player,82.6,339.8,112.9,433.5,0.73
30,player,250.6,423.1,315.7,571.5,0.694
30,player,760.4,422.4,807.7,571.1,0.691
30,player,340.8,348.3,387.5,470.3,0.65
30,player,815.4,448.2,858.9,507.9,0.647
30,player,20.6,397.0,72.1,545.1,0.63
30,player,703.1,360.1,757.0,444.9,0.572
30,player,307.9,380.7,342.6,480.1,0.451
30,player,779.2,330.4,819.4,415.8,0.404
30,player,304.4,374.3,349.4,517.5,0.338
31,player,513.0,521.4,581.9,712.5,0.793
31,player,18.3,399.0,68.3,547.7,0.79
31,player,82.7,339.9,112.4,432.9,0.728
31,player,764.4,425.4,811.2,572.7,0.614
31,player,698.7,360.1,751.9,436.7,0.585
31,player,783.4,320.8,820.1,416.1,0.553
31,player,246.0,425.0,293.6,528.8,0.552
31,player,246.0,424.9,315.0,529.7,0.523
31,player,812.4,450.9,862.6,505.9,0.496
31,player,696.8,359.2,756.4,457.2,0.492
31,player,338.7,350.0,382.0,471.5,0.411
31,player,743.7,422.4,811.4,575.0,0.353
31,player,312.3,387.9,345.2,483.4,0.337
31,player,307.9,383.8,358.3,521.3,0.254
32,player,512.2,521.3,581.7,711.4,0.801
32,player,15.8,398.7,67.5,546.6,0.776
32,player,82.6,339.6,111.5,432.8,0.741
32,player,303.3,381.4,372.9,523.9,0.628
32,player,784.9,320.1,819.0,416.3,0.565
32,player,242.2,426.7,302.5,528.5,0.537
32,player,771.8,429.4,811.2,583.0,0.464
32,player,699.2,358.4,743.6,433.1,0.439
32,player,758.0,425.8,812.8,589.2,0.428
32,player,952.6,449.6,1036.4,521.0,0.368
32,player,814.0,452.9,869.6,508.3,0.355
32,player,561.9,359.1,604.0,435.0,0.277
33,player,511.7,520.8,581.8,711.3,0.808
33,player,15.7,397.6,64.5,548.7,0.801
33,player,82.6,339.2,111.2,432.7,0.716
33,player,299.4,381.1,377.5,525.3,0.69
33,player,785.8,320.1,819.3,415.6,0.675
33,player,233.3,429.4,281.2,539.1,0.545
33,player,694.3,364.6,740.4,432.4,0.518
33,player,319.9,382.8,369.9,486.2,0.368
33,player,774.2,433.5,813.9,583.5,0.271
33,player,951.4,450.6,1072.4,522.2,0.267
34,player,13.8,398.4,62.4,549.8,0.817
34,player,511.0,521.0,582.3,711.7,0.81
34,player,297.9,377.5,381.3,525.8,0.766
34,player,82.3,338.8,111.5,432.9,0.715
34,player,785.4,321.5,819.3,416.5,0.709
34,player,221.7,428.8,274.4,575.9,0.597
34,player,689.0,363.2,731.4,433.4,0.584
34,player,950.1,450.0,1028.7,521.9,0.452
34,player,451.0,365.8,502.6,500.8,0.392
34,player,949.7,450.1,1067.7,521.5,0.349
34,player,775.5,430.2,823.8,596.0,0.311
34,player,227.3,429.1,275.1,543.5,0.267
35,player,11.4,399.8,58.8,549.5,0.812
35,player,509.3,520.3,583.7,711.9,0.807
35,player,209.4,426.1,270.8,572.7,0.765
35,player,301.9,353.7,384.5,527.0,0.699
35,player,82.4,339.8,111.1,432.4,0.697
35,player,773.5,430.3,877.8,595.4,0.593
35,player,785.2,323.4,820.4,416.6,0.572
35,player,949.7,448.8,1060.3,518.5,0.564
35,player,675.3,362.3,729.9,467.8,0.426
35,player,448.7,362.5,506.2,501.7,0.374
35,player,679.9,362.5,726.7,435.7,0.341
35,player,328.4,351.7,366.9,474.5,0.279
35,player,949.4,448.3,1017.9,515.7,0.263
36,player,11.4,399.7,58.8,549.7,0.813
36,player,509.4,520.3,583.7,711.9,0.806
36,player,209.4,426.1,270.8,572.7,0.766
36,player,301.9,353.7,384.5,527.0,0.707
36,player,82.4,339.7,111.1,432.4,0.698
36,player,773.8,430.3,877.8,595.3,0.595
36,player,785.2,323.4,820.4,416.6,0.57
36,player,949.7,448.8,1060.2,518.5,0.561
36,player,675.3,362.3,729.8,467.7,0.412
36,player,448.7,362.5,506.2,501.6,0.373
36,player,679.9,362.5,726.7,435.6,0.343
36,player,328.4,351.8,366.8,474.4,0.271
36,player,949.4,448.3,1017.9,515.6,0.256
37,player,10.9,400.3,58.3,550.1,0.807
37,player,512.4,520.3,585.3,712.2,0.799
37,player,207.1,423.8,266.3,576.3,0.783
37,player,82.7,339.1,111.0,432.6,0.715
37,player,314.0,348.1,381.1,525.7,0.682
37,player,670.5,366.0,725.0,470.6,0.661
37,player,759.2,429.8,872.2,595.7,0.619
37,player,950.6,447.9,1017.7,514.6,0.599
37,player,783.4,326.3,819.7,416.1,0.413
37,player,449.1,361.7,504.7,503.5,0.363
37,player,320.1,350.2,374.9,482.7,0.329
37,player,571.9,346.5,627.9,432.8,0.276
38,player,511.9,519.8,586.8,712.3,0.827
38,player,205.6,420.0,265.7,572.8,0.804
38,player,9.7,401.5,59.7,549.9,0.787
38,player,82.9,340.4,111.4,433.4,0.753
38,player,761.1,428.9,866.4,593.8,0.732
38,player,309.0,352.9,380.2,522.9,0.618
38,player,952.1,445.3,1038.9,516.8,0.564
38,player,783.9,322.1,820.2,416.5,0.54
38,player,667.0,368.1,722.3,469.0,0.535
38,player,449.5,369.1,501.1,501.6,0.414
38,player,952.8,444.2,1015.5,514.4,0.257
39,player,512.6,520.0,588.2,712.6,0.835
39,player,199.7,417.4,261.3,572.5,0.791
39,player,9.7,403.1,59.7,553.0,0.773
39,player,83.5,341.3,111.4,433.6,0.754
39,player,771.0,428.3,854.1,596.6,0.744
39,player,953.3,442.6,1029.0,518.0,0.622
39,player,669.1,367.2,724.2,471.9,0.542
39,player,783.1,321.7,821.0,417.2,0.426
39,player,450.8,367.3,498.2,499.8,0.369
39,player,306.9,366.9,384.9,525.8,0.353
39,ball,841.7,479.6,865.9,503.5,0.394
40,player,515.9,520.2,589.0,711.9,0.839
40,player,10.5,403.0,58.8,560.6,0.782
40,player,83.6,341.4,111.4,434.0,0.763
40,player,778.2,429.0,857.7,594.7,0.754
40,player,200.4,414.9,245.4,564.9,0.753
40,player,955.7,441.2,1025.0,515.9,0.6
40,player,661.2,368.5,720.9,474.0,0.586
40,player,344.0,384.2,388.1,527.2,0.519
40,player,297.0,351.7,355.7,477.0,0.432
40,player,452.6,361.8,501.9,499.8,0.385
40,player,599.2,333.0,637.3,432.9,0.333
40,player,787.5,328.5,821.1,417.3,0.292
40,player,353.4,384.7,386.2,487.4,0.268
41,player,515.7,520.9,589.3,711.7,0.847
41,player,10.1,403.9,59.4,561.1,0.797
41,player,84.0,341.6,111.4,434.1,0.771
41,player,783.9,441.3,862.1,595.8,0.75
41,player,356.4,386.5,395.7,527.2,0.747
41,player,196.4,414.8,238.4,565.9,0.733
41,player,954.7,439.3,1024.8,514.9,0.64
41,player,661.7,368.3,717.6,474.8,0.554
41,player,296.9,361.4,354.3,475.9,0.52
41,player,455.1,366.5,496.2,491.9,0.333
41,player,788.9,329.2,820.7,417.1,0.33
41,player,601.3,332.0,643.4,432.7,0.262
42,player,515.8,520.9,589.2,711.6,0.847
42,player,10.1,403.9,59.4,561.1,0.797
42,player,84.0,341.6,111.2,434.0,0.766
42,player,783.9,441.0,862.1,595.8,0.75
42,player,356.4,386.4,395.7,527.1,0.748
42,player,196.3,414.8,238.5,565.9,0.731
42,player,954.8,439.2,1024.7,514.9,0.64
42,player,661.7,368.4,717.7,474.9,0.555
42,player,296.9,361.4,354.2,475.8,0.517
42,player,788.8,328.4,820.9,417.2,0.339
42,player,455.1,366.6,496.1,491.9,0.335
42,player,601.3,332.0,643.4,432.7,0.255
43,player,516.3,520.9,589.7,711.8,0.843
43,player,11.0,405.3,60.2,561.9,0.801
43,player,84.4,337.4,113.6,434.0,0.798
43,player,784.2,441.0,869.5,598.4,0.772
43,player,190.7,410.6,231.2,563.1,0.75
43,player,359.8,384.8,405.2,526.8,0.749
43,player,953.8,438.5,1025.3,514.7,0.68
43,player,295.1,356.6,354.2,473.1,0.62
43,player,661.6,367.5,713.1,474.3,0.526
43,player,787.4,329.6,823.5,418.6,0.483
43,player,455.9,366.0,496.7,486.7,0.315
44,player,517.0,521.5,591.4,713.6,0.836
44,player,785.3,441.8,873.1,599.3,0.805
44,player,12.5,406.2,63.1,564.2,0.798
44,player,84.7,337.9,114.2,434.1,0.776
44,player,184.8,406.2,228.4,563.0,0.729
44,player,363.0,381.7,420.9,525.4,0.706
44,player,954.9,437.5,1025.4,514.6,0.689
44,player,295.9,356.4,355.7,474.2,0.66
44,player,661.9,366.9,704.1,471.6,0.581
44,player,787.8,330.6,823.2,419.2,0.492
44,player,457.3,366.2,495.9,499.4,0.38
44,player,529.2,342.1,573.1,446.6,0.293
45,player,515.7,521.7,593.3,716.8,0.828
45,player,782.0,444.0,875.9,599.6,0.787
45,player,13.9,407.0,64.0,567.3,0.772
45,player,180.9,409.2,220.5,557.2,0.741
45,player,85.2,343.2,114.8,433.5,0.732
45,player,955.3,435.4,1025.0,515.1,0.708
45,player,295.6,353.8,353.3,476.0,0.677
45,player,660.6,366.0,703.4,475.1,0.563
45,player,375.5,386.9,414.8,482.9,0.56
45,player,458.3,369.7,498.7,498.3,0.524
45,player,788.5,331.3,823.3,419.4,0.505
45,player,531.8,360.7,572.9,447.0,0.345
45,player,371.7,385.1,416.6,511.7,0.272
46,player,514.1,522.8,594.6,719.5,0.811
46,player,14.8,408.6,64.5,570.4,0.783
46,player,782.6,443.7,876.8,600.1,0.762
46,player,956.1,434.0,1029.0,516.0,0.729
46,player,295.4,353.1,353.0,476.5,0.719
46,player,86.6,342.5,116.0,433.8,0.691
46,player,174.5,402.8,214.7,549.6,0.665
46,player,381.6,386.7,418.6,482.9,0.537
46,player,660.2,363.3,706.5,476.2,0.523
46,player,791.2,324.1,823.5,417.9,0.52
46,player,459.9,368.2,499.9,497.8,0.445
46,player,534.3,367.8,574.9,447.1,0.341
47,player,512.4,524.2,595.1,718.4,0.831
47,player,785.1,442.3,877.2,601.3,0.786
47,player,17.3,407.2,60.8,569.8,0.772
47,player,956.5,431.2,1029.0,511.9,0.702
47,player,297.9,352.7,351.3,467.5,0.695
47,player,89.0,345.5,117.2,433.9,0.668
47,player,791.8,319.9,825.1,418.6,0.635
47,player,170.5,403.5,211.2,549.6,0.605
47,player,462.0,370.4,500.3,498.8,0.458
47,player,655.5,359.1,707.5,475.5,0.411
47,player,388.3,387.4,426.8,488.5,0.38
47,player,538.7,367.0,576.6,447.0,0.28
47,ball,844.0,472.5,869.5,497.2,0.255
48,player,512.4,524.3,595.1,718.3,0.831
48,player,785.1,442.3,877.2,601.3,0.786
48,player,17.3,407.2,60.8,569.9,0.772
48,player,956.4,431.2,1029.1,511.9,0.698
48,player,297.8,352.7,351.3,467.7,0.696
48,player,89.0,345.6,117.2,433.9,0.668
48,player,791.8,319.9,825.1,418.6,0.635
48,player,170.4,403.5,211.2,549.8,0.613
48,player,462.0,370.4,500.3,498.8,0.46
48,player,655.7,359.2,707.5,475.4,0.409
48,player,388.3,387.4,426.8,488.6,0.383
48,player,538.6,367.0,576.6,447.1,0.286
48,ball,844.0,472.4,869.6,497.2,0.259
49,player,513.9,523.6,594.9,718.1,0.823
49,player,19.4,411.5,63.9,568.5,0.784
49,player,776.6,441.0,876.1,600.9,0.756
49,player,167.0,404.3,210.0,550.6,0.693
49,player,90.5,342.5,119.9,433.4,0.686
49,player,793.4,324.6,827.5,418.7,0.655
49,player,297.9,352.1,340.0,468.9,0.653
49,player,959.2,426.6,1030.1,510.8,0.649
49,player,465.2,375.8,501.5,487.8,0.548
49,player,655.4,355.1,711.3,477.9,0.458
49,player,169.4,405.4,208.1,506.8,0.411
49,player,396.5,391.7,432.8,488.7,0.394
49,ball,842.9,472.5,869.5,497.1,0.462
49,ball,554.0,350.4,575.1,369.8,0.378
50,player,772.1,438.5,871.9,600.5,0.852
50,player,23.5,413.8,68.4,574.1,0.84
50,player,513.5,523.9,595.6,718.7,0.826
50,player,299.3,351.2,338.6,472.4,0.766
50,player,95.1,340.9,124.7,432.4,0.73
50,player,960.5,420.8,1012.1,508.1,0.682
50,player,796.7,323.0,828.1,418.1,0.671
50,player,164.3,405.9,204.9,556.0,0.651
50,player,654.8,348.0,713.9,477.7,0.626
50,player,405.6,394.9,443.4,493.2,0.599
50,player,960.6,421.9,1031.6,511.9,0.561
50,player,466.6,375.8,504.6,484.1,0.515
50,player,509.9,530.8,537.1,651.0,0.29
50,player,168.0,406.1,204.6,511.5,0.253
50,ball,844.4,471.8,871.7,496.7,0.484
51,player,27.6,414.4,74.5,573.8,0.848
51,player,512.7,525.7,596.8,719.9,0.843
51,player,775.9,439.3,871.2,599.4,0.815
51,player,301.5,352.7,337.4,471.9,0.791
51,player,99.1,342.9,126.5,433.1,0.751
51,player,962.2,416.2,1011.2,506.5,0.745
51,player,160.8,406.9,202.6,553.9,0.705
51,player,411.4,398.2,451.3,495.8,0.684
51,player,800.8,321.5,829.8,419.7,0.633
51,player,470.2,379.9,508.1,497.8,0.572
51,player,665.5,354.6,716.1,475.6,0.381
51,player,166.0,407.1,201.0,517.8,0.262
52,player,516.3,526.6,596.5,718.6,0.859
52,player,31.5,415.5,78.8,574.9,0.835
52,player,302.4,352.0,336.7,473.1,0.821
52,player,774.2,436.7,873.3,599.0,0.745
52,player,101.3,343.4,130.2,433.4,0.715
52,player,162.5,407.5,199.1,553.9,0.713
52,player,966.4,411.6,1011.7,506.4,0.663
52,player,802.9,324.4,834.1,418.9,0.63
52,player,473.0,376.0,512.3,482.6,0.593
52,player,668.9,347.5,719.9,476.3,0.584
52,player,420.4,399.1,458.4,494.8,0.548
52,player,965.7,411.4,1036.9,509.2,0.471
53,player,521.2,527.7,598.4,716.5,0.838
53,player,36.5,415.9,82.9,573.8,0.809
53,player,774.5,437.2,882.4,600.2,0.781
53,player,301.9,352.8,334.8,470.5,0.766
53,player,105.6,343.8,133.7,432.7,0.69
53,player,968.4,408.2,1012.2,505.2,0.683
53,player,666.0,345.1,722.8,476.5,0.571
53,player,164.3,407.8,195.9,530.1,0.553
53,player,805.7,324.2,837.5,419.4,0.533
53,player,476.6,377.3,518.0,490.8,0.504
53,player,425.4,401.7,466.9,493.9,0.437
53,player,423.7,402.4,468.7,530.3,0.42
53,ball,856.7,471.0,881.7,494.6,0.44
54,player,521.1,527.7,598.4,716.6,0.838
54,player,36.5,415.9,82.9,573.8,0.808
54,player,774.6,437.3,882.5,600.2,0.775
54,player,301.9,352.8,334.8,470.5,0.765
54,player,105.6,343.7,133.7,432.7,0.689
54,player,968.4,408.2,1012.2,505.2,0.685
54,player,666.1,345.1,722.8,476.5,0.567
54,player,164.3,407.8,195.9,530.4,0.553
54,player,805.7,323.9,837.6,419.4,0.533
54,player,476.6,377.2,517.9,490.8,0.504
54,player,425.3,401.7,466.9,493.8,0.433
54,player,423.7,402.4,468.7,530.5,0.42
54,ball,856.6,470.9,881.7,494.6,0.443
55,player,38.3,415.2,89.1,577.0,0.859
55,player,525.3,529.1,602.6,720.0,0.84
55,player,298.0,352.8,338.7,471.3,0.775
55,player,969.8,405.2,1014.9,502.6,0.755
55,player,110.8,341.3,141.2,431.7,0.726
55,player,777.4,437.0,888.8,600.4,0.696
55,player,164.1,405.1,196.2,547.7,0.643
55,player,809.3,324.3,841.9,419.0,0.581
55,player,674.5,351.2,724.3,476.4,0.525
55,player,430.2,400.8,476.1,533.6,0.477
55,player,479.6,379.2,519.4,490.1,0.348
55,player,435.1,399.3,468.4,490.1,0.336
56,player,529.9,530.0,603.6,719.8,0.836
56,player,43.1,414.5,92.8,573.0,0.808
56,player,295.9,353.2,342.2,470.5,0.734
56,player,154.7,403.7,200.4,548.0,0.728
56,player,116.9,343.0,144.6,432.7,0.72
56,player,974.3,404.2,1016.6,500.1,0.695
56,player,785.5,437.6,889.6,597.8,0.607
56,player,813.1,327.6,843.7,419.5,0.596
56,player,484.4,379.6,525.3,492.9,0.509
56,player,441.2,400.3,476.0,489.8,0.493
56,player,783.1,452.1,855.7,596.6,0.406
56,player,440.2,400.4,478.3,518.1,0.332
56,player,678.4,346.7,725.0,466.8,0.292
57,player,530.9,531.8,610.0,720.0,0.834
57,player,292.6,350.7,346.3,470.3,0.797
57,player,45.6,414.3,98.1,576.3,0.793
57,player,150.7,403.4,199.6,544.5,0.781
57,player,121.4,346.2,149.2,433.4,0.678
57,player,976.5,403.5,1019.4,496.5,0.65
57,player,791.4,440.1,865.0,599.0,0.611
57,player,819.9,330.5,849.7,419.0,0.551
57,player,975.8,402.9,1048.0,504.8,0.499
57,player,447.7,398.9,480.9,487.9,0.494
57,player,489.3,382.9,527.6,475.2,0.475
57,player,679.3,347.3,731.6,473.6,0.432
57,player,689.0,365.7,732.0,475.1,0.308
58,player,533.9,532.8,614.3,720.0,0.847
58,player,156.1,404.0,204.2,542.0,0.815
58,player,51.5,414.1,106.2,576.3,0.766
58,player,294.4,351.6,352.0,469.1,0.754
58,player,128.7,342.1,157.4,431.6,0.699
58,player,793.5,440.1,865.2,598.4,0.575
58,player,979.5,402.8,1050.8,510.9,0.511
58,player,454.8,401.3,487.0,488.0,0.506
58,player,979.9,403.3,1022.5,486.2,0.488
58,player,690.0,359.0,738.5,475.5,0.467
58,player,824.0,334.2,855.7,421.2,0.437
58,player,492.9,381.7,535.5,502.2,0.404
59,player,535.6,532.5,621.0,720.0,0.842
59,player,159.7,401.4,214.6,539.1,0.813
59,player,794.6,444.4,871.6,598.3,0.773
59,player,301.8,353.4,354.8,470.5,0.731
59,player,60.1,414.3,114.5,579.4,0.714
59,player,135.2,343.6,163.0,432.7,0.596
59,player,981.6,403.1,1026.9,482.0,0.528
59,player,698.3,371.1,746.2,476.6,0.486
59,player,830.5,338.7,859.9,420.6,0.48
59,player,462.1,399.6,497.1,488.3,0.452
59,player,980.6,401.8,1045.2,511.3,0.391
59,player,836.3,436.1,902.6,481.8,0.251
60,player,535.5,532.1,619.7,720.0,0.841
60,player,159.5,402.9,214.1,539.3,0.801
60,player,794.6,441.6,873.2,599.5,0.78
60,player,303.1,353.0,353.8,465.9,0.717
60,player,60.1,414.7,115.0,579.4,0.71
60,player,134.9,342.5,163.5,432.1,0.622
60,player,981.0,402.4,1027.1,484.4,0.566
60,player,698.8,364.4,747.3,476.6,0.523
60,player,829.7,334.8,859.3,420.0,0.522
60,player,461.4,400.4,496.7,489.4,0.495
60,player,980.1,401.6,1044.5,510.8,0.432
60,player,497.9,371.2,539.0,500.2,0.304
61,player,538.7,532.9,620.5,720.0,0.843
61,player,164.5,399.6,216.6,535.1,0.814
61,player,69.6,415.7,123.9,580.8,0.811
61,player,794.5,445.4,878.2,599.8,0.798
61,player,142.2,342.3,172.3,431.5,0.653
61,player,310.5,354.0,360.6,458.0,0.615
61,player,707.7,361.4,750.3,476.6,0.564
61,player,980.9,401.9,1031.4,482.6,0.52
61,player,835.2,334.4,867.3,421.3,0.489
61,player,981.4,400.4,1044.2,511.6,0.468
61,player,470.1,402.6,502.8,527.1,0.411
61,player,504.4,373.2,545.3,492.9,0.404
61,player,471.4,401.8,502.5,489.7,0.402
62,player,540.5,532.6,620.3,719.3,0.834
62,player,167.3,400.0,216.0,528.4,0.823
62,player,793.7,453.1,882.3,601.0,0.788
62,player,79.8,417.5,131.2,583.7,0.731
62,player,149.7,345.6,178.7,431.0,0.704
62,player,317.0,354.0,366.1,466.5,0.678
62,player,852.3,432.1,915.6,503.3,0.655
62,player,983.6,399.7,1051.2,511.3,0.644
62,player,708.1,356.2,757.1,478.8,0.575
62,player,985.8,400.5,1037.6,485.8,0.434
62,player,478.6,386.1,544.4,542.0,0.404
62,player,841.9,335.0,873.5,420.0,0.347
63,player,543.8,532.0,621.0,719.9,0.838
63,player,983.4,398.8,1060.0,514.0,0.788
63,player,169.5,402.0,218.7,525.4,0.785
63,player,322.1,351.6,371.9,469.7,0.727
63,player,783.3,439.9,886.3,600.5,0.699
63,player,90.0,422.9,139.5,587.5,0.698
63,player,158.0,344.4,186.2,428.6,0.623
63,player,858.1,433.9,917.2,504.5,0.455
63,player,485.7,400.5,533.5,528.0,0.403
63,player,848.6,337.2,878.6,422.0,0.389
63,player,520.3,375.1,551.3,484.1,0.331
64,player,547.3,531.1,619.3,720.0,0.847
64,player,167.7,399.7,223.2,526.5,0.798
64,player,986.1,399.3,1066.5,516.8,0.788
64,player,326.9,352.0,372.4,472.7,0.745
64,player,100.0,425.7,146.7,590.9,0.73
64,player,162.2,341.2,193.1,427.9,0.697
64,player,780.0,444.3,889.4,599.6,0.612
64,player,853.4,338.8,886.2,423.2,0.529
64,player,864.3,432.5,916.6,491.0,0.355
64,player,493.0,404.2,543.4,541.9,0.344
64,player,169.0,398.2,224.3,480.0,0.335
64,player,726.8,382.7,769.3,475.8,0.297
64,player,526.3,381.1,561.7,476.0,0.278
65,player,987.1,399.9,1073.6,517.6,0.832
65,player,550.1,530.4,616.4,719.8,0.826
65,player,167.7,401.0,228.8,526.2,0.747
65,player,333.3,349.5,375.5,462.0,0.701
65,player,106.1,426.9,154.4,591.7,0.699
65,player,775.4,440.5,890.0,597.1,0.6
65,player,858.6,341.5,891.0,423.8,0.598
65,player,170.0,338.5,199.5,430.2,0.583
65,player,500.3,404.4,549.1,536.4,0.511
65,player,873.1,434.9,928.2,488.4,0.331
65,player,172.8,399.9,224.6,448.6,0.312
65,player,736.7,386.2,774.1,478.6,0.258
66,player,987.1,399.9,1073.5,517.7,0.832
66,player,550.1,530.4,616.4,719.9,0.826
66,player,167.7,400.9,228.8,526.2,0.749
66,player,333.3,349.4,375.5,462.4,0.705
66,player,106.1,426.8,154.4,591.7,0.699
66,player,858.6,341.5,891.0,423.8,0.603
66,player,775.5,440.6,890.0,597.0,0.603
66,player,169.9,338.1,199.3,430.2,0.584
66,player,500.2,404.4,549.0,536.6,0.515
66,player,873.1,435.1,928.2,488.4,0.338
66,player,172.6,399.9,224.7,448.9,0.311
66,player,736.6,386.2,774.2,478.6,0.25
67,player,990.0,399.3,1078.8,518.3,0.794
67,player,554.2,530.1,617.3,718.8,0.776
67,player,114.7,427.8,162.4,595.3,0.762
67,player,338.2,355.0,376.0,467.9,0.75
67,player,172.3,402.2,233.8,524.7,0.719
67,player,881.0,427.9,934.9,488.5,0.687
67,player,178.5,341.4,207.8,430.9,0.655
67,player,508.7,400.2,568.0,545.7,0.598
67,player,735.3,439.3,889.7,593.8,0.555
67,player,865.3,338.2,895.7,424.2,0.55
67,player,736.2,348.4,778.1,462.3,0.409
67,player,777.8,444.1,888.8,591.2,0.317
68,player,557.5,531.9,620.2,719.3,0.796
68,player,989.0,401.9,1082.1,522.5,0.786
68,player,342.5,348.9,378.0,466.2,0.781
68,player,120.9,430.2,169.1,595.6,0.777
68,player,171.5,402.1,238.7,522.5,0.75
68,player,888.9,425.8,944.3,489.8,0.645
68,player,762.6,448.4,888.3,596.0,0.629
68,player,185.2,346.5,212.2,428.0,0.471
68,player,516.0,401.6,572.6,543.3,0.462
68,player,737.4,348.7,786.0,475.7,0.451
68,player,748.8,378.9,787.0,476.7,0.439
68,player,873.0,345.5,902.6,424.5,0.338
68,player,603.6,373.8,655.3,447.0,0.256
69,player,896.5,423.0,954.5,492.9,0.845
69,player,992.6,403.8,1085.1,523.5,0.842
69,player,562.7,542.2,622.9,718.1,0.781
69,player,345.1,351.9,380.0,458.9,0.726
69,player,177.1,401.5,242.7,522.5,0.716
69,player,127.5,433.4,176.9,596.1,0.705
69,player,768.2,455.7,882.9,600.6,0.492
69,player,523.8,401.8,575.5,515.3,0.436
69,player,878.2,348.2,907.5,424.4,0.418
69,player,192.7,347.9,221.7,427.6,0.383
69,player,758.0,386.1,791.8,475.6,0.369
70,player,996.9,404.6,1088.1,523.7,0.82
70,player,566.3,534.9,626.4,718.9,0.798
70,player,903.7,422.6,961.4,492.5,0.746
70,player,348.7,352.8,382.6,462.5,0.715
70,player,134.0,432.0,183.4,596.5,0.708
70,player,774.2,455.8,877.9,604.1,0.582
70,player,882.1,339.2,914.3,424.1,0.545
70,player,530.4,405.2,583.0,525.4,0.472
70,player,188.0,391.7,250.1,521.6,0.408
70,player,634.1,373.3,671.8,446.9,0.349
70,player,190.6,343.9,245.9,522.5,0.328
70,player,762.4,380.9,792.6,452.0,0.271
70,player,619.8,375.9,670.4,446.6,0.258
70,player,561.8,388.7,599.7,492.6,0.252
71,player,910.7,421.3,971.7,492.9,0.797
71,player,569.9,535.7,629.8,717.4,0.796
71,player,999.1,405.8,1085.0,521.8,0.737
71,player,351.3,353.6,385.5,466.2,0.726
71,player,778.1,450.0,873.9,604.5,0.706
71,player,137.0,432.1,186.0,595.4,0.7
71,player,187.7,345.4,257.0,520.1,0.674
71,player,887.8,338.9,919.1,425.5,0.463
71,player,534.7,394.7,603.2,536.7,0.391
72,player,570.0,535.7,629.6,717.3,0.797
72,player,910.7,421.4,971.7,492.8,0.796
72,player,999.0,405.7,1085.2,522.0,0.744
72,player,351.3,353.8,385.6,466.3,0.725
72,player,777.8,449.5,873.9,604.2,0.7
72,player,136.9,432.1,185.9,595.4,0.698
72,player,187.7,345.2,257.1,520.2,0.676
72,player,888.2,338.9,919.3,425.5,0.462
72,player,534.5,394.8,603.1,538.7,0.409
73,player,354.3,351.3,392.5,464.8,0.814
73,player,570.6,533.7,633.5,719.1,0.797
73,player,143.2,430.8,197.3,594.8,0.731
73,player,917.2,421.4,974.1,491.8,0.729
73,player,778.4,441.2,870.9,604.0,0.721
73,player,1000.1,405.3,1083.2,521.7,0.701
73,player,192.6,343.7,257.9,519.9,0.592
73,player,1000.6,405.2,1052.7,525.4,0.515
73,player,194.0,346.1,236.9,481.0,0.488
73,player,891.5,342.5,924.2,425.2,0.456
73,player,537.9,393.6,605.3,546.0,0.455
74,player,568.0,533.8,639.1,719.2,0.807
74,player,1002.1,403.4,1079.9,525.7,0.769
74,player,356.8,352.3,393.5,465.6,0.761
74,player,147.7,430.6,200.9,593.4,0.756
74,player,922.6,421.4,978.5,491.8,0.635
74,player,794.5,445.9,862.8,582.6,0.551
74,player,897.9,343.9,929.0,424.1,0.492
74,player,192.6,346.9,241.5,519.0,0.417
74,player,543.1,397.7,611.3,544.6,0.401
74,player,651.8,370.6,683.2,445.6,0.275
75,player,927.7,421.0,978.5,495.0,0.825
75,player,566.2,533.0,641.8,719.7,0.818
75,player,999.9,401.0,1076.2,526.0,0.788
75,player,359.8,351.8,397.0,467.4,0.749
75,player,151.3,430.0,200.7,593.1,0.741
75,player,790.7,432.3,855.4,585.6,0.636
75,player,551.4,389.0,619.5,546.8,0.619
75,player,188.7,354.0,243.9,517.7,0.581
75,player,898.8,337.0,932.8,424.7,0.466
75,player,189.0,394.5,241.0,514.6,0.371
75,player,804.2,449.1,855.6,583.7,0.349
75,player,772.7,354.6,816.0,448.6,0.285
76,player,566.0,536.8,646.2,718.5,0.827
76,player,1002.9,399.2,1066.4,525.7,0.786
76,player,928.0,421.4,980.6,495.8,0.754
76,player,361.3,352.9,396.0,463.3,0.72
76,player,804.0,432.1,856.3,584.6,0.625
76,player,153.2,433.4,202.9,589.7,0.548
76,player,903.0,346.3,936.0,425.6,0.427
76,player,188.4,348.9,247.1,510.7,0.321
76,player,154.2,387.9,235.4,591.5,0.297
76,player,556.2,388.9,626.4,546.4,0.268
77,player,566.6,533.0,648.8,718.3,0.814
77,player,362.7,354.1,397.2,462.3,0.767
77,player,936.9,422.0,982.7,492.9,0.738
77,player,155.5,344.1,252.0,592.2,0.731
77,player,1002.8,397.9,1060.3,524.6,0.729
77,player,807.4,436.8,858.3,579.9,0.568
77,player,906.2,341.5,939.8,425.8,0.47
77,player,155.9,424.1,225.2,584.2,0.316
77,player,562.8,388.5,626.3,546.8,0.282
78,player,566.6,532.9,648.8,718.3,0.813
78,player,362.7,354.1,397.3,462.3,0.767
78,player,936.9,422.0,982.7,492.9,0.738
78,player,155.5,344.0,252.0,592.2,0.733
78,player,1002.8,397.9,1060.3,524.6,0.73
78,player,807.3,436.8,858.3,579.9,0.568
78,player,906.2,341.5,939.8,425.8,0.47
78,player,155.9,424.1,225.1,584.2,0.314
78,player,562.8,388.4,626.3,546.7,0.287
79,player,566.5,532.7,650.2,719.0,0.815
79,player,361.5,355.1,396.3,461.8,0.736
79,player,942.2,422.6,987.8,493.0,0.735
79,player,151.5,410.2,230.7,591.1,0.651
79,player,1002.7,395.2,1057.5,523.3,0.63
79,player,803.7,440.9,854.7,574.3,0.543
79,player,226.5,338.7,254.1,428.1,0.509
79,player,909.0,336.6,942.7,424.3,0.487
79,player,566.3,386.6,632.7,552.1,0.377
79,player,564.3,400.6,597.5,544.8,0.371
79,player,1003.2,394.2,1050.3,495.4,0.332
79,player,664.1,355.1,698.4,442.4,0.281
80,player,567.8,532.3,651.0,718.7,0.802
80,player,359.1,355.7,396.4,462.0,0.733
80,player,946.6,422.8,992.1,492.1,0.73
80,player,145.3,402.2,232.5,590.9,0.706
80,player,1004.3,393.5,1058.0,524.3,0.697
80,player,566.2,401.9,600.9,542.6,0.63
80,player,801.3,439.9,864.6,570.0,0.527
80,player,913.5,339.0,947.1,424.6,0.495
80,player,567.9,392.6,624.5,545.5,0.421
80,player,229.9,337.4,257.4,426.9,0.31
80,player,590.8,390.1,634.6,554.5,0.27
80,ball,702.7,122.7,724.4,142.5,0.327
81,player,570.1,531.9,650.1,717.9,0.758
81,player,1001.9,391.2,1059.6,525.5,0.73
81,player,946.4,423.8,994.7,493.8,0.727
81,player,358.2,356.5,398.3,460.8,0.707
81,player,138.2,387.7,242.3,590.9,0.682
81,player,570.7,417.1,606.7,545.0,0.603
81,player,801.3,436.8,858.4,570.2,0.52
81,player,916.9,336.4,950.1,424.5,0.377
81,player,571.5,397.0,614.9,546.2,0.322
81,player,231.6,343.4,259.3,426.5,0.273
81,player,755.8,358.4,801.5,439.9,0.272
82,player,135.4,388.3,229.4,592.4,0.797
82,player,571.9,531.0,649.4,718.4,0.781
82,player,234.3,335.4,266.9,428.7,0.742
82,player,357.4,350.3,405.3,458.1,0.733
82,player,1003.1,390.0,1062.5,526.8,0.727
82,player,572.0,409.5,609.3,543.7,0.621
82,player,922.2,330.7,955.6,425.6,0.58
82,player,801.3,434.9,857.7,564.5,0.517
82,player,948.3,422.9,995.7,492.3,0.51
82,player,573.3,392.2,632.0,544.3,0.282
82,player,794.4,382.5,833.2,451.7,0.275
82,player,788.5,361.3,833.4,461.9,0.267
82,player,755.5,358.8,794.1,439.7,0.251
82,ball,711.5,124.1,730.3,142.5,0.402
83,player,358.4,349.3,406.5,456.3,0.784
83,player,236.5,335.9,266.6,429.7,0.759
83,player,574.3,528.5,645.6,719.8,0.758
83,player,999.1,388.8,1065.6,527.3,0.741
83,player,136.9,424.3,220.0,591.3,0.719
83,player,923.5,326.4,958.6,426.5,0.653
83,player,573.1,412.8,611.8,537.8,0.617
83,player,799.3,436.1,850.9,565.5,0.497
83,player,795.3,367.0,833.8,448.2,0.353
83,player,950.3,421.9,997.4,492.4,0.284
83,ball,714.0,124.4,733.8,142.6,0.504
84,player,358.4,349.3,406.6,456.5,0.785
84,player,236.5,335.9,266.6,429.7,0.758
84,player,574.2,528.5,645.6,719.8,0.758
84,player,999.0,388.8,1065.5,527.3,0.741
84,player,136.9,424.7,219.8,591.3,0.717
84,player,923.5,326.5,958.6,426.6,0.653
84,player,573.1,412.7,611.8,537.8,0.615
84,player,799.3,436.1,850.8,565.7,0.5
84,player,795.3,367.2,833.8,448.2,0.349
84,player,950.3,422.0,997.4,492.4,0.283
84,ball,714.0,124.5,733.7,142.6,0.502
85,player,985.1,387.8,1065.5,526.0,0.804
85,player,135.5,389.0,225.2,592.3,0.774
85,player,357.9,349.3,402.5,460.5,0.761
85,player,238.4,335.6,267.8,430.1,0.748
85,player,575.9,530.2,639.4,719.1,0.659
85,player,926.1,329.4,958.7,426.6,0.653
85,player,574.3,414.8,613.4,532.5,0.486
85,player,952.0,421.5,998.8,489.8,0.484
85,player,793.6,362.6,834.4,446.0,0.47
85,player,799.4,434.7,849.3,562.8,0.468
85,player,755.1,371.9,790.8,441.9,0.358
85,ball,715.8,125.1,735.3,144.4,0.43
86,player,137.5,389.4,225.9,592.3,0.803
86,player,983.5,388.6,1064.6,526.8,0.777
86,player,240.2,335.9,271.9,430.1,0.77
86,player,358.4,348.9,400.3,454.0,0.696
86,player,576.6,531.5,632.5,718.6,0.678
86,player,926.7,327.7,959.5,427.4,0.652
86,player,754.4,368.1,784.8,442.9,0.539
86,player,800.8,433.3,847.8,561.2,0.511
86,player,793.3,362.9,833.4,445.1,0.387
86,player,632.7,537.9,661.2,652.0,0.363
86,player,952.1,417.5,999.3,487.9,0.334
86,player,574.6,431.0,616.7,515.0,0.287
86,player,602.4,387.0,638.7,451.7,0.283
86,ball,718.3,128.5,736.1,145.9,0.527
87,player,243.1,335.5,275.6,430.2,0.8
87,player,141.6,389.6,227.6,591.9,0.763
87,player,358.3,348.8,397.6,454.9,0.753
87,player,985.7,388.1,1063.1,528.8,0.739
87,player,574.9,531.0,629.9,717.5,0.674
87,player,928.3,330.8,960.3,426.2,0.619
87,player,143.5,451.6,227.8,591.4,0.514
87,player,576.2,418.0,620.4,537.0,0.438
87,player,801.5,433.1,847.3,560.8,0.406
87,player,634.1,535.5,663.6,653.2,0.332
87,player,599.6,382.0,638.5,452.0,0.275
87,player,801.7,474.0,844.9,561.5,0.259
88,player,244.8,335.4,275.8,430.0,0.773
88,player,358.7,349.9,394.6,457.4,0.736
88,player,572.9,530.4,629.1,719.8,0.726
88,player,145.4,392.2,232.5,591.6,0.65
88,player,928.8,330.5,963.0,426.3,0.643
88,player,984.8,389.2,1060.9,527.5,0.636
88,player,576.5,418.1,620.0,541.1,0.591
88,player,146.6,456.5,233.6,590.8,0.566
88,player,799.5,423.0,850.6,560.7,0.477
88,player,634.9,534.7,661.4,651.3,0.469
88,player,601.1,380.2,640.6,453.0,0.386
88,player,953.2,412.3,1006.1,487.8,0.373
89,player,355.5,348.4,397.1,457.8,0.786
89,player,245.4,335.4,276.2,430.0,0.766
89,player,570.5,530.5,627.2,717.8,0.737
89,player,146.1,437.4,241.2,591.0,0.675
89,player,930.0,336.5,964.3,425.2,0.555
89,player,993.9,386.7,1056.3,531.7,0.544
89,player,578.3,417.1,620.1,532.3,0.482
89,player,795.5,418.0,850.4,562.0,0.44
89,player,953.6,410.3,1007.0,487.9,0.417
89,player,635.3,533.2,663.0,651.4,0.417
89,player,1000.6,387.9,1034.7,482.1,0.332
89,player,750.1,395.4,773.9,444.1,0.268
90,player,355.5,348.5,397.1,457.8,0.784
90,player,245.4,335.4,276.2,430.2,0.767
90,player,570.4,530.5,627.3,717.8,0.739
90,player,146.2,437.8,241.3,591.0,0.671
90,player,930.0,336.3,964.3,425.1,0.557
90,player,994.0,386.7,1056.4,531.7,0.545
90,player,578.2,417.0,620.2,532.3,0.481
90,player,795.5,418.0,850.4,562.0,0.441
90,player,635.4,533.7,663.2,651.4,0.419
90,player,953.6,410.3,1006.9,487.9,0.403
90,player,1000.6,387.9,1034.7,482.1,0.329
90,player,750.1,395.3,774.0,444.1,0.266
91,player,570.5,532.6,627.1,719.8,0.78
91,player,245.9,335.8,276.1,430.1,0.742
91,player,146.3,437.2,252.2,591.4,0.72
91,player,350.4,345.0,392.5,455.9,0.684
91,player,579.1,406.2,622.1,543.3,0.664
91,player,929.6,333.9,964.4,425.6,0.583
91,player,994.5,385.6,1044.8,530.5,0.56
91,player,999.6,386.1,1033.0,482.5,0.453
91,player,796.3,422.8,848.7,555.2,0.427
91,player,635.8,545.8,666.2,652.0,0.338
91,player,953.0,407.8,1008.2,489.4,0.32
92,player,568.4,533.4,626.8,718.3,0.801
92,player,149.5,438.1,263.3,593.5,0.777
92,player,579.9,402.5,623.0,542.3,0.751
92,player,342.4,345.5,392.6,447.1,0.709
92,player,246.3,335.2,276.0,430.1,0.692
92,player,993.0,384.5,1039.6,521.7,0.632
92,player,929.9,335.6,964.9,425.7,0.59
92,player,157.3,390.8,217.4,495.9,0.495
92,player,165.4,390.5,217.9,472.7,0.447
92,player,951.5,403.0,1005.5,489.7,0.394
92,player,999.1,384.9,1032.7,478.7,0.388
92,player,637.4,546.8,665.4,652.0,0.376
92,player,796.9,425.6,846.1,540.1,0.289
93,player,560.4,532.1,626.9,720.0,0.83
93,player,157.5,438.5,264.2,597.1,0.758
93,player,580.4,398.9,622.7,537.5,0.716
93,player,337.2,346.7,390.1,446.5,0.704
93,player,983.9,387.8,1036.6,523.0,0.654
93,player,247.2,336.4,276.6,429.1,0.646
93,player,929.0,335.6,965.3,426.2,0.627
93,player,153.7,389.8,216.2,502.1,0.508
93,player,801.3,414.3,846.0,542.0,0.451
93,player,953.0,389.7,1036.5,523.0,0.443
93,player,175.8,389.6,216.0,465.8,0.395
93,player,995.8,384.2,1033.4,506.9,0.285
93,player,951.0,400.2,1005.5,489.0,0.272
94,player,558.2,531.8,626.1,720.0,0.844
94,player,170.3,438.7,267.8,596.1,0.774
94,player,334.3,346.7,389.6,450.6,0.743
94,player,581.9,396.6,621.4,536.2,0.687
94,player,990.2,385.9,1033.0,523.2,0.623
94,player,247.4,336.4,278.4,428.3,0.612
94,player,929.4,337.8,964.7,427.2,0.592
94,player,152.3,389.7,217.9,503.5,0.561
94,player,801.1,417.9,845.6,538.1,0.476
94,player,951.1,397.5,1003.8,488.2,0.391
94,player,197.6,444.8,269.9,596.0,0.331
94,player,996.2,384.9,1031.0,474.5,0.292
95,player,557.7,530.5,626.2,720.0,0.856
95,player,185.7,440.2,275.9,593.4,0.755
95,player,334.7,350.0,385.0,450.3,0.712
95,player,159.3,389.0,215.0,503.0,0.674
95,player,989.5,386.1,1031.7,526.5,0.648
95,player,248.2,336.5,279.7,428.3,0.628
95,player,929.4,339.4,964.6,427.3,0.519
95,player,583.7,398.5,622.7,530.3,0.465
95,player,950.9,393.4,1003.2,488.3,0.415
95,player,801.0,415.2,844.0,539.4,0.38
96,player,557.7,530.6,626.3,720.0,0.857
96,player,185.8,440.2,275.7,593.4,0.755
96,player,334.7,350.0,384.9,450.2,0.715
96,player,159.3,389.0,215.0,503.0,0.672
96,player,989.5,386.1,1031.7,526.4,0.644
96,player,248.3,336.3,278.9,428.5,0.626
96,player,929.3,339.3,964.6,427.3,0.521
96,player,583.7,398.5,622.7,530.2,0.465
96,player,950.9,393.5,1003.1,488.3,0.416
96,player,801.0,415.3,844.0,539.4,0.382
97,player,559.1,528.7,626.0,720.0,0.835
97,player,198.1,444.4,284.4,594.0,0.753
97,player,160.7,387.8,215.0,501.4,0.741
97,player,333.4,351.4,382.1,450.5,0.727
97,player,585.1,392.8,625.7,529.8,0.631
97,player,248.7,336.2,283.4,429.2,0.629
97,player,984.1,385.6,1028.9,526.7,0.604
97,player,929.5,341.8,965.1,428.0,0.578
97,player,801.0,412.3,843.5,537.7,0.491
98,player,557.4,526.0,625.7,720.0,0.833
98,player,214.6,446.1,287.5,594.0,0.816
98,player,335.7,351.8,387.5,450.6,0.771
98,player,162.8,387.6,214.2,502.4,0.733
98,player,976.8,387.6,1028.6,525.6,0.706
98,player,585.8,388.7,625.7,527.2,0.667
98,player,248.9,334.9,282.3,429.9,0.633
98,player,799.4,396.5,842.7,539.0,0.584
98,player,930.0,341.4,964.2,427.8,0.54
98,player,952.7,390.5,1001.5,486.9,0.311
99,player,556.7,528.6,624.3,720.0,0.803
99,player,219.4,446.0,288.3,594.6,0.794
99,player,164.9,386.2,215.6,505.1,0.736
99,player,339.3,353.0,386.5,449.0,0.7
99,player,586.1,388.0,625.2,527.1,0.634
99,player,967.9,389.8,1025.6,524.8,0.624
99,player,249.1,334.8,284.1,430.1,0.619
99,player,930.4,340.4,964.3,427.7,0.555
99,player,800.0,412.7,840.7,537.3,0.542
99,player,950.7,387.9,1018.2,521.4,0.281
100,player,554.5,530.0,623.2,720.0,0.82
100,player,221.5,443.2,288.5,596.5,0.798
100,player,341.0,354.4,382.2,449.4,0.753
100,player,162.5,387.7,215.3,505.6,0.723
100,player,951.8,386.6,1023.3,526.3,0.712
100,player,249.0,334.9,282.4,429.1,0.597
100,player,930.8,336.9,964.4,427.6,0.59
100,player,799.2,414.9,839.2,532.1,0.537
100,player,587.2,388.8,625.8,519.1,0.474
100,player,970.8,393.6,1023.2,523.4,0.319
101,player,553.0,531.9,622.6,720.0,0.849
101,player,341.5,353.9,378.9,450.0,0.766
101,player,225.6,443.3,289.4,595.5,0.726
101,player,163.4,389.2,212.6,507.3,0.649
101,player,953.5,387.2,1022.9,527.0,0.625
101,player,795.1,400.4,839.4,531.5,0.577
101,player,249.2,335.3,281.8,429.7,0.573
101,player,930.9,334.7,964.2,427.6,0.556
101,player,587.5,392.4,628.3,515.8,0.315
102,player,553.0,531.8,622.6,720.0,0.849
102,player,341.6,354.0,378.7,449.6,0.766
102,player,223.9,445.1,288.8,590.3,0.723
102,player,163.5,389.1,212.7,507.2,0.649
102,player,953.8,387.4,1023.0,527.1,0.631
102,player,249.2,335.4,281.8,429.6,0.575
102,player,795.0,400.1,839.5,531.6,0.574
102,player,930.9,334.6,964.2,427.6,0.558
102,player,587.5,392.6,628.3,515.7,0.309
103,player,552.1,531.8,621.9,719.9,0.869
103,player,339.0,354.4,377.4,450.0,0.776
103,player,226.1,443.5,290.1,585.1,0.767
103,player,161.7,388.1,213.5,505.2,0.714
103,player,952.6,385.0,1022.1,528.8,0.64
103,player,249.0,335.0,281.7,427.6,0.578
103,player,792.3,401.5,838.9,533.4,0.573
103,player,930.7,335.8,964.3,427.9,0.545
103,player,970.7,397.9,1022.7,523.4,0.425
103,player,580.8,392.1,632.6,517.9,0.31
104,player,551.2,530.8,621.4,720.0,0.878
104,player,336.0,351.8,377.8,450.9,0.787
104,player,163.9,388.4,212.9,505.9,0.766
104,player,227.6,438.1,293.3,585.5,0.729
104,player,954.0,385.1,1022.2,530.5,0.651
104,player,792.2,409.3,838.5,532.6,0.607
104,player,930.9,335.4,964.3,428.0,0.578
104,player,248.7,335.2,281.0,428.1,0.578
104,player,576.3,386.8,635.6,518.6,0.424
104,player,975.1,399.9,1022.8,523.4,0.402
105,player,551.2,530.6,620.5,720.0,0.871
105,player,169.8,386.8,212.7,508.5,0.784
105,player,335.3,347.3,382.0,449.7,0.781
105,player,231.8,438.0,293.3,578.3,0.659
105,player,789.8,403.2,838.8,530.9,0.594
105,player,955.5,383.6,1021.3,531.8,0.573
105,player,248.4,335.9,279.4,428.8,0.558
105,player,931.4,336.2,964.5,428.0,0.547
105,player,569.3,385.4,637.0,514.6,0.406
105,player,975.7,402.3,1022.8,524.0,0.368
106,player,551.3,532.0,620.2,719.5,0.859
106,player,175.0,388.6,214.2,509.4,0.78
106,player,332.8,347.5,380.1,449.9,0.739
106,player,233.6,438.1,295.2,578.0,0.66
106,player,788.3,397.9,838.9,530.0,0.629
106,player,957.2,382.7,1024.3,530.8,0.626
106,player,247.5,335.3,279.1,427.2,0.601
106,player,931.5,335.5,964.3,428.0,0.544
106,player,972.6,404.5,1023.0,523.7,0.353
106,player,564.1,396.5,637.8,587.8,0.324
107,player,548.9,532.2,618.6,720.0,0.858
107,player,176.8,388.7,215.2,509.4,0.775
107,player,956.6,381.4,1026.3,532.7,0.709
107,player,329.9,347.4,379.9,450.6,0.699
107,player,233.5,439.9,296.4,576.0,0.683
107,player,785.5,396.5,838.8,529.0,0.63
107,player,246.8,334.9,279.5,428.3,0.611
107,player,932.4,333.3,965.5,427.9,0.521
107,player,563.7,399.9,639.8,583.6,0.339
108,player,548.9,532.2,618.6,720.0,0.858
108,player,176.8,388.7,215.2,509.4,0.773
108,player,956.6,381.4,1026.2,532.7,0.709
108,player,329.9,347.4,380.0,450.6,0.699
108,player,233.5,439.9,296.4,576.0,0.682
108,player,785.5,396.6,838.8,529.0,0.628
108,player,246.8,334.9,279.5,428.3,0.61
108,player,932.4,333.3,965.5,427.9,0.522
108,player,563.7,400.0,639.7,583.6,0.336
109,player,548.3,532.6,616.3,720.0,0.857
109,player,176.3,391.1,216.9,512.6,0.759
109,player,959.6,381.2,1027.6,535.1,0.75
109,player,234.1,441.4,300.2,580.2,0.742
109,player,330.2,347.6,375.9,453.2,0.707
109,player,786.6,396.2,839.1,528.7,0.676
109,player,246.3,335.2,278.9,427.4,0.65
109,player,931.5,331.9,965.3,428.3,0.567
109,player,562.7,399.1,640.8,578.0,0.409
110,player,547.6,532.9,614.4,720.0,0.855
110,player,176.9,395.1,216.2,514.2,0.787
110,player,328.2,349.5,375.8,459.5,0.747
110,player,235.8,446.0,299.4,579.9,0.74
110,player,964.7,388.6,1028.3,534.4,0.708
110,player,245.3,334.9,278.0,428.6,0.691
110,player,787.0,396.6,840.1,528.8,0.638
110,player,931.6,331.7,967.0,429.1,0.567
110,player,562.3,402.3,640.4,578.2,0.395
110,player,565.6,400.8,636.7,530.4,0.278
111,player,547.1,533.5,613.4,720.0,0.865
111,player,178.7,400.3,215.6,516.3,0.77
111,player,237.0,447.5,301.0,580.8,0.734
111,player,244.8,335.0,278.3,429.8,0.718
111,player,966.2,391.3,1028.9,534.5,0.709
111,player,329.8,350.8,375.0,456.6,0.68
111,player,783.8,394.3,839.6,530.5,0.602
111,player,933.3,331.3,967.9,428.4,0.548
111,player,566.3,401.4,638.2,516.6,0.406
112,player,547.0,533.2,613.0,720.0,0.858
112,player,179.2,402.7,217.5,517.0,0.766
112,player,236.7,447.9,301.5,581.2,0.762
112,player,966.2,390.0,1029.7,534.7,0.724
112,player,244.7,335.1,278.5,429.7,0.721
112,player,780.3,389.3,841.3,530.7,0.673
112,player,326.9,350.5,374.9,461.9,0.656
112,player,933.9,332.0,967.6,428.6,0.537
112,player,563.2,403.3,638.6,574.7,0.391
112,player,713.5,340.3,768.6,453.0,0.375
112,player,570.7,402.4,637.6,516.7,0.29
113,player,548.3,533.7,614.0,720.0,0.883
113,player,179.5,402.5,218.0,517.9,0.786
113,player,237.0,448.6,302.3,581.3,0.763
113,player,963.5,373.2,1030.7,535.9,0.745
113,player,779.6,384.3,842.2,531.6,0.727
113,player,245.1,335.0,278.4,429.2,0.707
113,player,328.4,352.0,372.9,457.3,0.656
113,player,934.9,332.0,969.2,429.0,0.558
113,player,713.3,345.9,769.9,455.9,0.455
113,player,569.5,405.1,635.8,515.0,0.393
114,player,548.2,533.7,614.0,720.0,0.883
114,player,179.6,402.6,218.1,518.0,0.786
114,player,237.0,448.6,302.3,581.3,0.765
114,player,963.5,373.2,1030.7,535.8,0.744
114,player,779.6,384.5,842.2,531.6,0.726
114,player,245.1,335.0,278.4,429.2,0.707
114,player,328.4,352.0,373.0,457.2,0.657
114,player,935.0,332.1,969.2,429.0,0.559
114,player,713.3,346.0,769.9,455.9,0.447
114,player,569.4,405.1,635.8,514.9,0.387
115,player,549.1,534.5,614.4,720.0,0.876
115,player,179.8,401.1,217.6,517.7,0.775
115,player,964.3,370.2,1032.1,534.6,0.765
115,player,236.8,449.4,302.7,579.8,0.745
115,player,327.5,352.4,372.2,464.3,0.693
115,player,245.3,334.0,278.9,428.9,0.688
115,player,782.6,390.9,842.7,532.2,0.637
115,player,936.8,332.1,969.6,428.8,0.634
115,player,714.4,351.6,767.9,458.0,0.416
115,player,567.3,405.6,637.1,515.8,0.412
116,player,549.8,534.2,615.5,720.0,0.871
116,player,236.8,449.8,303.5,578.8,0.772
116,player,179.7,399.6,219.3,517.0,0.768
116,player,966.4,369.4,1033.5,535.0,0.729
116,player,327.7,352.7,371.9,464.2,0.724
116,player,785.0,388.8,844.4,533.1,0.724
116,player,246.9,334.5,280.0,428.5,0.642
116,player,938.6,328.4,973.2,428.0,0.568
116,player,567.3,408.3,639.0,515.7,0.467
116,player,717.6,351.5,773.9,457.0,0.403
117,player,550.2,534.3,619.3,720.0,0.861
117,player,237.4,448.9,304.5,575.2,0.811
117,player,179.3,395.4,222.5,517.1,0.751
117,player,329.1,353.8,371.1,461.1,0.72
117,player,785.3,391.5,845.6,533.0,0.709
117,player,971.7,374.6,1035.7,534.9,0.696
117,player,248.1,335.5,283.4,429.4,0.639
117,player,940.0,327.2,976.4,428.7,0.61
117,player,719.3,346.7,779.4,458.8,0.536
117,player,568.0,404.5,637.5,517.3,0.413
118,player,552.5,533.9,620.7,720.0,0.849
118,player,238.8,447.7,303.7,573.1,0.78
118,player,179.0,392.3,227.8,516.9,0.766
118,player,329.2,352.7,372.3,459.1,0.75
118,player,974.7,373.0,1038.5,536.3,0.694
118,player,786.5,391.8,848.7,531.9,0.672
118,player,249.3,334.8,283.8,430.7,0.667
118,player,942.9,329.3,976.9,428.8,0.639
118,player,718.6,347.1,782.5,459.5,0.443
118,player,648.4,541.6,679.8,657.7,0.418
118,player,568.4,405.5,642.2,518.8,0.413
118,ball,458.2,335.0,479.9,355.9,0.618
119,player,552.9,533.8,621.7,720.0,0.849
119,player,178.4,388.8,232.3,516.9,0.796
119,player,240.3,446.0,303.8,572.4,0.754
119,player,328.5,351.5,372.7,457.9,0.742
119,player,979.1,382.1,1040.6,536.1,0.724
119,player,251.7,335.4,286.0,430.4,0.717
119,player,789.5,392.1,850.2,531.6,0.683
119,player,945.0,332.9,979.0,429.7,0.656
119,player,650.2,547.5,680.0,657.0,0.479
119,player,724.9,346.0,788.0,458.8,0.399
119,player,568.6,408.5,644.3,520.5,0.397
119,ball,436.2,345.9,457.0,366.3,0.264
120,player,553.0,533.8,621.7,720.0,0.848
120,player,178.4,388.7,232.3,517.2,0.799
120,player,240.3,446.1,303.7,572.5,0.756
120,player,328.5,351.6,372.5,457.7,0.742
120,player,979.1,382.0,1040.6,536.1,0.725
120,player,251.7,335.4,286.0,430.4,0.72
120,player,789.5,392.4,850.2,531.6,0.683
120,player,945.0,332.8,979.0,429.7,0.66
120,player,650.2,547.5,680.0,657.0,0.478
120,player,570.0,406.3,644.4,520.8,0.391
120,player,725.1,345.9,788.0,458.6,0.384
120,ball,436.2,345.9,457.0,366.2,0.264
121,player,553.9,533.7,623.5,720.0,0.828
121,player,178.5,386.5,227.5,516.4,0.807
121,player,977.9,373.8,1044.0,535.6,0.795
121,player,327.1,350.7,370.0,457.0,0.784
121,player,240.0,442.4,307.2,572.6,0.749
121,player,253.5,335.8,288.1,428.8,0.736
121,player,792.2,396.9,851.3,532.1,0.702
121,player,946.9,328.6,983.6,429.9,0.658
121,player,651.8,550.2,680.9,659.3,0.402
121,player,734.6,349.2,796.8,461.8,0.35
121,player,571.9,412.7,648.4,519.2,0.314
121,ball,411.2,359.0,434.5,381.5,0.49
122,player,178.8,384.4,226.4,517.8,0.847
122,player,556.7,533.5,626.2,720.0,0.836
122,player,326.9,349.5,369.8,459.1,0.82
122,player,978.2,369.0,1046.7,536.5,0.788
122,player,238.4,439.6,307.3,573.7,0.78
122,player,792.8,398.9,852.6,534.2,0.714
122,player,255.3,336.0,290.9,430.0,0.702
122,player,948.3,329.6,984.1,429.3,0.677
122,player,822.9,360.1,856.8,457.8,0.334
122,player,654.0,546.1,683.7,659.0,0.297
122,player,752.5,349.5,796.8,441.2,0.286
122,ball,391.4,377.9,411.9,396.8,0.644
123,player,558.6,534.2,627.7,720.0,0.848
123,player,981.1,370.5,1047.8,536.6,0.791
123,player,179.8,383.2,223.7,517.6,0.785
123,player,234.4,435.9,308.7,573.3,0.76
123,player,324.3,346.0,370.9,459.0,0.753
123,player,256.0,336.3,290.9,431.5,0.705
123,player,793.0,400.0,854.6,534.4,0.692
123,player,949.8,330.5,986.8,430.5,0.672
123,player,824.1,363.0,858.9,491.8,0.326
123,player,578.8,398.5,646.3,501.7,0.307
123,player,597.4,397.9,645.0,480.9,0.273
123,ball,367.1,395.9,390.8,417.6,0.686
124,player,559.7,534.4,629.4,720.0,0.863
124,player,326.1,342.6,369.2,461.0,0.813
124,player,983.3,371.1,1050.2,536.7,0.788
124,player,229.9,434.4,307.7,573.3,0.787
124,player,180.2,383.2,223.2,517.6,0.712
124,player,256.3,335.3,291.6,432.3,0.691
124,player,793.8,404.4,858.3,535.1,0.683
124,player,951.5,326.6,991.4,430.9,0.675
124,player,825.5,361.1,860.8,490.4,0.474
124,player,582.8,398.5,646.8,501.7,0.308
124,player,590.5,398.2,645.8,480.2,0.299
124,ball,343.2,413.7,365.8,434.8,0.294
125,player,560.8,535.5,631.5,720.0,0.875
125,player,322.4,340.0,371.0,464.3,0.779
125,player,177.7,383.6,222.7,522.5,0.755
125,player,989.1,374.6,1052.4,536.2,0.725
125,player,226.2,434.4,300.6,564.8,0.663
125,player,258.6,333.2,294.2,431.3,0.657
125,player,954.7,328.1,990.7,428.8,0.618
125,player,792.2,408.9,858.2,535.5,0.574
125,player,823.3,360.1,863.2,490.0,0.553
125,player,579.9,395.3,646.6,520.0,0.407
125,player,584.3,395.3,646.0,486.6,0.276
125,player,769.7,400.4,859.3,535.8,0.262
125,ball,315.1,435.6,338.3,458.3,0.503
126,player,560.8,535.6,631.5,720.0,0.875
126,player,322.3,340.0,370.9,464.4,0.776
126,player,177.7,383.6,222.7,522.6,0.755
126,player,989.1,374.6,1052.4,536.2,0.724
126,player,226.2,434.4,300.9,565.0,0.667
126,player,258.6,333.2,294.2,431.3,0.656
126,player,954.7,328.1,990.7,428.8,0.617
126,player,792.1,408.9,858.2,535.5,0.578
126,player,823.4,360.1,863.2,489.7,0.555
126,player,580.1,395.3,646.7,520.3,0.415
126,player,584.5,395.2,646.0,486.4,0.277
126,player,769.6,400.4,859.3,535.9,0.273
126,ball,315.1,435.6,338.3,458.3,0.492
127,player,562.0,534.7,634.7,720.0,0.863
127,player,326.5,342.0,370.1,466.2,0.73
127,player,170.3,388.1,224.1,527.5,0.723
127,player,994.3,385.9,1058.7,537.0,0.709
127,player,787.1,398.8,857.0,536.3,0.665
127,player,261.1,332.2,295.9,431.7,0.583
127,player,955.6,326.7,993.0,429.7,0.574
127,player,828.6,359.4,865.5,490.6,0.546
127,player,583.8,347.7,648.1,469.8,0.545
127,player,220.1,434.5,300.9,566.2,0.516
127,ball,294.5,446.1,318.9,471.8,0.727
128,player,563.7,535.7,636.4,720.0,0.855
128,player,992.0,370.9,1060.6,537.9,0.751
128,player,170.5,389.0,220.8,526.3,0.71
128,player,791.7,400.4,857.5,535.4,0.683
128,player,325.8,341.6,377.3,467.3,0.656
128,player,261.4,331.5,296.0,429.7,0.584
128,player,958.7,327.5,994.5,430.2,0.574
128,player,831.3,362.8,866.6,488.7,0.527
128,player,214.8,434.7,286.0,572.8,0.506
128,player,583.1,349.9,642.6,460.0,0.487
128,player,661.9,544.4,692.9,657.0,0.303
128,player,605.8,400.6,649.0,479.5,0.288
129,player,565.2,537.8,637.1,720.0,0.847
129,player,996.2,374.3,1061.6,538.6,0.744
129,player,169.1,385.6,220.5,525.7,0.72
129,player,321.0,341.8,375.2,474.1,0.694
129,player,960.9,328.3,996.2,431.0,0.637
129,player,581.4,348.3,647.0,470.0,0.623
129,player,262.4,332.3,299.1,430.0,0.617
129,player,213.9,436.6,281.4,576.0,0.555
129,player,835.9,358.2,872.4,487.1,0.442
129,player,665.2,549.0,695.2,659.0,0.43
129,player,786.9,397.8,833.5,509.0,0.315
129,player,791.3,397.6,849.4,533.5,0.279
129,player,660.8,544.8,697.2,720.0,0.273
129,ball,311.2,390.3,331.7,410.8,0.754
130,player,567.1,537.2,637.9,720.0,0.846
130,player,998.0,373.4,1064.0,537.7,0.766
130,player,263.0,331.0,300.5,430.1,0.683
130,player,170.7,389.0,215.8,524.8,0.682
130,player,309.9,343.1,372.4,475.5,0.656
130,player,961.6,327.7,997.9,430.6,0.637
130,player,664.8,548.8,696.5,658.8,0.431
130,player,785.2,396.4,832.3,515.0,0.424
130,player,834.7,357.1,875.6,487.2,0.39
130,player,602.7,397.4,648.7,525.6,0.34
130,player,578.0,353.2,631.4,449.1,0.326
130,player,647.9,345.7,681.7,435.6,0.304
130,player,714.8,352.1,747.1,439.1,0.298
130,player,608.7,394.1,648.6,477.0,0.283
130,ball,315.6,358.9,338.3,381.0,0.612
131,player,567.9,536.4,639.5,720.0,0.837
131,player,1000.4,371.3,1063.2,538.4,0.723
131,player,307.0,347.3,369.1,476.3,0.714
131,player,171.0,385.8,213.9,526.2,0.698
131,player,263.7,332.7,301.3,431.7,0.678
131,player,964.2,328.9,1001.4,432.2,0.574
131,player,786.3,396.3,834.1,532.1,0.541
131,player,814.1,355.7,875.1,488.2,0.502
131,player,572.0,353.7,612.8,444.0,0.492
131,player,608.3,395.2,646.5,478.2,0.356
131,player,667.9,553.8,696.6,661.1,0.315
131,player,646.0,347.4,682.9,436.0,0.289
131,player,607.3,408.0,649.4,527.9,0.262
131,player,217.4,503.4,274.6,575.0,0.26
131,ball,324.7,330.9,345.9,351.3,0.581
132,player,567.9,536.4,639.5,720.0,0.838
132,player,1000.4,371.3,1063.2,538.4,0.723
132,player,307.0,347.3,369.1,476.3,0.714
132,player,171.0,385.8,213.9,526.2,0.698
132,player,263.7,332.7,301.3,431.7,0.677
132,player,964.1,329.0,1001.4,432.2,0.575
132,player,786.3,396.3,834.1,532.2,0.545
132,player,814.2,355.7,875.1,488.2,0.5
132,player,572.0,353.6,612.8,444.0,0.493
132,player,608.3,395.2,646.5,478.1,0.355
132,player,667.9,553.9,696.6,661.1,0.314
132,player,646.0,347.3,682.9,436.0,0.289
132,player,607.3,408.0,649.4,527.9,0.263
132,player,217.4,503.4,274.6,575.0,0.26
132,ball,324.7,330.9,345.9,351.3,0.581
133,player,569.0,536.1,640.2,720.0,0.83
133,player,303.0,349.6,365.8,478.6,0.77
133,player,171.1,383.9,212.7,524.9,0.747
133,player,1002.9,372.2,1063.6,538.1,0.734
133,player,263.8,333.1,301.9,432.2,0.699
133,player,202.7,446.9,281.0,575.6,0.654
133,player,817.8,352.3,877.2,488.8,0.621
133,player,965.7,326.9,1005.2,432.6,0.567
133,player,609.6,392.5,646.0,481.4,0.402
133,player,569.0,356.8,610.2,441.1,0.351
133,player,781.8,392.5,827.2,525.4,0.347
133,player,172.5,384.4,210.5,485.4,0.304
133,player,668.8,552.1,697.9,661.8,0.288
134,player,570.5,535.9,641.4,720.0,0.835
134,player,168.8,382.9,211.3,525.9,0.804
134,player,197.6,447.8,272.1,578.2,0.781
134,player,292.0,352.9,367.8,477.0,0.764
134,player,1007.3,371.7,1066.6,537.3,0.716
134,player,263.6,333.9,302.1,431.5,0.705
134,player,775.0,394.3,834.9,531.6,0.699
134,player,823.8,356.8,881.7,487.1,0.639
134,player,966.9,326.6,1002.6,431.8,0.557
134,player,607.8,391.4,644.2,483.1,0.386
134,player,558.8,356.3,607.5,443.8,0.297
134,player,669.3,547.2,701.3,663.5,0.271
134,ball,334.0,278.3,360.1,302.6,0.618
135,player,572.2,535.8,642.9,720.0,0.843
135,player,183.7,448.1,271.6,582.3,0.788
135,player,291.5,352.6,369.1,478.3,0.781
135,player,167.9,380.9,210.8,523.5,0.774
135,player,263.5,334.1,303.5,431.6,0.708
135,player,1008.4,371.6,1066.9,537.4,0.684
135,player,770.1,394.4,837.1,533.1,0.657
135,player,825.9,357.1,897.7,486.5,0.638
135,player,968.0,329.2,1002.2,432.0,0.543
135,player,551.2,352.4,607.8,450.9,0.298
135,player,602.9,349.7,642.7,481.6,0.269
135,player,611.6,398.2,643.4,482.4,0.259
135,ball,341.1,252.8,363.8,273.5,0.51
136,player,573.1,536.2,644.4,720.0,0.858
136,player,171.4,444.9,275.9,589.2,0.838
136,player,291.6,354.5,367.1,478.8,0.825
136,player,829.2,360.7,907.6,485.2,0.738
136,player,164.8,381.1,208.9,522.6,0.736
136,player,263.2,333.0,303.8,430.1,0.697
136,player,1010.9,371.2,1069.5,537.6,0.626
136,player,759.9,393.8,837.9,534.8,0.598
136,player,967.4,328.3,1003.2,431.5,0.567
136,player,545.7,351.7,597.8,442.7,0.469
136,player,168.2,382.0,207.1,488.4,0.442
136,player,609.8,396.8,643.1,486.2,0.271
136,ball,346.3,229.0,367.2,250.7,0.81
137,player,159.2,446.2,276.3,593.8,0.853
137,player,573.9,537.5,646.6,720.0,0.853
137,player,289.6,354.8,366.8,478.8,0.815
137,player,833.3,359.8,910.1,487.6,0.749
137,player,263.0,332.4,303.6,429.9,0.66
137,player,966.7,328.1,1005.8,432.3,0.608
137,player,1010.9,371.4,1071.2,540.4,0.568
137,player,536.5,350.3,599.2,453.9,0.557
137,player,163.6,384.4,204.6,493.8,0.506
137,player,764.2,396.7,837.3,534.8,0.481
137,player,606.6,394.4,641.4,485.9,0.372
137,player,159.1,384.4,202.2,519.2,0.355
137,player,670.6,539.7,705.2,664.1,0.276
137,player,603.9,392.3,642.9,517.6,0.271
137,ball,352.0,211.7,375.8,234.2,0.525
138,player,159.2,446.1,276.4,593.8,0.853
138,player,573.9,537.5,646.6,720.0,0.853
138,player,289.6,354.8,366.8,478.8,0.816
138,player,833.2,359.8,910.1,487.6,0.748
138,player,263.0,332.4,303.6,429.9,0.66
138,player,967.2,328.5,1005.2,432.2,0.607
138,player,1010.8,371.4,1071.2,540.4,0.571
138,player,536.5,350.3,599.3,454.1,0.556
138,player,163.6,384.4,204.5,494.0,0.504
138,player,764.8,396.9,837.3,534.8,0.484
138,player,606.6,394.4,641.5,485.8,0.372
138,player,159.0,384.4,202.2,519.4,0.355
138,player,670.6,539.7,705.2,664.1,0.284
138,player,603.9,392.2,643.1,517.9,0.269
138,ball,352.0,211.7,375.8,234.2,0.525
139,player,575.4,537.1,647.8,720.0,0.862
139,player,289.4,354.0,366.8,478.4,0.821
139,player,1016.3,371.9,1071.7,543.1,0.632
139,player,967.4,330.0,1004.8,432.8,0.604
139,player,261.4,332.2,302.9,427.8,0.596
139,player,836.1,358.9,903.6,482.1,0.585
139,player,603.9,392.1,642.0,508.5,0.545
139,player,527.8,349.8,584.5,443.3,0.492
139,player,159.9,386.3,204.6,497.9,0.463
139,player,636.7,344.0,669.3,435.7,0.405
139,player,760.7,398.4,810.2,507.6,0.34
139,player,151.3,450.7,270.5,591.9,0.329
139,player,749.7,397.0,834.6,532.6,0.306
139,ball,356.3,189.0,379.4,209.9,0.522
140,player,288.9,353.5,366.2,479.5,0.872
140,player,577.0,538.8,648.3,720.0,0.867
140,player,1017.6,373.6,1072.7,545.9,0.698
140,player,514.6,353.5,576.4,455.0,0.686
140,player,148.8,447.9,262.7,595.5,0.671
140,player,968.1,331.6,1007.8,434.3,0.65
140,player,752.2,394.9,831.2,531.5,0.637
140,player,258.9,334.6,295.5,427.6,0.631
140,player,600.1,391.5,642.6,518.0,0.579
140,player,839.7,359.2,905.6,479.6,0.566
140,player,601.4,392.2,638.8,484.3,0.513
140,player,755.1,396.1,807.5,529.5,0.404
140,player,633.8,344.8,666.6,442.9,0.335
140,ball,359.4,170.0,383.4,191.5,0.367
141,player,578.5,539.8,649.8,720.0,0.877
141,player,288.2,353.4,364.5,481.0,0.822
141,player,144.8,387.0,250.6,596.8,0.819
141,player,1018.4,373.8,1073.3,548.5,0.734
141,player,506.4,355.2,567.4,459.3,0.73
141,player,258.1,334.4,293.4,430.0,0.719
141,player,968.0,330.6,1007.2,434.8,0.664
141,player,597.7,392.6,642.7,525.1,0.577
141,player,839.7,359.6,908.8,484.3,0.567
141,player,752.8,395.8,823.8,530.5,0.496
141,player,756.1,395.6,798.2,519.5,0.431
141,player,600.0,393.0,636.7,488.2,0.376
141,player,632.6,337.5,664.9,442.4,0.329
141,ball,363.8,149.3,386.2,171.0,0.727
142,player,582.7,537.7,652.6,720.0,0.875
142,player,287.3,353.0,364.3,481.3,0.833
142,player,145.0,387.0,223.3,597.1,0.789
142,player,256.4,333.9,292.0,430.2,0.776
142,player,504.3,357.8,558.4,465.6,0.773
142,player,968.3,330.9,1007.1,434.4,0.683
142,player,1020.0,392.6,1074.9,551.1,0.572
142,player,841.0,361.1,905.9,484.0,0.459
142,player,595.6,403.3,643.5,529.7,0.381
142,player,598.8,395.9,632.6,484.1,0.362
142,player,754.9,395.1,801.3,509.5,0.353
142,player,596.1,396.6,636.3,501.5,0.297
142,player,630.7,334.6,662.8,442.1,0.295
142,ball,368.4,134.8,389.1,154.9,0.346
143,player,583.9,538.0,654.2,720.0,0.859
143,player,287.1,352.2,361.3,481.3,0.832
143,player,254.1,332.8,289.4,431.9,0.719
143,player,499.7,357.7,552.6,472.7,0.715
143,player,968.1,330.7,1006.7,434.3,0.665
143,player,1018.8,410.8,1075.8,557.0,0.549
143,player,592.6,414.3,641.3,530.0,0.526
143,player,750.1,399.1,808.3,534.2,0.424
143,player,152.8,387.8,199.7,496.6,0.403
143,player,135.6,447.9,199.6,599.5,0.39
143,player,623.5,335.8,659.8,443.1,0.367
143,player,857.2,367.4,907.4,491.2,0.361
143,player,840.6,360.0,908.4,489.1,0.317
143,player,595.0,393.5,630.7,481.3,0.264
143,ball,375.7,117.5,396.7,137.6,0.452
144,player,583.9,538.0,654.2,720.0,0.86
144,player,287.1,352.2,361.3,481.3,0.833
144,player,254.1,332.8,289.4,431.9,0.721
144,player,499.7,357.7,552.5,472.5,0.715
144,player,968.1,330.7,1006.7,434.3,0.665
144,player,1018.8,411.0,1075.8,557.0,0.548
144,player,592.7,414.2,641.2,530.1,0.524
144,player,750.1,399.1,808.3,534.2,0.422
144,player,152.8,387.8,199.7,496.6,0.386
144,player,135.3,436.5,199.7,599.4,0.382
144,player,623.6,335.8,659.8,443.1,0.37
144,player,857.3,367.5,907.4,491.2,0.36
144,player,840.6,360.0,908.4,489.1,0.313
144,player,595.0,393.4,630.8,481.3,0.266
144,ball,375.7,117.4,396.7,137.6,0.451
145,player,585.4,538.7,654.4,720.0,0.848
145,player,286.0,351.6,360.7,480.7,0.804
145,player,251.1,332.2,287.9,432.3,0.75
145,player,489.8,357.6,546.3,473.3,0.739
145,player,968.2,330.2,1005.8,434.2,0.663
145,player,1021.4,407.6,1077.0,557.2,0.609
145,player,154.8,387.0,197.6,466.8,0.495
145,player,744.7,396.7,794.5,535.3,0.491
145,player,122.8,453.9,193.1,600.0,0.48
145,player,593.8,395.3,626.8,484.6,0.43
145,player,863.0,365.7,912.6,489.1,0.415
145,player,623.0,336.3,657.7,441.3,0.342
145,player,592.3,399.3,633.2,530.2,0.315
145,player,839.4,361.1,914.3,486.6,0.304
145,player,837.6,356.8,880.5,478.1,0.268
146,player,588.1,538.2,657.9,720.0,0.846
146,player,285.1,350.9,357.4,479.9,0.788
146,player,249.7,333.1,285.3,431.9,0.739
146,player,968.5,330.7,1005.2,434.4,0.663
146,player,472.6,361.2,540.9,472.8,0.609
146,player,159.9,385.9,195.7,489.7,0.545
146,player,1027.9,373.2,1078.6,501.6,0.524
146,player,749.3,388.0,787.2,536.9,0.483
146,player,592.9,356.2,623.0,487.4,0.445
146,player,861.7,364.9,915.1,488.6,0.437
146,player,621.4,330.9,656.2,438.1,0.421
146,player,590.6,396.6,622.3,487.1,0.409
146,player,153.5,383.4,194.8,516.2,0.388
146,player,108.6,455.3,191.2,597.8,0.387
146,player,835.5,353.6,874.4,472.7,0.281
146,ball,380.7,90.9,402.2,111.3,0.578
147,player,590.8,539.2,659.9,720.0,0.83
147,player,284.6,349.7,348.5,478.7,0.76
147,player,244.8,329.3,284.5,431.1,0.74
147,player,968.2,330.7,1004.3,434.5,0.651
147,player,471.6,357.6,534.0,470.4,0.634
147,player,158.3,384.8,195.6,500.5,0.61
147,player,584.1,394.1,620.7,527.7,0.606
147,player,1031.0,406.0,1079.1,558.3,0.555
147,player,859.1,367.1,915.6,488.2,0.537
147,player,729.5,393.9,783.3,538.5,0.532
147,player,619.0,333.7,655.0,432.2,0.451
147,player,90.3,463.4,193.4,598.9,0.433
147,player,836.3,351.5,870.4,467.4,0.304
147,player,586.6,394.4,619.0,490.7,0.286
147,player,1039.7,372.7,1080.6,451.9,0.277
147,player,1031.7,406.0,1078.5,502.1,0.268
148,player,592.0,541.7,662.5,720.0,0.846
148,player,284.6,350.2,342.3,478.8,0.757
148,player,1033.5,377.7,1082.2,556.7,0.695
148,player,243.7,328.7,284.9,430.7,0.672
148,player,968.1,330.7,1003.8,434.5,0.66
148,player,73.0,437.7,169.0,600.7,0.633
148,player,452.4,361.2,530.1,468.4,0.631
148,player,155.5,386.1,196.9,504.9,0.627
148,player,725.2,391.4,782.0,537.8,0.6
148,player,869.4,363.5,917.8,488.0,0.599
148,player,581.1,351.3,622.7,532.4,0.512
148,player,617.9,331.4,649.9,433.3,0.462
148,player,834.0,349.9,873.0,476.8,0.384
148,player,468.2,359.7,529.2,455.6,0.287
148,player,585.1,356.5,620.8,484.3,0.25
149,player,592.0,541.4,665.0,720.0,0.844
149,player,53.7,439.6,159.1,610.4,0.818
149,player,285.1,349.2,333.1,481.2,0.758
149,player,869.2,361.8,917.9,488.6,0.722
149,player,243.0,329.4,285.3,430.7,0.701
149,player,968.1,331.3,1003.3,434.8,0.686
149,player,154.8,386.0,196.9,514.1,0.683
149,player,1035.3,404.7,1084.4,555.5,0.678
149,player,451.5,358.9,526.8,462.5,0.619
149,player,723.4,392.9,780.6,540.7,0.576
149,player,574.9,387.7,620.3,531.9,0.485
149,player,834.7,348.3,869.0,468.5,0.479
149,player,603.8,331.5,649.2,435.6,0.35
149,player,835.2,341.9,881.1,477.9,0.292
149,player,581.4,392.2,613.3,481.9,0.281
150,player,592.0,541.5,665.1,720.0,0.845
150,player,53.7,439.5,158.8,610.3,0.817
150,player,285.0,349.1,333.0,481.3,0.758
150,player,869.2,361.7,917.9,488.5,0.723
150,player,243.0,329.2,285.3,430.7,0.705
150,player,968.1,331.4,1003.3,434.8,0.689
150,player,1035.2,405.4,1084.4,555.4,0.68
150,player,154.8,386.0,196.9,512.8,0.664
150,player,452.0,358.9,526.8,461.5,0.617
150,player,723.3,392.8,780.6,540.8,0.579
150,player,574.9,387.6,620.3,531.9,0.486
150,player,834.6,348.3,868.8,468.2,0.479
150,player,603.1,331.5,649.2,435.8,0.351
150,player,835.2,342.0,881.0,477.8,0.284
150,player,581.4,392.3,613.3,481.9,0.267
151,player,592.7,542.1,668.3,720.0,0.842
151,player,284.1,349.6,328.5,481.2,0.787
151,player,44.8,442.6,146.5,609.1,0.782
151,player,148.2,385.5,198.1,525.0,0.732
151,player,871.0,362.7,916.9,490.3,0.727
151,player,1036.9,406.7,1089.8,557.0,0.722
151,player,967.8,331.7,1003.0,435.0,0.674
151,player,242.6,327.5,285.6,430.8,0.657
151,player,448.7,357.9,523.4,462.0,0.559
151,player,723.0,403.2,777.4,541.1,0.533
151,player,827.3,348.9,873.6,475.8,0.522
151,player,561.1,393.0,618.7,533.2,0.486
151,player,602.4,330.4,647.5,434.0,0.358
151,player,736.9,414.7,776.3,537.4,0.28
151,ball,397.5,51.5,421.4,73.3,0.303
152,player,592.9,542.6,672.3,720.0,0.822
152,player,41.9,448.4,135.8,609.9,0.801
152,player,284.1,349.8,323.9,483.0,0.778
152,player,1039.2,407.6,1095.2,559.2,0.742
152,player,149.8,390.0,198.8,526.1,0.731
152,player,872.8,363.5,917.6,491.5,0.727
152,player,967.5,332.5,1002.7,435.7,0.703
152,player,242.3,328.0,284.1,431.3,0.7
152,player,447.7,357.4,520.4,458.6,0.654
152,player,553.0,393.9,620.7,534.9,0.597
152,player,720.4,397.3,774.7,537.7,0.539
152,player,824.6,349.4,868.8,470.7,0.384
152,player,826.0,350.1,882.9,480.4,0.343
152,player,592.7,333.0,644.2,436.2,0.309
152,ball,407.1,45.3,428.7,64.7,0.505
153,player,594.7,543.0,674.1,720.0,0.81
153,player,283.6,348.0,321.2,482.6,0.791
153,player,553.9,394.7,619.9,538.6,0.73
153,player,147.9,393.8,199.2,529.5,0.727
153,player,1042.2,385.3,1099.4,560.4,0.718
153,player,967.5,333.3,1002.5,437.2,0.691
153,player,241.6,328.6,283.1,431.5,0.674
153,player,875.8,365.6,917.3,492.6,0.659
153,player,446.9,358.8,514.1,462.0,0.656
153,player,720.2,392.0,775.1,540.3,0.638
153,player,591.3,326.8,644.9,435.1,0.611
153,player,37.0,449.9,130.9,612.5,0.598
153,player,460.8,360.7,512.9,450.8,0.455
153,player,818.6,347.7,870.7,463.9,0.429
153,player,58.8,451.0,130.7,561.6,0.36
153,player,813.5,343.8,878.0,478.7,0.287
153,ball,411.0,43.7,430.5,61.7,0.58
154,player,283.6,347.5,319.3,481.9,0.813
154,player,598.2,543.3,678.6,720.0,0.778
154,player,143.4,399.5,203.7,531.2,0.731
154,player,1041.5,396.7,1103.4,563.3,0.727
154,player,967.5,332.6,1002.8,439.6,0.706
154,player,239.5,328.9,281.6,431.6,0.684
154,player,878.3,365.8,917.9,492.4,0.678
154,player,721.1,391.5,771.0,537.2,0.652
154,player,449.6,360.1,511.1,455.5,0.652
154,player,555.6,394.3,619.0,538.1,0.649
154,player,807.3,350.6,881.7,480.5,0.622
154,player,596.0,327.8,641.6,431.8,0.587
154,player,20.2,455.8,121.3,620.9,0.574
154,player,156.6,400.0,201.7,521.4,0.402
154,player,465.2,361.2,511.4,450.0,0.277
154,ball,413.3,39.8,436.1,61.1,0.521
155,player,601.3,542.8,681.3,720.0,0.775
155,player,2.4,457.2,114.6,619.3,0.772
155,player,283.3,347.2,318.8,481.1,0.77
155,player,144.2,399.9,206.8,531.9,0.759
155,player,1040.1,401.0,1110.0,565.2,0.754
155,player,967.4,332.0,1003.0,439.8,0.71
155,player,881.6,364.3,919.2,489.3,0.702
155,player,238.4,333.1,279.4,431.9,0.685
155,player,451.5,360.8,509.1,449.1,0.647
155,player,597.8,328.8,638.0,428.7,0.612
155,player,557.3,398.0,619.2,536.0,0.606
155,player,716.0,387.6,768.5,540.0,0.581
155,player,802.1,357.8,874.8,478.9,0.574
155,ball,417.6,37.9,438.5,56.7,0.756
156,player,601.2,542.7,681.3,720.0,0.775
156,player,2.4,457.1,114.7,619.3,0.774
156,player,283.3,347.2,318.8,481.1,0.77
156,player,144.1,399.9,206.8,532.2,0.763
156,player,1040.1,401.0,1109.9,565.2,0.753
156,player,967.5,332.0,1003.0,439.8,0.71
156,player,881.6,364.3,919.2,489.2,0.7
156,player,238.4,333.0,279.4,431.9,0.684
156,player,451.5,360.8,509.1,449.1,0.647
156,player,597.8,328.8,638.0,428.7,0.612
156,player,557.2,398.0,619.2,536.0,0.606
156,player,716.1,387.7,768.4,540.0,0.582
156,player,802.1,357.8,874.9,478.9,0.575
156,ball,417.5,37.8,438.5,56.6,0.753
157,player,1042.6,392.7,1114.3,569.2,0.804
157,player,0.2,459.7,109.3,619.1,0.78
157,player,604.8,542.8,680.1,720.0,0.774
157,player,283.5,346.9,318.4,481.0,0.764
157,player,145.2,399.7,207.9,533.5,0.747
157,player,882.8,361.7,921.6,485.3,0.736
157,player,967.3,332.6,1003.7,440.8,0.727
157,player,720.3,395.1,768.2,535.8,0.638
157,player,450.9,359.0,508.4,452.2,0.63
157,player,237.9,331.3,276.4,431.9,0.624
157,player,559.7,394.9,612.5,535.5,0.553
157,player,593.7,329.5,636.5,429.1,0.54
157,player,798.8,369.4,868.6,476.5,0.489
157,player,674.7,535.5,707.6,673.1,0.298
157,ball,425.5,40.9,444.5,58.1,0.628
158,player,1043.7,390.5,1120.5,571.5,0.818
158,player,1.3,461.3,98.7,619.5,0.811
158,player,881.9,361.6,924.2,484.6,0.768
158,player,283.2,347.0,318.5,481.0,0.754
158,player,612.8,542.4,683.4,720.0,0.747
158,player,149.7,400.3,204.5,532.3,0.708
158,player,967.1,332.8,1004.1,441.0,0.705
158,player,781.8,366.8,868.6,477.9,0.7
158,player,554.5,396.1,615.7,539.6,0.693
158,player,237.4,333.1,273.6,431.6,0.668
158,player,449.7,358.7,509.3,450.3,0.636
158,player,716.6,390.3,767.8,541.2,0.615
158,player,590.2,332.2,635.2,429.2,0.52
158,ball,427.5,36.9,448.8,57.3,0.79
159,player,16.3,464.3,99.0,616.3,0.838
159,player,1043.9,408.8,1123.4,572.3,0.809
159,player,285.0,348.3,319.0,481.9,0.759
159,player,880.9,362.6,927.5,486.8,0.727
159,player,617.1,542.2,684.6,720.0,0.714
159,player,555.2,398.4,612.8,538.8,0.701
159,player,967.2,332.9,1003.4,439.1,0.697
159,player,148.3,399.3,204.3,537.7,0.691
159,player,235.6,330.7,269.6,431.0,0.677
159,player,718.0,393.0,767.0,538.3,0.668
159,player,447.5,359.1,512.4,459.3,0.616
159,player,587.7,331.8,631.4,429.5,0.526
159,player,1080.1,380.5,1119.5,513.7,0.419
159,player,785.3,373.5,869.1,480.3,0.396
159,ball,432.2,41.1,452.1,59.2,0.697
160,player,9.5,465.5,95.9,613.5,0.788
160,player,285.1,349.1,320.5,481.7,0.78
160,player,1047.6,414.3,1125.4,572.4,0.778
160,player,880.0,361.9,931.0,489.4,0.734
160,player,626.0,541.9,682.4,720.0,0.723
160,player,552.3,396.4,607.6,538.4,0.723
160,player,148.3,398.7,205.4,538.7,0.719
160,player,447.7,358.5,511.9,467.5,0.671
160,player,233.7,333.7,265.3,429.4,0.652
160,player,967.4,332.3,1003.5,433.8,0.636
160,player,717.7,394.5,765.9,536.6,0.633
160,player,1085.3,378.6,1121.5,516.8,0.58
160,player,586.9,329.3,626.2,428.5,0.458
160,player,791.0,358.3,866.7,482.8,0.395
160,player,674.4,540.1,710.0,675.3,0.267
160,ball,435.1,40.4,458.8,61.3,0.622
161,player,0.9,465.7,88.1,620.4,0.826
161,player,285.2,350.0,321.3,482.1,0.794
161,player,1047.1,416.8,1126.0,573.4,0.78
161,player,148.1,397.6,206.0,539.9,0.73
161,player,630.4,541.9,684.0,720.0,0.725
161,player,550.5,397.1,603.8,538.7,0.721
161,player,447.3,358.6,517.2,469.1,0.691
161,player,881.6,363.7,936.8,490.2,0.673
161,player,967.4,333.2,1003.5,432.8,0.662
161,player,232.0,331.6,264.6,431.0,0.616
161,player,716.2,394.7,765.8,538.7,0.581
161,player,1088.4,381.0,1122.2,514.6,0.576
161,player,585.4,327.6,628.9,428.5,0.446
161,player,454.0,358.0,513.8,447.5,0.429
161,player,791.8,362.4,860.3,484.6,0.271
161,ball,443.7,46.9,463.7,66.0,0.64
162,player,0.9,465.7,88.0,620.4,0.829
162,player,285.2,350.0,321.3,482.1,0.794
162,player,1047.2,416.8,1126.0,573.4,0.779
162,player,148.1,397.6,205.9,539.9,0.73
162,player,630.3,541.9,684.0,720.0,0.724
162,player,550.5,397.1,603.7,539.1,0.72
162,player,447.3,358.6,517.1,469.2,0.69
162,player,881.6,363.7,936.8,490.1,0.672
162,player,967.5,333.1,1003.5,432.8,0.662
162,player,232.0,331.1,264.6,431.0,0.622
162,player,716.2,394.7,765.8,538.8,0.581
162,player,1088.4,381.0,1122.2,514.6,0.573
162,player,585.4,327.6,628.8,428.5,0.444
162,player,454.0,358.0,513.8,447.5,0.426
162,player,791.7,362.1,860.1,484.7,0.274
162,ball,443.5,46.9,463.6,66.0,0.643
163,player,1048.3,416.2,1127.0,575.4,0.803
163,player,284.9,350.2,321.4,482.1,0.783
163,player,147.7,395.6,208.0,540.1,0.758
163,player,889.6,364.4,943.0,489.3,0.725
163,player,966.7,333.5,1003.4,435.7,0.707
163,player,446.8,359.2,521.4,468.0,0.699
163,player,632.1,542.1,684.0,720.0,0.692
163,player,546.8,395.7,598.6,538.0,0.68
163,player,1094.4,382.4,1127.3,508.4,0.605
163,player,713.9,394.6,765.6,540.3,0.595
163,player,1.0,466.1,83.3,625.1,0.589
163,player,230.8,332.9,260.7,432.5,0.564
163,player,630.6,541.0,709.6,720.0,0.382
163,player,788.6,362.7,854.1,484.1,0.324
163,player,457.6,359.2,517.2,450.9,0.301
163,ball,444.9,50.2,468.2,71.7,0.805
164,player,1052.1,415.2,1128.0,576.2,0.798
164,player,285.3,350.2,323.5,482.4,0.783
164,player,149.4,394.2,210.0,540.0,0.777
164,player,888.5,363.0,941.7,488.1,0.741
164,player,965.6,333.3,1002.3,434.7,0.725
164,player,544.7,395.8,596.7,538.6,0.703
164,player,634.6,541.7,683.4,720.0,0.702
164,player,229.7,333.1,259.4,430.1,0.66
164,player,1098.2,382.1,1129.9,512.8,0.589
164,player,450.0,360.3,523.0,466.5,0.535
164,player,469.1,360.0,520.2,460.2,0.514
164,player,0.0,466.5,82.0,637.5,0.48
164,player,716.9,393.0,765.0,543.5,0.388
164,player,0.7,468.3,80.1,590.2,0.369
164,player,676.1,549.6,710.5,673.3,0.261
164,ball,450.3,57.9,477.5,81.7,0.368
165,player,285.6,350.3,324.2,482.6,0.793
165,player,1053.0,416.3,1128.7,576.2,0.792
165,player,963.1,332.1,1002.2,434.9,0.769
165,player,151.0,394.3,211.3,541.3,0.767
165,player,541.3,396.4,596.8,539.6,0.73
165,player,883.7,363.1,943.8,486.9,0.718
165,player,458.0,362.7,524.9,465.5,0.68
165,player,636.2,540.5,694.9,720.0,0.643
165,player,1099.1,381.8,1133.6,515.6,0.632
165,player,229.5,332.8,257.0,428.6,0.628
165,player,0.5,468.7,78.1,585.1,0.536
165,player,0.0,467.7,81.1,636.7,0.315
165,player,717.3,395.7,764.3,543.7,0.294
165,ball,453.0,60.5,478.4,84.7,0.644
166,player,961.6,331.2,1002.2,435.2,0.795
166,player,286.2,349.9,326.2,483.5,0.791
166,player,151.2,396.9,212.5,541.5,0.776
166,player,545.8,399.2,596.7,538.4,0.756
166,player,1101.5,381.5,1138.2,514.7,0.746
166,player,1056.0,417.7,1128.9,579.2,0.741
166,player,636.6,540.5,704.7,720.0,0.702
166,player,891.0,363.2,950.3,488.1,0.699
166,player,0.3,469.2,77.5,625.4,0.657
166,player,463.1,366.4,524.8,465.9,0.641
166,player,227.8,334.6,256.4,430.0,0.621
166,player,714.5,388.9,765.3,542.4,0.421
166,ball,459.5,72.4,485.3,96.0,0.554
167,player,0.1,470.4,78.7,631.0,0.792
167,player,287.5,349.2,330.1,484.6,0.772
167,player,961.8,331.2,1002.3,436.6,0.756
167,player,1057.3,419.9,1130.3,580.8,0.735
167,player,546.5,401.8,596.6,537.3,0.727
167,player,151.8,398.6,216.2,541.0,0.707
167,player,224.9,334.8,255.7,429.9,0.677
167,player,890.4,364.2,949.9,487.9,0.662
167,player,466.8,369.3,529.0,468.2,0.652
167,player,1100.7,382.9,1145.7,518.8,0.648
167,player,639.1,540.6,701.9,720.0,0.619
167,player,774.5,360.6,830.1,481.6,0.419
167,ball,465.2,81.8,491.5,103.6,0.801
168,player,0.1,470.4,78.7,630.9,0.787
168,player,287.4,349.2,330.1,484.6,0.772
168,player,961.8,331.3,1002.3,436.7,0.755
168,player,1057.2,419.9,1130.4,580.8,0.735
168,player,546.5,401.9,596.6,537.3,0.726
168,player,151.7,398.6,216.2,541.0,0.708
168,player,224.9,334.7,255.7,429.9,0.676
168,player,890.4,364.2,949.8,487.9,0.663
168,player,466.8,369.3,529.0,468.2,0.653
168,player,1100.7,382.9,1145.6,518.8,0.649
168,player,639.1,540.6,702.0,720.0,0.622
168,player,774.6,360.6,830.2,481.5,0.418
168,ball,465.2,81.8,491.5,103.6,0.8
169,player,288.6,349.0,333.2,485.7,0.766
169,player,468.0,369.7,534.9,468.5,0.753
169,player,0.0,472.2,80.3,631.2,0.735
169,player,545.8,402.6,597.4,536.5,0.732
169,player,962.5,332.3,1002.5,437.1,0.725
169,player,1057.5,422.7,1131.3,583.9,0.722
169,player,222.7,334.7,256.9,430.7,0.703
169,player,889.9,365.2,953.0,485.8,0.695
169,player,640.5,540.3,711.6,720.0,0.694
169,player,151.3,400.2,225.6,542.2,0.693
169,player,1103.3,384.3,1157.0,520.9,0.688
169,player,774.6,361.9,814.9,478.7,0.251
169,ball,471.6,93.5,495.8,117.1,0.547
170,player,0.0,473.4,81.2,628.5,0.82
170,player,148.6,402.4,228.9,544.8,0.796
170,player,1105.6,385.3,1171.0,523.8,0.765
170,player,289.8,350.9,336.5,486.1,0.763
170,player,895.4,365.8,955.5,487.3,0.756
170,player,545.4,402.5,596.7,536.1,0.742
170,player,467.4,371.2,537.0,471.4,0.741
170,player,223.5,335.0,258.0,431.0,0.717
170,player,1058.5,423.8,1128.0,585.6,0.682
170,player,642.7,538.4,715.0,720.0,0.677
170,player,963.1,335.2,1002.6,437.7,0.653
170,player,1060.5,422.6,1107.1,576.3,0.275
170,player,774.3,359.1,807.6,480.5,0.255
170,ball,477.6,106.0,498.3,125.8,0.62
171,player,1109.8,388.3,1176.8,527.3,0.794
171,player,0.0,475.9,82.4,629.8,0.791
171,player,899.5,365.8,956.1,485.3,0.782
171,player,290.9,350.8,338.0,486.2,0.756
171,player,150.4,405.9,231.0,544.9,0.748
171,player,545.1,401.7,596.6,535.6,0.7
171,player,644.1,538.6,715.0,720.0,0.675
171,player,1058.2,424.3,1123.1,588.2,0.671
171,player,222.4,335.1,258.8,431.5,0.662
171,player,962.6,335.9,1003.8,439.4,0.604
171,player,471.8,364.5,546.6,469.1,0.566
171,player,766.8,367.2,803.7,481.6,0.293
171,player,1060.0,423.2,1108.3,572.8,0.28
172,player,1111.1,389.6,1184.6,526.8,0.848
172,player,0.0,477.4,85.9,625.9,0.822
172,player,903.9,366.3,962.0,484.5,0.816
172,player,292.2,351.7,340.0,487.2,0.791
172,player,479.0,366.7,596.6,535.5,0.776
172,player,151.8,408.4,235.3,547.7,0.731
172,player,643.2,536.3,717.9,720.0,0.708
172,player,1058.5,423.8,1120.5,586.9,0.676
172,player,221.1,335.8,259.1,429.4,0.632
172,player,962.1,336.6,1004.7,439.4,0.61
172,player,763.5,360.4,804.5,481.3,0.388
172,ball,488.7,135.4,509.5,155.1,0.615
173,player,0.1,478.1,90.4,626.5,0.855
173,player,1113.9,390.2,1188.4,526.8,0.841
173,player,293.5,352.1,340.5,488.5,0.797
173,player,1057.8,424.0,1114.8,587.4,0.756
173,player,910.5,366.3,963.6,485.1,0.722
173,player,644.4,536.4,718.8,720.0,0.693
173,player,153.3,407.7,241.3,549.7,0.679
173,player,220.5,337.9,257.4,427.3,0.612
173,player,963.4,337.8,1004.7,439.7,0.599
173,player,534.0,371.4,597.1,534.6,0.563
173,player,758.2,359.0,804.8,480.4,0.522
174,player,0.1,478.1,90.3,626.5,0.855
174,player,1113.8,390.3,1188.4,526.8,0.84
174,player,293.5,352.1,340.5,488.5,0.796
174,player,1057.8,424.0,1114.8,587.3,0.756
174,player,910.5,366.3,963.6,485.1,0.723
174,player,644.4,536.5,718.8,720.0,0.693
174,player,153.3,407.7,241.3,549.7,0.679
174,player,220.5,337.9,257.4,427.3,0.613
174,player,963.3,337.8,1004.7,439.7,0.598
174,player,534.1,371.6,597.0,534.6,0.563
174,player,758.3,359.1,804.8,480.4,0.519
175,player,1119.2,390.4,1190.5,527.9,0.837
175,player,0.6,479.3,95.2,630.1,0.83
175,player,1057.8,423.9,1112.7,589.8,0.773
175,player,648.3,530.9,720.0,720.0,0.759
175,player,293.8,351.5,342.0,488.8,0.756
175,player,157.0,409.3,244.9,550.9,0.7
175,player,916.0,367.1,971.4,485.1,0.663
175,player,217.3,339.3,259.0,429.0,0.651
175,player,544.0,367.0,598.2,534.7,0.635
175,player,964.5,339.6,1005.5,439.2,0.6
175,player,752.4,357.7,805.8,481.1,0.488
176,player,1119.2,392.5,1193.2,527.4,0.842
176,player,1058.5,423.4,1110.5,590.1,0.799
176,player,294.8,352.0,342.4,490.1,0.762
176,player,651.5,531.1,720.6,720.0,0.758
176,player,526.4,360.4,599.5,534.5,0.752
176,player,921.6,364.9,974.8,483.8,0.711
176,player,964.2,339.1,1006.3,438.8,0.604
176,player,0.0,478.0,100.4,637.0,0.592
176,player,164.2,412.3,252.9,552.5,0.511
176,player,13.4,479.1,99.4,593.7,0.481
176,player,215.5,338.6,256.6,429.0,0.457
176,player,729.5,353.3,805.4,486.3,0.307
176,player,162.0,342.8,256.1,553.5,0.283
177,player,1119.6,394.2,1193.7,526.7,0.828
177,player,1059.5,423.4,1108.8,589.8,0.806
177,player,295.6,353.7,340.6,489.8,0.782
177,player,0.0,479.8,103.0,639.2,0.757
177,player,926.9,366.1,980.5,483.8,0.725
177,player,657.6,529.1,722.3,720.0,0.664
177,player,523.9,346.2,596.3,536.3,0.658
177,player,963.2,338.0,1001.8,440.9,0.546
177,player,215.0,341.1,257.3,429.9,0.531
177,player,174.7,416.4,257.3,550.6,0.503
177,player,191.6,418.2,254.0,529.6,0.407
178,player,1121.3,393.5,1193.2,526.5,0.823
178,player,1060.2,424.0,1109.8,587.9,0.794
178,player,295.9,355.5,340.2,489.8,0.791
178,player,931.0,368.4,982.8,484.2,0.714
178,player,214.4,338.8,257.0,430.7,0.616
178,player,533.2,326.4,593.9,528.7,0.61
178,player,180.1,416.7,258.8,552.9,0.602
178,player,0.0,480.5,107.6,636.2,0.566
178,player,199.3,417.0,258.4,522.1,0.536
178,player,963.2,337.7,999.0,440.6,0.517
178,player,666.6,527.5,725.3,720.0,0.507
178,player,19.0,481.8,108.7,591.0,0.412
178,player,734.7,355.0,806.0,485.1,0.373
179,player,1127.6,393.7,1194.3,527.6,0.844
179,player,1059.9,423.6,1109.9,588.4,0.802
179,player,296.1,355.7,339.9,488.3,0.764
179,player,933.2,366.3,983.7,483.3,0.712
179,player,529.1,322.3,595.2,518.3,0.669
179,player,179.6,418.7,266.0,551.6,0.645
179,player,214.1,338.3,256.3,430.7,0.609
179,player,1.8,480.7,120.4,625.0,0.558
179,player,674.9,531.9,727.7,720.0,0.486
179,player,962.5,336.5,1001.6,440.1,0.485
179,player,196.3,417.8,266.1,523.9,0.431
179,player,17.0,479.2,125.8,597.3,0.404
179,player,726.8,352.0,777.5,487.6,0.404
179,player,728.0,349.4,804.3,485.5,0.391
180,player,1127.6,393.8,1194.2,527.6,0.844
180,player,1059.9,423.6,1109.9,588.3,0.803
180,player,296.1,355.7,340.0,488.4,0.764
180,player,933.2,366.3,983.8,483.3,0.713
180,player,529.1,322.2,595.2,518.3,0.674
180,player,179.7,418.8,265.9,551.6,0.643
180,player,214.1,338.3,256.3,430.7,0.608
180,player,1.8,480.7,120.6,624.8,0.554
180,player,962.5,336.5,1001.6,440.1,0.486
180,player,674.9,531.6,727.7,720.0,0.473
180,player,196.7,417.8,265.9,523.8,0.431
180,player,17.2,479.3,125.8,597.2,0.413
180,player,727.4,351.5,804.8,485.9,0.404
180,player,726.7,352.0,777.8,487.7,0.403
181,player,1134.5,392.2,1194.4,527.1,0.821
181,player,1060.9,422.5,1108.7,588.4,0.813
181,player,295.6,356.1,338.4,490.0,0.765
181,player,679.8,532.7,732.2,720.0,0.68
181,player,935.1,366.7,985.5,483.6,0.669
181,player,213.5,336.4,250.8,431.2,0.598
181,player,534.7,349.3,588.8,511.2,0.593
181,player,27.0,478.4,130.1,613.9,0.58
181,player,963.8,336.1,997.6,440.6,0.526
181,player,202.0,421.7,270.4,538.5,0.512
181,player,729.5,350.1,803.4,489.7,0.442
181,player,180.2,420.5,271.8,548.5,0.427
181,player,0.1,480.1,128.0,631.0,0.315
181,player,729.5,353.2,778.7,488.5,0.253
181,ball,523.7,258.2,548.1,282.1,0.51
182,player,1060.4,420.9,1108.7,587.9,0.819
182,player,1144.8,392.8,1195.0,528.3,0.758
182,player,295.5,355.9,334.9,488.1,0.742
182,player,212.6,335.7,247.4,431.0,0.683
182,player,45.7,476.7,131.5,608.8,0.625
182,player,684.4,532.0,736.2,718.7,0.618
182,player,940.4,366.9,989.1,483.2,0.593
182,player,181.4,419.6,280.1,549.8,0.549
182,player,529.8,332.9,599.4,506.4,0.453
182,player,726.6,348.1,803.0,518.8,0.331
182,player,963.5,340.5,993.1,438.7,0.31
182,player,566.1,332.2,608.4,483.9,0.278
182,player,213.4,419.1,280.5,522.8,0.255
182,ball,527.3,280.8,547.8,299.9,0.315
182,ball,545.5,312.0,564.5,329.5,0.254
183,player,1058.8,418.2,1109.8,589.2,0.834
183,player,185.6,417.0,293.7,553.5,0.777
183,player,1150.8,393.0,1195.1,529.1,0.754
183,player,294.9,355.4,332.8,487.1,0.719
183,player,210.4,335.5,244.8,427.5,0.694
183,player,686.5,531.8,740.7,719.5,0.65
183,player,942.7,370.2,989.7,482.0,0.648
183,player,528.4,344.7,584.3,500.8,0.559
183,player,51.8,472.3,141.7,610.7,0.433
183,player,526.5,329.7,601.7,500.8,0.326
183,player,0.8,470.3,143.2,633.2,0.309
183,player,561.5,335.4,605.7,488.5,0.262
184,player,1059.1,417.7,1111.2,588.6,0.826
184,player,686.5,532.0,743.8,720.0,0.797
184,player,209.1,335.1,240.7,428.0,0.732
184,player,293.0,353.9,332.3,488.3,0.727
184,player,195.8,420.5,299.4,551.4,0.726
184,player,943.8,376.1,987.8,482.1,0.716
184,player,1153.5,394.0,1195.8,531.0,0.688
184,player,563.2,337.3,610.2,480.5,0.533
184,player,530.2,347.3,570.9,499.6,0.533
184,player,13.9,465.8,151.7,622.9,0.526
184,player,58.7,466.0,154.0,621.5,0.388
184,ball,531.9,319.1,558.0,342.5,0.603
185,player,1059.3,418.3,1112.6,589.0,0.815
185,player,686.8,532.2,746.3,720.0,0.788
185,player,207.4,334.8,237.8,428.8,0.785
185,player,1154.3,395.1,1197.1,530.1,0.717
185,player,944.8,374.9,989.0,480.5,0.676
185,player,289.5,352.4,333.5,480.0,0.673
185,player,560.0,329.6,614.3,480.7,0.66
185,player,529.2,340.5,570.6,500.4,0.572
185,player,83.9,466.9,183.3,622.6,0.487
185,player,214.3,436.7,308.9,555.6,0.487
185,player,250.1,437.8,307.5,554.9,0.283
185,player,45.2,469.8,173.3,621.8,0.252
185,ball,533.6,318.2,557.6,341.1,0.567
185,ball,331.2,399.7,349.5,416.9,0.427
186,player,1059.3,418.3,1112.6,589.1,0.816
186,player,207.4,334.9,237.7,428.7,0.788
186,player,686.9,532.3,746.3,720.0,0.787
186,player,1154.3,395.1,1197.0,530.0,0.716
186,player,944.9,375.1,989.0,480.5,0.674
186,player,560.1,329.7,614.3,480.7,0.66
186,player,289.6,352.5,332.6,478.0,0.648
186,player,529.2,340.6,570.6,500.4,0.574
186,player,85.1,467.1,183.1,622.8,0.484
186,player,214.3,436.4,306.2,555.4,0.458
186,player,236.1,440.6,301.8,555.7,0.315
186,player,59.1,470.0,172.8,621.7,0.254
186,ball,533.6,318.3,557.6,341.1,0.568
186,ball,331.1,399.7,349.5,416.9,0.418
187,player,686.1,532.5,748.5,720.0,0.782
187,player,206.4,334.4,235.1,429.4,0.78
187,player,1060.4,420.2,1112.8,591.5,0.739
187,player,1154.4,398.2,1200.1,530.9,0.712
187,player,291.3,351.3,346.4,485.0,0.679
187,player,942.2,368.2,991.5,479.9,0.663
187,player,524.6,313.6,567.5,502.9,0.626
187,player,566.5,326.8,618.9,479.7,0.561
187,player,89.7,465.2,196.5,622.3,0.495
187,player,236.2,440.6,311.6,557.7,0.353
187,player,525.1,314.5,566.4,451.8,0.332
187,ball,330.2,399.6,348.5,417.1,0.301
188,player,688.7,533.0,752.6,720.0,0.808
188,player,1060.5,423.8,1113.5,595.1,0.752
188,player,1153.4,398.3,1203.1,536.5,0.749
188,player,203.6,333.8,233.0,429.1,0.719
188,player,938.3,368.8,994.5,481.3,0.699
188,player,87.1,471.0,202.1,627.1,0.681
188,player,523.3,321.1,569.2,504.3,0.675
188,player,275.5,352.0,345.4,501.8,0.565
188,player,570.5,323.2,616.2,459.2,0.51
188,player,528.5,343.6,563.6,503.9,0.368
188,player,257.1,440.9,326.0,558.9,0.349
188,player,525.0,327.2,564.0,453.1,0.292
188,ball,526.2,289.1,547.4,308.7,0.621
189,player,688.5,533.1,762.4,720.0,0.813
189,player,1156.2,398.5,1206.4,540.6,0.772
189,player,1060.4,427.8,1113.6,596.4,0.742
189,player,938.1,367.4,997.5,480.8,0.671
189,player,521.8,327.1,564.1,508.0,0.647
189,player,201.0,333.1,231.4,427.7,0.635
189,player,121.6,471.9,206.9,585.4,0.598
189,player,572.4,324.1,618.8,458.0,0.509
189,player,101.7,471.0,206.3,625.4,0.499
189,player,286.8,349.4,344.6,507.8,0.497
189,player,523.6,331.8,563.2,464.7,0.359
189,player,260.0,353.1,343.3,555.0,0.303
189,ball,523.2,272.5,544.2,293.3,0.714
190,player,689.1,535.0,767.5,720.0,0.84
190,player,1155.9,400.0,1208.6,540.4,0.753
190,player,1060.0,432.1,1112.8,602.1,0.708
190,player,199.0,329.5,230.7,429.5,0.701
190,player,938.1,379.0,997.3,483.1,0.625
190,player,102.5,471.4,209.5,626.9,0.613
190,player,518.3,325.5,565.6,511.7,0.611
190,player,258.5,354.1,358.6,558.8,0.576
190,player,280.3,352.8,350.4,538.4,0.52
190,player,572.1,328.5,622.4,446.7,0.481
190,player,520.1,321.5,564.1,454.1,0.405
190,player,519.9,344.9,560.9,466.5,0.322
190,ball,518.9,260.7,541.9,283.6,0.57
191,player,688.8,533.7,772.2,720.0,0.848
191,player,1155.8,406.1,1211.2,541.9,0.742
191,player,195.3,330.4,229.4,430.8,0.716
191,player,1058.6,437.2,1115.8,606.0,0.715
191,player,515.9,329.8,562.4,526.4,0.551
191,player,283.7,354.9,351.8,505.2,0.514
191,player,109.1,469.6,222.6,627.0,0.491
191,player,940.0,385.1,996.3,480.6,0.478
191,player,284.8,352.7,328.8,497.8,0.446
191,player,572.4,320.5,622.8,439.5,0.423
192,player,688.8,533.7,772.2,720.0,0.848
192,player,1155.9,406.1,1211.2,541.9,0.74
192,player,1058.7,437.2,1115.8,606.0,0.714
192,player,195.1,330.4,229.3,430.3,0.712
192,player,515.6,330.4,564.2,525.9,0.55
192,player,283.7,354.9,351.5,505.0,0.511
192,player,109.1,469.6,222.9,626.9,0.497
192,player,940.0,385.3,996.3,480.6,0.478
192,player,284.8,352.7,328.7,497.8,0.449
192,player,572.5,320.7,622.8,439.4,0.424
193,player,686.5,534.3,772.8,720.0,0.849
193,player,111.4,466.1,268.8,626.0,0.824
193,player,1157.2,407.4,1212.3,545.5,0.807
193,player,188.9,328.6,227.4,432.9,0.77
193,player,1058.4,440.9,1117.8,608.8,0.713
193,player,284.5,358.0,333.7,495.7,0.637
193,player,511.5,366.1,558.2,528.0,0.528
193,player,322.3,421.5,377.6,528.1,0.51
193,player,575.6,307.2,624.1,438.1,0.458
193,player,944.6,392.5,1005.0,476.2,0.303
194,player,685.9,534.5,771.4,720.0,0.853
194,player,184.7,329.5,226.2,432.2,0.821
194,player,283.4,362.2,337.4,499.8,0.811
194,player,1155.3,410.0,1209.5,543.4,0.765
194,player,1059.1,445.2,1119.0,608.0,0.7
194,player,504.7,377.3,552.5,532.8,0.695
194,player,125.3,465.5,287.9,623.9,0.589
194,player,334.5,424.4,382.8,532.6,0.578
194,player,578.8,321.3,622.1,438.6,0.501
194,player,332.2,424.0,399.2,546.7,0.463
194,player,947.6,393.4,1006.2,481.7,0.38
194,player,945.5,337.1,978.4,403.7,0.322
195,player,280.1,366.0,326.4,500.7,0.832
195,player,685.5,534.4,770.1,720.0,0.831
195,player,179.3,331.9,222.8,431.9,0.807
195,player,1154.0,414.0,1208.2,545.0,0.746
195,player,491.6,389.0,551.4,534.7,0.702
195,player,1058.5,447.1,1117.6,607.4,0.659
195,player,342.0,426.6,390.9,528.6,0.574
195,player,946.3,392.4,1009.1,481.6,0.469
195,player,581.1,308.9,622.6,438.1,0.364
195,player,142.7,467.8,295.1,620.5,0.324
195,player,199.9,468.4,252.3,575.7,0.313
195,player,943.6,338.1,975.5,435.9,0.272
195,ball,499.0,220.9,522.0,241.9,0.411
196,player,684.9,536.6,771.2,720.0,0.839
196,player,276.4,363.7,323.1,492.4,0.814
196,player,1148.5,416.1,1204.9,545.5,0.79
196,player,480.0,393.7,551.0,536.5,0.775
196,player,176.4,332.2,220.6,431.8,0.774
196,player,1053.5,448.0,1120.7,607.8,0.722
196,player,349.0,429.7,409.6,559.2,0.588
196,player,944.5,386.0,1013.3,482.9,0.507
196,player,208.7,472.3,296.5,625.8,0.446
196,player,351.8,429.2,401.3,533.2,0.422
196,player,212.1,472.1,264.7,580.5,0.347
196,player,582.9,334.2,623.2,438.1,0.306
196,player,940.9,336.6,974.9,429.7,0.275
196,ball,494.7,215.1,517.0,236.4,0.589
197,player,270.6,363.9,318.1,488.7,0.853
197,player,174.5,331.4,218.6,431.5,0.845
197,player,683.6,531.3,773.3,719.7,0.836
197,player,1145.1,417.7,1203.6,546.3,0.816
197,player,1057.9,448.7,1125.0,609.0,0.757
197,player,358.2,429.5,412.9,559.8,0.746
197,player,213.3,478.3,301.3,626.4,0.652
197,player,944.3,383.3,1017.8,482.5,0.615
197,player,474.5,396.7,547.3,537.5,0.608
197,player,583.3,335.5,625.7,435.3,0.411
197,player,936.7,336.0,972.0,438.6,0.401
197,ball,489.6,209.0,510.5,229.1,0.524
198,player,270.6,364.0,318.1,488.7,0.853
198,player,174.4,331.3,218.6,431.5,0.845
198,player,683.6,531.2,773.4,719.7,0.836
198,player,1145.1,417.6,1203.6,546.3,0.816
198,player,1057.9,448.7,1125.0,609.0,0.757
198,player,358.2,429.5,412.9,559.8,0.745
198,player,213.4,478.3,301.3,626.4,0.652
198,player,944.3,383.3,1017.8,482.5,0.614
198,player,474.4,396.6,547.4,537.5,0.612
198,player,583.3,335.5,625.7,435.3,0.412
198,player,936.7,335.9,972.0,438.5,0.399
198,ball,489.6,209.0,510.5,229.1,0.53
199,player,171.8,329.7,217.2,432.2,0.865
199,player,1140.9,420.6,1201.7,546.0,0.817
199,player,686.3,533.3,776.1,719.9,0.81
199,player,265.9,364.3,313.8,489.4,0.81
199,player,944.9,382.1,1018.7,485.8,0.728
199,player,370.5,426.7,421.2,559.0,0.716
199,player,1062.0,448.9,1127.0,607.8,0.707
199,player,467.2,396.3,542.8,538.5,0.657
199,player,937.1,341.3,967.6,437.6,0.432
199,player,265.6,599.0,298.8,627.4,0.354
199,player,583.1,335.3,628.5,438.4,0.257
199,ball,480.5,204.3,502.5,225.3,0.487
200,player,169.2,331.5,216.6,432.0,0.836
200,player,1136.9,422.2,1200.0,545.0,0.799
200,player,688.7,535.2,778.1,720.0,0.795
200,player,945.5,384.0,1018.5,489.2,0.764
200,player,375.1,425.7,440.5,558.5,0.742
200,player,261.2,361.3,312.3,498.6,0.734
200,player,1063.4,449.1,1130.4,606.4,0.686
200,player,934.2,341.5,965.8,434.6,0.539
200,player,471.3,397.1,542.7,534.1,0.435
200,player,484.5,398.6,530.6,500.7,0.255
200,ball,476.6,205.1,496.7,224.9,0.42
201,player,689.5,539.8,779.4,720.0,0.827
201,player,166.3,328.8,211.4,431.7,0.802
201,player,256.4,359.1,307.1,491.4,0.776
201,player,458.1,398.9,547.0,535.3,0.763
201,player,386.0,425.0,446.3,558.8,0.739
201,player,945.4,385.8,1018.8,490.8,0.737
201,player,1133.6,424.6,1198.2,544.4,0.733
201,player,932.0,337.0,964.9,437.0,0.568
201,player,1066.1,449.1,1146.6,602.0,0.559
201,player,251.2,477.5,312.2,575.4,0.311
201,player,262.9,546.9,355.9,623.9,0.309
201,player,264.2,599.7,297.8,627.0,0.255
201,ball,472.2,204.5,490.8,222.6,0.626
202,player,691.8,533.6,781.4,720.0,0.824
202,player,162.5,331.7,210.1,431.9,0.808
202,player,255.0,372.9,304.8,499.4,0.777
202,player,1134.3,428.0,1196.2,543.2,0.749
202,player,393.2,422.1,443.8,556.9,0.718
202,player,944.8,385.3,1017.9,490.7,0.713
202,player,1068.6,447.8,1144.6,604.6,0.651
202,player,930.7,335.5,961.4,436.0,0.588
202,player,264.7,475.9,317.4,571.6,0.555
202,player,473.0,401.4,516.9,490.8,0.45
202,player,597.4,310.9,638.6,438.0,0.322
202,player,468.7,402.2,519.9,510.7,0.306
202,ball,464.7,203.0,486.5,223.0,0.754
203,player,158.3,335.3,206.5,432.0,0.851
203,player,691.9,532.0,782.0,720.0,0.832
203,player,250.4,374.6,303.6,508.5,0.804
203,player,951.6,384.7,1017.1,491.6,0.786
203,player,396.7,421.6,447.9,559.9,0.745
203,player,455.8,399.0,537.2,535.8,0.69
203,player,926.9,337.2,958.2,436.3,0.642
203,player,1130.5,426.7,1195.6,543.3,0.612
203,player,1069.9,445.2,1148.6,602.4,0.569
203,player,269.7,470.5,366.3,622.1,0.512
203,player,277.0,472.1,331.3,581.6,0.369
203,player,595.7,315.2,640.3,444.6,0.349
203,ball,459.6,200.6,480.3,221.2,0.732
204,player,158.3,335.3,206.5,432.0,0.851
204,player,691.8,532.0,782.0,720.0,0.833
204,player,250.3,374.6,303.6,508.7,0.804
204,player,951.5,384.7,1017.1,491.5,0.786
204,player,396.7,421.6,447.8,559.8,0.745
204,player,455.7,398.9,537.3,535.8,0.692
204,player,926.9,337.2,958.2,436.3,0.644
204,player,1130.4,426.7,1195.6,543.3,0.621
204,player,1069.9,445.2,1148.6,602.3,0.576
204,player,269.7,470.6,366.3,622.1,0.509
204,player,277.0,472.2,331.2,581.7,0.366
204,player,595.7,315.1,640.4,444.7,0.34
204,ball,459.6,200.6,480.3,221.2,0.732
205,player,155.1,336.1,203.3,432.5,0.862
205,player,955.3,385.1,1016.4,493.0,0.837
205,player,690.8,531.5,781.5,720.0,0.794
205,player,248.4,379.2,300.4,505.7,0.751
205,player,1117.0,423.3,1193.2,542.7,0.722
205,player,1075.4,445.3,1152.0,603.0,0.719
205,player,402.0,419.9,449.7,553.9,0.685
205,player,923.8,337.0,956.7,437.2,0.643
205,player,461.2,399.5,522.1,532.0,0.616
205,player,276.1,470.8,365.5,619.3,0.567
205,player,595.9,317.9,640.5,447.6,0.493
205,player,574.6,342.2,611.6,442.9,0.349
205,ball,454.0,202.4,474.5,222.1,0.55
206,player,957.5,385.5,1015.9,490.8,0.828
206,player,150.4,336.1,202.2,432.3,0.805
206,player,687.1,531.6,780.2,720.0,0.804
206,player,245.5,380.9,296.1,504.6,0.801
206,player,453.9,400.1,505.7,530.1,0.599
206,player,276.3,465.0,365.3,619.6,0.58
206,player,406.7,420.1,453.5,515.6,0.566
206,player,921.3,341.4,953.0,438.9,0.552
206,player,1086.6,449.9,1152.8,608.4,0.523
206,player,1107.7,423.1,1191.2,543.6,0.506
206,player,573.7,338.4,610.6,443.6,0.483
206,player,599.3,320.3,640.0,445.7,0.481
206,player,669.1,537.5,704.8,720.0,0.292
206,player,409.2,418.7,457.8,554.5,0.275
206,player,426.0,396.4,503.6,557.3,0.264
206,player,422.1,446.8,499.6,560.0,0.256
206,ball,446.1,203.5,467.2,223.4,0.512
207,player,240.5,382.0,292.0,506.9,0.821
207,player,146.1,330.6,195.8,431.9,0.812
207,player,957.2,388.7,1016.8,489.7,0.786
207,player,683.6,534.6,776.8,720.0,0.786
207,player,271.9,442.8,362.1,624.8,0.7
207,player,409.6,418.6,474.2,559.8,0.633
207,player,569.5,336.7,610.8,447.1,0.571
207,player,916.2,339.0,948.9,439.3,0.533
207,player,449.3,401.0,496.1,501.5,0.499
207,player,602.6,334.2,641.3,445.4,0.492
207,player,1095.5,419.2,1177.6,545.1,0.454
207,player,665.9,534.3,707.3,720.0,0.309
207,player,409.2,420.8,458.6,520.3,0.294
207,player,663.7,545.2,698.4,675.4,0.288
207,ball,436.8,207.3,462.4,230.5,0.345
208,player,139.8,334.3,187.4,431.4,0.859
208,player,955.1,390.1,1018.4,488.1,0.824
208,player,236.3,382.7,284.8,511.2,0.813
208,player,275.1,445.0,360.4,614.1,0.795
208,player,680.2,535.6,772.7,720.0,0.739
208,player,912.2,339.9,943.1,435.7,0.668
208,player,600.3,338.4,644.2,452.5,0.468
208,player,565.3,344.5,601.2,447.8,0.464
208,player,442.1,398.7,489.1,513.0,0.397
208,player,709.1,390.7,759.9,474.3,0.367
208,player,410.2,421.0,453.1,517.3,0.338
208,player,662.1,529.9,713.7,720.0,0.325
208,player,334.8,409.3,362.6,446.0,0.318
208,player,409.9,417.6,471.0,562.8,0.271
208,player,1093.1,415.3,1160.1,539.8,0.268
208,player,680.1,417.4,727.3,528.0,0.264
209,player,952.8,391.3,1027.8,490.5,0.883
209,player,681.6,536.0,768.7,720.0,0.791
209,player,134.8,332.4,183.1,431.9,0.79
209,player,230.0,382.4,279.2,517.4,0.775
209,player,274.2,422.0,359.5,606.9,0.586
209,player,412.0,421.4,474.2,565.3,0.581
209,player,906.4,334.1,939.9,435.8,0.574
209,player,673.7,415.5,723.3,533.7,0.37
209,player,442.2,400.0,480.7,510.8,0.348
209,player,558.8,342.3,593.9,447.2,0.334
209,player,711.2,387.9,761.1,470.2,0.316
209,player,590.9,341.3,643.6,459.5,0.308
209,player,1080.8,411.8,1156.7,536.4,0.303
209,player,1097.6,480.7,1172.1,625.4,0.297
209,ball,416.3,225.3,440.5,247.9,0.699
210,player,952.8,391.2,1027.9,490.6,0.885
210,player,681.6,536.0,768.7,720.0,0.793
210,player,134.8,332.4,183.1,431.9,0.789
210,player,230.0,382.3,279.2,517.5,0.774
210,player,274.5,421.9,359.5,606.9,0.581
210,player,412.1,421.4,474.2,565.3,0.577
210,player,906.4,334.2,939.7,435.8,0.567
210,player,673.6,415.5,723.3,533.9,0.382
210,player,442.2,399.9,480.7,510.9,0.346
210,player,558.8,342.2,593.9,447.1,0.333
210,player,711.3,388.2,761.1,470.2,0.32
210,player,1097.5,481.0,1172.1,625.5,0.32
210,player,591.0,341.3,643.6,459.7,0.307
210,player,1080.7,411.8,1157.0,536.5,0.306
210,ball,416.3,225.5,440.2,247.9,0.689
211,player,224.6,381.9,269.9,521.0,0.799
211,player,678.0,537.4,763.0,720.0,0.765
211,player,951.0,392.6,1033.1,490.6,0.755
211,player,129.4,332.3,175.3,431.1,0.745
211,player,301.4,411.3,364.9,597.6,0.585
211,player,414.6,418.4,473.6,559.2,0.513
211,player,1084.8,461.4,1183.8,629.6,0.51
211,player,902.1,342.1,932.6,434.0,0.484
211,player,715.1,373.9,759.6,471.3,0.479
211,player,589.5,362.3,643.0,471.7,0.427
211,player,440.1,399.9,473.1,460.7,0.367
211,player,660.0,403.6,715.9,536.2,0.363
211,player,438.5,401.4,473.7,500.8,0.344
211,player,647.1,538.4,695.9,720.0,0.342
211,player,550.2,341.4,585.0,450.2,0.335
211,player,414.4,421.0,458.3,532.5,0.289
211,ball,411.0,234.5,432.4,254.7,0.555
212,player,122.8,333.1,168.6,432.3,0.833
212,player,219.2,379.9,263.8,528.8,0.807
212,player,674.4,537.2,757.2,720.0,0.752
212,player,947.6,392.7,1035.3,486.9,0.654
212,player,414.5,408.3,472.7,558.3,0.595
212,player,897.5,337.4,926.1,433.0,0.562
212,player,294.8,407.4,364.9,578.5,0.525
212,player,1092.0,461.9,1186.8,632.5,0.522
212,player,589.3,370.4,642.0,477.3,0.508
212,player,1054.3,406.5,1111.6,515.0,0.462
212,player,544.7,347.4,578.7,452.0,0.458
212,player,716.7,371.8,758.6,467.8,0.442
212,player,647.2,524.9,709.5,670.3,0.385
212,ball,400.9,242.6,424.0,263.7,0.482
213,player,215.5,381.1,258.1,534.7,0.894
213,player,668.8,537.0,750.3,720.0,0.753
213,player,116.4,330.0,165.1,435.0,0.741
213,player,1054.4,404.2,1100.7,486.1,0.65
213,player,944.1,395.4,1031.4,486.5,0.621
213,player,890.5,335.8,921.2,433.7,0.559
213,player,537.9,346.2,573.7,445.6,0.542
213,player,593.8,375.5,638.8,478.8,0.541
213,player,718.4,366.8,759.5,468.4,0.523
213,player,415.0,419.5,468.8,537.2,0.449
213,player,411.1,420.7,487.0,556.3,0.381
213,player,291.9,404.7,375.9,521.8,0.363
213,player,437.1,399.6,460.9,447.0,0.314
213,player,640.4,529.7,699.0,720.0,0.256
213,ball,674.3,450.0,694.3,469.5,0.734
213,ball,392.6,255.5,414.7,276.2,0.57
214,player,666.7,542.6,744.9,720.0,0.789
214,player,110.3,330.5,157.6,432.0,0.732
214,player,208.6,385.5,250.5,536.9,0.732
214,player,289.5,397.2,366.1,556.5,0.691
214,player,939.4,397.4,1028.5,490.2,0.661
214,player,1044.5,398.7,1099.0,511.0,0.628
214,player,588.1,376.8,631.4,483.4,0.587
214,player,720.5,361.2,765.1,473.8,0.571
214,player,885.5,333.0,916.5,433.6,0.551
214,player,409.3,427.3,496.4,560.4,0.466
214,player,662.8,357.9,702.8,520.2,0.379
214,player,638.2,504.6,705.4,669.5,0.373
214,player,422.4,399.0,454.0,446.4,0.357
214,player,533.3,352.1,566.1,459.6,0.322
214,player,288.5,396.1,331.3,437.1,0.254
214,ball,382.5,266.5,406.4,288.5,0.662
215,player,664.2,540.1,739.8,720.0,0.784
215,player,201.6,384.7,247.6,543.4,0.765
215,player,937.1,396.5,1019.6,491.2,0.762
215,player,292.2,391.1,368.1,555.0,0.76
215,player,104.1,333.5,151.3,433.1,0.75
215,player,402.0,399.5,493.9,560.9,0.689
215,player,719.9,367.9,763.7,473.2,0.554
215,player,881.8,336.0,909.3,432.3,0.545
215,player,581.2,379.3,626.0,490.4,0.532
215,player,1094.1,468.6,1165.7,618.1,0.472
215,player,1034.5,397.7,1086.9,516.3,0.426
215,player,524.5,349.6,562.3,447.4,0.402
215,player,1125.3,573.0,1169.8,630.3,0.292
215,player,633.4,543.1,668.8,720.0,0.291
215,player,407.9,398.6,471.2,538.2,0.265
215,ball,286.7,411.6,308.1,431.7,0.489
215,ball,374.7,277.1,397.5,300.1,0.436
216,player,664.2,540.1,739.8,720.0,0.784
216,player,201.6,384.7,247.5,543.3,0.769
216,player,937.1,396.5,1019.5,491.2,0.762
216,player,292.2,391.1,368.2,555.0,0.759
216,player,104.0,333.6,151.3,433.1,0.753
216,player,402.2,399.4,493.8,560.8,0.68
216,player,719.9,368.0,763.7,473.3,0.56
216,player,881.8,335.8,909.3,432.3,0.547
216,player,581.2,379.1,625.9,490.7,0.531
216,player,1094.1,468.6,1165.6,615.8,0.472
216,player,1034.4,397.7,1086.9,516.4,0.438
216,player,524.5,349.6,562.3,447.4,0.407
216,player,633.5,543.1,668.8,720.0,0.315
216,player,1125.5,573.3,1169.8,630.3,0.303
216,player,408.0,398.6,471.1,538.1,0.278
216,ball,286.7,411.6,308.1,431.7,0.488
216,ball,374.7,277.1,397.6,300.1,0.444
217,player,193.9,388.4,242.2,538.9,0.781
217,player,293.0,386.7,370.5,561.8,0.781
217,player,933.8,396.9,1016.3,491.1,0.778
217,player,657.1,542.1,733.6,720.0,0.763
217,player,400.0,398.0,491.8,561.3,0.746
217,player,98.8,335.0,146.6,433.6,0.714
217,player,573.6,379.3,618.4,499.7,0.687
217,player,1025.2,393.9,1082.6,523.0,0.572
217,player,721.5,372.7,767.2,473.8,0.491
217,player,1093.7,466.5,1164.3,618.6,0.48
217,player,874.7,332.1,905.7,432.7,0.466
217,player,517.3,349.7,555.7,452.9,0.34
217,player,404.9,399.5,460.5,536.5,0.254
217,ball,658.2,419.1,681.3,440.0,0.426
217,ball,739.4,385.2,758.9,404.4,0.356
218,player,652.2,543.3,727.9,720.0,0.814
218,player,188.7,386.6,236.5,546.3,0.786
218,player,317.3,382.7,370.7,562.1,0.772
218,player,930.0,395.2,1011.9,488.4,0.736
218,player,1091.7,464.9,1162.4,628.8,0.728
218,player,567.7,378.0,620.4,501.6,0.723
218,player,94.8,333.8,139.4,433.8,0.697
218,player,868.7,325.9,900.3,432.2,0.512
218,player,395.2,445.1,486.4,559.3,0.499
218,player,728.7,371.6,773.1,474.7,0.497
218,player,510.5,352.5,547.9,450.0,0.424
218,player,399.5,399.2,443.6,510.3,0.254
218,player,734.3,380.4,770.2,468.7,0.251
219,player,648.8,543.1,721.7,719.4,0.802
219,player,927.3,393.4,1007.9,485.3,0.775
219,player,324.7,384.1,371.4,563.8,0.741
219,player,84.8,335.1,134.7,434.8,0.728
219,player,1088.5,461.4,1159.0,595.5,0.712
219,player,178.2,387.5,232.1,537.6,0.706
219,player,560.1,378.3,609.1,501.3,0.688
219,player,866.0,333.1,893.7,431.6,0.586
219,player,395.2,400.0,434.7,492.4,0.492
219,player,1008.6,392.8,1064.6,522.1,0.466
219,player,409.4,433.5,480.2,559.1,0.456
219,player,391.4,398.0,433.2,533.6,0.427
219,player,499.7,346.2,543.0,454.6,0.398
219,player,740.8,378.0,771.6,449.0,0.335
219,player,739.3,370.2,779.4,451.8,0.258
219,ball,349.8,331.8,375.1,356.1,0.612
220,player,643.5,544.6,714.7,720.0,0.81
220,player,1086.8,457.5,1158.2,624.7,0.792
220,player,161.3,388.0,226.0,538.0,0.779
220,player,328.5,386.3,378.0,564.1,0.737
220,player,80.2,335.0,130.2,434.2,0.726
220,player,922.0,394.7,1004.8,484.0,0.698
220,player,554.1,380.5,605.8,496.7,0.69
220,player,987.6,393.9,1055.8,530.4,0.619
220,player,859.8,327.4,890.3,430.9,0.596
220,player,400.4,424.0,475.7,560.1,0.596
220,player,387.7,399.5,427.5,535.1,0.565
220,player,490.7,349.0,534.4,462.4,0.517
220,player,741.5,371.2,780.9,479.3,0.433
220,player,641.3,394.4,678.5,497.8,0.259
221,player,636.2,546.5,709.6,720.0,0.823
221,player,151.6,389.4,214.2,542.8,0.793
221,player,74.0,332.0,122.0,434.2,0.77
221,player,972.7,394.9,1046.8,530.3,0.738
221,player,1084.9,455.5,1156.8,620.9,0.728
221,player,547.2,380.9,594.5,500.2,0.682
221,player,740.0,379.7,785.2,481.1,0.655
221,player,918.4,394.1,987.2,486.5,0.635
221,player,853.4,323.8,884.6,431.9,0.602
221,player,328.3,387.7,374.7,547.0,0.557
221,player,486.2,348.4,528.8,459.2,0.44
221,player,393.0,428.3,470.4,576.1,0.419
221,player,405.7,422.3,469.5,556.9,0.414
221,player,350.9,396.0,427.5,565.9,0.409
221,player,385.6,398.2,420.7,526.6,0.255
221,player,633.4,394.1,678.3,500.1,0.252
222,player,636.3,546.5,709.6,720.0,0.823
222,player,151.6,389.4,214.2,542.8,0.793
222,player,74.0,332.0,122.0,434.2,0.771
222,player,972.5,394.9,1046.8,530.3,0.737
222,player,1084.9,455.4,1156.8,620.9,0.726
222,player,547.2,380.9,594.5,500.1,0.683
222,player,740.1,379.9,785.3,480.9,0.653
222,player,918.4,394.1,987.1,486.4,0.636
222,player,853.4,323.8,884.6,431.8,0.601
222,player,328.3,387.7,374.7,547.1,0.56
222,player,486.2,348.4,528.8,459.2,0.437
222,player,393.0,428.1,470.4,576.1,0.415
222,player,405.6,422.3,469.5,556.8,0.413
222,player,351.0,396.3,427.5,565.8,0.398
222,player,385.7,398.2,420.6,523.8,0.255
222,player,633.4,394.1,678.3,499.9,0.254
223,player,138.4,389.7,211.3,548.5,0.821
223,player,1081.8,454.2,1154.9,619.0,0.797
223,player,624.3,546.8,703.1,720.0,0.783
223,player,67.1,332.8,116.1,434.6,0.739
223,player,967.3,398.8,1038.7,529.9,0.738
223,player,541.5,380.3,590.7,499.8,0.715
223,player,387.5,427.5,469.9,578.3,0.65
223,player,328.6,391.3,384.5,551.6,0.608
223,player,481.5,344.7,519.5,463.4,0.586
223,player,738.0,377.2,788.4,480.6,0.549
223,player,847.9,326.9,878.3,431.2,0.516
223,player,372.9,401.4,419.9,551.0,0.407
223,player,913.1,393.7,983.6,492.3,0.376
223,player,359.1,418.0,420.6,564.4,0.362
223,player,629.8,394.7,676.9,496.9,0.348
223,player,332.5,390.4,405.0,562.9,0.327
223,player,379.4,401.7,418.7,525.8,0.277
223,ball,593.5,337.4,615.1,357.1,0.759
224,player,132.4,391.4,202.2,556.2,0.793
224,player,1080.0,452.9,1153.4,615.0,0.782
224,player,622.1,547.1,696.5,720.0,0.776
224,player,61.9,336.0,109.3,433.8,0.698
224,player,536.3,378.0,583.0,497.7,0.657
224,player,960.9,401.0,1029.2,523.8,0.607
224,player,474.6,349.4,512.6,466.4,0.573
224,player,737.4,378.9,795.0,474.9,0.549
224,player,842.5,329.7,873.1,431.5,0.522
224,player,328.9,399.6,380.4,544.0,0.52
224,player,359.8,399.2,416.2,560.2,0.499
224,player,621.2,395.2,678.4,523.0,0.345
224,player,910.0,390.4,976.8,477.2,0.325
224,player,359.4,423.9,413.4,542.7,0.284
224,player,404.1,426.0,460.3,554.7,0.283
224,player,923.0,391.3,973.5,457.2,0.261
224,ball,638.4,329.8,661.4,350.2,0.33
225,player,1077.7,449.9,1156.0,612.8,0.826
225,player,123.7,395.1,193.8,560.7,0.805
225,player,614.9,545.4,689.0,720.0,0.777
225,player,528.7,375.7,574.0,499.9,0.751
225,player,51.7,329.0,102.8,434.0,0.739
225,player,737.1,375.7,806.6,476.1,0.619
225,player,901.4,389.8,974.8,492.2,0.617
225,player,464.0,350.3,502.1,462.9,0.596
225,player,329.4,404.3,401.7,572.5,0.543
225,player,835.0,321.9,866.8,429.3,0.507
225,player,398.9,425.6,455.9,558.5,0.463
225,player,957.4,400.9,1023.9,525.5,0.45
225,player,360.8,396.1,408.6,549.6,0.279
225,ball,677.2,324.1,701.5,347.4,0.659
226,player,117.9,399.6,185.8,562.6,0.84
226,player,1076.2,447.4,1153.1,610.9,0.814
226,player,330.0,409.8,402.4,575.6,0.783
226,player,603.4,543.6,681.2,720.0,0.774
226,player,523.9,371.8,566.0,504.4,0.762
226,player,43.5,327.5,95.0,431.6,0.752
226,player,455.1,347.6,493.3,467.1,0.691
226,player,735.6,373.3,813.4,478.9,0.641
226,player,390.8,423.8,452.5,558.1,0.585
226,player,830.9,327.3,859.4,427.5,0.551
226,player,950.4,399.6,1016.3,525.6,0.547
226,player,897.4,389.9,965.2,481.2,0.38
226,player,896.1,386.9,975.7,504.3,0.321
226,player,1074.7,446.4,1139.6,589.0,0.269
226,ball,710.3,317.1,735.5,341.2,0.681
227,player,105.4,399.1,178.8,561.0,0.83
227,player,1071.5,445.2,1147.0,606.5,0.81
227,player,326.9,434.8,404.3,582.5,0.796
227,player,598.4,536.4,674.4,719.6,0.777
227,player,37.3,327.5,86.0,432.6,0.722
227,player,514.9,369.6,558.0,504.0,0.685
227,player,446.5,345.6,482.3,463.8,0.678
227,player,821.1,320.5,853.4,424.8,0.675
227,player,733.5,372.7,812.0,473.8,0.674
227,player,388.3,423.4,444.8,556.0,0.564
227,player,889.9,385.2,955.1,476.5,0.553
227,player,940.2,397.6,1008.9,521.7,0.512
227,player,352.8,391.5,386.5,445.3,0.359
227,player,896.4,384.9,952.7,451.2,0.277
227,player,602.4,383.3,664.2,510.0,0.271
227,ball,742.4,310.6,767.3,333.8,0.616
228,player,105.4,399.1,178.7,560.7,0.829
228,player,1071.6,445.2,1147.0,606.5,0.81
228,player,326.9,434.2,404.4,582.6,0.796
228,player,598.5,536.7,674.4,719.6,0.778
228,player,37.3,327.6,86.0,432.6,0.722
228,player,514.9,369.6,558.0,504.1,0.687
228,player,446.5,345.6,482.4,464.1,0.679
228,player,821.1,320.5,853.4,424.7,0.676
228,player,733.5,372.7,812.0,473.9,0.671
228,player,388.3,423.4,444.9,556.1,0.57
228,player,889.9,385.2,955.1,475.9,0.553
228,player,940.2,397.6,1009.0,521.8,0.508
228,player,352.8,391.5,386.5,445.5,0.36
228,player,896.3,384.9,952.8,451.2,0.282
228,player,602.4,383.1,664.3,509.9,0.264
228,ball,742.3,310.4,767.4,333.8,0.62
229,player,1067.7,442.0,1138.3,604.3,0.824
229,player,99.6,399.5,170.2,559.9,0.817
229,player,591.7,539.2,672.3,719.8,0.777
229,player,729.9,366.1,807.3,471.1,0.762
229,player,324.5,430.3,408.1,590.0,0.751
229,player,27.7,326.8,77.6,429.4,0.722
229,player,507.8,367.1,548.9,501.5,0.718
229,player,935.4,393.9,1001.2,518.3,0.711
229,player,816.0,321.5,846.6,422.2,0.631
229,player,345.1,389.2,378.9,449.6,0.503
229,player,437.6,346.5,476.7,435.7,0.492
229,player,369.8,424.5,442.8,576.7,0.452
229,player,885.6,382.4,953.0,491.6,0.382
229,player,890.0,382.5,946.8,455.3,0.304
229,ball,773.0,309.2,798.8,333.8,0.334
230,player,1062.5,439.3,1131.1,601.3,0.809
230,player,585.5,531.0,666.0,719.4,0.737
230,player,495.2,367.3,542.7,502.0,0.73
230,player,91.5,399.6,160.2,552.3,0.727
230,player,18.2,328.9,72.9,428.5,0.649
230,player,425.9,341.4,464.3,440.0,0.637
230,player,721.5,362.7,803.7,471.0,0.63
230,player,306.6,454.7,410.3,612.2,0.61
230,player,367.6,419.0,430.8,576.3,0.545
230,player,336.0,384.7,369.3,464.8,0.523
230,player,942.3,390.7,992.2,513.4,0.512
230,player,808.5,317.3,838.7,418.8,0.509
230,player,588.0,382.9,652.5,530.7,0.445
230,player,361.2,449.9,422.0,601.4,0.395
230,player,330.0,384.2,371.9,499.3,0.328
230,player,875.4,376.6,959.3,496.8,0.274
231,player,1055.9,436.7,1121.8,597.4,0.798
231,player,80.8,396.0,155.7,551.8,0.788
231,player,7.0,320.4,62.0,425.3,0.763
231,player,922.3,385.3,987.5,510.7,0.749
231,player,712.5,352.2,796.1,467.6,0.743
231,player,569.2,529.6,661.1,720.0,0.729
231,player,488.0,365.2,532.8,502.0,0.711
231,player,298.1,460.8,408.3,615.7,0.657
231,player,801.2,313.0,831.2,415.8,0.652
231,player,414.2,339.2,456.7,437.8,0.648
231,player,329.1,381.4,364.0,475.3,0.506
231,player,868.8,372.2,937.2,467.9,0.426
231,player,358.9,454.3,417.8,615.7,0.415
231,player,579.3,385.6,650.1,523.5,0.372
231,player,865.4,369.8,951.0,490.2,0.31
231,player,364.1,446.5,425.3,593.7,0.271
231,ball,836.3,307.6,861.1,330.2,0.263
232,player,1046.9,429.4,1110.9,591.1,0.819
232,player,73.9,392.7,142.0,550.0,0.777
232,player,928.9,378.2,980.3,509.8,0.741
232,player,566.7,527.7,656.1,720.0,0.732
232,player,406.0,335.9,444.8,437.0,0.677
232,player,792.0,307.1,824.1,412.5,0.657
232,player,477.2,365.3,525.4,478.4,0.654
232,player,0.2,314.9,53.4,425.9,0.643
232,player,321.5,375.7,355.7,475.4,0.549
232,player,704.7,352.8,788.7,466.9,0.531
232,player,858.8,366.3,935.6,485.5,0.507
232,player,293.1,454.8,404.1,614.4,0.45
232,player,727.7,349.8,787.1,461.9,0.434
232,player,351.8,456.1,417.4,603.4,0.404
232,player,565.6,404.6,644.3,529.8,0.351
232,player,551.1,522.5,589.4,718.3,0.318
232,player,352.1,411.9,405.2,489.2,0.258
232,player,337.6,454.8,405.9,612.0,0.253
232,ball,859.1,306.4,885.8,331.5,0.791
233,player,62.2,390.9,134.8,550.9,0.79
233,player,552.0,523.6,646.1,720.0,0.787
233,player,310.9,459.8,407.9,612.1,0.736
233,player,1037.5,422.7,1104.2,587.0,0.726
233,player,464.8,366.5,516.8,499.0,0.702
233,player,313.6,370.4,349.8,474.6,0.69
233,player,786.0,304.0,815.4,408.9,0.672
233,player,920.2,367.4,977.6,507.7,0.655
233,player,390.6,334.2,436.9,431.7,0.653
233,player,0.0,309.4,44.2,423.0,0.636
233,player,717.3,351.7,780.2,463.8,0.634
233,player,856.6,359.3,935.9,486.5,0.602
233,player,559.6,389.5,634.8,531.7,0.438
233,player,345.5,407.9,390.8,481.8,0.402
233,player,1045.4,430.7,1099.7,560.5,0.32
233,ball,884.0,309.3,908.7,332.3,0.54
234,player,62.2,390.9,134.8,550.9,0.79
234,player,552.0,523.6,646.1,720.0,0.787
234,player,310.9,459.8,407.9,612.1,0.737
234,player,1037.6,422.7,1104.2,587.1,0.727
234,player,464.8,366.5,516.8,499.0,0.702
234,player,313.6,370.4,349.8,474.5,0.691
234,player,786.0,304.0,815.4,408.9,0.672
234,player,920.2,367.4,977.6,507.8,0.655
234,player,390.6,334.2,436.9,431.7,0.654
234,player,0.0,309.4,44.2,423.0,0.636
234,player,717.4,351.7,780.2,463.8,0.634
234,player,856.6,359.3,936.0,486.5,0.602
234,player,559.6,389.6,634.8,531.7,0.44
234,player,345.5,407.9,390.8,481.8,0.402
234,player,1045.4,430.7,1099.7,560.7,0.322
234,ball,884.0,309.3,908.7,332.3,0.54
235,player,52.4,388.5,127.7,547.3,0.802
235,player,1033.9,418.0,1096.2,586.9,0.781
235,player,549.0,526.2,641.2,720.0,0.779
235,player,314.0,456.4,402.1,609.5,0.74
235,player,777.3,306.5,810.2,406.5,0.66
235,player,0.1,305.8,33.4,418.2,0.633
235,player,382.2,339.4,427.1,430.3,0.598
235,player,306.0,365.8,340.1,482.4,0.579
235,player,452.3,367.1,513.6,500.5,0.576
235,player,718.5,345.5,772.9,445.2,0.56
235,player,552.2,404.3,628.2,532.9,0.532
235,player,853.8,354.8,937.1,491.7,0.519
235,player,910.8,352.9,977.8,502.1,0.513
235,player,336.6,404.1,381.1,476.0,0.346
235,ball,910.5,316.0,933.1,337.3,0.502
235,ball,940.1,392.8,960.4,411.9,0.327
236,player,1031.7,412.3,1090.6,580.4,0.837
236,player,44.8,384.8,121.1,547.5,0.788
236,player,539.7,522.9,643.0,720.0,0.772
236,player,446.9,368.5,500.6,499.2,0.715
236,player,900.9,345.0,973.5,500.9,0.709
236,player,687.8,340.8,767.3,454.5,0.684
236,player,304.9,459.1,393.2,609.4,0.681
236,player,771.4,301.9,803.2,405.6,0.636
236,player,299.5,360.5,335.5,468.2,0.614
236,player,373.7,337.0,422.1,453.2,0.612
236,player,374.3,337.5,416.4,424.4,0.594
236,player,839.1,351.9,921.1,462.9,0.572
236,player,0.1,314.2,26.0,415.9,0.558
236,player,551.9,401.2,621.1,527.7,0.515
236,player,328.4,403.8,370.0,481.9,0.43
236,player,710.3,340.0,766.2,450.9,0.417
236,player,0.0,310.0,18.5,419.7,0.335
236,ball,933.8,324.2,952.8,344.3,0.616
237,player,38.4,384.7,115.0,547.8,0.837
237,player,1027.0,409.6,1087.4,575.5,0.809
237,player,538.2,523.6,625.0,720.0,0.781
237,player,428.8,365.8,489.9,511.8,0.735
237,player,301.7,455.3,386.0,606.9,0.646
237,player,900.2,332.0,976.2,497.5,0.632
237,player,832.9,348.5,916.8,459.7,0.616
237,player,697.0,340.9,764.2,458.0,0.599
237,player,363.1,338.2,408.7,426.5,0.552
237,player,292.4,362.6,327.8,492.2,0.551
237,player,767.0,303.3,796.5,404.2,0.539
237,player,318.5,400.0,363.1,469.7,0.516
237,player,543.6,400.3,613.2,536.3,0.44
238,player,1024.6,410.0,1085.4,571.8,0.797
238,player,29.6,384.9,106.3,546.2,0.795
238,player,529.1,522.4,629.8,720.0,0.786
238,player,284.3,451.9,382.9,606.7,0.684
238,player,429.6,367.1,479.3,503.3,0.677
238,player,537.0,400.9,615.5,549.8,0.609
238,player,286.2,361.9,322.6,471.2,0.598
238,player,696.6,337.5,758.6,456.1,0.59
238,player,896.9,319.6,972.2,492.6,0.583
238,player,761.4,301.7,790.7,402.3,0.511
238,player,353.2,335.8,403.5,444.8,0.465
238,player,830.6,342.3,913.5,453.5,0.361
238,player,314.0,400.4,352.6,457.8,0.343
239,player,1017.1,411.6,1079.1,570.2,0.836
239,player,530.1,522.3,628.5,720.0,0.789
239,player,23.4,384.1,97.2,544.8,0.761
239,player,281.2,458.7,373.9,607.6,0.745
239,player,25.2,384.1,78.1,539.5,0.642
239,player,421.6,367.8,472.7,491.0,0.611
239,player,279.0,366.5,315.2,467.6,0.535
239,player,711.0,334.3,751.9,428.1,0.533
239,player,348.7,339.5,395.8,453.5,0.514
239,player,756.3,298.6,785.3,400.6,0.489
239,player,348.7,338.6,393.8,423.3,0.473
239,player,832.5,340.8,903.1,448.9,0.435
239,player,890.5,331.4,968.1,489.7,0.406
239,player,303.1,401.4,342.3,463.3,0.385
239,player,531.8,401.4,612.2,565.3,0.332
239,ball,940.0,304.0,961.8,324.9,0.841
240,player,1017.4,411.5,1079.2,570.3,0.813
240,player,529.3,522.2,628.3,720.0,0.782
240,player,23.7,383.9,98.0,547.2,0.776
240,player,281.0,455.8,373.3,607.4,0.758
240,player,346.9,338.6,399.2,458.8,0.606
240,player,890.1,328.5,969.5,492.1,0.604
240,player,755.8,298.4,785.4,401.0,0.535
240,player,415.8,367.6,473.3,514.8,0.533
240,player,279.2,366.9,315.9,465.8,0.532
240,player,709.7,333.9,752.2,435.6,0.53
240,player,834.2,341.3,904.8,444.2,0.524
240,player,347.8,339.5,395.3,432.1,0.396
240,player,305.4,399.1,340.3,463.7,0.315
240,player,698.1,332.4,753.5,449.6,0.308
240,player,532.5,401.1,592.4,532.0,0.285
240,player,279.4,371.3,337.8,464.5,0.283
240,ball,939.6,303.8,961.3,324.9,0.821
241,player,1006.3,412.2,1083.7,566.7,0.844
241,player,524.0,522.6,623.3,720.0,0.81
241,player,16.6,382.6,93.9,536.0,0.774
241,player,405.2,371.0,468.5,513.6,0.738
241,player,270.8,454.9,365.0,606.1,0.653
241,player,341.8,339.1,390.5,427.2,0.626
241,player,887.1,344.0,964.9,491.6,0.52
241,player,272.8,367.9,330.1,466.1,0.51
241,player,749.2,299.5,779.8,402.5,0.481
241,player,831.7,340.6,905.1,452.4,0.463
241,player,696.2,334.4,746.3,448.7,0.442
241,player,341.1,336.8,393.4,454.9,0.427
241,player,533.4,397.0,611.1,583.6,0.406
241,player,701.7,334.0,747.4,424.1,0.361
241,player,831.4,343.6,966.4,489.9,0.301
241,player,554.2,412.3,607.0,565.5,0.28
241,ball,926.4,290.9,953.5,315.6,0.678
242,player,1000.6,414.9,1087.5,571.2,0.846
242,player,4.6,383.9,87.3,551.3,0.792
242,player,521.2,521.3,617.8,720.0,0.784
242,player,267.0,369.2,315.0,457.9,0.571
242,player,336.5,337.7,379.9,425.3,0.536
242,player,256.1,447.8,353.3,607.1,0.519
242,player,698.6,335.0,742.7,426.6,0.498
242,player,744.2,298.1,773.7,401.5,0.479
242,player,880.6,335.0,961.6,492.8,0.44
242,player,830.7,338.0,904.4,454.2,0.433
242,player,334.5,335.7,384.9,462.3,0.405
242,player,7.7,383.8,69.0,541.6,0.38
242,player,406.6,371.8,458.2,479.1,0.377
242,player,537.3,405.9,608.1,583.4,0.357
242,player,399.3,416.3,461.3,516.0,0.329
242,player,548.4,417.8,603.9,554.1,0.3
242,player,832.1,336.4,965.9,488.4,0.263
242,player,403.9,371.0,459.8,513.8,0.25
242,ball,916.0,278.9,940.9,302.2,0.579
243,player,989.5,415.1,1089.5,570.3,0.87
243,player,517.1,520.2,613.9,720.0,0.787
243,player,0.0,384.3,71.0,547.4,0.782
243,player,328.1,335.9,375.4,455.2,0.75
243,player,698.2,327.6,737.7,422.8,0.63
243,player,391.9,372.6,453.0,514.1,0.513
243,player,256.0,369.1,306.3,457.4,0.505
243,player,873.6,328.4,975.6,437.4,0.403
243,player,834.3,333.2,970.8,492.8,0.385
243,player,736.8,296.3,767.9,398.1,0.383
243,player,256.7,369.1,307.3,502.8,0.358
243,player,869.4,328.7,966.7,494.5,0.262
243,ball,907.9,271.6,930.7,293.2,0.659
244,player,981.6,419.8,1089.2,567.4,0.856
244,player,506.7,521.1,606.6,720.0,0.77
244,player,0.0,383.9,63.9,538.7,0.765
244,player,322.1,336.5,366.5,460.7,0.732
244,player,691.1,328.4,734.0,442.0,0.708
244,player,875.1,359.8,947.9,494.9,0.582
244,player,246.9,368.2,290.8,455.9,0.574
244,player,820.7,342.8,898.3,476.3,0.491
244,player,727.8,294.6,759.1,402.2,0.48
244,player,390.8,372.4,440.0,485.7,0.433
244,player,385.8,371.7,443.6,511.6,0.343
244,player,485.7,517.7,536.3,717.7,0.309
244,ball,891.4,263.3,913.1,284.8,0.801
245,player,971.5,424.3,1080.3,563.4,0.823
245,player,500.4,521.0,599.9,720.0,0.773
245,player,311.6,337.5,359.2,464.4,0.718
245,player,0.0,385.5,43.9,531.7,0.701
245,player,683.8,327.6,726.9,438.6,0.695
245,player,867.4,365.2,936.7,498.0,0.625
245,player,374.7,371.7,435.9,513.5,0.609
245,player,245.0,366.8,281.1,462.3,0.515
245,player,720.8,297.6,751.2,400.2,0.365
245,player,242.3,365.9,281.0,437.0,0.301
245,player,314.1,337.6,356.7,421.1,0.276
245,player,829.9,343.8,888.1,413.5,0.274
245,player,216.2,418.9,281.4,542.7,0.273
245,player,815.4,343.2,886.3,464.6,0.272
245,player,482.9,519.4,527.0,719.6,0.265
245,ball,881.9,257.1,903.3,277.1,0.856
246,player,971.6,424.4,1080.2,563.4,0.823
246,player,500.5,521.0,599.9,720.0,0.77
246,player,311.6,337.6,359.2,464.4,0.717
246,player,683.8,327.7,727.0,439.9,0.697
246,player,0.0,385.5,43.6,531.3,0.693
246,player,867.5,365.4,936.7,498.1,0.626
246,player,374.8,371.8,435.9,513.5,0.603
246,player,245.1,366.8,281.1,462.0,0.517
246,player,720.8,298.1,751.2,400.2,0.359
246,player,242.6,365.9,281.1,436.8,0.307
246,player,829.5,343.8,888.0,413.7,0.3
246,player,216.1,418.7,281.5,543.3,0.287
246,player,314.1,337.6,356.6,421.2,0.273
246,player,815.7,342.8,886.2,464.5,0.256
246,ball,881.9,257.2,903.3,277.1,0.856
247,player,496.2,523.8,592.5,720.0,0.827
247,player,963.4,426.3,1072.4,564.3,0.817
247,player,859.8,366.2,929.0,502.5,0.716
247,player,678.3,330.2,725.6,446.1,0.705
247,player,306.0,337.1,348.5,464.9,0.684
247,player,823.6,347.9,877.3,416.6,0.587
247,player,0.1,380.2,24.0,528.9,0.485
247,player,365.8,371.1,426.7,514.7,0.47
247,player,200.4,417.5,271.6,551.3,0.425
247,player,307.3,337.6,346.7,421.3,0.398
247,player,491.7,417.3,596.7,542.1,0.392
247,player,0.0,429.4,28.8,532.0,0.375
247,player,712.6,299.4,737.5,399.0,0.371
247,player,224.9,362.0,279.5,505.9,0.336
247,player,373.5,371.3,423.0,484.5,0.332
247,player,473.9,510.3,521.1,646.2,0.33
247,player,226.5,363.3,274.8,453.3,0.324
247,player,807.6,367.6,930.3,502.2,0.266
247,ball,0.0,387.9,19.7,409.5,0.334
248,player,954.3,427.8,1062.5,560.1,0.875
248,player,489.5,523.4,584.1,720.0,0.796
248,player,855.7,369.7,918.9,500.6,0.735
248,player,673.8,330.2,721.3,446.3,0.626
248,player,357.8,372.2,419.3,515.0,0.549
248,player,187.0,418.4,266.6,569.2,0.519
248,player,300.2,339.2,340.0,421.1,0.517
248,player,802.6,354.6,867.8,460.7,0.486
248,player,224.0,365.0,276.8,503.6,0.464
248,player,299.5,339.4,341.3,463.5,0.398
248,player,0.1,451.2,17.4,532.4,0.33
248,player,705.7,302.0,734.1,397.8,0.327
248,player,515.6,416.9,569.4,545.7,0.317
248,player,809.1,352.8,868.7,420.9,0.264
248,ball,855.0,243.5,878.8,267.3,0.651
249,player,949.3,427.4,1055.1,559.2,0.846
249,player,487.6,521.9,579.7,720.0,0.803
249,player,173.2,422.3,243.7,618.4,0.635
249,player,351.2,371.8,414.1,515.1,0.597
249,player,847.6,373.0,911.2,499.8,0.587
249,player,669.1,334.3,719.2,436.7,0.561
249,player,511.2,415.0,587.2,548.0,0.494
249,player,293.7,339.7,335.1,465.4,0.446
249,player,294.3,340.5,334.4,424.5,0.422
249,player,802.8,353.2,859.0,427.5,0.412
249,player,217.2,366.0,273.2,510.6,0.396
249,player,696.1,292.4,728.6,398.1,0.381
249,player,222.7,367.0,296.7,504.0,0.368
249,player,811.0,353.9,858.4,415.3,0.36
249,player,800.1,354.6,860.4,478.6,0.344
249,player,454.6,532.4,498.3,718.7,0.268
249,player,509.7,415.9,563.0,548.5,0.265
249,ball,844.7,241.9,868.8,264.5,0.642
250,player,939.5,428.1,1047.5,557.4,0.832
250,player,481.6,521.9,574.9,720.0,0.824
250,player,339.0,373.1,408.2,515.1,0.737
250,player,663.6,334.1,716.7,443.5,0.715
250,player,690.4,293.1,721.1,395.0,0.483
250,player,219.7,370.2,272.3,529.7,0.476
250,player,155.8,437.7,238.5,620.1,0.475
250,player,288.3,341.1,329.1,424.9,0.443
250,player,838.1,375.2,908.5,500.5,0.391
250,player,795.8,355.6,866.2,498.5,0.365
250,player,283.6,340.9,329.2,465.7,0.322
250,player,496.9,414.4,581.5,549.0,0.294
250,player,505.8,415.1,557.1,552.2,0.254
250,ball,830.9,240.4,855.4,262.8,0.803
250,ball,1018.7,288.4,1040.4,310.1,0.381
251,player,481.0,525.7,567.8,719.2,0.836
251,player,933.8,426.1,1042.5,557.7,0.809
251,player,330.7,372.2,405.6,514.9,0.711
251,player,792.9,352.4,844.0,468.9,0.703
251,player,135.5,428.9,221.4,619.0,0.677
251,player,661.1,333.2,712.4,429.3,0.671
251,player,280.4,343.3,327.5,467.2,0.576
251,player,211.8,370.8,272.6,526.8,0.508
251,player,839.2,375.0,908.5,500.0,0.452
251,player,685.9,296.0,717.3,399.6,0.374
251,player,845.0,374.4,908.1,467.6,0.34
251,player,280.8,343.5,325.9,429.8,0.332
251,player,504.5,415.8,550.6,535.2,0.298
251,ball,824.3,239.6,847.1,261.5,0.807
252,player,481.0,525.8,567.9,719.3,0.834
252,player,933.8,426.1,1042.5,557.7,0.809
252,player,792.9,352.4,843.9,468.9,0.705
252,player,330.6,372.2,405.6,514.9,0.704
252,player,135.4,431.9,221.1,619.3,0.67
252,player,661.1,333.2,712.3,429.2,0.667
252,player,280.5,343.4,327.6,467.1,0.559
252,player,839.1,375.0,908.5,500.0,0.471
252,player,214.8,372.9,274.2,527.3,0.47
252,player,685.8,295.8,717.3,399.8,0.367
252,player,280.8,343.5,325.9,428.6,0.338
252,player,844.8,374.4,908.1,467.7,0.323
252,player,503.5,415.5,551.7,548.1,0.292
252,ball,824.3,239.6,847.1,261.5,0.804
253,player,479.3,526.1,565.0,720.0,0.829
253,player,922.9,424.1,1037.1,557.1,0.78
253,player,119.7,435.1,215.0,618.6,0.639
253,player,787.7,350.2,841.1,472.8,0.634
253,player,324.9,374.4,399.6,517.2,0.601
253,player,658.0,331.7,709.3,430.3,0.541
253,player,207.3,376.6,284.2,529.4,0.539
253,player,848.0,374.0,909.1,460.1,0.489
253,player,279.5,342.6,323.2,429.0,0.463
253,player,278.5,342.0,323.9,466.5,0.46
253,player,790.0,350.9,856.8,494.1,0.46
253,player,163.4,399.8,203.6,487.0,0.391
253,player,441.2,534.5,477.3,719.5,0.345
253,ball,812.7,239.7,838.4,263.6,0.732
254,player,476.8,520.5,563.6,720.0,0.832
254,player,914.9,422.8,1025.5,556.3,0.742
254,player,110.2,434.2,207.9,621.6,0.685
254,player,780.9,349.2,836.9,468.7,0.643
254,player,828.1,374.2,911.1,499.0,0.632
254,player,282.0,342.3,321.9,432.0,0.605
254,player,654.1,328.9,707.8,443.3,0.55
254,player,848.1,374.0,912.1,465.1,0.539
254,player,342.7,373.2,396.8,501.4,0.503
254,player,203.4,383.4,284.6,526.4,0.486
254,player,280.9,340.9,323.0,467.1,0.478
254,player,147.2,398.9,192.1,474.4,0.333
254,player,439.0,526.6,474.3,718.9,0.303
254,player,202.9,381.3,261.0,518.6,0.3
254,ball,802.9,240.8,828.1,264.9,0.71
255,player,474.3,524.0,564.7,720.0,0.819
255,player,829.4,374.3,915.7,501.5,0.774
255,player,107.4,436.1,193.9,620.1,0.747
255,player,653.0,327.5,707.1,437.6,0.625
255,player,283.2,342.5,318.9,434.0,0.575
255,player,784.0,346.8,834.5,464.3,0.568
255,player,194.7,384.2,284.4,527.7,0.511
255,player,280.9,341.4,320.8,464.1,0.477
255,player,342.3,375.4,395.3,493.8,0.428
255,player,910.7,421.6,971.1,556.1,0.426
255,player,140.9,400.8,177.1,476.5,0.333
255,player,470.8,418.6,539.1,554.1,0.326
255,player,908.8,419.8,1014.7,557.4,0.319
255,player,491.1,418.2,539.8,543.7,0.31
255,player,191.6,382.5,261.6,515.6,0.252
255,ball,797.5,242.8,823.1,267.3,0.761
256,player,471.2,530.9,566.8,720.0,0.805
256,player,652.0,326.1,707.2,439.6,0.681
256,player,105.6,437.2,187.4,620.2,0.627
256,player,280.7,341.1,319.7,465.6,0.621
256,player,203.9,383.2,280.8,526.3,0.541
256,player,779.3,345.9,833.2,458.2,0.53
256,player,284.4,342.5,318.3,432.9,0.507
256,player,855.7,375.4,921.4,456.7,0.48
256,player,490.9,417.1,544.4,554.9,0.451
256,player,342.8,374.2,394.3,498.2,0.421
256,player,899.7,422.0,955.0,531.9,0.417
256,player,318.6,375.1,397.0,518.7,0.298
256,player,209.9,383.7,264.1,486.0,0.276
256,player,902.2,421.8,997.2,553.4,0.274
256,ball,787.1,247.8,813.3,272.1,0.608
257,player,104.6,442.5,188.0,620.9,0.763
257,player,471.2,530.1,569.2,720.0,0.744
257,player,652.0,332.4,707.5,439.6,0.683
257,player,217.1,384.8,276.0,529.1,0.641
257,player,773.2,343.8,837.2,463.1,0.63
257,player,286.5,343.2,320.2,436.7,0.556
257,player,346.2,372.8,396.6,499.4,0.54
257,player,478.3,417.4,546.9,561.0,0.538
257,player,837.7,382.6,920.7,498.0,0.33
257,player,216.3,385.8,270.6,485.4,0.294
257,ball,785.1,255.4,809.4,277.1,0.797
258,player,104.6,442.2,188.0,620.9,0.761
258,player,471.1,530.0,569.1,720.0,0.739
258,player,652.0,332.5,707.4,440.0,0.675
258,player,217.0,384.9,276.2,529.1,0.639
258,player,773.2,343.8,837.2,463.1,0.635
258,player,286.5,343.2,320.2,436.5,0.549
258,player,478.2,417.4,547.2,561.1,0.538
258,player,346.2,372.8,396.4,499.1,0.536
258,player,836.7,386.3,921.4,498.2,0.337
258,player,216.3,385.8,270.6,485.3,0.283
258,ball,785.1,255.4,809.5,277.1,0.795
259,player,100.0,426.1,172.7,622.7,0.758
259,player,472.2,527.2,572.0,720.0,0.731
259,player,479.7,417.2,551.3,561.4,0.685
259,player,779.2,340.7,831.9,464.9,0.672
259,player,350.8,371.8,398.7,496.4,0.594
259,player,207.1,384.4,276.2,529.9,0.573
259,player,290.2,341.3,322.7,444.0,0.53
259,player,668.9,342.9,709.5,437.8,0.449
259,player,891.3,446.6,968.9,556.7,0.307
259,player,852.7,382.5,967.4,556.3,0.255
259,ball,783.6,262.0,807.5,285.3,0.74
260,player,478.9,529.0,574.0,720.0,0.745
260,player,775.6,341.0,832.0,468.4,0.711
260,player,93.4,430.4,162.2,620.7,0.705
260,player,294.9,337.1,327.6,452.9,0.619
260,player,482.9,417.4,551.6,558.6,0.618
260,player,672.9,338.6,709.9,437.7,0.589
260,player,214.0,382.6,278.0,529.9,0.503
260,player,353.5,370.7,401.8,499.3,0.498
260,player,877.2,382.9,938.9,522.1,0.497
260,player,339.4,370.3,408.9,509.2,0.469
260,player,875.2,383.9,960.4,552.5,0.373
260,player,435.9,524.8,470.5,718.8,0.253
260,ball,776.4,268.6,799.0,290.2,0.541
261,player,776.0,339.9,832.8,471.3,0.827
261,player,489.3,529.8,576.6,720.0,0.795
261,player,290.5,338.3,334.0,471.1,0.668
261,player,358.7,370.0,402.4,497.7,0.663
261,player,216.1,382.3,280.8,525.4,0.623
261,player,89.7,445.3,151.6,616.2,0.592
261,player,489.0,415.7,544.4,556.5,0.585
261,player,678.5,329.6,712.4,437.0,0.563
261,player,94.4,396.8,153.8,612.6,0.421
261,player,344.3,369.7,405.6,505.1,0.381
261,player,868.4,384.0,948.0,539.2,0.364
261,ball,773.9,275.0,799.6,300.1,0.449
261,ball,441.8,184.7,464.5,206.3,0.312
262,player,775.2,338.8,834.3,472.0,0.842
262,player,493.5,529.1,578.8,720.0,0.787
262,player,359.8,369.4,401.7,502.0,0.648
262,player,680.9,324.3,715.0,436.4,0.643
262,player,488.9,415.5,546.8,558.7,0.636
262,player,81.1,434.3,142.8,612.7,0.6
262,player,234.4,379.2,283.7,526.4,0.588
262,player,295.3,340.3,336.5,465.7,0.563
262,player,888.9,384.3,964.2,538.3,0.505
262,player,346.0,370.3,407.2,510.8,0.471
262,player,83.6,396.1,150.0,602.7,0.463
262,ball,767.5,286.1,794.8,310.5,0.462
262,ball,442.0,185.3,464.4,206.5,0.325
263,player,775.3,337.9,836.8,469.3,0.809
263,player,360.5,369.7,404.9,501.7,0.707
263,player,496.4,529.4,577.3,720.0,0.706
263,player,894.8,385.7,970.0,502.7,0.699
263,player,813.4,420.0,929.8,550.0,0.668
263,player,246.5,377.8,286.4,526.5,0.65
263,player,485.0,415.8,548.3,563.5,0.632
263,player,303.5,342.6,342.3,456.7,0.605
263,player,679.4,307.1,716.7,433.6,0.54
263,player,67.0,417.4,135.2,615.2,0.489
263,player,72.4,411.5,157.4,616.7,0.429
263,ball,764.4,299.5,788.9,321.8,0.614
264,player,775.3,337.9,836.8,469.2,0.808
264,player,360.5,369.7,404.9,501.9,0.709
264,player,495.5,529.0,579.1,719.6,0.706
264,player,894.8,385.8,970.0,502.6,0.701
264,player,813.4,420.1,930.0,550.0,0.67
264,player,246.5,377.8,286.4,526.6,0.651
264,player,485.0,415.8,548.3,563.7,0.635
264,player,303.5,342.7,342.2,456.3,0.606
264,player,679.3,306.9,716.7,433.5,0.543
264,player,67.0,417.8,135.1,615.2,0.488
264,player,72.5,412.0,157.7,616.7,0.422
264,ball,764.4,299.5,788.9,321.8,0.613
265,player,497.7,527.7,579.2,719.1,0.766
265,player,250.5,374.9,288.1,506.4,0.722
265,player,775.3,338.2,838.7,467.1,0.713
265,player,364.0,367.8,407.8,508.5,0.687
265,player,899.2,385.2,978.1,502.3,0.686
265,player,792.9,416.9,954.1,557.0,0.67
265,player,486.4,415.4,550.4,556.8,0.635
265,player,53.3,399.1,141.1,617.1,0.635
265,player,307.3,342.2,346.0,452.5,0.541
265,player,678.2,305.1,721.3,420.9,0.456
265,player,303.4,341.3,353.0,468.7,0.388
265,player,681.2,323.3,721.8,435.7,0.358
265,player,66.9,397.5,160.6,616.8,0.33
265,ball,761.1,308.1,784.3,331.5,0.437
265,ball,444.0,188.6,463.9,207.5,0.264
266,player,500.4,526.7,579.0,719.7,0.823
266,player,255.4,372.4,295.4,529.2,0.756
266,player,890.7,386.9,987.2,506.1,0.644
266,player,486.0,413.4,553.7,557.2,0.642
266,player,367.0,367.2,410.2,511.0,0.626
266,player,778.3,336.5,838.8,458.0,0.591
266,player,43.5,413.9,148.6,620.8,0.561
266,player,313.9,345.6,348.8,447.2,0.503
266,player,787.0,417.2,891.4,555.3,0.431
266,player,780.8,337.3,838.6,421.2,0.321
266,player,684.8,331.3,723.6,419.3,0.292
266,player,1156.5,309.8,1208.9,361.0,0.282
266,player,676.4,302.1,723.0,428.1,0.255
266,ball,751.6,323.2,778.6,346.5,0.596
267,player,887.2,386.2,997.7,503.6,0.834
267,player,503.2,529.1,577.7,719.9,0.829
267,player,259.6,373.9,304.7,531.6,0.718
267,player,369.3,367.1,412.6,512.3,0.665
267,player,786.5,336.9,839.4,435.1,0.56
267,player,488.9,412.2,556.1,564.8,0.541
267,player,319.5,344.6,353.5,446.8,0.478
267,player,782.8,413.4,919.5,555.7,0.471
267,player,39.3,456.0,159.6,613.5,0.406
267,player,685.7,323.8,726.4,413.6,0.318
268,player,506.3,529.1,578.6,719.4,0.79
268,player,263.0,373.7,318.8,533.0,0.737
268,player,373.5,367.5,417.4,512.8,0.701
268,player,895.7,390.2,1005.5,503.5,0.697
268,player,24.6,450.0,153.2,625.7,0.606
268,player,787.9,335.7,840.1,455.1,0.591
268,player,323.3,346.2,357.1,446.6,0.553
268,player,264.4,371.7,306.3,520.6,0.449
268,player,484.2,410.6,546.4,579.8,0.406
268,player,442.8,522.1,474.2,644.9,0.371
268,player,508.7,410.5,559.8,553.7,0.338
268,player,694.5,328.9,729.8,420.0,0.321
268,player,484.5,413.6,526.4,569.0,0.302
268,player,63.4,405.4,104.1,480.4,0.291
268,player,1172.6,310.3,1212.4,358.4,0.274
268,ball,749.3,355.0,775.2,380.4,0.762
269,player,508.2,529.8,578.0,719.0,0.814
269,player,268.1,375.2,330.9,535.9,0.763
269,player,907.7,400.1,995.8,505.2,0.762
269,player,375.9,369.6,419.1,511.1,0.738
269,player,23.9,446.5,141.0,632.1,0.643
269,player,794.1,336.8,840.2,443.3,0.632
269,player,792.7,416.0,914.6,559.8,0.525
269,player,327.3,340.4,366.6,472.6,0.472
269,player,329.1,341.6,362.7,447.4,0.436
269,player,268.2,373.4,308.1,530.8,0.421
269,player,443.0,521.3,478.6,643.7,0.365
269,player,692.8,323.8,732.2,421.7,0.35
269,player,489.6,409.7,543.3,578.3,0.327
269,player,56.5,403.0,103.2,482.8,0.312
269,ball,745.9,371.1,770.9,396.6,0.789
270,player,508.3,529.9,578.0,718.8,0.812
270,player,907.6,400.1,995.7,505.2,0.763
270,player,268.2,375.3,330.8,535.9,0.756
270,player,375.9,369.8,419.1,510.9,0.735
270,player,24.0,446.6,141.0,632.1,0.649
270,player,794.0,336.8,840.3,443.2,0.647
270,player,792.8,415.9,914.6,559.8,0.532
270,player,327.3,340.4,366.6,472.6,0.472
270,player,329.1,341.6,362.7,447.3,0.437
270,player,268.4,373.4,307.8,530.5,0.412
270,player,442.9,521.0,478.7,643.6,0.376
270,player,692.8,323.9,732.2,422.0,0.35
270,player,489.7,409.8,543.3,577.1,0.321
270,player,56.5,403.1,103.2,483.1,0.315
270,ball,745.9,371.1,770.9,396.6,0.79
271,player,924.3,386.7,1030.0,504.6,0.851
271,player,509.6,528.2,578.7,719.1,0.79
271,player,376.0,371.2,423.0,516.1,0.664
271,player,277.3,375.7,315.5,488.5,0.647
271,player,26.4,450.8,106.5,629.9,0.537
271,player,799.4,336.7,841.7,456.7,0.534
271,player,494.6,409.4,544.6,564.9,0.44
271,player,332.7,341.5,368.5,448.7,0.436
271,player,51.1,399.1,100.9,498.1,0.424
271,player,789.1,417.1,908.4,563.0,0.418
271,player,531.2,433.6,571.8,556.7,0.407
271,player,276.3,375.3,328.3,533.2,0.37
271,player,789.5,342.3,907.7,563.8,0.332
271,player,699.8,330.1,732.7,414.6,0.318
271,player,1170.1,308.4,1217.6,361.5,0.277
271,player,694.4,320.9,731.3,408.1,0.273
271,ball,745.7,390.3,770.2,414.9,0.591
272,player,514.6,518.7,580.0,719.0,0.762
272,player,939.3,384.5,1040.2,509.1,0.75
272,player,378.4,371.1,425.4,518.6,0.638
272,player,279.9,376.0,326.1,498.1,0.607
272,player,336.4,337.7,375.1,470.7,0.58
272,player,282.4,375.8,331.9,535.8,0.561
272,player,786.0,415.7,899.4,562.9,0.537
272,player,35.0,442.7,102.6,628.9,0.491
272,player,798.3,336.9,845.4,464.8,0.48
272,player,0.0,380.4,19.6,497.2,0.447
272,player,529.9,435.7,572.7,539.0,0.416
272,player,501.8,409.5,542.7,528.8,0.392
272,player,45.6,394.2,103.4,502.1,0.353
272,player,706.6,330.1,736.2,416.8,0.302
272,player,0.0,383.3,27.2,501.2,0.281
272,player,485.1,519.3,532.5,580.7,0.257
272,ball,741.0,409.4,765.1,431.5,0.586
273,player,962.1,382.7,1049.6,506.1,0.838
273,player,519.6,526.0,582.5,719.7,0.787
273,player,285.5,377.0,335.5,535.1,0.699
273,player,378.5,369.9,429.9,518.2,0.693
273,player,0.1,359.1,29.1,499.6,0.567
273,player,808.1,334.8,847.4,467.5,0.55
273,player,342.3,338.9,380.8,440.9,0.494
273,player,535.1,433.4,580.4,559.7,0.471
273,player,503.7,408.8,545.7,533.2,0.448
273,player,36.2,438.6,101.7,627.9,0.441
273,player,40.2,394.0,97.5,502.1,0.417
273,player,781.7,417.3,841.5,557.1,0.372
273,player,782.0,418.5,882.3,557.2,0.281
273,player,1171.3,310.4,1223.4,363.2,0.274
273,player,0.0,360.0,17.5,491.5,0.269
273,ball,738.3,414.2,765.7,441.6,0.685
274,player,974.6,379.0,1060.4,507.1,0.885
274,player,512.7,513.8,585.1,718.6,0.741
274,player,380.1,367.8,433.5,518.4,0.719
274,player,292.1,377.3,341.6,536.4,0.696
274,player,0.0,359.8,34.1,500.3,0.613
274,player,812.7,335.1,849.2,465.8,0.582
274,player,542.2,435.5,582.2,556.0,0.499
274,player,345.3,337.3,383.9,432.2,0.484
274,player,774.0,414.2,832.0,550.4,0.473
274,player,743.2,411.9,835.5,552.9,0.46
274,player,504.4,408.8,546.7,526.4,0.401
274,player,38.9,391.8,82.0,507.4,0.399
274,player,344.9,335.6,385.5,466.0,0.367
274,player,813.9,334.8,848.7,424.2,0.309
274,player,41.2,433.0,109.2,622.8,0.276
274,player,712.0,314.0,743.0,402.4,0.259
274,ball,739.7,388.2,763.5,410.9,0.757
275,player,490.4,514.1,587.3,719.9,0.793
275,player,382.6,362.8,437.4,516.7,0.747
275,player,981.9,378.3,1069.6,508.8,0.745
275,player,813.8,336.7,852.2,468.2,0.729
275,player,298.6,377.2,351.5,529.0,0.666
275,player,45.6,425.6,114.2,612.0,0.629
275,player,0.0,357.6,34.1,498.7,0.558
275,player,721.2,410.0,846.1,552.6,0.522
275,player,348.0,336.7,384.6,428.4,0.519
275,player,543.3,433.6,587.2,550.7,0.507
275,player,508.6,408.5,548.5,519.1,0.496
275,player,38.0,392.6,82.6,513.3,0.44
275,player,712.7,316.9,747.7,419.2,0.425
275,player,749.9,410.6,855.3,556.4,0.424
275,player,345.9,336.0,391.3,472.1,0.275
275,player,767.5,417.9,827.9,549.3,0.258
275,ball,735.8,356.6,759.5,379.7,0.798
276,player,490.3,514.1,587.3,719.9,0.795
276,player,382.6,362.7,437.4,516.7,0.746
276,player,981.9,378.3,1069.5,508.8,0.745
276,player,813.8,336.7,852.2,468.1,0.728
276,player,298.6,377.2,351.4,529.0,0.664
276,player,45.5,425.5,114.1,611.9,0.626
276,player,0.0,357.6,34.2,498.7,0.557
276,player,721.0,410.0,845.9,552.6,0.52
276,player,348.0,336.7,384.6,428.3,0.517
276,player,543.3,433.6,587.2,550.6,0.508
276,player,508.6,408.5,548.5,519.1,0.496
276,player,38.1,392.6,82.6,513.0,0.438
276,player,712.6,316.8,747.8,419.2,0.424
276,player,345.9,336.0,391.5,472.2,0.274
276,player,767.6,417.9,827.9,549.1,0.251
276,ball,735.8,356.6,759.5,379.7,0.798
277,player,986.5,376.7,1078.5,508.4,0.8
277,player,814.1,334.7,855.1,471.6,0.785
277,player,50.7,420.1,115.9,609.3,0.756
277,player,383.4,359.1,443.2,516.0,0.747
277,player,307.1,376.8,355.1,534.5,0.702
277,player,512.2,515.0,589.7,719.9,0.644
277,player,719.8,405.2,837.9,552.1,0.608
277,player,550.8,431.7,588.6,557.1,0.599
277,player,350.7,338.0,389.0,456.3,0.577
277,player,510.2,406.4,550.6,543.4,0.514
277,player,0.1,353.5,35.7,458.2,0.496
277,player,764.4,406.3,817.0,519.2,0.377
277,player,29.7,392.8,82.2,522.9,0.368
277,player,717.0,324.6,751.1,412.6,0.35
277,player,711.0,314.2,750.0,406.3,0.335
277,player,459.9,527.6,492.2,643.6,0.318
278,player,55.5,419.3,117.7,605.5,0.813
278,player,816.7,335.0,860.0,471.9,0.812
278,player,995.3,378.0,1089.0,510.1,0.803
278,player,386.2,359.6,447.9,516.6,0.76
278,player,310.6,375.8,365.3,533.5,0.731
278,player,714.4,402.8,806.0,518.9,0.704
278,player,509.1,520.3,592.4,720.0,0.634
278,player,0.6,346.1,46.7,502.8,0.604
278,player,512.7,404.9,554.9,547.8,0.588
278,player,548.7,426.8,592.9,552.3,0.528
278,player,36.2,397.9,76.2,516.3,0.478
278,player,740.0,405.2,806.4,516.4,0.478
278,player,356.5,337.3,394.7,472.4,0.414
278,player,711.2,307.2,753.7,408.9,0.37
278,player,356.5,339.3,392.8,434.8,0.314
278,player,721.1,316.8,754.5,409.1,0.254
278,ball,736.3,301.9,757.7,321.5,0.412
279,player,818.0,335.8,863.4,472.7,0.799
279,player,61.0,417.2,121.8,603.9,0.779
279,player,510.2,521.0,596.3,718.3,0.772
279,player,739.9,404.0,800.0,524.6,0.653
279,player,7.9,347.7,45.0,452.3,0.61
279,player,306.8,374.1,374.6,535.1,0.546
279,player,516.2,404.7,555.4,539.0,0.544
279,player,387.2,352.4,447.7,506.7,0.53
279,player,34.8,403.0,72.5,522.4,0.49
279,player,557.2,426.7,597.9,534.2,0.412
279,player,721.8,311.8,757.6,408.0,0.371
279,player,370.5,356.4,450.4,518.5,0.283
279,player,1005.8,407.2,1100.1,509.0,0.276
279,player,311.6,374.5,364.2,510.3,0.275
279,player,712.9,304.9,754.3,404.1,0.265
279,ball,730.9,273.3,754.4,296.3,0.369
280,player,65.6,416.8,123.6,601.8,0.82
280,player,817.0,337.2,866.2,471.4,0.816
280,player,534.7,527.6,598.9,717.0,0.708
280,player,322.2,374.3,382.5,536.7,0.668
280,player,518.8,404.6,557.6,538.0,0.627
280,player,737.7,399.1,790.0,504.9,0.496
280,player,385.3,364.8,444.8,502.0,0.42
280,player,32.8,406.3,72.5,525.5,0.402
280,player,24.7,406.3,73.0,559.4,0.398
280,player,1016.8,400.5,1107.2,513.5,0.387
280,player,560.0,430.7,600.7,549.3,0.376
280,player,12.2,336.7,56.5,446.9,0.322
280,player,726.7,309.4,761.0,412.1,0.313
280,player,363.1,342.4,400.7,424.9,0.263
280,ball,730.7,248.9,753.8,271.3,0.591
280,ball,475.5,188.1,495.9,207.3,0.361
281,player,818.5,336.3,869.9,470.5,0.833
281,player,67.3,416.0,128.0,599.8,0.779
281,player,537.5,528.8,602.9,712.5,0.712
281,player,328.7,374.1,392.6,539.2,0.635
281,player,569.4,430.0,606.8,547.5,0.603
281,player,521.6,403.1,560.9,527.0,0.594
281,player,1040.9,379.1,1114.0,513.3,0.491
281,player,391.3,375.9,443.3,476.2,0.468
281,player,327.3,374.3,374.9,531.1,0.453
281,player,17.1,342.7,58.3,439.3,0.399
281,player,8.8,407.0,73.8,562.6,0.354
281,player,726.2,389.5,825.6,556.1,0.301
281,player,737.1,324.3,767.7,428.0,0.278
281,player,473.7,535.6,504.1,642.1,0.275
281,player,731.0,317.3,768.9,417.3,0.267
281,player,1069.5,392.7,1112.5,512.6,0.257
281,ball,731.0,227.6,753.8,250.7,0.812
282,player,818.4,336.3,869.9,470.4,0.834
282,player,67.3,416.0,128.0,599.9,0.775
282,player,537.4,528.8,603.0,712.3,0.713
282,player,328.8,374.1,392.4,539.2,0.63
282,player,569.5,430.0,606.7,547.4,0.607
282,player,521.6,403.1,560.8,527.7,0.596
282,player,1040.1,379.2,1113.9,513.3,0.487
282,player,391.2,375.9,443.3,476.0,0.467
282,player,327.4,374.2,374.9,531.1,0.448
282,player,17.1,342.7,58.2,439.2,0.4
282,player,8.4,406.8,73.9,562.7,0.36
282,player,726.3,389.6,826.0,556.6,0.341
282,player,737.1,324.3,767.6,427.9,0.274
282,player,473.7,535.9,504.1,642.1,0.273
282,player,731.1,317.4,768.8,416.5,0.265
282,player,1069.5,394.0,1112.4,512.6,0.253
282,player,27.6,413.2,75.4,562.7,0.251
282,ball,731.0,227.6,753.9,250.7,0.813
283,player,823.3,335.1,875.3,469.7,0.797
283,player,72.7,415.9,132.0,599.6,0.723
283,player,334.5,377.0,397.1,539.5,0.718
283,player,536.6,528.8,607.6,709.9,0.648
283,player,556.7,664.2,622.9,720.0,0.592
283,player,523.2,402.8,562.9,528.2,0.589
283,player,1080.2,376.3,1124.3,518.7,0.527
283,player,22.1,337.1,65.9,439.6,0.513
283,player,2.0,408.3,75.5,556.1,0.499
283,player,570.8,430.2,611.3,551.8,0.433
283,player,392.7,376.9,447.5,485.2,0.413
283,player,726.0,304.4,773.5,423.0,0.335
283,player,736.6,316.2,774.2,425.9,0.321
283,player,475.9,527.1,507.1,644.2,0.32
283,player,712.9,422.8,813.9,544.9,0.278
283,player,569.4,429.5,645.9,554.0,0.266
283,ball,730.2,207.5,751.5,227.9,0.346
284,player,830.5,337.4,880.5,469.5,0.809
284,player,563.8,651.4,632.7,720.0,0.734
284,player,0.9,414.1,81.2,561.5,0.638
284,player,76.9,416.2,173.4,596.9,0.637
284,player,526.6,401.8,567.1,535.0,0.625
284,player,1092.8,375.8,1133.7,496.4,0.618
284,player,340.9,380.9,409.6,538.2,0.616
284,player,537.0,529.3,614.4,706.1,0.615
284,player,76.1,415.7,141.6,597.1,0.538
284,player,575.2,432.6,617.6,555.6,0.506
284,player,390.8,381.7,451.1,485.5,0.479
284,player,745.2,311.2,783.1,418.6,0.412
284,player,28.5,336.9,74.4,433.9,0.404
284,player,1080.0,376.7,1135.2,518.4,0.399
284,player,723.9,398.4,775.0,503.9,0.282
284,player,716.6,399.0,810.0,543.5,0.276
284,player,730.7,307.6,782.5,415.3,0.274
284,player,341.3,382.1,391.4,529.0,0.254
284,ball,729.8,183.1,751.3,205.0,0.571
285,player,832.6,336.7,885.3,470.5,0.821
285,player,569.4,645.9,639.4,720.0,0.788
285,player,81.1,413.3,145.9,595.9,0.701
285,player,545.3,530.1,621.5,710.8,0.607
285,player,345.5,382.0,403.8,538.9,0.602
285,player,82.0,413.4,192.0,596.5,0.597
285,player,1103.5,375.4,1148.6,487.3,0.594
285,player,530.2,402.4,570.0,513.9,0.559
285,player,0.3,415.9,85.8,560.1,0.553
285,player,389.7,380.9,450.5,484.1,0.484
285,player,345.4,383.5,396.4,498.8,0.474
285,player,581.1,433.1,623.6,558.4,0.414
285,player,576.6,433.8,637.4,556.5,0.368
285,player,744.4,313.1,786.3,419.1,0.366
285,player,578.9,432.0,660.1,556.9,0.34
285,player,379.1,339.8,420.2,414.2,0.284
285,player,731.3,305.7,777.0,422.0,0.263
285,ball,730.3,161.4,751.7,182.0,0.708
286,player,835.8,337.6,891.0,470.4,0.814
286,player,1108.7,371.1,1160.4,516.6,0.774
286,player,574.8,639.0,647.1,720.0,0.769
286,player,0.2,413.3,93.0,560.8,0.734
286,player,82.6,412.5,155.5,598.0,0.729
286,player,552.3,529.4,624.2,711.4,0.621
286,player,534.2,400.9,577.2,550.4,0.558
286,player,350.2,385.5,402.6,498.7,0.53
286,player,386.9,376.5,451.8,491.1,0.406
286,player,41.2,336.4,82.1,431.7,0.364
286,player,738.2,298.1,787.7,410.0,0.337
286,player,584.8,432.4,656.0,558.3,0.328
286,player,749.5,321.6,789.5,413.3,0.324
286,player,586.0,432.2,633.0,558.8,0.296
286,player,488.5,532.5,520.8,641.1,0.285
287,player,843.1,339.3,896.3,470.3,0.824
287,player,584.9,631.1,655.5,720.0,0.778
287,player,93.4,414.1,159.7,597.3,0.693
287,player,1118.2,369.8,1179.0,517.3,0.688
287,player,547.1,530.8,626.5,718.4,0.681
287,player,7.2,411.8,96.7,560.5,0.632
287,player,356.7,380.7,417.9,537.9,0.627
287,player,536.6,399.8,580.1,551.1,0.576
287,player,755.5,317.7,794.0,420.0,0.534
287,player,587.9,432.3,641.1,560.9,0.5
287,player,46.9,342.6,91.6,429.3,0.41
287,player,743.8,310.4,793.7,415.7,0.402
287,player,388.2,341.9,485.2,522.5,0.3
287,ball,732.3,130.9,754.0,152.0,0.755
288,player,843.1,339.2,896.3,470.3,0.825
288,player,584.9,631.1,655.5,720.0,0.781
288,player,93.3,414.1,159.7,597.2,0.693
288,player,1118.2,369.8,1178.7,517.3,0.685
288,player,547.3,530.8,626.5,718.5,0.683
288,player,7.3,411.8,96.7,560.5,0.632
288,player,356.8,380.7,417.9,537.8,0.624
288,player,536.6,399.8,580.1,551.1,0.572
288,player,756.0,318.9,794.0,419.8,0.525
288,player,587.9,432.3,641.1,560.9,0.5
288,player,46.9,342.6,91.5,429.3,0.412
288,player,741.0,304.7,792.3,406.6,0.383
288,player,388.2,341.2,485.2,522.7,0.299
288,ball,732.2,130.9,753.9,152.0,0.755
289,player,847.1,337.6,898.8,472.0,0.827
289,player,16.3,407.9,105.3,560.6,0.773
289,player,592.2,625.2,665.0,720.0,0.757
289,player,1131.6,369.0,1191.6,498.8,0.704
289,player,98.7,413.6,169.8,594.4,0.685
289,player,551.9,526.5,635.6,718.9,0.659
289,player,683.9,411.6,785.6,555.6,0.642
289,player,359.0,382.1,423.4,536.9,0.62
289,player,592.9,433.0,643.9,560.6,0.61
289,player,538.8,400.6,585.0,556.7,0.542
289,player,749.7,305.2,795.3,412.8,0.504
289,player,360.1,383.4,417.1,505.8,0.495
289,player,758.8,311.3,798.6,415.2,0.462
289,player,540.0,402.1,584.5,511.7,0.429
289,player,593.3,432.1,676.1,557.1,0.367
289,player,51.8,337.1,106.2,433.4,0.352
289,player,745.7,303.5,784.3,403.7,0.336
289,player,394.2,370.6,484.8,529.0,0.27
289,player,396.6,371.7,448.4,477.4,0.269
289,ball,732.0,113.0,754.2,135.6,0.672
290,player,847.2,336.9,904.3,471.2,0.842
290,player,359.6,379.1,423.5,540.7,0.738
290,player,600.7,619.5,672.9,720.0,0.715
290,player,104.7,411.6,176.8,587.4,0.696
290,player,563.0,526.2,636.4,720.0,0.686
290,player,1141.4,368.4,1200.0,501.8,0.682
290,player,595.4,432.7,647.4,565.9,0.678
290,player,544.1,400.8,589.6,537.2,0.588
290,player,764.1,320.8,803.0,418.8,0.557
290,player,23.2,338.6,111.3,560.2,0.556
290,player,53.7,335.0,112.7,513.3,0.523
290,player,689.4,412.1,777.3,551.8,0.474
290,player,106.8,412.4,210.2,589.1,0.359
290,player,23.8,411.9,107.2,559.6,0.354
290,player,397.0,370.7,452.4,533.3,0.324
290,ball,733.6,99.9,755.4,120.3,0.77
291,player,607.3,615.1,677.7,720.0,0.817
291,player,854.0,337.9,909.3,470.3,0.812
291,player,114.4,410.2,184.2,586.5,0.789
291,player,34.7,337.6,123.0,561.4,0.75
291,player,364.6,378.7,429.0,540.8,0.734
291,player,686.6,411.1,775.6,560.5,0.729
291,player,569.0,527.5,641.3,720.0,0.658
291,player,548.3,401.0,593.9,520.4,0.617
291,player,1152.1,369.1,1209.3,501.2,0.58
291,player,1155.6,371.7,1207.5,467.1,0.558
291,player,507.4,525.5,537.2,641.1,0.538
291,player,600.5,433.0,648.5,560.9,0.435
291,player,770.1,321.3,806.9,414.3,0.4
291,player,754.6,306.3,804.7,408.8,0.322
291,player,59.3,336.2,121.8,516.0,0.312
291,ball,734.1,89.1,755.9,109.3,0.561
292,player,859.2,339.3,913.0,471.4,0.845
292,player,119.6,409.1,191.5,585.5,0.818
292,player,610.6,608.5,686.7,720.0,0.781
292,player,41.4,339.6,129.1,557.5,0.749
292,player,366.4,379.1,433.3,541.5,0.746
292,player,575.6,531.5,643.8,720.0,0.723
292,player,550.4,400.4,595.1,511.0,0.675
292,player,602.9,433.9,655.3,561.6,0.546
292,player,772.5,310.9,810.6,424.8,0.52
292,player,400.6,346.1,447.1,474.9,0.504
292,player,1167.9,371.8,1218.3,496.7,0.463
292,player,61.9,338.2,128.4,530.4,0.421
292,player,509.2,483.2,541.6,643.7,0.418
292,player,693.4,409.8,743.0,519.8,0.297
292,ball,733.6,76.9,753.7,95.8,0.645
293,player,862.0,340.0,916.4,470.9,0.833
293,player,125.9,406.8,198.2,578.7,0.8
293,player,616.1,603.1,692.4,720.0,0.785
293,player,577.8,528.2,661.7,720.0,0.695
293,player,1178.0,374.7,1228.0,496.5,0.681
293,player,553.4,400.5,599.3,516.8,0.652
293,player,366.7,379.5,438.3,541.4,0.606
293,player,52.6,337.4,128.3,557.1,0.595
293,player,611.6,433.9,660.4,566.6,0.557
293,player,691.3,408.7,758.0,555.7,0.5
293,player,778.6,315.5,814.8,423.4,0.462
293,player,404.1,347.1,447.2,471.8,0.374
293,player,607.9,433.4,668.6,587.7,0.368
293,ball,731.9,67.3,752.9,87.6,0.838
294,player,861.7,340.0,916.4,470.8,0.835
294,player,125.9,406.8,198.3,578.7,0.799
294,player,616.1,603.1,692.4,720.0,0.785
294,player,577.8,528.2,661.6,720.0,0.694
294,player,1177.9,374.7,1228.0,496.7,0.676
294,player,553.5,400.5,599.3,516.7,0.651
294,player,366.4,380.4,439.6,540.6,0.603
294,player,52.5,337.5,128.3,557.1,0.6
294,player,611.6,433.9,660.4,566.6,0.557
294,player,691.3,408.8,758.7,555.8,0.496
294,player,778.5,315.6,814.7,423.1,0.46
294,player,404.0,347.1,447.2,471.8,0.372
294,player,607.9,433.5,668.6,587.9,0.367
294,ball,731.9,67.3,752.9,87.6,0.837
295,player,862.5,338.1,920.3,471.7,0.831
295,player,618.1,598.0,698.0,720.0,0.729
295,player,696.1,406.0,754.8,556.9,0.716
295,player,74.4,336.5,137.1,514.6,0.692
295,player,1185.2,377.9,1234.5,486.3,0.67
295,player,584.4,528.9,661.9,720.0,0.658
295,player,367.3,376.8,429.0,541.5,0.655
295,player,1175.9,376.4,1236.1,516.4,0.636
295,player,137.5,404.0,205.1,575.1,0.623
295,player,618.1,434.6,664.8,569.3,0.603
295,player,556.0,400.3,606.0,508.9,0.559
295,player,779.8,324.3,820.5,421.2,0.537
295,player,0.1,314.0,25.1,418.0,0.404
295,player,770.6,300.6,819.4,420.5,0.328
295,player,408.3,353.5,449.7,473.3,0.284
295,player,519.2,517.4,553.1,642.2,0.27
295,player,407.8,356.2,458.5,510.5,0.269
295,player,165.7,274.1,194.6,316.2,0.25
295,ball,734.3,62.4,754.8,81.6,0.603
296,player,869.7,339.8,923.6,471.8,0.834
296,player,1199.9,375.3,1246.7,510.0,0.757
296,player,622.0,596.5,704.2,720.0,0.748
296,player,586.3,527.2,667.6,720.0,0.71
296,player,562.1,400.8,609.4,513.2,0.662
296,player,77.1,337.6,143.4,529.9,0.644
296,player,145.9,400.5,214.3,569.3,0.628
296,player,623.7,435.9,671.4,567.7,0.618
296,player,369.8,375.8,428.5,539.2,0.582
296,player,698.1,401.3,752.0,557.6,0.542
296,player,0.0,313.8,32.2,417.5,0.542
296,player,786.2,320.8,824.0,426.4,0.476
296,player,408.7,360.1,466.0,482.9,0.362
296,player,699.5,402.2,747.2,517.1,0.291
296,ball,733.5,57.8,755.8,78.6,0.662
297,player,874.9,339.4,926.6,472.3,0.818
297,player,158.0,399.3,221.4,567.6,0.799
297,player,590.3,528.8,672.6,720.0,0.727
297,player,630.4,435.4,677.3,567.1,0.696
297,player,626.2,597.5,709.6,720.0,0.693
297,player,86.3,337.2,143.0,511.0,0.667
297,player,1213.6,373.8,1256.0,508.6,0.666
297,player,370.0,380.6,450.5,542.1,0.655
297,player,703.0,400.1,758.9,555.6,0.615
297,player,0.0,314.9,37.7,420.8,0.561
297,player,789.3,314.6,827.3,427.0,0.531
297,player,564.3,401.1,611.2,510.1,0.5
297,player,409.1,361.4,471.2,526.7,0.394
297,player,1215.9,375.4,1255.1,473.9,0.306
297,player,370.3,382.3,424.1,539.3,0.299
297,ball,734.5,48.0,754.2,66.5,0.652
298,player,878.1,339.8,930.0,472.5,0.828
298,player,167.6,398.6,228.4,563.5,0.772
298,player,634.3,598.3,714.7,719.9,0.736
298,player,597.3,530.5,674.8,720.0,0.701
298,player,89.2,337.2,152.7,554.9,0.666
298,player,567.2,399.8,616.2,538.2,0.65
298,player,1219.8,405.1,1265.4,515.3,0.649
298,player,0.6,314.3,44.5,417.7,0.617
298,player,633.0,438.2,681.7,563.4,0.592
298,player,371.6,381.3,427.6,543.5,0.529
298,player,704.0,397.8,755.1,547.4,0.527
298,player,789.3,312.8,834.8,431.3,0.511
298,player,410.7,362.6,470.0,475.7,0.424
298,player,705.8,399.4,751.1,511.2,0.356
298,player,185.4,276.5,212.6,317.0,0.258
298,player,375.1,382.5,450.5,540.1,0.251
298,ball,735.2,44.2,757.6,64.5,0.617
299,player,880.2,341.7,936.3,472.3,0.788
299,player,176.4,397.3,238.0,562.0,0.753
299,player,643.5,596.6,718.0,719.8,0.734
299,player,100.6,391.8,163.8,555.3,0.685
299,player,598.4,529.3,682.7,720.0,0.683
299,player,96.6,339.0,149.8,429.9,0.625
299,player,1223.7,408.3,1278.7,518.2,0.612
299,player,9.0,315.6,51.4,417.8,0.598
299,player,568.6,402.2,622.7,516.8,0.585
299,player,706.2,395.8,754.3,550.2,0.577
299,player,794.4,313.0,839.1,426.4,0.528
299,player,598.5,437.0,691.5,569.9,0.446
299,player,412.8,358.8,469.1,474.7,0.437
299,player,371.7,382.6,430.8,536.7,0.379
299,player,539.6,529.4,570.0,639.5,0.37
299,player,374.2,383.1,432.1,489.4,0.326
299,player,114.3,395.8,161.9,543.5,0.3
299,player,629.3,441.0,688.3,567.9,0.272
299,ball,736.5,45.9,760.0,66.8,0.553
300,player,880.1,341.6,936.3,472.5,0.789
300,player,176.4,397.3,238.0,562.0,0.753
300,player,643.3,596.5,718.1,719.8,0.736
300,player,598.4,529.1,682.8,720.0,0.694
300,player,100.6,392.0,163.8,555.4,0.68
300,player,96.6,339.0,149.7,430.0,0.627
300,player,1223.9,408.4,1278.6,518.2,0.612
300,player,9.0,315.5,51.5,417.8,0.601
300,player,568.8,402.2,622.7,518.2,0.583
300,player,706.2,395.9,754.3,549.6,0.572
300,player,794.4,313.0,839.1,426.5,0.528
300,player,597.7,436.9,691.2,569.7,0.448
300,player,413.0,359.2,469.1,474.6,0.434
300,player,372.0,382.5,430.7,537.1,0.381
300,player,539.7,528.9,570.2,639.5,0.359
300,player,374.3,383.1,432.0,489.4,0.317
300,player,114.2,395.9,162.0,543.5,0.31
300,player,629.6,440.6,688.2,567.9,0.269
300,ball,736.5,46.0,760.1,66.8,0.551
301,player,184.0,397.0,245.6,565.0,0.811
301,player,888.6,343.2,939.7,474.1,0.768
301,player,602.8,529.0,685.5,720.0,0.74
301,player,16.8,312.8,58.7,417.6,0.734
301,player,105.0,396.6,171.6,555.8,0.7
301,player,651.1,595.6,722.3,719.0,0.691
301,player,708.5,394.2,755.7,551.6,0.596
301,player,577.8,403.5,623.6,510.1,0.595
301,player,797.9,312.9,842.3,429.6,0.545
301,player,101.9,338.8,162.5,429.2,0.544
301,player,377.0,382.1,428.3,494.8,0.432
301,player,1226.6,413.8,1279.1,521.4,0.422
301,player,416.4,360.7,466.0,479.6,0.416
301,player,602.2,438.0,694.1,569.4,0.391
301,player,792.4,307.6,836.4,420.6,0.356
301,player,373.6,381.9,430.7,535.0,0.319
301,player,634.6,438.0,691.7,571.0,0.266
301,ball,734.9,43.9,760.3,67.9,0.381
302,player,893.1,341.7,944.7,477.2,0.804
302,player,195.0,395.8,254.0,564.0,0.759
302,player,665.0,593.1,728.2,719.8,0.759
302,player,608.3,531.1,683.3,720.0,0.738
302,player,111.2,395.7,184.9,555.4,0.707
302,player,25.0,309.6,67.1,419.7,0.666
302,player,1236.2,405.9,1279.4,514.8,0.63
302,player,110.3,338.4,156.9,432.8,0.586
302,player,806.5,322.1,846.5,429.8,0.579
302,player,712.2,392.4,756.6,548.8,0.565
302,player,579.9,404.4,626.4,507.7,0.518
302,player,654.1,439.6,697.2,572.5,0.456
302,player,422.1,360.9,468.2,487.0,0.392
302,player,377.1,377.5,470.4,541.8,0.387
302,player,379.2,378.9,428.1,490.9,0.368
302,player,378.5,377.9,435.7,541.0,0.302
302,player,794.0,306.1,825.6,408.6,0.285
302,player,423.0,361.7,460.8,449.0,0.273
302,ball,733.5,42.9,758.6,65.5,0.475
303,player,895.0,343.6,948.4,478.8,0.753
303,player,202.2,395.5,259.5,561.9,0.752
303,player,672.0,583.0,736.6,720.0,0.724
303,player,614.9,533.7,695.2,719.8,0.68
303,player,32.4,304.7,76.8,418.4,0.646
303,player,114.1,337.5,162.5,438.4,0.645
303,player,804.9,320.4,852.6,431.7,0.598
303,player,715.7,392.2,758.4,546.7,0.592
303,player,584.6,401.0,634.6,536.0,0.493
303,player,627.8,438.8,702.2,573.2,0.463
303,player,132.6,395.8,193.5,534.7,0.443
303,player,426.0,360.8,462.3,447.0,0.437
303,player,380.5,377.4,436.2,490.3,0.384
303,player,424.6,360.1,475.9,485.7,0.369
303,player,1240.2,390.8,1279.5,515.9,0.361
303,player,424.7,364.1,465.2,469.6,0.349
303,player,351.5,377.4,436.0,496.5,0.271
303,player,552.9,527.8,585.6,640.2,0.257
303,ball,734.4,47.4,759.5,70.6,0.675
304,player,210.9,394.9,269.1,559.9,0.822
304,player,899.1,344.2,954.1,477.8,0.756
304,player,678.4,580.1,741.8,720.0,0.748
304,player,617.8,530.7,701.2,720.0,0.705
304,player,41.4,306.5,84.0,418.2,0.651
304,player,587.3,405.2,639.0,512.6,0.641
304,player,120.9,339.0,165.1,440.0,0.631
304,player,720.5,390.1,762.6,532.2,0.574
304,player,811.8,315.8,856.1,432.8,0.544
304,player,634.9,437.5,706.2,572.6,0.543
304,player,131.7,395.0,203.3,552.3,0.536
304,player,428.8,358.3,465.1,450.0,0.511
304,player,351.9,377.6,475.1,539.6,0.442
304,player,428.7,358.7,468.6,480.3,0.388
304,player,802.2,311.4,832.6,408.9,0.34
304,player,661.6,440.0,705.6,571.8,0.313
304,player,148.3,397.5,201.0,518.2,0.299
304,player,350.3,376.6,440.2,536.2,0.296
304,ball,733.6,50.9,763.3,77.1,0.613
305,player,903.2,346.1,957.4,478.1,0.803
305,player,683.4,580.0,746.4,720.0,0.779
305,player,217.6,396.9,275.3,562.2,0.761
305,player,593.3,406.3,639.3,512.9,0.712
305,player,620.5,534.9,701.9,720.0,0.712
305,player,727.7,391.9,764.9,507.5,0.664
305,player,48.8,308.4,92.4,416.3,0.654
305,player,122.9,340.5,168.4,461.7,0.626
305,player,430.6,356.4,464.6,445.7,0.612
305,player,352.6,377.9,441.8,539.2,0.612
305,player,670.0,441.4,710.6,572.8,0.547
305,player,820.9,333.1,859.7,433.9,0.528
305,player,163.0,393.5,206.3,509.0,0.399
305,player,135.9,393.4,209.4,550.0,0.379
305,ball,731.8,54.7,759.1,79.3,0.621
306,player,903.1,346.1,957.4,478.2,0.805
306,player,683.4,579.9,746.4,720.0,0.778
306,player,217.6,396.9,275.3,562.2,0.761
306,player,593.3,406.3,639.3,512.9,0.712
306,player,620.5,534.8,701.8,720.0,0.711
306,player,727.7,391.9,765.0,507.3,0.66
306,player,48.9,308.2,92.4,416.3,0.657
306,player,122.9,340.5,168.4,461.6,0.627
306,player,430.5,356.4,464.6,445.8,0.612
306,player,352.6,377.9,441.9,539.1,0.609
306,player,670.0,441.4,710.6,572.9,0.544
306,player,821.0,333.3,859.7,433.8,0.521
306,player,163.1,393.5,206.3,507.9,0.408
306,player,136.1,393.4,209.5,550.0,0.361
306,ball,731.8,54.7,759.2,79.3,0.622
307,player,689.7,577.8,753.6,720.0,0.809
307,player,906.2,346.5,960.1,480.0,0.771
307,player,624.3,532.3,714.6,720.0,0.77
307,player,227.9,395.6,283.9,553.8,0.747
307,player,127.1,338.7,172.9,464.0,0.726
307,player,61.7,320.0,96.5,417.9,0.65
307,player,728.9,394.3,765.4,506.2,0.639
307,player,597.3,405.2,640.9,514.0,0.628
307,player,822.9,319.1,861.8,433.9,0.59
307,player,172.7,392.6,217.7,530.6,0.573
307,player,433.3,357.8,466.4,455.5,0.534
307,player,376.6,377.5,438.3,537.1,0.53
307,player,676.4,440.7,716.4,572.6,0.438
307,player,376.5,377.7,436.2,492.5,0.389
307,ball,731.3,64.1,756.8,88.6,0.665
308,player,129.6,341.8,176.4,463.6,0.786
308,player,910.2,348.5,963.4,479.4,0.785
308,player,695.3,579.5,757.5,720.0,0.768
308,player,232.4,395.2,288.4,555.8,0.761
308,player,628.7,534.0,692.0,720.0,0.721
308,player,378.1,377.4,441.5,539.2,0.626
308,player,728.8,397.7,766.1,511.2,0.602
308,player,65.9,317.1,102.5,418.6,0.59
308,player,825.0,320.6,864.6,434.6,0.585
308,player,436.8,356.6,468.2,449.9,0.571
308,player,182.2,392.5,221.6,520.6,0.558
308,player,682.1,443.3,722.4,569.9,0.546
308,player,600.0,406.4,643.0,512.6,0.544
308,player,434.2,353.4,469.1,477.6,0.465
308,player,159.9,390.9,223.4,535.2,0.362
308,ball,732.8,77.1,755.0,99.5,0.53
309,player,910.2,348.6,965.8,480.1,0.818
309,player,702.3,579.0,765.2,720.0,0.796
309,player,631.5,534.8,697.1,720.0,0.735
309,player,136.1,341.7,180.1,464.4,0.732
309,player,241.3,395.8,297.4,546.5,0.715
309,player,76.0,322.6,108.9,420.3,0.646
309,player,174.1,390.5,230.6,541.5,0.632
309,player,437.7,356.8,469.6,459.3,0.59
309,player,604.9,408.1,644.7,512.6,0.584
309,player,825.8,325.0,867.0,433.2,0.575
309,player,378.3,377.5,442.4,505.3,0.574
309,player,688.6,444.3,727.3,571.9,0.535
309,player,187.1,397.5,228.6,537.2,0.474
309,player,728.5,399.5,766.2,525.6,0.383
309,ball,730.9,83.1,753.0,106.2,0.413
310,player,250.2,396.3,302.4,548.6,0.764
310,player,706.5,577.8,770.6,720.0,0.76
310,player,911.8,345.7,968.3,478.3,0.755
310,player,632.3,532.9,698.2,720.0,0.724
310,player,139.4,341.1,189.0,465.9,0.71
310,player,438.5,357.8,471.2,451.9,0.642
310,player,81.8,321.4,116.0,422.0,0.625
310,player,194.5,392.7,237.2,534.3,0.598
310,player,381.7,376.3,442.4,491.3,0.58
310,player,830.1,327.6,868.8,432.3,0.553
310,player,607.6,408.0,646.8,512.3,0.541
310,player,691.6,442.4,729.9,569.0,0.514
310,player,732.5,399.4,767.5,510.2,0.398
310,ball,731.4,92.3,751.2,111.9,0.585
311,player,710.6,576.1,776.0,720.0,0.811
311,player,918.7,346.5,972.1,478.3,0.789
311,player,141.6,340.4,192.1,464.5,0.749
311,player,256.1,394.3,308.3,544.3,0.738
311,player,635.9,533.9,701.7,720.0,0.725
311,player,82.8,320.1,120.6,421.5,0.615
311,player,611.6,408.2,651.7,514.4,0.6
311,player,438.8,359.1,472.4,452.3,0.584
311,player,204.0,388.8,248.0,535.1,0.51
311,player,694.1,442.9,739.2,583.4,0.492
311,player,833.8,329.0,871.8,433.5,0.489
311,player,387.1,377.5,440.4,493.2,0.44
311,player,206.3,389.6,247.5,497.7,0.376
311,player,735.3,398.7,769.8,506.5,0.364
311,player,375.1,376.4,441.7,534.3,0.299
311,player,820.3,312.8,850.6,411.1,0.293
311,ball,731.5,102.1,751.1,121.4,0.773
312,player,710.6,576.1,776.0,720.0,0.812
312,player,918.6,346.4,972.1,478.3,0.785
312,player,141.6,340.4,192.1,464.6,0.749
312,player,256.1,394.3,308.3,544.4,0.738
312,player,635.8,533.9,701.7,720.0,0.724
312,player,82.7,320.0,120.6,421.5,0.615
312,player,611.6,408.2,651.7,514.4,0.598
312,player,438.9,359.1,472.4,452.3,0.58
312,player,203.9,388.8,248.0,535.3,0.513
312,player,694.2,442.9,739.2,583.4,0.491
312,player,833.9,329.1,871.8,433.5,0.483
312,player,387.1,377.5,440.4,493.3,0.441
312,player,206.3,389.6,247.5,497.7,0.377
312,player,735.3,398.7,769.8,506.4,0.361
312,player,375.0,376.5,441.6,534.3,0.3
312,player,820.3,312.4,850.8,411.3,0.295
312,ball,731.5,102.1,751.1,121.3,0.774
313,player,714.5,569.1,779.8,720.0,0.833
313,player,263.0,394.2,315.6,539.6,0.786
313,player,921.1,348.9,974.1,480.5,0.778
313,player,213.9,394.1,263.6,535.3,0.768
313,player,637.0,534.0,705.6,720.0,0.756
313,player,147.1,341.5,187.1,460.8,0.728
313,player,96.0,320.4,129.1,423.5,0.648
313,player,611.6,406.3,654.2,513.7,0.625
313,player,699.8,443.9,740.6,577.7,0.597
313,player,838.4,319.4,875.0,433.5,0.579
313,player,439.7,360.0,472.8,454.2,0.525
313,player,382.9,377.9,444.2,490.5,0.42
313,player,735.5,397.7,770.2,501.1,0.405
313,player,438.6,358.2,482.8,467.3,0.348
313,player,822.1,314.3,852.5,411.0,0.348
313,player,359.9,375.8,444.3,528.4,0.304
313,ball,731.1,119.1,751.1,139.4,0.745
314,player,921.8,349.4,976.9,481.3,0.818
314,player,717.5,562.7,783.9,720.0,0.784
314,player,640.5,532.8,708.6,720.0,0.763
314,player,268.7,393.1,320.7,534.8,0.76
314,player,147.8,337.8,190.0,461.0,0.754
314,player,221.4,388.1,270.7,533.5,0.74
314,player,613.7,405.6,658.9,547.6,0.62
314,player,842.2,319.4,876.9,433.0,0.554
314,player,439.2,361.8,473.6,454.4,0.534
314,player,702.6,443.5,742.5,575.5,0.519
314,player,101.3,320.7,136.0,419.2,0.511
314,player,735.1,397.7,773.4,550.8,0.463
314,player,586.7,525.6,616.4,639.3,0.39
314,player,824.4,314.5,853.6,411.1,0.35
314,player,438.9,359.6,483.9,465.4,0.347
314,player,735.7,398.1,771.1,506.9,0.342
314,player,380.4,379.9,460.0,538.6,0.318
314,player,382.5,379.3,446.9,490.6,0.311
314,ball,726.8,128.6,750.2,151.1,0.514
315,player,924.2,350.1,980.0,481.0,0.828
315,player,719.0,559.4,787.1,719.5,0.78
315,player,642.7,533.9,715.2,720.0,0.757
315,player,153.1,337.5,193.8,465.8,0.741
315,player,273.3,390.8,325.9,541.3,0.734
315,player,226.4,388.7,282.0,534.1,0.71
315,player,108.4,324.6,140.5,419.8,0.64
315,player,620.3,406.8,667.3,544.3,0.623
315,player,381.5,377.6,465.4,538.2,0.54
315,player,841.7,320.8,880.3,434.3,0.496
315,player,735.5,397.6,781.1,574.2,0.466
315,player,438.6,360.5,477.5,471.6,0.457
315,player,709.7,434.5,747.3,583.2,0.427
315,player,621.0,407.9,660.9,519.8,0.37
315,player,381.4,378.3,448.2,497.4,0.367
315,player,828.6,319.9,856.4,411.0,0.342
315,player,619.7,408.2,686.1,545.5,0.253
315,ball,729.5,141.6,749.6,160.3,0.524
316,player,282.9,390.1,332.6,537.1,0.859
316,player,645.4,532.3,724.9,720.0,0.782
316,player,722.9,549.7,791.9,719.9,0.778
316,player,926.1,348.6,983.4,481.7,0.76
316,player,156.6,337.7,200.5,465.3,0.721
316,player,231.8,385.8,289.6,532.0,0.638
316,player,843.6,319.4,883.7,434.1,0.56
316,player,621.4,406.1,669.7,547.5,0.532
316,player,115.2,323.3,147.3,417.8,0.518
316,player,381.6,377.5,462.5,533.5,0.5
316,player,380.5,378.7,446.8,496.5,0.44
316,player,440.8,363.8,474.5,453.0,0.432
316,player,831.0,315.6,858.6,410.0,0.384
316,player,723.0,400.0,778.9,581.1,0.328
316,player,440.3,361.9,482.9,475.4,0.305
316,player,833.4,318.7,871.5,426.1,0.287
316,ball,728.1,161.4,749.7,181.8,0.695
317,player,289.6,387.2,340.3,538.4,0.819
317,player,727.9,547.6,797.5,720.0,0.802
317,player,929.4,345.2,986.1,479.5,0.757
317,player,647.2,531.3,726.8,720.0,0.742
317,player,159.7,335.5,201.2,466.4,0.735
317,player,116.3,316.1,152.4,417.2,0.653
317,player,236.7,389.8,297.3,531.9,0.651
317,player,383.8,375.1,446.9,493.5,0.62
317,player,623.8,408.8,674.8,513.6,0.608
317,player,851.9,320.0,885.9,432.6,0.486
317,player,443.9,362.2,473.7,456.0,0.442
317,player,441.3,361.2,482.7,480.3,0.417
317,player,834.6,311.6,863.1,410.5,0.378
317,player,438.9,366.4,493.5,487.5,0.353
317,player,717.7,418.6,755.8,568.9,0.349
317,player,734.7,399.9,784.6,559.5,0.336
317,player,719.3,413.6,769.2,568.1,0.306
317,player,384.7,375.4,462.0,521.4,0.276
317,ball,724.0,176.9,743.4,195.4,0.581
318,player,289.6,387.2,340.3,538.5,0.819
318,player,727.9,547.6,797.5,720.0,0.803
318,player,929.9,345.2,986.0,479.2,0.76
318,player,647.2,531.4,726.6,720.0,0.743
318,player,159.6,335.5,201.2,466.5,0.736
318,player,116.3,316.1,152.4,417.2,0.653
318,player,236.7,389.8,297.2,531.8,0.65
318,player,383.8,375.1,446.9,493.5,0.621
318,player,623.8,408.9,675.0,513.7,0.611
318,player,851.9,320.3,885.9,432.6,0.488
318,player,443.9,362.2,473.7,456.0,0.441
318,player,441.3,361.2,482.6,480.3,0.417
318,player,834.6,311.6,863.1,410.5,0.38
318,player,438.9,366.4,493.5,487.5,0.352
318,player,717.7,418.9,755.8,568.8,0.349
318,player,734.9,399.9,784.6,559.3,0.335
318,player,719.3,413.9,768.9,568.0,0.303
318,player,384.8,375.5,461.9,520.9,0.279
318,ball,724.0,176.9,743.4,195.4,0.58
319,player,293.3,386.3,347.7,537.1,0.8
319,player,731.7,545.5,802.0,718.0,0.786
319,player,935.0,349.2,989.7,480.5,0.772
319,player,649.6,530.6,727.3,720.0,0.724
319,player,164.6,335.7,201.1,464.9,0.72
319,player,241.0,388.8,303.7,531.3,0.692
319,player,384.5,374.9,446.9,493.9,0.684
319,player,627.7,406.2,671.6,545.1,0.618
319,player,128.1,320.2,158.6,419.6,0.61
319,player,854.6,326.0,889.0,434.4,0.592
319,player,442.7,361.7,475.5,466.6,0.502
319,player,837.0,310.0,867.2,409.5,0.455
319,player,439.6,365.6,490.8,485.2,0.334
319,player,730.6,404.2,784.8,555.8,0.286
319,player,385.7,375.0,455.5,523.7,0.274
319,ball,721.7,194.2,745.5,215.3,0.762
320,player,735.2,546.5,806.0,720.0,0.792
320,player,648.2,529.8,728.5,719.6,0.774
320,player,165.8,335.8,205.3,464.5,0.769
320,player,939.9,350.8,991.0,481.8,0.756
320,player,297.5,387.0,358.5,541.9,0.75
320,player,386.5,374.2,447.4,492.6,0.657
320,player,134.4,325.9,163.0,419.3,0.614
320,player,628.5,405.1,674.4,512.5,0.587
320,player,856.3,322.0,891.9,433.1,0.579
320,player,725.1,403.1,784.4,570.9,0.558
320,player,246.8,389.7,314.4,528.8,0.554
320,player,443.8,361.5,484.4,479.2,0.498
320,player,386.9,374.5,456.7,527.4,0.402
320,player,445.5,361.2,475.5,466.2,0.39
320,player,839.5,313.2,868.1,410.2,0.369
320,player,271.7,388.7,310.6,486.6,0.274
320,player,709.7,405.3,722.1,429.4,0.26
320,ball,722.1,215.8,742.8,235.5,0.619
321,player,940.8,351.2,994.0,479.8,0.804
321,player,742.6,546.1,808.1,717.6,0.773
321,player,166.9,335.6,208.0,460.2,0.761
321,player,644.4,531.6,729.5,717.9,0.746
321,player,299.3,388.4,360.9,537.1,0.706
321,player,858.6,320.5,895.3,436.0,0.621
321,player,636.3,408.0,676.8,513.0,0.612
321,player,385.9,374.8,448.5,493.5,0.605
321,player,252.1,389.2,318.0,529.7,0.602
321,player,444.2,362.5,479.7,457.3,0.491
321,player,135.5,321.6,168.8,416.0,0.484
321,player,723.5,403.6,780.3,574.4,0.42
321,player,387.3,378.2,452.1,532.8,0.315
321,player,276.0,388.3,315.1,480.5,0.292
321,player,441.3,365.8,486.0,489.7,0.277
321,ball,719.6,234.3,742.8,256.1,0.661
322,player,942.2,350.7,997.3,480.3,0.816
322,player,747.0,545.6,808.6,717.5,0.791
322,player,165.2,334.5,212.3,460.2,0.715
322,player,638.4,529.0,734.5,716.3,0.711
322,player,298.1,386.1,368.0,533.7,0.644
322,player,859.8,322.3,898.3,435.7,0.623
322,player,637.2,409.1,680.2,512.3,0.601
322,player,402.1,374.9,449.5,497.7,0.538
322,player,310.7,388.8,384.0,533.4,0.519
322,player,440.7,360.8,478.2,465.7,0.515
322,player,393.9,374.4,449.9,524.9,0.483
322,player,145.2,323.4,175.2,419.0,0.453
322,player,722.8,404.3,780.9,579.0,0.433
322,player,260.5,387.7,324.7,529.0,0.412
322,player,435.6,365.6,481.0,487.9,0.316
322,player,446.1,362.4,475.7,454.8,0.275
322,player,844.9,318.8,870.5,409.8,0.27
322,ball,717.4,252.4,738.7,273.3,0.409
323,player,750.9,543.9,808.5,719.0,0.781
323,player,942.9,348.8,999.0,479.9,0.749
323,player,162.3,332.3,215.0,458.9,0.677
323,player,647.4,527.6,739.5,719.4,0.669
323,player,731.3,402.3,775.4,563.1,0.656
323,player,395.2,375.3,450.6,528.5,0.638
323,player,858.1,334.6,899.2,433.8,0.582
323,player,635.5,408.4,684.7,512.9,0.535
323,player,319.6,388.2,372.5,530.9,0.525
323,player,264.8,388.3,344.4,536.1,0.505
323,player,439.4,360.4,475.4,457.9,0.453
323,player,397.6,374.8,447.3,493.3,0.391
323,player,437.7,366.1,477.4,495.1,0.375
323,player,714.9,390.8,738.0,425.3,0.361
323,player,848.6,335.3,874.0,409.4,0.252
324,player,750.9,543.9,808.5,719.0,0.781
324,player,942.9,348.8,999.1,480.0,0.751
324,player,162.2,332.3,215.1,458.9,0.675
324,player,647.4,527.6,739.6,719.3,0.668
324,player,731.3,402.3,775.5,563.0,0.65
324,player,395.3,375.3,450.5,528.4,0.635
324,player,858.4,334.3,899.3,433.9,0.588
324,player,635.1,408.4,684.7,512.9,0.528
324,player,319.6,388.2,372.5,530.9,0.527
324,player,264.9,388.3,344.4,536.3,0.504
324,player,439.4,360.5,475.4,457.6,0.458
324,player,397.7,374.7,447.2,493.3,0.397
324,player,437.8,366.1,477.4,495.1,0.371
324,player,714.9,390.8,738.0,425.3,0.363
324,player,848.6,334.6,873.8,409.2,0.253
325,player,754.6,538.3,810.0,717.7,0.789
325,player,943.7,348.4,1001.3,479.6,0.757
325,player,159.4,332.9,219.2,459.2,0.744
325,player,645.5,528.5,746.4,718.4,0.641
325,player,639.8,408.4,686.6,512.9,0.544
325,player,312.7,387.0,371.4,531.6,0.54
325,player,400.1,374.3,447.5,510.6,0.53
325,player,859.4,333.4,900.0,433.7,0.519
325,player,731.7,401.0,776.2,563.3,0.494
325,player,272.6,386.8,347.7,532.1,0.479
325,player,438.5,360.0,475.3,457.0,0.434
325,player,436.7,365.2,476.3,494.6,0.35
325,player,715.8,390.3,737.7,425.6,0.31
325,player,284.3,387.4,336.5,526.0,0.265
325,ball,715.4,295.3,738.7,318.3,0.57
326,player,754.8,536.6,813.2,720.0,0.788
326,player,945.1,349.2,1001.8,479.0,0.786
326,player,160.2,335.3,221.0,459.9,0.714
326,player,652.1,528.8,745.2,718.7,0.703
326,player,642.3,406.3,689.9,514.6,0.635
326,player,316.7,386.1,373.4,533.5,0.607
326,player,389.2,373.4,446.1,505.6,0.602
326,player,734.3,400.3,778.2,562.6,0.51
326,player,862.4,332.2,901.6,433.9,0.474
326,player,439.0,360.6,474.8,461.7,0.459
326,player,296.4,387.3,338.5,507.1,0.393
326,player,155.4,329.0,185.7,418.3,0.374
326,player,435.2,364.7,478.3,497.8,0.351
326,player,615.8,510.4,648.7,634.6,0.289
326,player,849.4,319.9,875.8,409.9,0.278
326,player,851.0,321.5,901.4,433.7,0.253
326,ball,709.3,316.3,734.9,341.4,0.457
327,player,758.5,534.7,815.6,720.0,0.788
327,player,946.1,349.9,1003.2,478.6,0.78
327,player,669.4,528.1,744.6,719.6,0.76
327,player,161.3,332.9,222.1,459.2,0.751
327,player,386.3,372.5,448.0,511.9,0.681
327,player,643.1,405.3,688.7,511.3,0.597
327,player,437.4,361.1,479.2,495.9,0.559
327,player,311.5,386.5,380.2,531.7,0.522
327,player,732.3,400.2,780.1,585.5,0.449
327,player,865.6,332.7,902.2,433.7,0.428
327,player,321.6,386.2,397.2,532.7,0.381
327,player,850.0,321.7,876.2,409.5,0.31
327,player,297.7,384.0,344.1,523.6,0.282
327,ball,707.2,341.5,730.4,364.4,0.286
328,player,162.1,329.7,222.3,458.9,0.794
328,player,670.6,527.0,745.7,719.5,0.779
328,player,762.4,534.6,815.9,718.3,0.773
328,player,948.3,350.0,1003.4,478.4,0.771
328,player,383.9,370.7,445.2,491.4,0.648
328,player,431.4,360.4,483.6,496.7,0.639
328,player,643.4,405.2,689.0,511.1,0.6
328,player,309.1,385.1,380.1,528.1,0.485
328,player,311.2,383.7,408.0,524.7,0.445
328,player,867.7,329.4,905.2,433.6,0.337
328,player,734.1,429.8,783.4,563.5,0.334
328,player,850.2,320.6,876.6,409.7,0.318
328,player,731.5,400.4,774.3,476.6,0.286
328,player,855.9,326.6,902.7,434.0,0.258
328,ball,704.2,366.9,728.3,389.4,0.686
329,player,165.1,331.7,222.4,458.5,0.812
329,player,947.7,350.9,1004.2,478.0,0.768
329,player,762.6,531.1,818.3,716.4,0.73
329,player,668.0,523.9,748.0,719.1,0.722
329,player,383.1,370.4,443.3,524.3,0.674
329,player,644.0,405.8,688.8,511.4,0.616
329,player,429.0,362.5,485.5,497.3,0.583
329,player,315.9,387.6,382.3,525.7,0.555
329,player,314.7,384.3,350.5,489.1,0.438
329,player,315.1,384.4,363.5,520.5,0.399
329,player,727.4,399.5,773.1,502.6,0.352
329,player,868.6,324.5,906.0,433.6,0.3
329,ball,699.2,391.2,722.4,413.3,0.647
329,ball,379.6,406.4,400.7,425.1,0.37
330,player,164.7,331.5,222.3,458.4,0.785
330,player,947.9,350.9,1004.2,478.1,0.768
330,player,762.6,531.1,818.3,716.3,0.729
330,player,667.9,523.9,748.0,719.1,0.72
330,player,383.1,370.4,443.3,524.2,0.674
330,player,643.9,405.8,688.8,511.5,0.619
330,player,429.1,362.4,485.6,497.3,0.585
330,player,315.7,387.6,382.3,525.8,0.554
330,player,314.7,384.3,350.5,489.0,0.432
330,player,315.1,384.4,363.6,520.5,0.399
330,player,727.3,399.5,773.1,502.6,0.353
330,player,868.6,324.6,906.0,433.6,0.299
330,ball,699.2,391.2,722.4,413.3,0.648
330,ball,379.6,406.4,400.7,425.2,0.369
331,player,949.0,351.1,1004.5,477.8,0.771
331,player,165.9,327.6,223.3,458.2,0.76
331,player,763.4,530.8,819.6,709.2,0.712
331,player,669.3,525.3,752.4,713.8,0.708
331,player,647.7,405.8,690.1,548.4,0.635
331,player,392.8,372.3,443.3,524.0,0.613
331,player,430.3,364.4,485.6,499.0,0.611
331,player,319.3,382.9,383.0,521.7,0.6
331,player,724.6,399.3,768.8,502.9,0.424
331,player,619.0,520.3,648.9,634.8,0.326
331,player,851.7,320.0,879.8,409.9,0.303
331,player,743.2,434.6,788.0,562.9,0.262
331,ball,699.8,399.6,723.4,422.5,0.5
332,player,954.7,351.9,1004.9,478.6,0.787
332,player,166.6,329.4,222.2,458.1,0.776
332,player,679.1,523.0,752.0,716.1,0.733
332,player,321.7,381.4,384.0,519.1,0.703
332,player,762.9,530.8,820.6,705.5,0.689
332,player,650.9,405.9,690.6,550.0,0.634
332,player,426.5,364.4,488.3,496.6,0.488
332,player,724.4,399.7,768.9,505.1,0.48
332,player,392.7,374.9,446.1,521.8,0.449
332,player,649.0,406.6,689.2,513.9,0.358
332,player,852.0,319.6,880.2,410.0,0.357
332,player,619.1,522.5,648.9,634.8,0.317
332,player,872.4,322.9,908.1,433.9,0.286
332,ball,701.2,403.2,724.0,424.0,0.641
333,player,955.2,351.5,1005.2,478.7,0.821
333,player,167.5,329.4,221.0,456.9,0.769
333,player,765.8,528.6,831.6,711.7,0.662
333,player,324.0,383.4,384.3,521.3,0.649
333,player,676.7,522.3,757.2,711.9,0.639
333,player,393.5,372.0,445.3,522.9,0.577
333,player,652.4,405.8,692.0,551.3,0.542
333,player,723.9,400.0,768.2,507.2,0.509
333,player,428.8,365.8,489.4,495.4,0.498
333,player,872.3,318.3,907.8,434.0,0.361
333,player,853.1,318.1,880.8,410.4,0.316
333,ball,702.7,408.2,726.5,429.5,0.615
334,player,955.0,351.5,1005.7,479.0,0.817
334,player,167.5,329.2,219.3,455.2,0.749
334,player,765.5,528.4,833.0,704.8,0.69
334,player,665.8,526.5,759.6,708.7,0.683
334,player,328.8,383.1,385.6,520.9,0.681
334,player,653.9,406.6,693.0,548.4,0.595
334,player,720.6,399.4,764.8,515.0,0.553
334,player,393.5,369.2,448.6,519.3,0.513
334,player,428.0,366.0,488.2,496.4,0.448
334,player,746.3,433.4,796.5,560.3,0.389
334,player,872.5,316.0,908.5,434.0,0.384
334,player,853.9,317.8,881.6,410.5,0.313
334,player,621.8,520.7,650.3,631.2,0.291
334,ball,704.0,413.9,728.3,434.9,0.583
335,player,955.3,351.4,1006.2,479.3,0.831
335,player,766.4,525.6,835.2,707.0,0.755
335,player,647.9,503.6,763.8,708.1,0.753
335,player,167.1,328.5,216.8,454.9,0.738
335,player,332.1,377.6,391.4,516.2,0.727
335,player,391.9,369.0,454.3,519.9,0.538
335,player,655.7,406.7,693.5,550.6,0.538
335,player,722.0,399.2,763.9,504.5,0.531
335,player,747.3,434.3,800.0,558.7,0.435
335,player,872.4,316.5,908.8,433.9,0.41
335,player,854.2,318.2,882.1,411.3,0.312
335,ball,707.1,416.3,730.1,436.7,0.673
336,player,955.3,351.4,1006.2,479.4,0.832
336,player,766.4,525.5,835.2,706.8,0.754
336,player,648.1,503.7,763.8,708.1,0.753
336,player,167.0,328.4,216.8,454.9,0.738
336,player,332.1,377.6,391.3,516.2,0.727
336,player,655.7,406.7,693.5,550.6,0.541
336,player,392.1,369.1,454.1,519.9,0.538
336,player,722.0,399.2,763.9,504.5,0.532
336,player,747.4,434.4,800.0,558.7,0.436
336,player,872.4,316.5,908.8,433.8,0.409
336,player,854.2,318.2,882.1,411.3,0.312
336,ball,707.1,416.3,730.1,436.7,0.674
337,player,955.7,351.0,1006.2,478.9,0.847
337,player,770.7,522.2,837.9,701.5,0.775
337,player,164.8,326.8,211.3,451.9,0.734
337,player,334.5,378.2,391.4,517.7,0.717
337,player,641.3,501.8,764.2,703.2,0.701
337,player,653.8,405.6,695.6,553.4,0.634
337,player,393.7,366.8,458.1,518.5,0.593
337,player,718.8,398.1,763.9,504.3,0.533
337,player,751.4,437.4,801.3,553.2,0.469
337,player,871.0,317.3,907.9,433.3,0.408
337,player,854.0,317.4,882.2,412.4,0.269
337,ball,712.3,421.6,733.0,441.6,0.82
338,player,955.7,350.6,1006.1,477.9,0.858
338,player,772.5,520.9,838.3,694.5,0.808
338,player,335.7,375.3,394.5,516.1,0.74
338,player,651.8,503.0,763.8,702.2,0.705
338,player,395.8,363.7,456.1,513.2,0.704
338,player,164.2,326.1,212.1,450.0,0.687
338,player,651.2,404.7,696.1,550.1,0.673
338,player,717.3,398.7,763.3,506.7,0.657
338,player,867.6,315.6,907.9,433.1,0.423
338,player,755.0,436.5,806.1,552.7,0.402
338,player,691.6,517.8,761.8,701.2,0.369
338,player,853.7,316.2,894.9,427.8,0.273
338,ball,713.9,423.8,734.7,443.5,0.812
339,player,955.2,350.6,1006.0,477.6,0.859
339,player,772.7,517.4,838.6,688.7,0.796
339,player,337.2,375.5,396.4,515.2,0.701
339,player,396.2,362.4,455.1,511.1,0.695
339,player,651.1,404.6,696.7,548.1,0.648
339,player,695.5,504.5,763.0,699.9,0.64
339,player,717.3,398.1,761.2,506.5,0.623
339,player,163.5,327.3,205.8,450.3,0.611
339,player,867.0,312.2,908.7,433.2,0.398
339,player,656.8,502.2,763.5,698.7,0.391
339,player,749.9,435.3,806.1,561.3,0.383
339,player,853.5,316.1,900.8,429.9,0.269
339,ball,716.2,424.5,738.3,445.3,0.832
340,player,955.1,350.5,1005.9,477.2,0.857
340,player,773.0,515.6,837.1,686.2,0.765
340,player,337.2,375.1,395.4,515.6,0.704
340,player,396.5,361.2,452.7,508.6,0.7
340,player,697.3,507.4,762.7,698.0,0.677
340,player,651.3,403.4,696.6,546.7,0.674
340,player,717.9,399.2,759.9,508.5,0.671
340,player,158.8,327.4,201.8,451.3,0.61
340,player,753.3,444.6,806.8,573.2,0.33
340,player,870.3,316.4,908.8,432.9,0.32
340,player,672.1,504.4,763.6,696.3,0.298
340,player,853.1,317.2,883.7,413.3,0.263
340,player,853.1,317.9,901.3,430.3,0.258
340,ball,718.1,426.8,742.3,449.6,0.644
341,player,955.5,351.1,1005.8,477.0,0.85
341,player,775.4,514.7,836.4,684.9,0.743
341,player,651.7,403.4,696.5,543.6,0.739
341,player,698.6,504.2,764.1,697.4,0.728
341,player,399.6,360.4,452.5,511.3,0.725
341,player,157.9,327.0,202.1,450.7,0.692
341,player,338.1,374.3,402.9,515.5,0.692
341,player,717.1,400.2,757.2,510.5,0.602
341,player,192.1,330.5,220.1,417.1,0.45
341,player,869.5,315.7,908.9,433.2,0.306
341,player,757.3,431.3,810.0,590.1,0.272
341,player,852.8,317.6,883.7,413.5,0.251
341,ball,717.3,427.2,742.9,450.2,0.546
342,player,955.6,351.1,1005.7,477.0,0.851
342,player,775.3,514.6,836.4,684.9,0.744
342,player,651.7,403.4,696.5,543.6,0.74
342,player,399.6,360.5,452.5,511.2,0.727
342,player,698.6,504.2,764.2,697.5,0.725
342,player,338.1,374.2,403.1,515.5,0.693
342,player,157.8,327.0,202.1,450.9,0.692
342,player,717.1,400.2,757.2,510.5,0.602
342,player,192.1,330.5,220.1,417.1,0.449
342,player,869.6,315.8,908.8,433.2,0.305
342,player,757.6,437.5,807.7,582.3,0.275
342,player,852.8,317.6,883.8,413.5,0.254
342,ball,717.3,427.2,742.9,450.3,0.546
343,player,955.3,351.1,1005.7,477.3,0.847
343,player,700.8,502.5,765.3,697.0,0.756
343,player,776.3,512.3,836.8,683.2,0.75
343,player,398.2,359.2,453.6,515.6,0.716
343,player,655.3,403.8,696.8,541.5,0.696
343,player,156.2,327.0,200.0,450.1,0.687
343,player,342.9,373.9,394.8,513.3,0.639
343,player,716.2,400.0,756.4,509.5,0.562
343,player,193.0,331.3,220.9,418.0,0.511
343,player,857.8,313.7,908.7,432.0,0.338
343,player,748.2,327.5,775.2,397.5,0.284
343,player,693.8,335.2,725.5,411.2,0.261
343,player,760.4,433.7,809.6,587.8,0.255
343,ball,716.0,427.4,742.6,451.0,0.487
343,ball,721.1,430.3,749.3,452.7,0.272
344,player,955.2,351.0,1005.6,477.3,0.842
344,player,776.0,511.7,835.8,682.2,0.764
344,player,702.4,502.8,766.7,697.2,0.736
344,player,153.5,327.7,198.8,448.3,0.674
344,player,393.6,360.7,453.1,507.0,0.674
344,player,657.7,403.6,696.9,541.2,0.658
344,player,343.9,372.5,397.7,512.5,0.644
344,player,193.2,331.9,221.0,418.1,0.548
344,player,715.6,400.1,755.4,506.6,0.531
344,player,693.6,338.5,729.4,410.1,0.447
344,player,749.5,323.3,779.6,403.6,0.445
344,player,857.0,312.4,908.8,432.1,0.37
344,player,764.1,428.6,811.9,555.9,0.279
344,player,852.1,315.5,885.2,414.6,0.256
344,ball,715.2,431.4,743.0,456.7,0.317
344,ball,720.9,431.9,749.6,455.4,0.268
345,player,955.3,351.3,1005.5,477.4,0.837
345,player,775.0,512.4,834.7,683.2,0.783
345,player,702.4,506.0,762.0,696.9,0.742
345,player,658.3,405.3,697.6,541.9,0.688
345,player,148.3,327.2,200.1,446.4,0.685
345,player,394.5,360.3,453.8,514.1,0.657
345,player,346.2,372.0,404.1,509.8,0.647
345,player,714.8,399.9,755.1,510.6,0.6
345,player,193.4,331.3,223.4,419.0,0.54
345,player,752.3,322.8,783.2,408.8,0.414
345,player,855.7,313.6,908.6,432.3,0.405
345,player,695.9,340.5,732.6,409.3,0.305
345,player,851.9,315.5,889.1,415.8,0.267
345,player,766.0,429.7,811.6,550.8,0.254
345,ball,717.9,437.2,743.0,460.2,0.624
346,player,955.2,351.4,1005.2,477.0,0.817
346,player,776.3,511.2,834.0,682.6,0.754
346,player,702.0,509.0,760.0,696.0,0.742
346,player,149.5,327.8,200.0,446.2,0.719
346,player,657.7,405.6,698.2,542.3,0.698
346,player,393.2,361.0,452.2,509.4,0.667
346,player,355.0,370.9,404.6,507.3,0.654
346,player,194.5,331.0,225.3,422.0,0.585
346,player,713.7,399.8,755.4,527.9,0.533
346,player,755.9,324.5,786.1,409.5,0.474
346,player,853.7,314.6,907.6,432.1,0.459
346,player,768.1,427.0,811.2,552.1,0.343
346,ball,719.6,438.7,745.5,462.2,0.671
347,player,951.1,351.3,1005.2,475.2,0.807
347,player,701.3,506.7,758.9,695.6,0.762
347,player,774.8,510.5,833.3,682.7,0.758
347,player,150.2,326.8,197.2,447.0,0.713
347,player,356.2,371.5,406.8,504.8,0.689
347,player,657.6,405.0,698.6,541.0,0.689
347,player,395.0,361.2,450.2,508.9,0.671
347,player,763.4,325.8,798.9,413.2,0.575
347,player,195.3,329.6,226.3,421.5,0.516
347,player,711.9,399.1,754.4,516.8,0.496
347,player,852.5,314.4,907.2,432.0,0.491
347,ball,720.7,438.2,745.4,461.5,0.456
348,player,951.0,351.3,1005.2,475.3,0.807
348,player,701.3,506.8,758.9,695.7,0.762
348,player,774.9,510.5,833.5,682.6,0.759
348,player,150.2,326.8,197.3,447.0,0.709
348,player,657.6,405.0,698.6,541.0,0.69
348,player,356.2,371.5,406.8,504.7,0.688
348,player,395.0,361.2,450.2,508.9,0.672
348,player,763.3,325.8,798.9,413.3,0.573
348,player,195.2,329.6,226.3,421.5,0.518
348,player,711.9,399.1,754.4,517.1,0.497
348,player,852.5,314.4,907.2,431.9,0.492
348,ball,720.7,438.2,745.4,461.5,0.455
349,player,951.1,351.2,1004.9,474.8,0.808
349,player,773.9,511.7,832.9,681.7,0.771
349,player,698.6,509.2,760.7,695.2,0.764
349,player,149.0,325.1,196.6,448.7,0.736
349,player,358.6,371.9,406.8,507.7,0.712
349,player,396.7,363.4,451.2,509.2,0.683
349,player,658.4,404.7,698.2,539.3,0.633
349,player,765.9,326.4,800.4,413.0,0.63
349,player,852.5,314.4,907.4,431.8,0.507
349,player,195.2,329.7,226.7,420.7,0.484
349,player,711.1,398.9,753.6,515.1,0.434
349,ball,720.0,439.8,743.8,462.7,0.334
350,player,950.9,350.3,1004.5,474.5,0.811
350,player,770.9,510.6,832.3,679.8,0.782
350,player,697.6,505.0,760.5,694.8,0.756
350,player,143.4,323.5,193.5,447.4,0.714
350,player,361.4,370.6,407.3,508.7,0.701
350,player,396.6,364.5,451.7,507.9,0.639
350,player,196.0,329.0,227.9,419.9,0.609
350,player,769.3,328.5,803.4,410.0,0.606
350,player,658.8,404.8,699.1,538.2,0.599
350,player,852.0,313.0,908.0,431.6,0.543
350,player,710.7,395.6,751.7,513.2,0.486
350,ball,720.4,440.0,745.1,463.2,0.296
350,ball,719.9,443.5,743.1,466.6,0.291
351,player,949.3,349.2,1004.2,475.0,0.814
351,player,696.1,502.0,759.6,694.2,0.76
351,player,770.8,509.9,831.6,674.8,0.758
351,player,141.0,322.1,193.0,446.6,0.722
351,player,362.1,369.5,405.0,506.2,0.68
351,player,195.4,329.6,231.2,420.5,0.658
351,player,392.7,363.9,446.7,507.7,0.605
351,player,770.9,331.1,803.3,411.7,0.571
351,player,659.7,404.3,699.4,530.0,0.57
351,player,852.2,313.8,907.4,431.3,0.487
351,player,711.0,396.7,750.0,524.5,0.408
351,ball,721.0,439.5,745.1,462.4,0.258
352,player,947.0,347.7,1004.1,476.0,0.803
352,player,139.7,325.0,188.6,447.6,0.786
352,player,698.6,502.5,758.2,692.8,0.779
352,player,772.6,508.8,831.4,669.4,0.748
352,player,196.5,329.3,229.5,420.2,0.673
352,player,391.4,363.6,447.8,507.5,0.673
352,player,362.7,368.1,403.5,506.1,0.651
352,player,659.8,404.3,700.1,536.8,0.551
352,player,709.8,399.8,747.9,515.5,0.51
352,player,852.0,314.0,906.5,431.6,0.456
352,player,774.7,330.7,805.0,411.8,0.406
352,ball,721.2,438.1,746.3,461.6,0.269
353,player,945.8,347.0,1003.6,474.9,0.799
353,player,698.7,501.7,757.8,692.3,0.775
353,player,138.1,325.6,189.7,443.7,0.763
353,player,773.8,505.9,830.7,667.0,0.757
353,player,363.7,367.9,403.4,505.7,0.644
353,player,198.0,331.2,228.1,419.7,0.623
353,player,392.8,363.6,446.5,506.5,0.61
353,player,661.3,403.5,699.3,514.4,0.486
353,player,709.3,400.0,747.5,513.7,0.47
353,player,780.1,330.6,808.1,409.7,0.407
353,player,852.5,319.6,903.7,431.2,0.394
353,ball,721.5,437.1,746.8,461.2,0.424
354,player,945.8,347.0,1003.6,474.9,0.798
354,player,698.7,501.6,757.8,692.3,0.775
354,player,138.1,325.6,189.6,444.1,0.764
354,player,773.8,505.6,830.6,667.0,0.756
354,player,363.6,367.8,403.5,505.6,0.648
354,player,198.1,331.1,228.1,419.7,0.621
354,player,392.9,363.7,446.4,506.4,0.608
354,player,661.3,403.4,699.2,514.3,0.484
354,player,709.3,400.0,747.5,513.8,0.467
354,player,780.1,330.6,808.1,409.8,0.407
354,player,855.0,317.3,905.0,430.7,0.392
354,player,849.6,316.5,898.2,417.4,0.251
354,ball,721.5,437.1,746.8,461.2,0.425
355,player,774.4,505.5,831.5,661.6,0.802
355,player,699.9,499.8,757.8,692.6,0.793
355,player,944.1,346.0,1003.5,473.8,0.788
355,player,137.7,323.9,186.8,442.1,0.766
355,player,364.4,367.6,405.1,505.6,0.659
355,player,198.3,329.7,226.8,418.4,0.605
355,player,394.4,362.9,444.1,505.9,0.565
355,player,664.2,401.9,697.3,507.5,0.517
355,player,710.0,399.1,747.2,511.8,0.495
355,player,782.7,326.6,813.3,405.5,0.49
355,player,856.6,321.1,901.8,428.3,0.445
355,player,744.7,348.2,770.9,415.9,0.326
355,player,850.8,321.4,876.5,409.4,0.263
355,ball,721.2,434.8,746.7,459.9,0.485
356,player,776.7,501.2,831.9,658.0,0.799
356,player,136.2,320.3,182.5,440.2,0.798
356,player,699.5,497.4,757.8,691.7,0.795
356,player,943.7,344.6,1004.2,472.7,0.756
356,player,362.8,367.4,403.1,502.3,0.672
356,player,197.6,328.6,226.8,417.6,0.63
356,player,393.9,361.1,440.8,504.0,0.537
356,player,784.4,326.8,816.6,412.2,0.497
356,player,853.0,319.4,901.9,428.4,0.493
356,player,710.3,396.7,748.0,506.9,0.484
356,player,664.3,401.2,697.5,502.7,0.355
356,player,747.7,347.2,777.2,416.9,0.343
356,player,848.7,320.6,890.7,417.1,0.286
356,player,863.4,318.3,905.9,424.7,0.277
356,player,849.9,320.8,877.7,407.4,0.27
356,ball,720.8,433.3,747.9,459.0,0.622
357,player,777.8,498.7,832.1,652.8,0.808
357,player,943.3,347.7,1004.3,473.2,0.788
357,player,134.2,318.1,183.3,434.0,0.783
357,player,698.1,497.9,758.0,689.0,0.761
357,player,198.4,329.0,226.3,416.0,0.67
357,player,364.5,367.0,402.9,501.4,0.639
357,player,852.2,320.0,900.2,426.1,0.513
357,player,789.0,327.8,820.0,417.9,0.501
357,player,661.8,398.8,698.1,532.4,0.457
357,player,395.9,359.5,446.7,494.9,0.441
357,player,712.1,395.8,749.2,501.5,0.437
357,player,749.3,343.8,786.9,417.2,0.316
357,player,411.4,363.1,449.0,481.4,0.295
357,player,850.1,320.9,879.1,409.2,0.261
357,ball,720.4,432.9,748.5,460.1,0.619
358,player,778.5,497.1,832.8,650.0,0.815
358,player,943.0,346.8,1003.6,472.5,0.804
358,player,134.6,317.3,178.0,438.1,0.768
358,player,697.6,498.1,758.0,687.7,0.75
358,player,198.3,328.6,227.2,415.9,0.68
358,player,363.6,364.2,402.6,500.1,0.677
358,player,794.3,328.8,824.4,419.7,0.564
358,player,662.2,398.2,698.5,530.8,0.564
358,player,852.7,320.0,899.9,427.0,0.538
358,player,711.9,394.7,750.1,503.1,0.515
358,player,393.3,359.6,445.6,493.4,0.423
358,player,411.8,361.6,449.9,471.8,0.302
358,player,784.2,429.5,824.6,517.8,0.271
358,player,848.3,318.8,882.3,408.4,0.259
358,ball,721.8,430.9,748.3,456.1,0.652
359,player,775.5,495.9,833.7,648.5,0.811
359,player,942.8,345.2,1003.1,471.0,0.799
359,player,697.7,494.5,760.3,687.0,0.735
359,player,133.6,317.4,176.5,437.1,0.72
359,player,362.2,362.4,403.1,501.5,0.718
359,player,199.5,326.7,227.4,414.9,0.678
359,player,662.4,396.7,697.7,531.5,0.602
359,player,712.1,394.5,750.5,498.8,0.506
359,player,799.1,328.5,827.5,418.1,0.488
359,player,394.9,359.1,437.4,497.7,0.409
359,player,786.8,421.3,825.5,515.1,0.381
359,player,850.7,317.7,899.1,424.1,0.325
359,player,411.1,360.9,449.5,471.4,0.304
359,player,398.4,359.5,451.2,488.3,0.297
359,player,848.0,317.5,876.0,406.1,0.291
359,ball,722.8,430.0,747.5,454.2,0.565
359,ball,670.5,430.9,693.3,451.9,0.254
360,player,775.5,495.9,833.7,648.4,0.812
360,player,942.8,345.3,1002.9,471.0,0.798
360,player,697.7,494.7,760.3,687.0,0.734
360,player,133.5,317.5,176.5,437.2,0.723
360,player,362.2,362.5,403.1,501.3,0.715
360,player,199.5,326.8,227.4,414.9,0.679
360,player,662.4,396.7,697.7,531.5,0.604
360,player,712.0,394.5,750.5,498.7,0.511
360,player,799.0,328.5,827.5,418.1,0.491
360,player,394.9,359.0,437.5,497.8,0.415
360,player,786.8,421.4,825.5,515.1,0.384
360,player,850.7,317.7,899.1,424.2,0.331
360,player,411.0,360.8,449.5,471.2,0.309
360,player,398.2,359.5,451.2,488.3,0.298
360,player,848.0,317.5,876.0,406.1,0.293
360,ball,722.7,430.0,747.5,454.2,0.566
360,ball,670.5,430.9,693.3,452.0,0.255
361,player,943.0,344.3,1003.1,470.8,0.803
361,player,777.7,497.0,834.4,644.1,0.793
361,player,697.1,496.3,758.3,686.0,0.736
361,player,130.3,317.3,178.4,438.2,0.717
361,player,363.2,362.8,402.7,499.2,0.694
361,player,199.8,325.8,228.8,414.7,0.652
361,player,662.5,394.9,697.6,530.2,0.541
361,player,393.8,356.2,438.3,494.5,0.513
361,player,711.8,391.9,751.7,525.3,0.484
361,player,802.2,332.9,830.9,412.9,0.418
361,player,788.3,418.9,828.4,514.1,0.408
361,player,397.0,358.7,451.4,481.1,0.31
361,player,770.9,339.4,798.4,415.7,0.283
361,player,855.2,316.2,898.2,423.0,0.282
361,player,847.0,316.1,873.6,404.3,0.279
361,player,420.6,359.7,449.3,479.0,0.255
361,ball,724.0,429.4,748.4,452.6,0.46
362,player,942.9,343.1,1003.1,470.1,0.795
362,player,778.7,495.6,836.4,638.1,0.772
362,player,696.7,494.1,757.3,685.8,0.732
362,player,124.4,317.2,179.2,435.2,0.712
362,player,363.0,361.7,403.6,500.3,0.673
362,player,712.5,391.2,753.3,530.4,0.622
362,player,197.4,324.7,231.6,413.7,0.618
362,player,661.3,395.8,697.9,532.2,0.592
362,player,393.0,354.5,439.7,496.0,0.584
362,player,809.4,331.5,835.5,399.8,0.51
362,player,790.3,415.9,829.2,511.7,0.457
362,player,777.1,338.0,813.1,425.2,0.416
362,player,397.9,357.5,451.9,483.0,0.392
362,player,845.9,315.9,897.4,422.5,0.389
362,player,845.0,315.6,876.2,408.1,0.319
362,player,665.4,396.1,698.2,501.3,0.284
362,player,417.7,360.4,450.1,480.3,0.276
362,ball,725.6,428.7,749.7,451.3,0.421
363,player,942.8,342.7,1002.6,469.9,0.791
363,player,779.4,495.1,837.4,632.9,0.767
363,player,696.4,495.6,757.0,685.4,0.737
363,player,122.4,318.6,176.7,426.6,0.725
363,player,364.3,361.2,403.3,498.9,0.648
363,player,197.6,323.9,234.0,413.0,0.621
363,player,713.4,389.9,753.6,529.2,0.612
363,player,392.6,355.2,442.9,499.4,0.56
363,player,662.8,394.4,699.1,528.5,0.527
363,player,812.0,334.0,837.6,401.8,0.485
363,player,398.8,357.3,451.6,488.1,0.372
363,player,845.8,318.4,896.8,415.8,0.37
363,player,843.7,317.6,879.3,409.8,0.365
363,player,791.7,414.8,832.6,517.9,0.316
363,player,780.2,335.5,811.5,418.0,0.306
363,ball,727.3,428.4,750.3,450.0,0.514
364,player,942.8,342.4,1002.6,469.6,0.784
364,player,696.4,498.2,756.5,684.4,0.728
364,player,120.7,317.9,176.7,429.1,0.725
364,player,780.9,493.9,837.2,627.3,0.705
364,player,196.1,322.7,234.6,413.3,0.666
364,player,364.1,361.3,402.4,497.6,0.654
364,player,714.8,389.8,754.5,527.9,0.602
364,player,391.1,357.7,448.7,492.8,0.555
364,player,664.7,393.1,699.4,513.8,0.428
364,player,853.0,320.4,894.3,410.4,0.278
364,ball,728.3,428.3,750.8,449.3,0.624
365,player,942.5,342.4,1003.8,470.5,0.798
365,player,120.7,318.1,174.6,428.4,0.747
365,player,696.6,495.7,756.3,684.1,0.729
365,player,197.1,322.3,236.7,413.0,0.682
365,player,715.5,390.0,755.3,527.1,0.68
365,player,781.3,490.4,838.3,628.9,0.644
365,player,364.9,360.9,402.4,497.6,0.635
365,player,392.9,357.3,449.8,491.9,0.542
365,player,663.6,392.2,700.3,525.8,0.455
365,player,794.8,409.1,837.9,512.2,0.353
365,player,858.2,318.7,893.3,410.1,0.272
365,ball,729.9,427.5,752.2,448.7,0.642
366,player,942.5,342.4,1003.9,470.5,0.798
366,player,120.7,318.1,174.6,428.4,0.749
366,player,696.5,495.7,756.3,684.2,0.728
366,player,197.1,322.3,236.7,413.0,0.682
366,player,715.5,390.0,755.3,527.1,0.676
366,player,781.3,490.4,838.3,629.1,0.644
366,player,364.8,360.9,402.4,497.7,0.636
366,player,392.8,357.3,449.8,491.9,0.541
366,player,663.6,392.2,700.3,525.9,0.456
366,player,794.8,409.2,837.9,512.2,0.352
366,player,858.3,318.7,893.3,410.1,0.272
366,ball,729.9,427.4,752.2,448.7,0.642
367,player,942.5,341.9,1004.7,469.1,0.83
367,player,696.6,494.9,756.6,683.7,0.735
367,player,118.8,315.9,170.9,428.0,0.728
367,player,782.1,482.5,840.0,623.4,0.728
367,player,715.6,388.8,755.8,526.4,0.71
367,player,198.9,322.6,240.8,412.9,0.667
367,player,364.7,361.5,402.0,497.9,0.613
367,player,394.0,356.0,450.6,491.7,0.603
367,player,664.2,392.7,700.8,523.7,0.45
367,player,857.6,320.3,894.0,416.4,0.334
367,player,795.3,391.5,838.8,508.5,0.326
367,player,409.2,356.4,451.3,483.3,0.269
367,ball,733.8,426.2,755.4,447.2,0.634
368,player,942.3,342.1,1004.9,468.0,0.82
368,player,715.7,389.0,756.7,527.8,0.733
368,player,696.3,494.6,756.4,682.6,0.724
368,player,782.9,480.2,840.7,623.6,0.706
368,player,200.9,321.8,242.2,412.9,0.705
368,player,117.8,311.2,169.0,427.6,0.689
368,player,365.0,362.5,399.5,483.0,0.606
368,player,662.5,392.8,702.6,527.5,0.596
368,player,394.5,354.7,450.5,490.1,0.583
368,player,624.8,504.6,653.4,612.5,0.302
368,player,853.6,327.0,893.4,420.0,0.291
368,ball,734.6,425.5,757.3,447.0,0.712
369,player,942.0,342.5,1005.5,466.7,0.804
369,player,201.2,321.2,244.6,412.7,0.734
369,player,783.8,479.5,841.2,621.7,0.732
369,player,116.8,311.2,165.0,427.9,0.716
369,player,716.6,389.2,757.6,528.8,0.703
369,player,696.8,492.2,756.6,682.1,0.691
369,player,364.2,360.9,400.8,489.8,0.607
369,player,395.2,354.3,451.2,490.3,0.586
369,player,661.2,393.4,703.4,527.2,0.541
369,player,856.2,322.2,893.1,420.1,0.395
369,player,798.8,402.2,852.4,524.9,0.331
369,player,624.4,499.1,653.5,611.6,0.262
369,ball,735.1,424.3,758.0,445.8,0.687
370,player,785.1,473.4,843.5,620.6,0.787
370,player,201.4,320.2,248.0,411.9,0.786
370,player,941.8,342.3,1006.1,466.1,0.773
370,player,114.5,311.3,159.7,427.4,0.723
370,player,697.2,491.6,756.9,681.6,0.679
370,player,364.9,362.2,402.3,496.3,0.623
370,player,395.5,354.3,452.0,489.5,0.622
370,player,718.9,386.6,759.0,528.0,0.475
370,player,720.5,388.3,757.0,493.9,0.403
370,player,662.1,394.7,702.5,518.0,0.351
370,ball,736.0,423.4,758.3,444.8,0.549
371,player,203.3,320.1,248.6,411.0,0.812
371,player,785.9,473.6,841.3,621.7,0.789
371,player,944.6,342.4,1006.0,465.3,0.694
371,player,698.3,492.9,756.9,680.7,0.694
371,player,113.8,312.7,155.5,424.4,0.663
371,player,365.2,360.5,402.6,496.8,0.632
371,player,396.5,354.6,451.8,490.3,0.596
371,player,721.3,386.2,759.6,510.3,0.342
371,player,862.4,325.0,892.5,422.8,0.277
371,ball,735.9,422.8,759.0,444.9,0.495
372,player,203.3,320.2,248.6,411.0,0.813
372,player,785.9,473.6,841.4,621.7,0.789
372,player,944.6,342.4,1006.1,465.3,0.697
372,player,698.2,492.9,756.9,680.7,0.694
372,player,113.8,312.7,155.5,424.3,0.666
372,player,365.2,360.4,402.6,496.8,0.631
372,player,396.4,354.6,451.8,490.3,0.596
372,player,721.4,386.3,759.6,508.1,0.339
372,player,862.4,324.7,892.6,422.7,0.282
372,ball,735.9,422.8,759.0,444.9,0.495
373,player,787.6,473.2,840.3,623.2,0.811
373,player,206.6,319.6,249.1,410.8,0.809
373,player,944.1,341.2,1005.6,465.5,0.785
373,player,697.7,492.3,757.4,679.9,0.694
373,player,396.5,353.2,452.5,495.4,0.692
373,player,111.7,312.4,153.2,423.6,0.681
373,player,364.9,360.7,404.1,497.3,0.602
373,player,723.3,387.7,760.6,491.6,0.358
373,ball,739.2,421.6,762.7,444.6,0.62
374,player,944.0,341.0,1005.3,464.7,0.814
374,player,788.4,471.5,844.1,621.9,0.803
374,player,208.5,318.6,249.5,411.0,0.8
374,player,396.0,353.3,452.2,490.8,0.698
374,player,106.2,311.7,149.4,420.3,0.681
374,player,697.5,492.9,757.6,678.8,0.68
374,player,365.0,358.9,406.1,493.2,0.623
374,player,724.4,387.3,763.1,489.0,0.566
374,ball,741.7,420.5,765.1,443.0,0.663
375,player,788.4,469.1,839.9,620.0,0.855
375,player,942.3,341.2,1005.2,464.8,0.831
375,player,209.8,317.4,251.3,410.4,0.786
375,player,397.2,352.5,452.8,494.1,0.738
375,player,725.1,386.6,766.4,487.8,0.73
375,player,100.9,307.7,146.7,415.7,0.711
375,player,695.4,492.6,757.9,678.2,0.68
375,player,365.1,358.6,407.8,492.8,0.658
375,player,814.6,411.0,851.2,523.2,0.282
375,ball,741.6,420.7,766.7,444.5,0.663
376,player,788.4,466.2,839.3,620.5,0.855
376,player,942.8,341.4,1005.7,464.8,0.854
376,player,210.9,315.8,252.1,408.6,0.793
376,player,397.7,351.7,454.0,493.4,0.792
376,player,726.0,385.8,767.5,490.4,0.77
376,player,693.1,492.8,758.3,677.6,0.711
376,player,365.4,358.5,406.3,492.8,0.701
376,player,98.0,307.6,145.5,416.6,0.696
376,player,819.4,411.8,865.1,533.9,0.279
376,ball,743.7,421.2,767.2,443.7,0.74
377,player,787.4,463.9,838.8,618.2,0.876
377,player,942.2,341.3,1005.6,464.7,0.866
377,player,211.8,316.6,252.6,407.6,0.799
377,player,398.9,353.0,454.2,491.1,0.747
377,player,365.9,358.1,405.4,496.1,0.738
377,player,728.1,385.7,768.9,489.0,0.733
377,player,99.9,308.3,144.7,415.1,0.71
377,player,680.2,493.6,758.4,677.0,0.706
377,player,821.1,411.7,861.4,518.4,0.304
377,player,821.5,412.2,869.0,550.1,0.253
377,ball,745.0,419.8,768.8,443.1,0.777
378,player,787.4,463.9,838.8,618.2,0.876
378,player,942.1,341.3,1005.5,464.7,0.866
378,player,211.8,316.6,252.6,407.6,0.799
378,player,398.9,353.0,454.3,491.1,0.747
378,player,365.9,358.1,405.4,496.1,0.738
378,player,728.1,385.7,768.9,489.0,0.732
378,player,99.9,308.2,144.7,415.2,0.71
378,player,680.2,493.6,758.5,677.0,0.705
378,player,821.1,411.7,861.4,518.3,0.304
378,player,821.4,412.2,869.1,550.6,0.252
378,ball,745.0,419.9,768.8,443.1,0.777
379,player,785.9,460.6,838.3,616.2,0.852
379,player,940.4,340.7,1004.3,464.5,0.852
379,player,212.5,316.4,253.7,408.4,0.788
379,player,366.1,357.4,405.8,495.6,0.769
379,player,728.3,385.8,769.8,490.9,0.752
379,player,691.0,493.2,758.7,676.4,0.75
379,player,399.7,353.3,455.1,490.1,0.736
379,player,97.3,307.4,143.7,412.6,0.721
379,player,821.4,410.2,876.6,567.8,0.434
379,player,822.7,409.2,860.6,517.9,0.421
379,player,851.3,351.0,893.5,446.9,0.313
379,ball,746.4,418.4,771.1,442.9,0.841
380,player,940.1,340.5,1002.8,463.8,0.837
380,player,784.1,459.1,837.4,617.2,0.828
380,player,213.3,316.7,253.3,408.1,0.779
380,player,693.4,491.8,759.5,676.2,0.779
380,player,367.3,356.8,405.8,494.2,0.751
380,player,729.2,386.0,770.5,490.8,0.751
380,player,95.3,305.9,143.5,416.8,0.737
380,player,400.0,353.1,455.8,488.4,0.708
380,player,822.2,409.1,874.3,566.1,0.387
380,player,824.0,408.5,859.7,517.4,0.376
380,player,853.9,361.0,896.7,455.9,0.325
380,ball,747.8,417.9,770.4,440.4,0.831
381,player,940.7,340.5,999.0,463.6,0.828
381,player,783.3,458.8,837.0,615.1,0.813
381,player,91.0,305.3,146.5,418.9,0.791
381,player,694.4,492.8,759.8,675.8,0.786
381,player,214.2,316.3,253.3,408.1,0.779
381,player,367.2,355.3,408.3,493.3,0.755
381,player,729.9,385.6,771.0,497.8,0.715
381,player,400.2,352.4,456.7,488.5,0.71
381,player,823.9,413.8,874.2,566.2,0.498
381,player,856.8,362.0,902.4,460.8,0.496
381,player,664.2,394.1,711.5,518.1,0.39
381,player,838.6,306.3,868.4,397.6,0.381
381,ball,750.4,416.1,774.0,438.5,0.868
382,player,782.8,459.8,835.5,614.6,0.82
382,player,939.7,341.4,996.6,463.6,0.801
382,player,216.8,317.3,254.2,407.8,0.795
382,player,93.1,307.1,143.4,418.7,0.789
382,player,695.2,492.3,760.1,675.1,0.787
382,player,367.8,355.6,406.8,489.7,0.733
382,player,730.4,385.6,771.9,497.1,0.728
382,player,403.0,352.4,457.6,484.5,0.636
382,player,664.3,393.3,711.9,524.3,0.509
382,player,862.8,364.8,906.9,462.7,0.464
382,player,839.3,305.6,869.7,399.0,0.34
382,player,827.2,429.7,877.3,566.2,0.287
382,ball,752.6,416.7,775.9,438.5,0.881
383,player,782.7,459.2,839.5,612.1,0.83
383,player,695.2,491.4,761.5,674.4,0.805
383,player,218.4,318.6,254.3,407.9,0.767
383,player,940.8,346.0,995.6,463.6,0.72
383,player,368.0,357.1,408.4,492.5,0.705
383,player,95.9,307.9,141.1,416.6,0.67
383,player,732.6,385.6,772.5,496.7,0.657
383,player,401.4,352.0,457.1,488.5,0.605
383,player,665.7,393.4,711.9,521.3,0.407
383,player,831.5,420.5,879.6,564.9,0.324
383,player,830.5,405.8,870.0,509.8,0.298
383,player,865.4,367.1,914.0,445.9,0.259
383,ball,754.5,416.4,778.1,438.3,0.844
384,player,782.7,459.2,839.5,612.2,0.83
384,player,695.2,491.4,761.5,674.5,0.804
384,player,218.4,318.6,254.3,407.9,0.766
384,player,939.8,346.3,995.1,462.8,0.718
384,player,368.0,357.0,408.4,492.2,0.707
384,player,95.9,307.8,141.1,416.6,0.671
384,player,732.6,385.6,772.5,496.8,0.659
384,player,401.3,352.0,457.1,488.5,0.606
384,player,665.7,393.4,711.8,521.4,0.406
384,player,831.5,420.3,879.7,565.0,0.325
384,player,830.5,405.8,870.1,509.9,0.296
384,player,865.4,367.1,914.0,445.8,0.261
384,ball,754.5,416.4,778.1,438.3,0.844
385,player,695.9,491.5,760.8,673.4,0.785
385,player,782.6,460.6,842.7,607.1,0.771
385,player,220.4,317.0,255.9,407.3,0.757
385,player,940.7,345.4,993.3,462.0,0.739
385,player,367.5,356.1,409.4,491.8,0.722
385,player,95.7,305.5,138.2,413.7,0.694
385,player,734.5,385.1,774.8,506.6,0.608
385,player,401.2,354.2,458.4,486.3,0.588
385,player,835.0,412.1,880.0,564.1,0.399
385,player,881.9,367.3,919.4,440.3,0.326
385,player,837.1,306.6,868.3,398.4,0.298
385,player,667.5,393.0,711.0,497.9,0.266
385,player,834.0,405.2,871.0,506.5,0.255
385,ball,757.9,416.8,780.7,438.4,0.848
386,player,781.7,460.5,840.8,606.9,0.792
386,player,695.0,492.5,759.6,670.0,0.786
386,player,940.6,342.8,991.5,461.2,0.755
386,player,224.3,316.7,258.0,407.3,0.737
386,player,95.7,305.5,136.0,415.1,0.688
386,player,367.6,357.3,412.6,486.1,0.682
386,player,403.5,351.2,458.9,487.3,0.647
386,player,734.8,384.9,778.2,505.7,0.598
386,player,833.2,407.5,878.9,563.0,0.566
386,player,873.2,365.9,921.1,449.3,0.351
386,player,664.4,392.3,712.1,527.9,0.34
386,player,835.7,305.6,868.5,398.1,0.317
386,ball,760.1,416.5,782.4,437.9,0.916
387,player,780.5,460.2,836.3,605.3,0.844
387,player,695.0,491.6,760.2,671.1,0.758
387,player,941.2,341.7,990.5,461.6,0.757
387,player,226.3,317.3,260.6,405.7,0.731
387,player,368.9,354.5,408.5,488.8,0.715
387,player,403.1,351.2,458.2,488.8,0.685
387,player,95.7,305.2,136.1,414.9,0.648
387,player,833.0,406.7,880.7,564.2,0.601
387,player,736.8,384.8,780.6,506.6,0.551
387,player,871.7,365.6,919.5,443.0,0.379
387,player,665.0,391.9,711.5,530.3,0.36
387,player,835.4,305.7,868.5,398.6,0.32
387,ball,761.2,416.2,784.0,437.8,0.904
387,ball,758.2,415.3,786.1,440.6,0.267
388,player,778.8,460.0,834.8,606.0,0.834
388,player,943.0,341.1,988.1,461.3,0.743
388,player,694.4,490.7,759.0,669.5,0.731
388,player,229.3,317.0,261.2,403.2,0.72
388,player,95.2,305.0,133.1,414.5,0.681
388,player,368.7,357.7,408.6,480.8,0.655
388,player,402.6,350.0,459.0,489.8,0.645
388,player,873.3,365.5,921.0,452.2,0.519
388,player,665.5,391.5,710.9,531.1,0.442
388,player,834.4,412.7,881.4,563.7,0.439
388,player,739.2,386.2,785.5,491.4,0.439
388,player,835.4,305.6,868.2,398.2,0.303
388,player,840.4,415.6,877.4,544.6,0.263
388,ball,765.3,417.3,788.2,438.5,0.924
389,player,779.4,460.2,833.7,605.8,0.831
389,player,694.0,490.4,758.6,667.9,0.724
389,player,945.3,340.7,986.8,461.3,0.721
389,player,93.0,304.5,127.1,412.0,0.702
389,player,230.9,317.3,261.8,401.5,0.671
389,player,404.3,351.3,459.8,486.0,0.649
389,player,368.9,357.7,408.3,480.7,0.646
389,player,843.3,410.1,881.0,556.5,0.536
389,player,667.1,391.0,709.4,531.7,0.443
389,player,876.0,364.1,923.5,448.2,0.418
389,player,742.1,384.8,789.0,488.8,0.385
389,player,670.6,389.9,707.5,498.3,0.268
389,ball,768.3,417.6,791.8,439.9,0.949
390,player,779.4,460.2,833.8,605.9,0.83
390,player,694.0,490.4,758.6,668.0,0.722
390,player,945.3,340.7,986.8,461.4,0.721
390,player,93.0,304.5,127.1,412.1,0.705
390,player,230.9,317.3,261.9,401.5,0.671
390,player,368.9,357.7,408.3,480.7,0.647
390,player,404.2,351.3,459.8,486.0,0.647
390,player,843.3,410.1,881.0,556.6,0.535
390,player,667.1,391.0,709.4,531.8,0.444
390,player,876.0,364.1,923.5,448.2,0.418
390,player,742.1,384.8,789.0,488.9,0.385
390,player,670.6,389.9,707.5,498.4,0.264
390,ball,768.3,417.5,791.8,439.9,0.949
391,player,779.1,459.8,834.3,604.4,0.795
391,player,944.0,349.9,984.7,461.6,0.71
391,player,90.5,302.9,124.5,406.1,0.704
391,player,691.2,489.2,760.2,668.3,0.682
391,player,368.7,357.3,406.5,479.3,0.662
391,player,846.7,406.3,881.0,554.7,0.624
391,player,404.4,350.0,461.2,486.4,0.604
391,player,233.5,317.0,265.6,404.8,0.595
391,player,743.6,384.8,789.2,496.7,0.51
391,player,670.1,390.7,708.1,520.8,0.432
391,player,877.0,363.6,929.6,451.6,0.305
391,ball,768.7,417.2,794.3,440.6,0.934
392,player,778.6,459.6,834.3,602.6,0.795
392,player,89.3,305.8,123.3,412.0,0.749
392,player,687.7,488.3,759.1,667.7,0.737
392,player,944.8,340.4,983.5,459.7,0.685
392,player,234.7,317.6,265.8,406.4,0.664
392,player,368.2,356.7,405.6,484.1,0.663
392,player,404.3,349.1,461.5,483.4,0.541
392,player,847.4,398.9,883.8,556.3,0.528
392,player,671.0,389.4,708.7,512.1,0.465
392,player,744.5,384.9,789.3,488.9,0.454
392,ball,772.1,417.5,796.8,440.2,0.872
393,player,777.2,460.2,833.3,600.6,0.8
393,player,87.9,309.5,124.3,413.8,0.776
393,player,682.3,488.3,759.5,666.7,0.734
393,player,237.3,317.6,267.0,405.8,0.704
393,player,368.8,354.5,406.4,489.9,0.685
393,player,945.1,340.7,982.4,457.6,0.66
393,player,851.4,398.0,893.9,547.1,0.619
393,player,672.4,388.9,708.5,512.3,0.48
393,player,403.0,353.9,457.8,487.1,0.461
393,player,744.7,385.4,789.5,493.3,0.403
393,ball,776.3,418.0,798.5,440.2,0.925
394,player,778.3,460.4,832.8,599.3,0.798
394,player,85.5,307.7,124.8,413.1,0.775
394,player,681.3,488.0,757.7,665.2,0.747
394,player,945.2,339.0,980.9,456.6,0.694
394,player,239.2,316.7,268.8,402.7,0.693
394,player,369.4,354.8,407.7,489.1,0.632
394,player,852.9,398.4,896.6,552.0,0.626
394,player,673.1,388.0,709.8,514.3,0.564
394,player,404.1,350.4,453.1,487.5,0.512
394,player,745.2,385.6,793.5,487.1,0.444
394,player,436.7,341.9,463.2,448.1,0.274
394,ball,778.6,418.2,800.7,439.9,0.902
395,player,81.9,308.0,125.4,413.6,0.795
395,player,778.4,460.9,832.3,598.4,0.795
395,player,681.5,486.7,756.4,663.4,0.775
395,player,241.2,316.1,272.1,401.8,0.685
395,player,369.3,355.0,407.1,488.2,0.664
395,player,944.9,340.1,980.5,457.6,0.661
395,player,849.3,403.6,901.3,562.3,0.619
395,player,405.1,351.1,450.9,484.2,0.537
395,player,674.1,387.8,713.7,507.9,0.526
395,player,746.7,384.4,801.9,488.2,0.488
395,player,883.5,380.2,945.8,467.7,0.376
395,player,438.3,344.2,463.9,448.8,0.351
395,ball,781.3,419.0,804.5,441.4,0.907
396,player,81.8,308.0,125.4,413.6,0.795
396,player,778.5,460.9,832.2,598.4,0.794
396,player,681.6,486.8,756.4,663.4,0.776
396,player,241.2,316.0,272.2,401.8,0.688
396,player,369.3,355.0,407.0,488.2,0.665
396,player,944.9,340.1,980.5,457.6,0.662
396,player,849.3,403.7,901.3,562.3,0.617
396,player,405.1,351.2,450.9,484.1,0.538
396,player,674.1,387.9,713.5,507.8,0.524
396,player,746.8,384.4,801.8,488.2,0.485
396,player,883.5,380.2,945.8,467.7,0.374
396,player,438.3,344.3,463.9,448.8,0.35
396,ball,781.3,419.0,804.5,441.4,0.907
397,player,78.0,307.6,125.9,413.0,0.804
397,player,778.7,462.0,831.1,597.7,0.78
397,player,681.5,485.9,755.6,662.8,0.764
397,player,242.3,314.3,275.6,401.9,0.706
397,player,369.3,354.3,407.7,490.0,0.67
397,player,853.8,397.1,903.9,547.9,0.583
397,player,946.4,346.4,980.3,456.0,0.572
397,player,741.2,384.8,808.9,510.9,0.518
397,player,406.0,354.7,448.7,478.8,0.508
397,player,674.4,387.2,717.1,517.0,0.489
397,player,439.6,343.8,466.9,451.9,0.384
397,player,857.7,398.9,894.0,517.9,0.353
397,player,750.7,385.5,806.7,486.8,0.264
397,player,915.1,381.6,953.4,467.1,0.253
397,ball,784.1,418.0,809.2,442.3,0.876
398,player,74.1,306.6,125.8,412.8,0.814
398,player,779.1,463.0,830.5,598.1,0.78
398,player,681.0,484.9,756.1,662.3,0.732
398,player,244.2,314.9,280.0,403.0,0.723
398,player,368.9,354.3,407.3,490.3,0.677
398,player,848.4,400.7,907.6,559.3,0.627
398,player,946.1,347.0,979.6,455.1,0.564
398,player,405.3,353.9,449.8,476.5,0.524
398,player,746.4,383.4,810.6,503.9,0.498
398,player,675.0,384.4,720.5,528.2,0.491
398,player,438.3,343.3,469.6,455.3,0.376
398,player,675.2,386.7,712.4,505.9,0.369
398,player,855.0,316.7,889.8,408.5,0.326
398,player,887.8,393.8,945.5,477.9,0.3
398,ball,787.5,418.4,813.1,442.7,0.734
399,player,72.4,306.9,126.9,412.9,0.795
399,player,779.9,463.9,829.8,598.7,0.793
399,player,682.4,485.4,754.1,661.1,0.728
399,player,244.9,315.8,282.6,402.4,0.695
399,player,368.7,354.8,407.7,489.9,0.679
399,player,847.3,403.1,909.7,559.4,0.605
399,player,406.0,354.3,447.4,480.6,0.552
399,player,941.5,340.9,977.2,454.8,0.527
399,player,759.7,384.7,808.5,484.4,0.48
399,player,676.1,384.1,720.9,529.1,0.461
399,player,440.0,347.6,472.2,458.2,0.4
399,player,892.7,397.8,947.3,483.8,0.343
399,player,852.0,316.8,889.9,411.9,0.307
399,player,676.7,386.5,718.8,488.9,0.285
399,ball,792.6,418.9,815.0,442.2,0.848
400,player,71.1,308.0,126.7,414.0,0.808
400,player,781.7,464.5,830.2,597.7,0.797
400,player,682.3,484.9,751.3,661.6,0.752
400,player,246.1,315.5,285.7,401.5,0.694
400,player,367.9,356.5,405.9,485.0,0.689
400,player,407.3,354.2,448.4,481.0,0.595
400,player,675.6,384.3,722.4,531.6,0.577
400,player,938.9,336.1,975.8,453.4,0.575
400,player,854.5,407.4,909.7,549.3,0.529
400,player,762.8,383.7,816.1,482.2,0.505
400,player,443.6,351.7,474.5,445.0,0.364
400,ball,795.0,418.4,818.9,442.2,0.878
401,player,72.0,305.7,126.0,413.4,0.808
401,player,782.2,464.0,830.0,597.9,0.775
401,player,680.9,482.2,747.2,661.2,0.752
401,player,367.1,355.9,406.2,484.9,0.73
401,player,246.2,314.9,286.7,402.4,0.692
401,player,938.3,335.6,974.6,455.1,0.62
401,player,406.2,353.9,453.3,484.4,0.574
401,player,768.1,383.6,818.4,480.7,0.518
401,player,675.4,384.8,721.7,531.9,0.516
401,player,850.7,402.9,913.6,559.4,0.467
401,player,448.0,351.5,475.2,437.0,0.362
401,player,850.1,316.7,890.1,407.3,0.289
401,player,831.5,314.0,859.9,394.0,0.275
401,ball,799.5,417.5,823.5,440.7,0.886
402,player,72.0,305.7,126.0,413.4,0.807
402,player,782.2,464.0,830.0,597.9,0.775
402,player,680.8,482.3,747.3,661.2,0.752
402,player,367.1,355.9,406.2,484.9,0.731
402,player,246.2,314.9,286.7,402.4,0.692
402,player,938.2,335.6,974.6,455.0,0.622
402,player,406.2,353.9,453.4,484.5,0.574
402,player,768.1,383.6,818.4,480.7,0.516
402,player,675.4,384.8,721.7,531.9,0.515
402,player,850.7,403.0,913.6,559.4,0.467
402,player,448.0,351.5,475.2,437.1,0.36
402,player,850.1,316.7,890.1,407.3,0.288
402,player,831.5,314.1,859.8,393.9,0.273
402,ball,799.5,417.5,823.5,440.7,0.886
403,player,70.7,304.8,125.6,413.1,0.765
403,player,783.7,469.6,829.9,597.1,0.764
403,player,677.0,481.4,745.9,659.3,0.741
403,player,365.9,355.8,406.7,483.0,0.712
403,player,246.7,316.1,287.2,401.6,0.67
403,player,408.1,353.7,455.8,484.9,0.612
403,player,938.7,335.0,972.1,420.6,0.527
403,player,677.6,385.9,718.7,520.0,0.52
403,player,770.9,383.2,821.3,481.3,0.502
403,player,859.0,400.1,914.3,553.8,0.495
403,player,450.5,351.4,479.1,435.8,0.471
403,player,449.1,350.8,482.6,473.0,0.328
403,player,849.4,317.3,889.7,408.8,0.294
403,player,831.4,313.8,859.7,393.9,0.294
403,ball,801.2,417.2,826.3,440.4,0.841
404,player,674.8,481.0,743.6,657.1,0.774
404,player,784.8,470.5,830.1,596.4,0.755
404,player,71.6,303.1,124.6,412.1,0.748
404,player,410.3,352.0,453.0,485.5,0.712
404,player,366.0,355.8,406.6,484.3,0.704
404,player,248.1,316.8,285.7,400.4,0.685
404,player,448.1,350.4,485.0,476.6,0.539
404,player,937.9,334.6,971.7,454.9,0.515
404,player,872.8,405.0,911.1,543.8,0.513
404,player,680.6,386.0,716.1,484.4,0.475
404,player,775.4,382.0,824.1,484.0,0.474
404,player,830.8,311.5,860.4,393.4,0.384
404,player,850.0,316.5,889.2,409.1,0.333
404,player,938.3,333.9,968.5,423.9,0.304
404,player,675.6,385.9,714.5,513.7,0.303
404,ball,804.7,415.9,829.5,439.1,0.863
405,player,675.0,479.3,741.9,656.0,0.805
405,player,410.8,351.6,453.1,485.7,0.785
405,player,785.0,471.4,830.4,595.7,0.725
405,player,445.3,349.6,487.8,479.1,0.709
405,player,70.6,305.0,123.1,410.4,0.697
405,player,365.2,356.0,406.1,485.8,0.69
405,player,249.3,316.8,286.5,400.4,0.68
405,player,680.7,384.7,713.5,485.5,0.563
405,player,936.5,335.3,968.8,449.5,0.523
405,player,829.0,310.2,861.6,394.7,0.419
405,player,848.1,316.6,889.8,411.1,0.412
405,player,777.4,381.7,824.9,479.9,0.406
405,player,876.7,399.5,911.7,505.1,0.34
405,player,874.5,400.0,912.8,543.9,0.318
405,ball,807.9,415.8,830.5,437.9,0.919
406,player,675.0,477.0,740.1,653.0,0.817
406,player,411.4,350.6,453.0,482.8,0.793
406,player,364.3,356.3,406.8,481.4,0.723
406,player,444.7,346.0,489.3,480.0,0.721
406,player,251.2,313.1,288.2,400.5,0.683
406,player,70.7,303.7,118.6,411.1,0.665
406,player,786.0,473.6,829.6,596.9,0.651
406,player,681.1,384.5,714.2,485.8,0.604
406,player,934.8,335.3,968.5,447.6,0.597
406,player,765.9,473.2,828.8,597.2,0.586
406,player,868.0,398.4,924.3,545.8,0.488
406,player,826.2,306.5,861.8,394.9,0.478
406,player,778.8,381.1,821.1,483.2,0.457
406,player,848.1,315.7,889.7,412.7,0.444
406,player,863.3,394.5,957.0,546.6,0.351
406,player,69.9,301.9,105.4,407.8,0.343
406,ball,810.9,416.1,833.5,437.7,0.896
407,player,673.3,477.9,737.6,650.2,0.822
407,player,412.0,350.1,453.2,483.9,0.765
407,player,445.9,347.1,490.1,479.2,0.752
407,player,364.8,356.8,405.4,484.2,0.72
407,player,253.0,312.7,290.1,400.4,0.712
407,player,66.7,295.8,112.3,410.6,0.679
407,player,934.2,334.3,968.7,451.1,0.613
407,player,764.1,473.3,829.0,597.1,0.6
407,player,682.6,384.9,715.4,488.0,0.597
407,player,783.9,473.8,829.1,596.7,0.492
407,player,824.4,302.0,862.2,395.8,0.491
407,player,864.1,394.2,955.2,543.7,0.467
407,player,877.5,396.2,924.2,544.4,0.465
407,player,849.8,316.2,889.0,415.9,0.462
407,player,781.2,380.4,835.3,483.7,0.44
407,player,781.0,381.6,815.2,482.3,0.435
407,ball,814.0,415.6,837.5,437.1,0.896
408,player,673.3,477.9,737.6,650.2,0.822
408,player,412.0,350.1,453.2,483.8,0.765
408,player,445.9,347.1,490.1,479.2,0.752
408,player,364.8,356.8,405.4,484.3,0.72
408,player,253.1,312.7,290.1,400.4,0.713
408,player,66.7,295.8,112.4,410.7,0.679
408,player,934.2,334.4,968.7,451.0,0.612
408,player,764.1,473.4,829.0,597.1,0.599
408,player,682.6,384.9,715.4,488.0,0.597
408,player,784.0,473.8,829.1,596.6,0.491
408,player,824.4,302.0,862.2,395.8,0.49
408,player,877.5,396.2,924.2,544.3,0.467
408,player,864.0,394.2,955.0,543.6,0.465
408,player,849.8,316.1,889.0,415.9,0.461
408,player,781.3,380.4,835.2,483.7,0.439
408,player,781.0,381.5,815.2,482.3,0.435
408,ball,814.0,415.6,837.5,437.1,0.896
409,player,671.5,477.6,735.7,647.9,0.831
409,player,412.2,349.9,453.6,484.7,0.75
409,player,445.7,348.9,493.2,477.6,0.731
409,player,363.7,355.9,404.7,483.9,0.725
409,player,778.4,476.7,830.3,594.2,0.714
409,player,255.0,312.9,290.9,401.0,0.713
409,player,66.8,294.8,105.5,409.3,0.646
409,player,683.3,385.3,716.3,484.4,0.638
409,player,881.4,398.6,925.9,544.1,0.632
409,player,933.9,334.7,967.9,450.0,0.568
409,player,784.7,379.7,836.2,482.6,0.542
409,player,851.4,317.3,887.2,411.0,0.497
409,player,824.4,302.9,861.4,394.3,0.473
409,player,784.5,381.5,816.8,481.2,0.473
409,ball,816.0,414.5,840.0,436.9,0.879
410,player,669.0,477.3,734.4,648.2,0.814
410,player,446.6,348.1,495.4,477.8,0.772
410,player,412.5,349.3,453.9,484.9,0.717
410,player,783.3,476.4,829.8,593.7,0.681
410,player,884.4,399.5,930.1,546.4,0.677
410,player,256.7,314.0,293.1,401.1,0.663
410,player,362.5,355.8,404.0,480.3,0.642
410,player,64.5,301.6,101.5,406.7,0.627
410,player,684.5,384.4,717.1,479.9,0.593
410,player,933.2,335.3,967.5,437.8,0.557
410,player,822.4,299.4,862.5,395.4,0.494
410,player,853.1,316.4,886.0,412.0,0.473
410,player,784.8,382.6,817.0,478.0,0.369
410,player,784.7,380.5,834.5,478.3,0.314
410,ball,817.1,413.7,843.1,436.7,0.763
411,player,667.5,475.0,733.1,647.2,0.83
411,player,452.1,346.5,496.0,477.6,0.761
411,player,412.2,348.5,453.8,485.6,0.739
411,player,884.5,393.1,932.7,546.6,0.711
411,player,50.0,300.7,97.4,407.0,0.676
411,player,362.2,354.6,403.1,480.0,0.676
411,player,684.1,384.4,719.6,478.9,0.623
411,player,260.5,314.2,295.1,400.3,0.596
411,player,930.8,334.5,967.7,441.0,0.595
411,player,783.0,475.5,828.9,593.4,0.577
411,player,821.1,299.4,862.4,396.6,0.516
411,player,854.0,317.1,885.6,407.3,0.476
411,player,786.8,381.2,835.9,477.6,0.31
411,player,786.7,386.3,818.7,477.2,0.292
411,ball,822.4,412.9,845.4,433.7,0.64
412,player,666.4,475.4,730.5,645.8,0.827
412,player,458.1,344.1,498.5,471.9,0.784
412,player,886.4,400.4,935.1,543.8,0.74
412,player,412.5,349.5,454.5,483.4,0.713
412,player,781.2,479.6,827.9,592.7,0.713
412,player,47.6,297.1,97.8,408.6,0.688
412,player,362.0,353.3,403.0,480.7,0.671
412,player,263.7,316.4,294.2,400.1,0.635
412,player,684.8,383.9,721.5,479.5,0.624
412,player,931.4,335.4,968.2,441.7,0.542
412,player,823.8,304.9,861.2,395.1,0.515
412,player,853.6,318.8,886.6,406.8,0.487
412,player,789.3,380.4,837.4,474.7,0.379
412,player,788.0,380.8,823.2,475.7,0.328
412,player,626.0,470.8,652.8,593.6,0.285
412,ball,823.5,413.5,847.0,435.3,0.705
413,player,664.6,475.7,728.7,646.2,0.827
413,player,460.6,344.5,499.6,469.9,0.785
413,player,781.1,484.0,829.7,592.9,0.751
413,player,412.5,348.0,455.2,483.2,0.708
413,player,47.4,296.4,97.2,407.7,0.688
413,player,361.3,352.3,404.0,484.9,0.676
413,player,885.0,393.3,945.2,544.6,0.627
413,player,685.4,383.1,724.4,477.6,0.613
413,player,265.4,315.2,295.7,399.3,0.603
413,player,928.8,333.6,970.0,437.2,0.557
413,player,853.2,319.6,886.9,408.3,0.512
413,player,823.6,303.7,860.3,395.0,0.506
413,player,791.0,380.7,835.7,475.7,0.38
413,player,625.9,472.3,652.6,595.8,0.275
413,ball,826.3,414.8,848.9,435.9,0.748
414,player,664.6,475.7,728.7,646.2,0.826
414,player,460.6,344.4,499.7,469.9,0.784
414,player,781.1,483.9,829.6,592.8,0.75
414,player,412.5,348.0,455.2,483.1,0.707
414,player,47.4,296.4,97.2,407.7,0.688
414,player,361.3,352.3,404.0,484.9,0.68
414,player,885.0,393.3,945.3,544.7,0.63
414,player,685.4,383.1,724.4,477.6,0.613
414,player,265.4,315.2,295.7,399.3,0.603
414,player,928.8,333.5,970.0,437.2,0.557
414,player,853.2,319.6,886.9,408.3,0.511
414,player,823.6,303.7,860.3,395.0,0.507
414,player,791.0,380.7,835.9,475.7,0.381
414,player,625.9,472.5,652.6,595.8,0.274
414,ball,826.4,414.8,848.9,435.8,0.748
415,player,664.2,475.5,726.9,644.5,0.799
415,player,462.0,343.1,502.7,470.8,0.768
415,player,360.7,354.1,403.3,480.9,0.72
415,player,47.2,302.3,96.7,407.1,0.69
415,player,779.4,486.8,828.7,591.5,0.686
415,player,414.5,350.9,455.5,485.1,0.682
415,player,687.7,383.5,728.1,476.0,0.649
415,player,886.4,395.0,955.2,543.3,0.647
415,player,268.4,316.1,297.6,400.2,0.615
415,player,927.6,333.0,970.0,436.7,0.543
415,player,822.4,302.0,857.2,393.8,0.518
415,player,853.6,319.2,886.8,407.9,0.505
415,player,626.1,474.8,652.9,595.3,0.345
415,player,792.1,384.4,832.3,476.0,0.334
415,ball,828.6,414.8,852.6,436.9,0.8
416,player,886.3,397.3,963.2,543.0,0.821
416,player,663.6,474.8,727.3,643.9,0.82
416,player,461.2,342.8,502.9,471.7,0.738
416,player,360.4,353.8,403.2,482.3,0.726
416,player,48.5,303.0,96.2,406.4,0.698
416,player,415.1,351.7,456.0,486.1,0.698
416,player,267.4,313.9,299.8,400.3,0.669
416,player,691.2,382.3,731.3,475.0,0.644
416,player,777.0,488.2,827.6,589.7,0.62
416,player,933.2,335.7,969.2,429.2,0.502
416,player,822.3,301.4,854.9,395.9,0.48
416,player,852.0,317.5,885.1,409.6,0.437
416,player,626.1,468.6,652.8,595.0,0.317
416,player,794.5,383.1,827.1,475.5,0.294
416,ball,830.6,415.5,855.9,438.6,0.786
417,player,662.9,475.1,726.7,643.0,0.819
417,player,359.8,354.3,403.0,482.2,0.775
417,player,269.2,315.1,301.7,401.3,0.748
417,player,460.0,342.1,504.1,472.9,0.746
417,player,887.1,396.7,967.5,542.8,0.729
417,player,414.7,348.6,456.6,485.3,0.69
417,player,47.6,298.0,97.5,406.1,0.663
417,player,776.4,489.6,827.3,589.0,0.594
417,player,691.5,380.9,731.5,475.6,0.58
417,player,933.5,332.4,968.9,424.3,0.496
417,player,822.5,301.7,856.2,395.2,0.455
417,player,851.8,317.6,884.3,407.9,0.4
417,player,391.1,356.8,418.7,478.4,0.328
417,player,795.9,385.6,827.6,475.3,0.278
417,ball,832.2,415.6,859.8,439.5,0.828
418,player,662.8,474.6,726.5,642.4,0.844
418,player,271.2,315.7,303.8,400.0,0.754
418,player,887.9,396.3,967.1,542.7,0.714
418,player,357.1,351.9,404.3,486.9,0.711
418,player,46.4,295.6,97.8,407.3,0.67
418,player,463.4,341.6,505.9,465.2,0.64
418,player,415.0,349.4,457.7,488.0,0.625
418,player,774.4,491.7,827.2,588.0,0.567
418,player,692.9,380.2,732.7,479.6,0.567
418,player,933.4,331.4,968.8,420.9,0.499
418,player,819.9,298.7,854.1,396.5,0.464
418,player,389.1,357.4,419.0,478.3,0.431
418,player,851.3,316.5,883.5,407.5,0.423
418,player,932.4,331.1,972.4,466.5,0.261
418,player,387.6,356.3,410.8,489.4,0.259
418,ball,835.0,415.6,861.0,439.1,0.806
419,player,663.2,472.7,726.2,641.2,0.839
419,player,273.3,315.8,305.6,400.2,0.753
419,player,468.1,341.4,509.7,459.9,0.694
419,player,356.3,351.7,404.6,486.2,0.66
419,player,889.5,399.0,965.9,541.7,0.65
419,player,45.8,296.5,97.4,408.4,0.634
419,player,772.9,494.8,827.6,590.0,0.617
419,player,416.9,345.5,462.1,483.2,0.613
419,player,694.7,379.5,733.3,481.9,0.605
419,player,387.7,357.1,420.2,475.9,0.44
419,player,816.8,300.9,851.5,395.7,0.419
419,player,933.7,334.2,971.4,423.2,0.364
419,player,850.8,316.2,882.6,405.5,0.359
419,player,933.2,334.2,973.2,465.4,0.304
419,player,387.9,357.0,411.8,489.8,0.281
419,ball,837.8,415.5,862.8,439.3,0.809
420,player,662.8,472.3,726.5,641.6,0.834
420,player,272.9,313.0,306.6,400.2,0.769
420,player,47.2,295.2,95.9,406.1,0.707
420,player,890.1,398.1,965.2,541.7,0.665
420,player,466.8,341.7,509.9,463.8,0.655
420,player,357.4,355.0,401.9,478.1,0.614
420,player,772.6,495.2,828.0,590.9,0.603
420,player,416.0,344.4,462.7,482.9,0.599
420,player,695.5,379.7,733.4,478.5,0.593
420,player,386.7,357.0,419.1,474.3,0.444
420,player,813.8,299.2,852.6,397.5,0.442
420,player,851.1,317.2,882.7,404.1,0.384
420,player,934.1,336.4,973.7,468.2,0.382
420,player,934.8,337.1,971.8,430.6,0.381
420,player,385.1,357.7,411.6,486.8,0.272
420,player,1250.7,356.2,1279.6,469.0,0.263
420,ball,837.6,415.3,862.7,440.0,0.815
421,player,663.4,471.0,726.3,640.4,0.818
421,player,274.5,314.9,308.8,399.1,0.752
421,player,42.7,296.0,92.5,406.9,0.744
421,player,890.9,397.0,964.9,542.1,0.674
421,player,696.8,378.5,733.7,476.1,0.66
421,player,771.3,497.5,826.9,590.2,0.648
421,player,469.1,342.7,511.2,457.9,0.624
421,player,417.9,342.7,464.7,479.3,0.622
421,player,356.3,353.4,401.4,480.8,0.603
421,player,386.3,357.3,419.4,474.7,0.509
421,player,814.0,299.8,852.0,398.1,0.443
421,player,934.1,335.9,975.3,468.5,0.394
421,player,1251.5,358.3,1279.5,468.0,0.376
421,player,851.6,318.0,881.7,403.5,0.333
421,player,457.8,341.3,513.8,470.9,0.329
421,player,626.1,472.1,652.7,593.6,0.269
421,ball,840.5,416.7,865.1,440.8,0.85
422,player,663.6,471.3,725.8,639.2,0.813
422,player,41.2,295.0,92.2,408.1,0.787
422,player,276.2,313.9,313.0,399.4,0.746
422,player,770.0,496.6,827.6,589.9,0.701
422,player,698.3,378.2,734.8,475.9,0.679
422,player,353.7,352.9,400.8,482.9,0.633
422,player,419.5,341.6,466.2,477.3,0.626
422,player,471.9,342.5,511.2,462.9,0.598
422,player,387.0,357.8,418.4,476.6,0.524
422,player,892.4,395.6,962.8,540.3,0.442
422,player,930.9,340.3,985.5,478.3,0.428
422,player,1251.2,349.3,1279.7,467.7,0.325
422,player,460.0,347.2,516.3,474.1,0.296
422,player,626.1,474.1,652.7,593.2,0.283
422,player,851.5,317.2,881.0,403.5,0.256
422,player,814.7,301.5,849.6,397.6,0.251
422,ball,842.6,416.4,866.7,440.1,0.857
423,player,664.3,472.3,726.1,639.5,0.808
423,player,41.8,296.2,88.0,408.6,0.777
423,player,353.5,350.9,399.0,480.9,0.725
423,player,278.3,315.6,315.7,398.5,0.721
423,player,770.1,498.1,827.3,589.3,0.635
423,player,419.4,341.9,468.0,475.6,0.633
423,player,700.5,377.2,735.3,474.9,0.612
423,player,476.5,342.4,515.3,461.5,0.583
423,player,387.2,358.0,417.9,469.8,0.573
423,player,895.5,394.8,964.6,541.7,0.566
423,player,1251.2,347.1,1279.5,468.5,0.415
423,player,924.6,340.0,986.8,477.5,0.368
423,player,809.8,377.2,848.7,492.0,0.332
423,player,813.3,300.3,849.5,397.4,0.326
423,player,626.2,473.2,652.5,592.4,0.257
423,ball,843.3,416.0,869.0,440.1,0.844
424,player,664.2,472.4,726.4,639.0,0.82
424,player,42.3,298.6,84.1,405.3,0.72
424,player,280.3,316.0,318.2,398.3,0.716
424,player,352.4,352.2,393.7,478.2,0.7
424,player,477.2,341.4,521.6,464.7,0.665
424,player,771.1,499.1,826.0,588.2,0.649
424,player,421.6,337.7,470.2,472.9,0.637
424,player,702.3,376.4,737.3,479.9,0.577
424,player,386.7,359.0,419.1,483.1,0.572
424,player,1250.3,346.2,1279.5,468.1,0.481
424,player,813.8,301.2,847.7,396.7,0.423
424,player,899.3,398.4,963.5,541.3,0.393
424,player,927.3,339.7,995.1,476.7,0.368
424,player,900.5,351.2,969.9,540.1,0.316
424,player,917.4,341.3,983.5,496.1,0.294
424,player,626.1,470.3,652.4,592.1,0.292
424,ball,846.2,416.5,871.1,439.7,0.808
425,player,664.2,471.9,726.7,638.8,0.812
425,player,279.9,313.8,321.6,398.5,0.733
425,player,349.4,351.0,390.3,475.3,0.681
425,player,36.9,297.0,79.4,403.9,0.667
425,player,479.6,342.1,521.8,464.2,0.647
425,player,772.0,499.6,824.6,587.7,0.631
425,player,424.9,336.0,472.8,468.7,0.613
425,player,388.2,357.9,420.3,471.3,0.566
425,player,703.5,376.1,738.0,470.7,0.56
425,player,901.1,396.2,965.3,540.7,0.558
425,player,1244.2,349.3,1279.4,468.7,0.521
425,player,811.4,301.7,847.9,395.3,0.498
425,player,904.1,342.1,990.9,493.3,0.355
425,player,902.6,344.1,980.1,539.6,0.337
425,player,626.0,470.5,652.3,591.3,0.265
425,player,1245.7,350.0,1279.5,436.8,0.25
425,ball,848.7,416.3,873.3,438.5,0.77
426,player,664.2,471.9,726.7,638.8,0.813
426,player,279.9,313.8,321.6,398.5,0.732
426,player,349.4,351.0,390.3,475.3,0.688
426,player,39.6,295.1,80.2,403.4,0.67
426,player,479.6,342.1,521.9,464.2,0.648
426,player,772.0,499.7,824.6,587.7,0.633
426,player,424.9,336.0,472.8,468.7,0.615
426,player,388.6,359.2,420.5,475.2,0.567
426,player,901.1,396.3,965.3,540.8,0.564
426,player,703.5,376.1,738.0,470.5,0.561
426,player,1244.2,349.3,1279.4,468.7,0.526
426,player,811.4,301.6,847.8,395.4,0.497
426,player,904.4,342.1,991.0,492.2,0.357
426,player,902.6,344.1,980.0,539.7,0.328
426,player,626.0,470.5,652.3,591.3,0.266
426,ball,848.7,416.3,873.2,438.5,0.769
427,player,665.3,469.9,723.8,636.6,0.823
427,player,346.2,350.5,389.3,474.6,0.779
427,player,281.9,313.0,321.3,398.6,0.763
427,player,1241.4,350.0,1279.3,464.9,0.739
427,player,906.3,397.4,966.9,539.2,0.679
427,player,37.5,296.5,78.4,404.4,0.673
427,player,424.6,333.5,472.4,469.0,0.638
427,player,771.2,501.9,825.1,589.3,0.597
427,player,481.9,343.0,523.0,462.8,0.597
427,player,389.4,357.8,422.8,465.7,0.583
427,player,704.3,374.3,741.3,473.0,0.567
427,player,810.2,301.5,846.6,393.8,0.535
427,player,933.0,342.0,987.8,470.8,0.402
427,ball,850.1,414.7,874.5,438.4,0.662
428,player,664.3,468.2,723.7,634.4,0.857
428,player,343.6,351.6,385.8,477.7,0.781
428,player,282.9,315.2,321.9,398.4,0.764
428,player,1236.0,346.1,1278.7,464.1,0.67
428,player,36.8,296.6,74.5,403.0,0.669
428,player,769.7,502.8,824.5,590.1,0.641
428,player,486.6,342.5,523.3,455.5,0.629
428,player,389.0,357.7,422.3,475.9,0.602
428,player,912.9,396.8,989.4,537.5,0.585
428,player,423.9,335.3,472.7,466.4,0.577
428,player,704.6,374.3,739.5,491.3,0.566
428,player,810.4,299.2,844.3,393.0,0.507
428,player,934.9,341.8,978.9,435.2,0.349
428,player,933.9,339.2,986.2,470.6,0.329
428,player,825.5,379.3,863.7,501.3,0.276
428,ball,850.6,412.1,875.0,435.0,0.657
429,player,664.1,466.9,723.3,631.6,0.876
429,player,284.7,314.4,322.3,397.7,0.77
429,player,338.6,350.0,384.7,477.1,0.747
429,player,36.5,296.7,73.3,403.5,0.724
429,player,1228.6,346.6,1275.2,463.1,0.672
429,player,767.7,503.5,823.5,588.7,0.672
429,player,706.9,373.0,750.3,496.4,0.637
429,player,489.8,342.1,525.0,450.0,0.629
429,player,389.3,356.6,424.1,476.8,0.589
429,player,426.7,339.9,473.5,464.3,0.514
429,player,810.9,300.2,842.3,392.9,0.509
429,player,827.9,379.4,869.1,483.3,0.435
429,player,917.3,405.1,968.9,536.3,0.429
429,player,934.6,340.5,979.4,460.4,0.363
429,player,824.2,386.3,866.7,509.0,0.292
429,ball,852.0,414.2,875.6,436.5,0.585
430,player,664.2,465.5,722.7,629.9,0.888
430,player,285.0,312.1,323.0,397.4,0.737
430,player,32.2,298.8,73.1,402.1,0.723
430,player,335.9,350.0,382.4,474.6,0.691
430,player,390.7,356.1,425.7,482.3,0.658
430,player,1216.3,349.1,1271.5,464.3,0.645
430,player,707.5,372.7,753.6,496.7,0.641
430,player,768.1,503.7,822.1,587.0,0.637
430,player,493.1,340.5,527.2,456.9,0.604
430,player,829.1,378.9,868.5,484.5,0.59
430,player,811.0,301.0,842.6,392.5,0.519
430,player,928.1,345.6,979.7,536.5,0.439
430,player,928.8,403.9,973.3,536.9,0.381
430,player,429.8,350.3,470.7,465.2,0.374
430,player,485.3,350.6,525.4,464.6,0.303
430,ball,854.2,414.4,878.0,436.8,0.644
430,ball,61.0,307.0,82.1,328.1,0.309
431,player,663.6,464.3,722.4,628.9,0.889
431,player,26.7,303.7,73.2,407.4,0.762
431,player,1207.9,348.9,1267.5,462.2,0.729
431,player,284.4,298.6,325.4,398.0,0.723
431,player,326.7,350.7,382.2,473.9,0.661
431,player,392.1,356.2,426.7,482.9,0.632
431,player,768.6,503.7,820.0,586.1,0.615
431,player,495.7,340.8,529.7,446.9,0.592
431,player,830.2,384.4,868.7,496.6,0.566
431,player,708.9,371.6,754.1,493.7,0.536
431,player,811.3,301.5,842.7,393.3,0.496
431,player,932.6,349.7,979.9,534.8,0.445
431,player,932.2,403.3,970.6,533.8,0.43
431,player,707.5,374.0,743.7,486.7,0.338
431,player,432.5,351.3,466.7,465.5,0.302
431,player,626.1,472.3,652.3,589.0,0.297
431,player,710.1,373.8,759.7,469.0,0.266
431,player,939.6,344.0,984.8,433.1,0.255
431,ball,856.7,414.7,878.8,436.6,0.663
431,ball,59.6,307.0,81.4,328.6,0.279
432,player,663.7,464.3,722.4,628.9,0.889
432,player,26.8,303.7,73.3,407.0,0.76
432,player,1209.3,349.0,1268.0,463.5,0.736
432,player,284.4,298.6,325.3,398.0,0.723
432,player,326.8,350.7,382.3,473.9,0.662
432,player,392.2,356.2,426.6,482.8,0.629
432,player,768.6,503.7,820.0,586.1,0.614
432,player,495.7,340.8,529.7,446.5,0.595
432,player,830.2,384.4,868.7,496.4,0.563
432,player,708.9,371.7,754.0,493.6,0.54
432,player,811.3,301.5,842.8,393.3,0.497
432,player,932.6,349.4,980.0,534.8,0.447
432,player,932.1,403.1,970.7,533.8,0.424
432,player,707.5,374.0,743.7,486.5,0.344
432,player,432.4,351.4,466.8,465.6,0.303
432,player,626.1,473.7,652.3,589.0,0.297
432,player,710.2,373.8,759.7,468.9,0.255
432,player,939.6,344.1,984.7,433.2,0.252
432,ball,856.7,414.7,878.8,436.6,0.666
432,ball,59.6,307.0,81.4,328.7,0.291
433,player,662.4,463.3,723.2,628.5,0.847
433,player,24.9,297.7,74.1,402.8,0.771
433,player,1207.4,349.2,1265.8,461.9,0.766
433,player,392.2,355.5,434.6,489.2,0.717
433,player,322.7,349.8,381.4,473.3,0.708
433,player,286.2,310.4,328.1,397.7,0.622
433,player,496.4,339.8,530.8,460.6,0.607
433,player,933.3,365.4,980.7,534.9,0.6
433,player,832.8,382.6,872.5,496.1,0.585
433,player,766.7,505.2,817.4,584.4,0.575
433,player,811.7,300.2,843.3,393.0,0.509
433,player,710.9,372.2,760.0,498.9,0.453
433,player,711.2,372.6,747.7,490.0,0.436
433,player,626.0,472.8,652.4,589.0,0.305
433,player,433.3,342.9,477.6,469.8,0.287
433,player,933.4,394.4,972.7,532.8,0.256
433,ball,857.8,415.1,880.3,437.0,0.751
433,ball,59.0,306.7,81.0,328.5,0.319
434,player,18.0,295.9,73.8,401.8,0.828
434,player,661.2,461.9,722.1,627.6,0.817
434,player,1206.6,354.0,1266.6,461.9,0.75
434,player,392.5,356.1,434.5,489.7,0.718
434,player,321.2,350.9,379.0,472.0,0.678
434,player,288.3,312.3,325.7,397.0,0.629
434,player,833.9,376.9,878.4,505.7,0.6
434,player,931.7,379.9,983.8,533.1,0.578
434,player,496.5,340.2,532.1,461.0,0.574
434,player,766.6,504.6,816.8,584.1,0.536
434,player,810.7,299.3,845.4,393.7,0.528
434,player,712.1,370.9,760.8,499.0,0.51
434,player,712.5,371.5,748.1,491.2,0.446
434,player,713.1,372.2,744.6,465.8,0.402
434,player,626.1,470.8,652.4,588.6,0.299
434,player,436.5,341.1,478.8,466.0,0.263
434,ball,859.9,415.9,882.5,437.8,0.794
435,player,17.3,295.9,73.6,400.4,0.842
435,player,660.2,459.8,720.8,624.6,0.801
435,player,1204.3,348.7,1262.9,461.4,0.737
435,player,393.0,357.8,434.4,489.4,0.707
435,player,320.9,352.7,379.5,471.1,0.663
435,player,290.0,308.5,327.6,396.5,0.635
435,player,933.3,354.9,986.4,533.2,0.587
435,player,836.0,378.2,881.7,511.8,0.546
435,player,500.7,340.1,533.2,459.9,0.53
435,player,810.7,299.0,845.5,394.1,0.494
435,player,767.0,503.5,817.4,582.3,0.461
435,player,713.3,371.6,745.0,468.3,0.455
435,player,712.9,369.5,749.6,490.0,0.452
435,player,712.8,369.4,761.6,499.0,0.446
435,ball,861.7,417.9,884.3,439.4,0.839
436,player,18.2,294.8,73.3,399.2,0.822
436,player,1202.0,348.7,1262.3,460.7,0.785
436,player,655.8,461.4,722.0,624.5,0.769
436,player,394.2,358.5,439.2,489.5,0.718
436,player,322.7,352.9,380.5,471.3,0.71
436,player,293.5,315.5,328.1,396.2,0.628
436,player,713.8,368.8,752.6,492.0,0.569
436,player,501.3,341.0,534.9,458.8,0.53
436,player,929.9,391.5,995.0,530.3,0.509
436,player,835.7,376.2,881.3,511.2,0.504
436,player,810.3,301.6,845.3,394.0,0.493
436,player,714.8,370.1,746.3,470.7,0.461
436,player,764.9,502.7,818.5,582.1,0.455
436,player,445.2,337.8,483.4,453.9,0.342
436,player,626.2,473.7,652.8,586.2,0.285
436,player,453.7,336.7,480.1,448.1,0.269
436,ball,864.1,418.1,888.1,441.2,0.813
437,player,16.9,290.0,72.4,398.3,0.806
437,player,1201.3,346.3,1258.8,460.1,0.802
437,player,657.1,459.3,722.8,615.9,0.793
437,player,394.8,357.9,438.1,489.8,0.767
437,player,321.8,351.6,381.9,470.2,0.757
437,player,296.5,312.5,331.0,396.9,0.57
437,player,809.9,299.8,844.7,393.6,0.549
437,player,503.9,339.4,537.2,451.4,0.533
437,player,930.0,392.7,1005.1,528.4,0.514
437,player,765.1,501.9,816.1,581.8,0.486
437,player,714.5,367.5,753.4,489.5,0.432
437,player,835.8,377.5,884.6,512.3,0.416
437,player,715.8,368.4,746.6,467.6,0.402
437,player,452.5,336.4,484.5,455.4,0.373
437,player,626.2,475.6,652.5,585.5,0.336
437,player,842.4,313.4,874.8,408.3,0.317
437,player,442.1,348.0,479.4,457.9,0.252
437,ball,865.2,418.0,890.1,441.2,0.795
438,player,17.0,290.1,72.4,398.3,0.805
438,player,1201.3,346.3,1258.8,460.1,0.8
438,player,657.1,459.4,722.8,615.9,0.794
438,player,394.8,357.9,438.1,489.8,0.766
438,player,321.8,351.5,381.9,470.3,0.759
438,player,296.5,313.5,330.9,396.9,0.569
438,player,809.9,299.7,844.7,393.6,0.548
438,player,504.0,339.4,537.2,451.5,0.531
438,player,930.0,392.8,1005.1,528.4,0.512
438,player,765.1,501.9,816.2,581.9,0.487
438,player,714.4,367.5,753.4,489.5,0.431
438,player,835.8,377.5,884.8,512.4,0.419
438,player,715.8,368.4,746.6,467.6,0.402
438,player,452.6,336.4,484.5,455.4,0.372
438,player,626.2,475.5,652.5,585.5,0.335
438,player,842.4,313.4,874.8,408.1,0.314
438,player,442.1,348.0,479.3,457.7,0.253
438,ball,865.2,418.0,890.1,441.2,0.795
439,player,657.3,458.3,721.8,614.7,0.807
439,player,14.1,291.1,71.8,397.5,0.771
439,player,322.9,351.6,381.6,470.2,0.763
439,player,1201.5,344.7,1253.4,457.9,0.718
439,player,395.6,355.1,436.2,488.3,0.682
439,player,298.6,298.2,333.8,395.4,0.631
439,player,503.7,339.1,542.5,457.5,0.615
439,player,715.7,366.0,761.1,498.2,0.601
439,player,809.6,299.6,844.3,394.1,0.562
439,player,835.1,386.8,906.2,523.6,0.534
439,player,764.1,501.0,815.1,581.1,0.529
439,player,454.0,335.2,490.3,454.7,0.474
439,player,930.8,387.9,1004.8,527.6,0.439
439,player,715.2,367.6,753.7,477.7,0.31
439,player,441.9,344.7,472.8,462.5,0.278
439,player,953.5,340.9,1003.0,421.2,0.266
439,player,626.4,472.9,652.5,584.0,0.265
439,ball,870.1,418.8,893.6,442.2,0.753
440,player,658.3,457.9,722.3,614.4,0.802
440,player,9.2,288.0,71.8,398.2,0.74
440,player,1200.8,341.8,1245.8,456.5,0.708
440,player,717.2,364.7,760.8,498.4,0.706
440,player,322.8,352.3,381.1,469.8,0.706
440,player,396.7,354.9,438.8,487.5,0.705
440,player,835.3,377.7,910.2,520.0,0.668
440,player,300.3,298.0,333.7,394.3,0.66
440,player,506.1,340.1,544.9,450.8,0.593
440,player,809.3,300.1,843.7,394.5,0.577
440,player,764.1,500.0,816.3,580.8,0.527
440,player,455.0,332.9,492.1,452.2,0.511
440,player,928.1,416.6,961.6,474.0,0.38
440,player,442.2,343.3,479.3,460.0,0.311
440,player,939.9,393.8,1009.6,525.8,0.302
440,player,953.9,342.2,1008.3,447.8,0.298
440,player,46.4,298.3,74.5,345.1,0.292
440,player,446.6,337.5,493.2,464.6,0.265
440,player,949.2,373.8,1011.9,517.6,0.262
440,player,626.6,471.3,652.3,582.8,0.251
440,ball,872.4,420.8,894.2,442.8,0.785
441,player,658.2,456.9,719.5,614.3,0.807
441,player,6.6,285.8,71.0,397.5,0.773
441,player,396.7,354.6,441.3,486.4,0.768
441,player,321.2,351.1,376.2,469.2,0.757
441,player,836.6,378.7,910.0,522.0,0.715
441,player,719.8,363.9,758.7,500.1,0.69
441,player,1201.3,342.1,1234.6,453.1,0.671
441,player,502.7,338.7,557.7,456.4,0.618
441,player,301.3,292.8,334.7,390.0,0.615
441,player,809.4,300.6,843.8,394.2,0.571
441,player,762.9,499.3,815.4,579.3,0.507
441,player,943.2,342.7,1014.4,524.0,0.398
441,player,464.0,338.2,491.9,448.9,0.356
441,player,445.1,351.2,488.4,474.8,0.342
441,player,955.4,340.9,1014.7,487.2,0.338
441,player,442.2,351.2,473.5,473.6,0.33
441,player,928.8,419.9,961.7,472.7,0.309
441,ball,875.2,421.7,897.0,444.0,0.82
442,player,659.1,457.2,717.5,612.7,0.845
442,player,5.4,286.5,69.9,397.2,0.795
442,player,397.3,353.0,442.2,483.2,0.742
442,player,315.6,348.2,367.4,469.7,0.699
442,player,501.2,337.3,563.6,459.7,0.684
442,player,720.5,362.8,759.0,494.7,0.668
442,player,832.8,383.3,906.8,519.4,0.65
442,player,1195.4,340.3,1231.2,451.4,0.619
442,player,809.4,300.3,844.2,393.9,0.589
442,player,947.9,344.1,1012.7,523.8,0.588
442,player,762.4,497.9,815.6,576.7,0.581
442,player,304.0,292.7,334.9,387.7,0.562
442,player,442.6,348.5,483.3,476.9,0.444
442,player,927.6,421.0,958.8,471.9,0.406
442,player,466.0,331.2,492.9,449.4,0.383
442,player,958.2,342.3,1014.9,495.5,0.333
442,player,442.4,350.2,471.5,469.8,0.275
442,ball,878.9,425.0,899.7,445.2,0.693
443,player,656.9,455.8,716.2,612.3,0.822
443,player,8.2,290.8,67.9,394.3,0.766
443,player,401.2,354.6,444.6,484.2,0.74
443,player,315.9,340.9,360.8,469.0,0.691
443,player,721.7,362.4,761.3,496.7,0.683
443,player,1191.4,341.3,1225.1,452.9,0.646
443,player,506.4,341.0,564.1,459.0,0.622
443,player,945.3,355.1,1011.1,525.0,0.601
443,player,837.8,376.3,911.5,518.5,0.592
443,player,809.9,300.9,844.7,393.4,0.574
443,player,762.3,497.2,814.6,576.3,0.568
443,player,442.5,348.9,471.6,466.5,0.39
443,player,440.5,344.4,479.6,478.2,0.363
443,player,925.5,421.3,959.5,471.6,0.36
443,player,465.1,332.0,496.5,439.5,0.327
443,ball,880.6,426.0,903.1,446.9,0.709
444,player,656.9,455.8,716.2,612.2,0.822
444,player,8.1,290.8,67.9,394.3,0.766
444,player,401.2,354.6,444.5,484.2,0.74
444,player,316.0,341.2,360.6,469.0,0.689
444,player,721.7,362.4,761.3,496.7,0.683
444,player,1191.4,341.2,1225.1,453.2,0.647
444,player,506.4,341.0,564.0,459.0,0.622
444,player,945.3,354.9,1011.1,525.0,0.601
444,player,837.8,376.3,911.6,518.6,0.592
444,player,809.9,301.0,844.6,393.4,0.572
444,player,762.3,497.2,814.6,576.3,0.568
444,player,442.5,349.1,471.6,466.6,0.393
444,player,440.5,344.6,479.6,478.2,0.366
444,player,925.5,421.3,959.5,471.6,0.359
444,player,465.1,332.1,496.5,439.4,0.326
444,ball,880.6,426.0,903.1,446.9,0.709
445,player,653.8,452.8,716.0,610.8,0.806
445,player,403.0,354.6,448.6,485.3,0.744
445,player,8.0,291.1,62.5,394.6,0.73
445,player,316.6,341.9,360.7,468.4,0.707
445,player,1186.2,334.7,1222.6,453.1,0.68
445,player,723.7,362.3,761.8,495.1,0.65
445,player,839.8,376.0,917.3,519.1,0.642
445,player,950.3,353.4,1012.3,522.8,0.605
445,player,810.1,301.1,844.3,393.0,0.566
445,player,508.0,340.5,563.1,457.0,0.547
445,player,761.9,496.2,814.6,575.9,0.545
445,player,442.8,344.8,475.5,467.0,0.451
445,player,468.5,332.5,498.4,436.6,0.279
445,ball,886.8,426.6,907.2,446.7,0.572
446,player,653.6,452.0,715.2,610.6,0.803
446,player,1178.8,332.0,1218.9,451.5,0.749
446,player,404.8,353.4,448.6,486.0,0.73
446,player,842.8,376.9,919.5,522.2,0.721
446,player,3.1,286.2,59.3,394.4,0.692
446,player,316.0,344.1,354.2,466.4,0.666
446,player,953.5,341.8,1014.0,521.4,0.611
446,player,725.1,361.5,763.7,493.6,0.59
446,player,810.1,301.1,844.5,393.0,0.569
446,player,761.8,496.6,807.4,575.7,0.52
446,player,505.1,343.8,562.7,457.1,0.507
446,player,442.9,347.2,481.0,470.4,0.455
446,player,471.9,330.6,501.8,448.2,0.36
446,player,951.9,395.3,1007.3,523.1,0.27
446,player,969.6,341.2,1019.3,481.8,0.263
446,ball,887.9,426.9,910.3,447.7,0.58
447,player,652.8,452.6,714.5,610.1,0.832
447,player,405.7,351.9,448.6,486.0,0.759
447,player,846.8,376.0,921.7,523.9,0.706
447,player,2.1,285.9,52.7,394.3,0.696
447,player,1175.0,337.4,1217.4,451.5,0.686
447,player,959.1,347.6,1011.4,522.6,0.655
447,player,726.5,361.0,764.1,493.1,0.612
447,player,313.9,321.8,349.4,467.8,0.585
447,player,443.9,348.8,482.2,471.7,0.58
447,player,810.2,301.9,843.8,392.9,0.554
447,player,506.8,342.7,564.4,457.6,0.527
447,player,475.0,331.4,504.4,444.6,0.471
447,player,762.1,496.2,805.1,576.3,0.404
447,player,727.5,362.8,761.8,462.6,0.37
447,player,313.9,340.0,343.2,446.5,0.328
447,player,840.8,317.9,867.5,401.9,0.255
447,ball,891.0,424.9,912.6,445.7,0.584
448,player,651.8,453.1,713.9,609.6,0.863
448,player,407.5,355.3,444.0,483.6,0.776
448,player,0.5,274.9,47.1,394.2,0.72
448,player,1172.6,337.6,1215.6,448.8,0.706
448,player,967.3,343.3,1018.2,522.6,0.682
448,player,851.8,374.4,923.8,523.9,0.673
448,player,444.2,345.7,483.7,470.7,0.665
448,player,727.4,360.2,765.6,495.0,0.609
448,player,313.7,323.2,345.0,465.4,0.569
448,player,514.4,341.0,562.7,457.6,0.564
448,player,810.1,301.2,843.2,392.8,0.535
448,player,475.9,331.3,511.8,447.6,0.498
448,player,527.8,340.8,557.6,452.1,0.419
448,player,728.4,361.9,763.9,453.2,0.315
448,player,762.5,496.5,803.3,568.1,0.296
448,player,841.1,316.5,867.0,406.6,0.282
448,ball,893.4,426.2,917.7,448.4,0.667
449,player,651.2,453.6,712.9,609.2,0.86
449,player,408.3,356.1,444.3,484.8,0.773
449,player,1172.0,339.4,1215.2,450.3,0.74
449,player,0.5,283.7,42.8,394.9,0.724
449,player,972.3,343.6,1022.6,523.2,0.703
449,player,445.7,350.3,483.5,461.7,0.658
449,player,728.4,359.4,766.6,495.4,0.651
449,player,312.4,317.4,342.0,455.1,0.618
449,player,851.4,375.0,923.3,524.5,0.584
449,player,522.0,337.5,562.9,457.1,0.555
449,player,478.8,331.8,509.9,431.8,0.537
449,player,810.2,300.3,842.9,392.9,0.533
449,player,529.3,337.6,557.6,452.9,0.487
449,player,507.4,335.4,564.2,458.9,0.313
449,player,841.0,316.8,866.8,414.3,0.313
449,player,762.7,497.3,802.6,577.3,0.276
449,player,728.8,361.5,765.4,459.9,0.269
449,ball,902.2,427.6,923.7,448.7,0.606
450,player,651.2,453.6,712.9,609.3,0.859
450,player,408.3,356.1,444.3,484.8,0.771
450,player,1172.0,339.5,1215.0,450.2,0.738
450,player,0.5,283.7,42.7,394.9,0.725
450,player,972.3,343.6,1022.8,523.3,0.701
450,player,445.7,350.4,483.5,461.5,0.653
450,player,728.4,359.4,766.6,495.5,0.652
450,player,312.4,317.5,342.0,454.8,0.615
450,player,851.3,375.0,923.2,524.5,0.584
450,player,521.8,337.5,562.9,457.2,0.554
450,player,478.8,331.8,509.9,431.5,0.533
450,player,810.2,300.3,842.9,392.9,0.531
450,player,529.3,337.6,557.6,453.0,0.484
450,player,841.0,316.7,866.8,414.4,0.314
450,player,762.7,497.3,802.6,577.4,0.275
450,ball,902.2,427.6,923.7,448.7,0.605
451,player,650.0,453.0,710.8,609.3,0.869
451,player,0.1,285.3,41.3,395.0,0.735
451,player,409.0,356.9,445.4,484.4,0.702
451,player,1170.0,340.5,1213.3,451.1,0.693
451,player,976.8,342.7,1025.0,523.7,0.685
451,player,729.4,358.7,767.9,494.2,0.661
451,player,310.5,315.2,344.8,455.5,0.612
451,player,858.2,375.0,930.5,520.8,0.579
451,player,447.9,342.7,485.9,460.5,0.524
451,player,809.6,299.8,842.1,393.0,0.51
451,player,530.5,332.7,561.2,449.8,0.468
451,player,479.8,331.8,511.1,441.1,0.449
451,player,762.2,496.6,809.8,576.7,0.39
451,player,840.4,316.4,867.1,411.9,0.316
451,player,533.3,331.3,565.5,429.9,0.306
451,player,510.8,336.0,564.2,457.1,0.28
451,ball,905.2,422.9,927.5,445.4,0.738
452,player,649.6,452.3,708.7,609.0,0.867
452,player,0.0,286.3,40.4,395.0,0.722
452,player,978.4,342.1,1025.7,523.2,0.707
452,player,410.0,356.8,445.4,486.6,0.696
452,player,305.9,309.6,348.5,464.7,0.677
452,player,730.6,358.1,771.7,496.2,0.65
452,player,1166.1,349.1,1211.1,451.0,0.63
452,player,868.1,374.8,931.0,518.3,0.556
452,player,533.5,330.9,562.2,448.1,0.515
452,player,809.3,301.1,842.1,393.0,0.475
452,player,449.8,342.7,486.8,453.8,0.469
452,player,762.3,496.5,808.7,576.6,0.459
452,player,981.8,340.8,1026.5,480.8,0.378
452,player,480.0,330.3,513.1,447.3,0.377
452,player,879.4,374.1,932.9,490.4,0.361
452,player,840.6,316.1,867.3,416.7,0.327
452,player,536.2,329.3,567.3,429.7,0.298
452,ball,906.8,415.3,931.0,437.9,0.807
453,player,648.7,451.3,707.9,608.9,0.851
453,player,301.0,317.9,349.6,466.8,0.716
453,player,0.0,287.6,39.4,394.0,0.711
453,player,410.5,357.2,444.7,487.3,0.661
453,player,879.9,375.2,934.7,506.2,0.654
453,player,732.2,357.1,774.5,496.2,0.611
453,player,980.0,344.1,1029.5,522.4,0.597
453,player,1153.6,340.8,1206.0,449.0,0.569
453,player,449.4,346.1,488.8,461.7,0.543
453,player,762.1,496.5,814.1,576.9,0.517
453,player,536.7,339.3,563.2,446.1,0.506
453,player,984.8,343.4,1026.6,472.1,0.498
453,player,481.8,329.0,515.4,446.4,0.474
453,player,809.1,303.1,839.5,393.2,0.432
453,player,842.0,317.0,866.9,420.5,0.296
453,player,530.1,338.6,565.2,454.5,0.279
453,ball,911.2,415.8,934.9,438.1,0.82
454,player,648.1,449.7,706.7,609.3,0.806
454,player,297.4,339.5,350.8,465.1,0.741
454,player,0.0,289.4,38.6,394.2,0.696
454,player,451.3,347.0,488.9,462.4,0.686
454,player,734.4,357.9,775.6,495.7,0.667
454,player,411.4,358.0,444.8,489.4,0.665
454,player,881.0,375.0,934.6,504.9,0.657
454,player,762.0,497.8,819.0,577.8,0.621
454,player,538.9,336.4,566.3,449.3,0.589
454,player,1155.8,341.3,1201.8,447.2,0.559
454,player,483.2,328.5,516.1,444.3,0.536
454,player,986.7,344.5,1026.3,472.0,0.528
454,player,809.2,303.0,840.7,393.5,0.43
454,player,980.3,353.5,1034.5,522.2,0.422
454,player,980.0,390.3,1028.9,521.4,0.366
454,player,626.1,462.1,656.5,585.1,0.27
454,player,841.2,317.5,867.4,417.3,0.253
454,ball,913.1,407.3,941.4,431.8,0.558
455,player,645.7,448.7,705.0,609.8,0.752
455,player,294.0,344.3,350.0,465.7,0.739
455,player,735.2,360.3,776.6,494.4,0.708
455,player,981.3,345.1,1044.3,523.1,0.702
455,player,0.0,287.7,38.0,394.1,0.692
455,player,411.9,359.8,446.3,492.0,0.67
455,player,485.5,327.7,517.8,444.3,0.616
455,player,453.2,343.7,489.0,462.3,0.609
455,player,883.2,373.9,936.4,517.5,0.603
455,player,761.9,498.7,821.1,575.6,0.581
455,player,541.5,331.7,568.5,447.9,0.573
455,player,1152.8,340.2,1195.9,447.5,0.571
455,player,809.0,301.5,842.2,393.7,0.431
455,player,988.0,343.2,1039.7,485.1,0.393
455,player,841.3,316.0,868.2,418.2,0.314
455,player,921.0,399.2,958.8,471.1,0.276
455,ball,923.0,408.3,946.8,430.8,0.644
456,player,645.6,448.7,705.0,609.8,0.751
456,player,294.0,344.3,350.0,465.7,0.741
456,player,735.2,360.3,776.6,494.4,0.708
456,player,981.2,345.1,1044.3,523.0,0.701
456,player,0.0,287.7,38.0,394.1,0.691
456,player,411.9,359.8,446.3,492.0,0.669
456,player,485.6,327.7,517.8,444.3,0.616
456,player,453.2,343.7,489.0,462.2,0.61
456,player,883.2,373.9,936.4,517.5,0.602
456,player,761.9,498.7,821.1,575.6,0.583
456,player,541.5,331.5,568.5,447.9,0.574
456,player,1152.8,340.2,1195.9,447.7,0.571
456,player,809.0,301.5,842.1,393.7,0.43
456,player,988.0,343.2,1039.7,485.0,0.398
456,player,841.3,316.1,868.2,418.1,0.311
456,player,921.0,399.2,958.8,471.1,0.275
456,ball,922.9,408.2,946.8,430.8,0.645
457,player,981.6,346.4,1052.5,522.7,0.755
457,player,644.1,448.0,704.3,609.8,0.735
457,player,292.1,351.4,347.8,464.9,0.717
457,player,1149.9,340.6,1187.2,448.4,0.703
457,player,734.0,357.7,777.8,498.6,0.674
457,player,0.0,287.2,37.5,394.3,0.66
457,player,413.6,358.1,444.6,488.2,0.637
457,player,486.0,328.4,519.6,443.5,0.634
457,player,881.9,376.5,950.9,519.5,0.61
457,player,761.5,499.8,822.6,575.4,0.607
457,player,542.6,328.8,570.7,444.9,0.579
457,player,454.8,343.7,493.2,463.5,0.553
457,player,808.8,299.9,842.0,393.5,0.467
457,player,841.0,314.5,868.4,419.2,0.405
457,player,320.2,306.6,347.5,388.2,0.39
457,player,987.3,345.5,1040.0,505.2,0.268
457,ball,923.9,404.4,949.0,428.2,0.417
458,player,981.9,347.7,1057.7,524.3,0.763
458,player,1149.1,340.7,1184.6,450.7,0.739
458,player,640.7,447.8,702.5,608.2,0.708
458,player,292.1,346.7,346.6,464.8,0.693
458,player,0.0,289.1,35.5,394.1,0.666
458,player,884.6,376.5,953.1,520.4,0.644
458,player,414.3,359.6,443.9,486.9,0.63
458,player,735.1,354.1,780.1,500.8,0.608
458,player,761.1,500.2,820.2,576.1,0.592
458,player,453.4,346.3,493.6,468.4,0.591
458,player,543.5,330.1,572.8,449.7,0.583
458,player,488.3,328.5,520.0,442.8,0.573
458,player,808.5,298.6,843.5,393.3,0.493
458,player,841.0,314.3,868.3,419.5,0.47
458,player,321.4,308.2,346.4,383.4,0.413
458,ball,937.0,411.5,958.2,431.2,0.616
459,player,883.3,377.7,958.7,523.6,0.755
459,player,1146.4,338.1,1181.2,452.1,0.73
459,player,290.9,344.6,347.2,465.2,0.719
459,player,982.2,351.8,1054.2,523.1,0.713
459,player,639.3,449.0,703.5,606.5,0.713
459,player,735.8,354.4,783.0,498.9,0.653
459,player,414.5,360.1,445.4,485.2,0.63
459,player,455.5,347.5,494.2,469.1,0.621
459,player,489.4,328.3,521.5,441.5,0.566
459,player,760.7,501.4,818.0,577.4,0.552
459,player,0.0,290.2,35.0,394.9,0.549
459,player,544.1,330.7,573.6,448.4,0.543
459,player,841.5,314.9,867.5,419.1,0.476
459,player,808.6,300.0,843.6,392.6,0.473
459,player,321.4,307.6,347.8,384.4,0.407
459,ball,939.1,412.3,958.9,431.1,0.685
460,player,290.4,345.1,343.4,466.0,0.772
460,player,736.0,352.9,785.1,496.8,0.749
460,player,638.9,449.3,702.4,606.7,0.728
460,player,1142.8,336.8,1176.9,455.9,0.703
460,player,457.6,345.8,495.8,474.4,0.664
460,player,983.3,353.1,1052.2,522.7,0.65
460,player,414.9,359.9,445.8,487.3,0.648
460,player,885.6,379.5,965.5,521.9,0.648
460,player,491.6,328.1,521.6,444.8,0.618
460,player,545.8,334.8,582.8,450.1,0.532
460,player,808.2,299.1,844.9,391.9,0.475
460,player,760.7,502.4,823.0,579.5,0.466
460,player,841.8,315.3,868.1,417.1,0.452
460,player,0.1,290.7,28.4,392.8,0.414
460,player,321.2,308.8,351.4,391.6,0.404
460,player,983.6,395.3,1047.7,523.3,0.295
460,player,996.0,347.9,1044.7,477.5,0.295
460,ball,942.7,414.7,966.1,436.7,0.718
461,player,886.3,380.0,973.7,524.6,0.802
461,player,1137.4,335.1,1174.4,454.9,0.783
461,player,287.5,344.7,341.0,466.9,0.77
461,player,738.8,353.2,786.7,493.7,0.763
461,player,638.8,449.5,701.2,606.5,0.728
461,player,984.1,350.2,1052.6,521.7,0.699
461,player,492.9,327.1,523.6,445.1,0.648
461,player,414.8,360.0,447.9,488.5,0.624
461,player,457.7,344.6,497.3,476.1,0.605
461,player,760.8,503.1,821.4,579.8,0.584
461,player,320.9,307.7,352.2,391.7,0.564
461,player,546.2,331.8,589.0,451.5,0.508
461,player,807.4,298.9,844.7,391.8,0.474
461,player,841.9,315.4,867.7,416.0,0.458
461,player,999.2,349.2,1047.6,478.1,0.333
461,player,0.1,292.0,24.4,387.5,0.316
461,ball,944.4,419.1,966.1,440.0,0.819
462,player,886.3,380.1,973.7,524.6,0.802
462,player,1137.4,335.1,1174.4,454.9,0.782
462,player,287.5,344.7,341.0,466.9,0.772
462,player,738.8,353.2,786.7,493.7,0.765
462,player,638.7,449.4,701.3,606.6,0.725
462,player,984.0,350.2,1052.7,521.7,0.702
462,player,492.9,327.1,523.6,445.1,0.646
462,player,414.8,360.0,447.9,488.5,0.623
462,player,457.7,344.6,497.3,476.2,0.608
462,player,760.8,503.0,821.4,579.8,0.593
462,player,321.0,307.8,352.2,391.6,0.562
462,player,546.2,331.7,589.0,451.5,0.506
462,player,807.4,298.8,845.0,391.7,0.469
462,player,841.9,315.5,867.9,416.1,0.443
462,player,999.2,349.2,1047.6,478.1,0.333
462,player,0.1,292.2,24.4,387.6,0.315
462,ball,944.4,419.2,966.2,440.1,0.82
463,player,889.4,383.3,980.0,525.7,0.777
463,player,286.6,343.6,339.3,466.6,0.741
463,player,1133.8,335.6,1171.8,454.8,0.734
463,player,638.3,447.8,696.9,604.7,0.734
463,player,743.4,354.1,785.7,488.0,0.732
463,player,980.9,350.9,1052.9,524.0,0.694
463,player,459.3,344.5,499.6,466.8,0.692
463,player,414.6,359.3,448.7,491.8,0.69
463,player,761.1,503.3,821.1,579.6,0.608
463,player,320.7,307.0,351.9,391.8,0.573
463,player,545.4,330.6,595.3,453.6,0.538
463,player,841.5,315.8,867.8,417.1,0.49
463,player,807.1,299.7,843.8,392.2,0.45
463,player,0.0,293.7,19.3,390.4,0.367
463,player,495.9,327.4,528.1,427.0,0.361
463,player,1003.6,349.3,1049.6,475.9,0.347
463,ball,953.1,423.0,976.2,446.1,0.779
464,player,639.4,447.9,695.5,605.0,0.776
464,player,891.4,386.5,991.1,527.1,0.742
464,player,747.5,354.0,786.5,485.8,0.736
464,player,412.9,359.7,448.9,493.5,0.734
464,player,1131.9,337.0,1169.0,453.0,0.683
464,player,287.3,346.8,324.0,465.0,0.677
464,player,991.0,351.1,1054.2,524.5,0.664
464,player,460.8,345.7,501.6,467.2,0.662
464,player,321.5,307.7,350.7,392.5,0.619
464,player,546.3,333.1,597.9,454.3,0.548
464,player,841.7,315.1,868.0,415.7,0.537
464,player,761.0,503.4,818.6,579.0,0.508
464,player,806.5,299.8,844.9,392.2,0.465
464,player,498.0,329.6,529.5,414.6,0.415
464,player,0.0,295.5,17.4,389.5,0.368
464,player,1004.6,349.5,1051.1,480.0,0.313
464,player,626.5,463.3,651.5,582.3,0.287
464,ball,955.5,428.3,980.5,452.6,0.786
465,player,639.2,448.0,694.7,605.7,0.778
465,player,749.7,353.0,787.6,487.5,0.774
465,player,891.0,384.3,990.5,527.8,0.76
465,player,411.5,360.6,449.1,493.8,0.741
465,player,1128.9,336.1,1167.8,454.0,0.718
465,player,285.3,348.2,327.5,466.3,0.683
465,player,462.5,348.1,501.3,467.6,0.667
465,player,322.7,308.2,352.1,391.5,0.58
465,player,841.5,315.0,868.2,415.1,0.57
465,player,1000.1,348.7,1055.5,518.1,0.538
465,player,806.1,299.7,844.3,392.3,0.513
465,player,548.4,334.3,598.3,454.1,0.506
465,player,761.0,503.3,818.5,579.6,0.504
465,player,499.2,327.0,530.6,409.9,0.394
465,player,1008.2,348.4,1052.8,483.0,0.306
465,player,626.8,465.9,651.5,581.9,0.28
465,ball,959.3,435.3,984.0,459.2,0.822
466,player,891.5,387.1,990.3,531.2,0.791
466,player,751.5,353.3,788.4,485.3,0.777
466,player,638.9,447.7,694.8,606.5,0.769
466,player,410.7,361.2,449.3,494.8,0.736
466,player,284.4,345.5,323.9,465.0,0.723
466,player,463.8,349.1,500.2,472.5,0.672
466,player,998.6,349.6,1057.5,520.7,0.608
466,player,1120.3,339.2,1166.3,455.7,0.592
466,player,841.5,314.9,868.4,414.7,0.55
466,player,325.9,309.0,353.0,388.0,0.541
466,player,805.9,300.7,843.1,392.0,0.508
466,player,760.9,503.4,817.9,580.0,0.502
466,player,549.7,328.2,597.2,454.4,0.429
466,player,555.5,327.5,590.7,443.8,0.387
466,player,501.4,326.5,531.9,414.6,0.373
466,player,0.0,294.2,15.6,388.6,0.348
466,player,627.0,468.6,651.6,581.9,0.272
466,ball,965.4,443.1,990.7,468.1,0.692
467,player,638.0,448.2,697.5,605.9,0.774
467,player,752.4,353.9,789.4,482.0,0.748
467,player,409.3,362.6,448.7,494.6,0.725
467,player,282.2,343.9,317.9,463.9,0.697
467,player,464.2,349.4,502.6,480.8,0.664
467,player,1119.2,338.8,1164.8,455.2,0.603
467,player,841.3,318.6,868.3,416.6,0.592
467,player,1003.2,380.9,1060.3,521.9,0.531
467,player,805.5,300.3,843.1,392.1,0.523
467,player,897.3,385.3,993.3,531.7,0.512
467,player,327.1,309.8,353.0,388.5,0.498
467,player,760.9,503.3,818.2,579.6,0.483
467,player,1013.6,348.6,1058.4,434.6,0.365
467,player,560.1,336.5,589.7,439.6,0.364
467,player,1013.8,347.4,1059.4,472.0,0.334
467,player,0.0,293.1,13.5,389.0,0.294
467,player,504.1,329.0,532.7,413.2,0.257
467,ball,969.0,451.7,991.4,475.3,0.785
468,player,638.0,448.2,697.5,605.9,0.774
468,player,752.4,353.9,789.4,482.0,0.749
468,player,409.3,362.6,448.8,494.5,0.725
468,player,282.1,343.9,318.0,463.8,0.702
468,player,464.2,349.4,502.6,480.8,0.663
468,player,1119.2,338.8,1164.8,455.2,0.603
468,player,841.3,318.6,868.3,416.6,0.591
468,player,1003.2,379.4,1060.3,521.9,0.531
468,player,805.5,300.3,843.1,392.1,0.523
468,player,327.1,309.8,352.9,387.8,0.514
468,player,897.3,385.3,993.2,531.7,0.51
468,player,760.9,503.2,818.1,579.6,0.483
468,player,560.1,336.6,589.5,439.2,0.363
468,player,1013.6,348.6,1058.5,435.3,0.36
468,player,1013.8,347.4,1059.4,472.2,0.334
468,player,0.0,293.1,13.5,389.0,0.294
468,player,504.1,328.9,532.7,413.0,0.259
468,ball,969.0,451.7,991.4,475.3,0.784
469,player,751.7,354.1,790.1,481.7,0.768
469,player,636.7,448.0,698.8,606.0,0.767
469,player,407.7,362.8,447.4,496.0,0.759
469,player,465.6,349.4,503.7,481.1,0.688
469,player,280.7,343.0,312.9,464.6,0.686
469,player,760.7,503.2,819.7,579.6,0.593
469,player,1107.2,339.1,1163.5,453.5,0.587
469,player,840.9,316.6,868.6,416.0,0.562
469,player,325.7,309.3,353.9,390.3,0.506
469,player,805.2,300.0,843.4,392.0,0.505
469,player,1012.2,385.9,1059.2,521.1,0.477
469,player,933.5,383.5,991.4,524.5,0.452
469,player,560.8,339.6,595.4,448.8,0.441
469,player,915.1,382.6,993.1,532.5,0.376
469,player,1016.5,349.6,1062.3,482.3,0.311
469,player,929.6,380.6,993.1,491.0,0.263
469,ball,971.2,466.7,995.0,490.2,0.817
470,player,752.4,353.2,792.6,480.5,0.778
470,player,404.6,363.0,445.7,499.2,0.774
470,player,636.2,448.1,699.4,606.3,0.769
470,player,467.1,349.7,503.7,481.6,0.765
470,player,277.0,344.1,310.2,463.6,0.685
470,player,1107.4,337.9,1161.7,454.6,0.603
470,player,936.6,381.5,994.8,512.1,0.576
470,player,760.3,502.4,821.6,578.8,0.573
470,player,840.8,318.1,869.4,415.7,0.559
470,player,1017.3,349.7,1065.3,486.3,0.542
470,player,804.5,300.5,841.3,392.1,0.489
470,player,324.8,308.6,353.9,389.0,0.474
470,player,563.8,337.5,592.5,448.1,0.437
470,player,509.0,333.1,537.8,412.2,0.412
470,player,507.8,332.1,540.2,433.2,0.38
470,player,555.6,337.5,601.3,451.9,0.282
471,player,752.2,351.9,793.9,480.4,0.765
471,player,635.8,448.0,700.2,607.0,0.761
471,player,468.8,349.1,504.2,481.9,0.737
471,player,401.0,362.9,444.8,501.0,0.721
471,player,276.1,345.1,308.5,462.0,0.682
471,player,1099.0,336.9,1160.3,453.9,0.655
471,player,1018.0,350.0,1067.8,511.6,0.642
471,player,941.5,380.9,995.5,529.1,0.638
471,player,564.3,332.1,595.2,450.1,0.539
471,player,839.8,317.9,869.4,417.6,0.524
471,player,511.0,327.9,540.2,433.1,0.522
471,player,804.6,300.8,840.6,392.1,0.5
471,player,759.2,501.9,822.9,578.0,0.497
471,player,325.9,308.9,355.4,388.9,0.458
471,player,788.5,502.3,822.1,576.8,0.251
471,ball,984.4,490.4,1006.3,511.3,0.596
472,player,636.2,448.3,699.7,607.5,0.754
472,player,1019.7,351.0,1068.7,494.4,0.73
472,player,470.4,349.3,504.2,480.9,0.728
472,player,753.1,351.0,795.2,479.1,0.72
472,player,398.8,362.9,447.2,506.0,0.714
472,player,272.8,345.2,305.9,454.2,0.592
472,player,945.4,380.8,987.7,525.9,0.547
472,player,328.4,308.8,359.5,389.5,0.543
472,player,565.9,336.9,595.1,449.1,0.543
472,player,805.2,300.7,841.6,392.2,0.541
472,player,838.2,316.2,868.7,417.9,0.536
472,player,1104.9,334.9,1147.7,449.8,0.53
472,player,758.9,501.8,825.6,578.5,0.482
472,player,514.6,325.4,542.9,435.1,0.43
472,ball,985.2,500.5,1007.2,523.8,0.639
473,player,635.7,448.0,700.6,607.0,0.766
473,player,471.9,349.9,505.0,479.8,0.728
473,player,754.3,349.9,797.3,480.3,0.719
473,player,395.2,364.1,444.9,505.0,0.719
473,player,1020.6,350.9,1071.1,483.4,0.698
473,player,269.3,344.3,304.9,458.5,0.632
473,player,1104.0,334.9,1146.3,449.6,0.607
473,player,805.2,300.5,840.7,392.0,0.582
473,player,328.9,308.4,359.9,389.6,0.567
473,player,568.2,337.7,597.4,448.3,0.551
473,player,837.1,317.1,869.0,420.7,0.541
473,player,949.1,380.5,989.8,502.4,0.515
473,player,759.1,501.8,823.3,578.8,0.498
473,player,756.4,365.6,790.9,482.2,0.406
473,player,516.6,326.8,545.2,435.6,0.352
473,player,562.5,336.5,602.3,456.6,0.261
473,ball,990.4,518.8,1014.0,541.1,0.305
474,player,635.7,448.0,700.6,607.0,0.766
474,player,471.9,349.9,505.0,479.8,0.728
474,player,754.3,349.9,797.3,480.3,0.718
474,player,395.3,364.1,445.0,505.0,0.717
474,player,1020.6,350.9,1071.1,483.5,0.697
474,player,269.3,344.3,304.9,458.3,0.634
474,player,1104.0,334.9,1146.4,449.5,0.604
474,player,805.2,300.5,840.7,392.0,0.581
474,player,328.8,308.4,360.0,389.5,0.569
474,player,568.2,337.7,597.4,448.3,0.55
474,player,837.1,317.1,869.0,420.7,0.54
474,player,949.1,380.5,989.8,503.5,0.515
474,player,759.1,501.8,823.3,578.8,0.495
474,player,756.4,365.6,790.9,482.2,0.405
474,player,516.5,326.8,545.2,435.6,0.353
474,player,562.5,336.5,602.3,456.6,0.261
474,ball,990.5,518.8,1014.0,541.1,0.301
475,player,635.6,447.9,700.4,607.3,0.761
475,player,393.7,365.4,444.0,505.0,0.753
475,player,261.6,345.3,310.9,462.7,0.706
475,player,756.2,352.6,797.7,482.4,0.7
475,player,473.2,350.4,506.8,479.9,0.673
475,player,1102.9,335.3,1144.3,454.1,0.643
475,player,1021.9,352.7,1074.3,485.8,0.642
475,player,953.1,378.7,997.6,530.8,0.601
475,player,329.3,307.3,362.6,390.6,0.598
475,player,805.6,300.6,840.2,391.7,0.593
475,player,759.2,502.5,820.5,579.8,0.55
475,player,835.3,317.8,868.9,422.4,0.54
475,player,570.4,336.8,599.2,446.9,0.512
475,player,514.3,328.1,546.6,437.6,0.317
475,player,519.6,327.3,545.4,412.6,0.274
475,ball,992.7,518.3,1019.8,542.5,0.504
476,player,394.8,365.8,443.2,505.4,0.751
476,player,635.7,447.9,699.6,607.2,0.748
476,player,757.8,352.0,799.5,482.5,0.718
476,player,474.2,351.3,509.5,480.9,0.656
476,player,1100.5,333.9,1136.6,453.5,0.649
476,player,329.8,306.7,366.4,392.0,0.647
476,player,955.5,379.4,1005.1,534.3,0.64
476,player,262.4,345.1,308.1,459.8,0.633
476,player,805.6,300.5,839.8,391.5,0.593
476,player,1023.6,356.0,1076.4,474.1,0.552
476,player,758.9,501.9,819.8,579.9,0.551
476,player,834.9,317.8,868.9,424.6,0.517
476,player,572.9,339.0,601.5,433.0,0.426
476,player,517.7,330.9,547.5,435.1,0.314
476,ball,999.3,508.9,1022.6,530.0,0.439
477,player,758.9,351.5,799.8,480.6,0.775
477,player,635.3,447.9,698.6,607.3,0.762
477,player,392.8,366.0,444.0,507.7,0.747
477,player,477.4,351.7,512.5,480.8,0.684
477,player,260.1,344.2,307.5,462.8,0.679
477,player,958.9,380.6,1016.1,532.7,0.663
477,player,331.5,308.6,367.5,390.6,0.657
477,player,574.3,338.3,604.9,449.5,0.61
477,player,1028.8,356.5,1080.6,480.8,0.603
477,player,804.7,299.9,838.3,391.6,0.589
477,player,1095.9,332.5,1132.2,448.7,0.583
477,player,758.9,498.5,818.4,580.2,0.509
477,player,835.0,317.9,868.5,425.0,0.498
477,player,520.1,330.6,550.4,434.3,0.458
478,player,760.7,351.2,800.9,480.3,0.802
478,player,635.9,447.8,696.7,607.3,0.763
478,player,259.9,342.7,306.4,463.1,0.742
478,player,392.2,366.0,440.3,504.0,0.714
478,player,478.6,351.1,513.0,480.4,0.67
478,player,962.8,381.9,1025.7,531.8,0.668
478,player,331.1,307.6,370.2,391.8,0.653
478,player,804.4,298.8,838.1,391.2,0.605
478,player,575.1,338.6,607.1,438.4,0.602
478,player,1031.5,356.6,1088.2,498.4,0.579
478,player,1093.0,331.1,1127.4,450.6,0.568
478,player,523.0,334.0,551.7,434.3,0.531
478,player,760.3,495.5,816.1,578.7,0.511
478,player,832.8,318.4,868.5,425.0,0.49
479,player,258.8,341.6,307.3,463.3,0.761
479,player,638.1,447.1,695.0,607.0,0.758
479,player,761.4,350.8,802.0,479.8,0.738
479,player,964.0,382.4,1037.7,532.7,0.711
479,player,391.9,366.2,440.1,508.1,0.709
479,player,331.7,308.2,371.2,391.4,0.667
479,player,480.3,351.2,515.2,481.2,0.627
479,player,1034.1,356.4,1091.8,510.1,0.613
479,player,1088.6,333.3,1126.6,455.4,0.607
479,player,803.9,298.5,838.2,391.2,0.583
479,player,577.0,338.1,609.9,438.2,0.572
479,player,523.8,333.4,553.6,433.8,0.548
479,player,759.8,495.5,816.7,579.0,0.495
479,player,836.4,319.5,867.5,418.1,0.48
480,player,258.9,341.6,307.2,463.3,0.762
480,player,638.1,447.0,695.0,607.1,0.761
480,player,761.4,350.8,802.0,479.9,0.739
480,player,964.0,382.4,1037.7,532.8,0.712
480,player,392.0,366.2,439.9,508.2,0.711
480,player,331.8,308.2,371.3,391.3,0.668
480,player,480.3,351.2,515.2,481.3,0.628
480,player,1034.0,356.4,1091.8,510.1,0.614
480,player,1088.6,333.3,1126.6,455.4,0.609
480,player,803.9,298.5,838.1,391.2,0.583
480,player,577.0,338.0,609.9,438.5,0.575
480,player,523.8,333.5,553.6,433.8,0.548
480,player,759.9,495.6,816.8,579.0,0.501
480,player,836.4,319.5,867.5,418.1,0.481
481,player,638.5,447.0,693.7,605.8,0.787
481,player,966.5,382.1,1044.8,533.8,0.769
481,player,257.5,341.6,304.1,463.1,0.739
481,player,390.2,366.3,434.4,507.8,0.701
481,player,482.2,349.6,518.5,479.1,0.674
481,player,332.4,307.9,371.0,391.5,0.662
481,player,763.0,351.2,802.6,476.0,0.646
481,player,803.0,298.9,838.4,392.1,0.618
481,player,524.1,336.5,555.7,431.3,0.571
481,player,578.4,337.4,611.4,447.3,0.559
481,player,1088.9,333.7,1123.9,448.7,0.498
481,player,1033.9,361.4,1102.7,516.3,0.495
481,player,836.4,320.0,867.5,419.1,0.473
481,player,759.5,497.9,818.1,578.4,0.471
481,ball,1077.9,481.2,1104.2,507.4,0.797
482,player,638.5,447.0,693.6,604.4,0.785
482,player,388.2,366.8,430.5,509.6,0.751
482,player,968.5,384.8,1049.8,532.4,0.744
482,player,257.0,342.8,296.9,464.1,0.716
482,player,332.8,307.3,370.9,391.1,0.683
482,player,482.8,349.7,526.7,479.7,0.654
482,player,802.0,298.1,839.3,392.2,0.641
482,player,1086.7,335.5,1121.9,451.4,0.573
482,player,765.4,351.6,802.3,464.6,0.555
482,player,525.6,335.4,557.9,431.8,0.534
482,player,760.8,496.1,818.4,578.5,0.527
482,player,580.7,336.9,611.8,441.7,0.505
482,player,1047.6,357.4,1089.5,482.2,0.444
482,player,835.7,320.7,867.3,420.1,0.417
482,player,1034.1,364.8,1096.3,514.0,0.402
482,ball,1095.4,475.5,1123.3,501.8,0.695
483,player,638.5,447.2,694.7,603.2,0.805
483,player,968.3,384.8,1059.6,533.8,0.795
483,player,385.6,367.5,430.1,510.1,0.759
483,player,256.5,342.8,293.3,462.6,0.751
483,player,333.8,307.0,370.7,391.5,0.695
483,player,800.1,297.9,838.5,392.3,0.655
483,player,1046.1,355.3,1100.1,514.6,0.596
483,player,483.9,350.1,531.0,479.6,0.579
483,player,1083.2,334.0,1123.0,447.9,0.554
483,player,767.9,351.4,803.6,451.7,0.531
483,player,579.4,336.8,613.5,448.3,0.478
483,player,760.2,458.4,818.5,580.6,0.469
483,player,760.8,500.3,821.6,578.3,0.451
483,player,834.2,322.8,864.7,426.6,0.414
483,player,527.9,334.1,559.1,430.9,0.328
483,player,837.0,320.2,868.4,403.9,0.292
483,ball,1116.8,473.7,1149.2,500.6,0.663
484,player,383.2,368.5,427.8,508.1,0.824
484,player,638.7,447.8,695.5,604.5,0.8
484,player,968.0,385.2,1056.2,534.2,0.766
484,player,252.4,342.9,290.2,463.3,0.765
484,player,335.4,308.2,369.7,391.6,0.654
484,player,483.8,350.6,542.4,479.8,0.648
484,player,1043.8,355.9,1099.5,514.7,0.619
484,player,798.7,298.8,837.0,392.3,0.589
484,player,1084.6,339.4,1121.8,452.8,0.534
484,player,581.5,337.6,613.8,449.0,0.492
484,player,769.1,348.8,804.7,437.4,0.433
484,player,833.0,321.9,863.5,426.5,0.424
484,player,758.8,499.1,823.3,578.9,0.396
484,player,1051.4,357.7,1091.8,480.7,0.342
484,player,761.2,458.5,819.2,581.0,0.341
484,player,529.0,335.1,561.4,431.3,0.261
484,ball,1140.2,471.7,1171.8,499.9,0.701
485,player,379.6,367.1,425.9,509.2,0.838
485,player,639.4,448.9,696.3,604.4,0.785
485,player,968.5,383.6,1055.7,534.3,0.781
485,player,250.4,343.3,285.2,460.9,0.761
485,player,482.4,350.6,544.6,479.5,0.594
485,player,336.5,308.5,370.0,391.6,0.588
485,player,797.9,299.3,836.0,392.5,0.562
485,player,583.9,338.5,614.1,448.8,0.451
485,player,770.1,350.9,805.4,444.4,0.437
485,player,760.4,500.3,823.3,577.5,0.428
485,player,1078.5,338.9,1121.7,458.4,0.428
485,player,832.5,322.2,862.5,425.3,0.419
485,ball,1162.3,473.8,1192.7,499.9,0.664
486,player,379.6,367.1,425.9,509.1,0.838
486,player,639.3,449.0,696.3,604.4,0.784
486,player,968.5,383.7,1055.6,534.3,0.781
486,player,250.3,343.3,285.2,460.9,0.761
486,player,336.5,308.5,370.0,391.6,0.59
486,player,482.4,350.6,544.5,479.5,0.587
486,player,797.9,299.2,836.1,392.5,0.567
486,player,584.0,338.5,614.1,448.7,0.447
486,player,770.1,350.8,805.4,443.9,0.439
486,player,760.4,500.2,823.0,577.5,0.433
486,player,1078.5,338.9,1121.7,458.4,0.426
486,player,832.5,322.2,862.6,425.2,0.421
486,ball,1162.3,473.8,1192.7,499.9,0.664
487,player,377.3,367.0,423.4,510.5,0.833
487,player,248.5,342.6,283.4,462.4,0.78
487,player,638.6,449.9,697.2,604.6,0.762
487,player,969.5,384.1,1052.7,535.4,0.707
487,player,335.5,306.2,369.8,392.1,0.593
487,player,797.5,297.6,836.9,391.4,0.552
487,player,482.7,351.6,531.3,478.8,0.528
487,player,1049.4,357.0,1105.5,513.6,0.508
487,player,584.9,338.4,614.6,449.4,0.484
487,player,770.7,349.0,805.4,437.5,0.477
487,player,760.3,500.6,819.8,576.3,0.43
487,player,832.7,322.2,861.7,425.9,0.418
487,player,532.4,327.3,564.4,429.7,0.33
487,player,1055.9,353.7,1103.0,479.2,0.268
487,ball,1184.0,476.0,1213.7,501.6,0.738
488,player,373.3,366.2,420.5,509.9,0.817
488,player,969.3,384.0,1055.0,538.5,0.787
488,player,247.6,343.0,281.8,461.9,0.779
488,player,637.7,449.7,697.8,606.5,0.726
488,player,339.0,306.4,370.2,390.6,0.595
488,player,486.1,352.2,528.8,464.0,0.585
488,player,1053.8,365.4,1105.7,513.5,0.539
488,player,797.0,298.0,836.8,391.8,0.496
488,player,586.0,338.8,615.6,446.7,0.486
488,player,830.8,322.9,861.0,428.0,0.469
488,player,760.3,500.5,816.5,574.9,0.446
488,player,771.6,351.9,805.1,434.2,0.361
488,player,1055.2,321.0,1073.3,343.9,0.275
488,ball,1210.9,477.6,1238.7,502.0,0.664
488,ball,1209.0,476.3,1243.0,506.4,0.343
489,player,367.9,366.2,417.8,511.1,0.823
489,player,970.3,385.4,1058.9,539.3,0.793
489,player,245.0,342.0,280.4,460.4,0.774
489,player,636.7,449.7,699.8,607.8,0.718
489,player,340.6,305.9,369.9,390.6,0.602
489,player,760.0,501.0,812.7,576.0,0.499
489,player,488.7,351.9,531.3,458.0,0.483
489,player,1057.1,362.2,1106.9,510.2,0.463
489,player,586.2,338.9,616.4,450.0,0.45
489,player,797.0,298.4,836.4,392.1,0.444
489,player,1060.1,367.4,1108.9,474.7,0.395
489,player,830.9,322.2,860.1,427.7,0.37
489,player,484.3,350.2,540.3,478.6,0.334
489,player,772.4,351.6,806.5,436.6,0.269
489,ball,1231.2,478.6,1260.1,503.1,0.685
489,ball,1228.4,477.6,1264.6,507.9,0.272
490,player,366.0,367.1,415.6,509.4,0.834
490,player,972.0,386.3,1057.7,538.8,0.793
490,player,241.1,342.7,279.1,459.8,0.752
490,player,642.5,448.3,701.2,607.8,0.72
490,player,340.8,305.0,370.4,390.9,0.614
490,player,1058.9,337.3,1108.6,485.9,0.537
490,player,760.0,500.3,814.9,576.2,0.53
490,player,587.4,339.8,616.1,447.4,0.44
490,player,483.6,352.3,548.8,479.6,0.43
490,player,797.1,299.4,836.2,392.2,0.414
490,player,830.0,322.2,860.2,427.7,0.408
490,player,493.4,351.8,534.8,465.7,0.398
490,ball,1252.6,484.3,1278.8,510.5,0.496
491,player,363.4,367.5,414.5,512.4,0.841
491,player,239.3,341.4,277.6,458.8,0.761
491,player,646.1,448.4,702.4,608.1,0.745
491,player,975.5,385.0,1056.4,537.9,0.738
491,player,340.4,303.3,371.8,390.9,0.604
491,player,760.2,499.0,816.8,577.6,0.584
491,player,1068.9,365.6,1112.0,478.6,0.428
491,player,1058.9,336.4,1110.4,493.4,0.424
491,player,589.1,341.3,617.0,450.3,0.405
491,player,499.9,351.8,537.2,448.4,0.366
491,player,797.2,299.4,836.0,391.5,0.35
491,player,482.9,354.7,548.8,479.6,0.32
491,player,1065.1,360.2,1112.4,510.0,0.318
491,player,828.9,322.0,860.0,429.6,0.311
491,player,1061.1,356.0,1108.3,471.7,0.292
491,player,626.1,468.3,655.6,587.1,0.288
491,player,495.6,351.0,543.3,469.6,0.281
492,player,363.4,367.5,414.5,512.4,0.843
492,player,239.3,341.4,277.6,458.8,0.761
492,player,646.0,448.5,702.4,608.1,0.745
492,player,975.5,385.0,1056.4,537.9,0.737
492,player,340.4,303.3,371.8,390.9,0.604
492,player,760.3,499.0,816.8,577.6,0.583
492,player,1068.9,365.6,1112.0,478.6,0.429
492,player,1058.9,336.3,1110.4,493.1,0.423
492,player,589.1,341.3,617.0,450.3,0.405
492,player,499.8,351.8,537.2,448.6,0.367
492,player,797.2,299.4,836.0,391.5,0.349
492,player,482.9,354.7,548.8,479.7,0.323
492,player,1065.1,360.2,1112.4,509.8,0.32
492,player,828.9,322.0,860.0,429.6,0.31
492,player,1061.1,355.9,1108.3,471.7,0.292
492,player,626.1,468.2,655.6,587.1,0.287
492,player,495.4,351.0,543.4,470.4,0.278
493,player,360.9,368.3,413.3,513.6,0.83
493,player,647.3,448.7,705.1,608.7,0.779
493,player,233.9,341.0,277.1,459.9,0.75
493,player,979.2,384.9,1053.2,540.5,0.72
493,player,342.1,302.0,373.3,390.6,0.61
493,player,760.4,497.9,815.1,577.8,0.552
493,player,1072.1,366.0,1114.3,511.7,0.539
493,player,502.2,352.2,539.5,449.7,0.443
493,player,590.6,342.3,617.0,447.4,0.443
493,player,1076.3,366.6,1113.4,475.0,0.373
493,player,797.2,299.9,835.4,390.1,0.36
493,player,828.6,321.2,859.9,430.2,0.329
493,player,1060.1,362.9,1112.2,519.2,0.287
493,player,626.1,467.0,657.0,585.1,0.26
494,player,359.8,368.4,413.4,513.6,0.84
494,player,648.7,450.6,707.6,609.8,0.819
494,player,232.4,338.6,276.5,459.3,0.775
494,player,343.0,301.3,375.0,390.0,0.634
494,player,986.5,383.7,1054.5,538.4,0.622
494,player,1063.5,366.6,1116.0,518.5,0.621
494,player,761.2,496.6,807.5,575.5,0.537
494,player,502.5,351.4,540.6,450.2,0.464
494,player,797.3,299.5,835.4,389.0,0.351
494,player,776.9,359.3,814.3,463.3,0.318
494,player,1055.9,320.9,1085.0,417.7,0.301
494,player,626.1,466.4,656.3,582.5,0.299
494,player,592.3,343.6,617.3,447.4,0.289
494,player,1011.7,385.4,1049.5,533.4,0.258
495,player,648.5,452.1,708.6,608.8,0.863
495,player,359.4,369.1,413.1,512.1,0.822
495,player,230.9,339.1,276.6,458.1,0.795
495,player,348.2,304.3,373.1,388.9,0.652
495,player,1015.2,381.7,1057.9,536.7,0.613
495,player,1066.7,366.4,1123.1,518.8,0.574
495,player,508.6,351.9,538.3,444.9,0.523
495,player,761.3,496.8,805.8,574.9,0.521
495,player,995.8,383.1,1059.9,537.5,0.52
495,player,797.3,299.8,834.9,387.9,0.336
495,player,592.5,343.1,619.1,452.4,0.295
495,player,1053.8,322.8,1083.0,406.4,0.295
495,player,777.0,360.4,814.7,465.6,0.279
495,player,625.9,465.8,655.3,581.5,0.276
495,player,827.9,321.5,859.8,429.9,0.269
496,player,648.3,452.7,709.7,609.6,0.856
496,player,359.3,369.3,412.4,512.8,0.819
496,player,228.3,342.3,277.1,458.6,0.789
496,player,349.1,304.1,374.3,389.3,0.685
496,player,1015.2,382.7,1059.9,534.9,0.664
496,player,1071.8,366.2,1130.1,518.4,0.621
496,player,761.4,496.3,807.5,576.2,0.57
496,player,512.6,351.7,536.7,441.4,0.537
496,player,1051.2,326.3,1081.8,407.5,0.457
496,player,593.5,342.8,620.3,453.1,0.373
496,player,777.2,363.9,817.7,468.4,0.356
496,player,797.0,298.5,834.2,384.2,0.261
497,player,649.6,453.4,711.7,610.0,0.858
497,player,361.4,370.9,410.5,514.2,0.833
497,player,227.0,342.1,277.1,458.3,0.811
497,player,1073.7,366.9,1136.8,518.4,0.732
497,player,348.6,304.7,375.5,385.1,0.715
497,player,1013.0,382.3,1060.4,534.3,0.695
497,player,760.9,496.3,808.4,575.9,0.594
497,player,515.3,350.6,542.0,440.7,0.504
497,player,594.0,342.1,620.8,453.3,0.442
497,player,1051.3,326.9,1078.6,414.6,0.434
497,player,781.3,362.7,818.2,463.1,0.35
497,player,1052.0,329.4,1081.0,451.4,0.255
498,player,649.5,453.4,711.7,610.0,0.858
498,player,361.4,370.9,410.5,514.3,0.833
498,player,227.0,342.1,277.1,458.3,0.811
498,player,1073.7,366.9,1136.8,518.4,0.732
498,player,348.6,304.7,375.5,385.1,0.715
498,player,1013.0,382.2,1060.4,534.3,0.697
498,player,760.8,496.3,808.4,575.9,0.595
498,player,515.3,350.6,542.0,440.7,0.505
498,player,594.0,342.1,620.8,453.3,0.442
498,player,1051.3,327.0,1078.6,414.6,0.434
498,player,781.3,362.7,818.2,463.2,0.349
498,player,1052.1,329.5,1081.0,451.5,0.254
499,player,649.7,453.9,712.4,610.3,0.847
499,player,361.0,371.8,409.0,515.9,0.835
499,player,225.1,342.4,276.6,458.6,0.821
499,player,1076.0,367.9,1141.3,516.6,0.756
499,player,349.8,305.1,376.0,385.6,0.674
499,player,1014.0,384.4,1076.3,535.7,0.618
499,player,760.6,496.0,807.9,575.4,0.589
499,player,517.4,350.9,543.9,440.8,0.537
499,player,1048.0,330.3,1076.2,433.3,0.484
499,player,594.9,341.6,621.4,452.1,0.459
499,player,1046.6,329.6,1079.0,460.2,0.346
499,player,777.6,357.8,822.7,466.6,0.331
499,player,828.0,322.4,860.4,432.0,0.315
499,player,1013.6,392.6,1058.2,534.6,0.251
