frame_idx,class,x1,y1,x2,y2,confidence
1,player,697.4,495.0,765.0,691.6,0.587
1,player,1136.7,461.6,1182.3,609.3,0.428
1,player,880.9,563.0,925.2,717.0,0.306
1,player,915.0,514.8,1000.2,760.9,0.176
1,player,1252.9,455.1,1305.3,584.4,0.139
2,player,1135.2,459.5,1183.0,611.9,0.781
2,player,696.1,494.1,761.8,690.7,0.675
2,player,922.4,513.6,1001.1,763.7,0.606
2,player,1025.9,268.7,1074.8,398.7,0.507
2,player,877.4,562.5,927.6,751.7,0.406
2,player,1460.9,514.6,1536.1,643.6,0.388
2,player,485.2,543.2,541.3,712.7,0.379
2,player,1250.0,444.6,1309.9,578.5,0.363
2,player,880.3,564.0,924.7,701.2,0.323
2,player,1252.9,446.1,1338.4,578.5,0.322
2,player,486.8,541.5,560.8,719.7,0.313
2,player,930.1,514.8,999.6,665.9,0.25
2,player,915.1,521.1,970.1,762.4,0.158
2,player,486.2,540.7,528.5,688.8,0.154
2,player,480.0,499.0,569.2,719.6,0.138
2,player,1248.7,513.4,1296.4,576.1,0.114
3,player,1133.0,459.1,1182.4,610.3,0.783
3,player,694.3,493.1,758.8,688.7,0.752
3,player,927.7,514.5,1000.2,759.0,0.572
3,player,486.1,542.9,541.2,713.4,0.5
3,player,1025.7,269.4,1073.7,400.1,0.461
3,player,877.4,564.0,929.6,736.7,0.455
3,player,928.2,517.1,998.8,667.2,0.364
3,player,486.0,537.8,563.6,717.9,0.312
3,player,1457.4,514.7,1537.2,642.2,0.283
3,player,1248.3,443.5,1337.7,582.1,0.279
3,player,486.8,541.2,530.2,687.0,0.236
3,player,1249.8,445.9,1337.0,522.3,0.196
3,player,1697.6,548.6,1762.5,672.6,0.187
3,player,1245.6,449.7,1310.5,577.7,0.175
3,player,1259.8,443.4,1319.7,522.2,0.13
3,player,1263.2,442.8,1306.3,511.2,0.12
3,player,880.4,562.4,950.5,743.9,0.119
4,player,1131.9,459.8,1182.4,611.4,0.782
4,player,696.2,493.2,757.7,691.2,0.781
4,player,486.5,542.7,539.8,714.1,0.549
4,player,927.2,517.2,999.9,759.1,0.536
4,player,1026.1,268.9,1073.3,403.3,0.434
4,player,877.0,564.3,929.3,736.3,0.424
4,player,1249.1,438.8,1324.4,582.9,0.361
4,player,879.9,563.5,925.6,696.9,0.357
4,player,926.3,522.2,996.3,668.3,0.342
4,player,486.3,539.1,562.8,719.6,0.307
4,player,487.0,541.5,530.9,685.6,0.298
4,player,1262.4,439.5,1318.8,518.3,0.218
4,player,1246.9,483.6,1311.2,578.6,0.183
4,player,1457.7,514.4,1537.7,640.4,0.183
4,player,1703.5,548.4,1763.1,658.3,0.158
4,player,1247.8,500.6,1298.8,580.6,0.144
4,player,1264.7,439.6,1308.3,509.6,0.122
4,player,945.0,572.6,999.9,762.6,0.109
5,player,1131.4,458.5,1184.4,610.9,0.818
5,player,688.1,492.2,757.1,689.1,0.746
5,player,485.9,542.4,542.2,714.0,0.592
5,player,924.7,518.7,997.9,756.6,0.554
5,player,877.5,562.2,929.0,736.4,0.498
5,player,1248.9,441.8,1323.8,582.3,0.447
5,player,925.0,525.5,993.2,680.0,0.366
5,player,1027.2,268.7,1073.0,394.1,0.341
5,player,1705.0,546.9,1763.9,658.3,0.257
5,player,657.5,492.4,757.6,689.4,0.249
5,player,1254.0,441.5,1321.4,546.9,0.247
5,player,1688.2,713.6,1815.7,883.6,0.195
5,player,1458.9,513.9,1537.7,635.0,0.194
5,player,486.5,538.3,560.8,720.7,0.179
5,player,1761.5,285.7,1814.8,377.8,0.127
5,player,945.0,568.7,998.4,760.5,0.122
5,player,1467.9,515.0,1528.8,610.2,0.113
5,player,1757.1,282.8,1815.7,404.0,0.103
6,player,1131.4,457.8,1185.7,610.8,0.828
6,player,685.8,490.7,756.5,687.6,0.709
6,player,485.7,542.5,544.4,721.5,0.572
6,player,1249.1,438.9,1313.4,583.4,0.513
6,player,877.5,562.5,928.7,734.8,0.506
6,player,924.8,520.3,997.1,754.7,0.495
6,player,635.2,491.9,756.9,685.8,0.444
6,player,486.1,541.6,534.9,685.6,0.371
6,player,1706.4,543.1,1766.9,654.4,0.359
6,player,925.2,529.0,991.7,686.5,0.331
6,player,1685.7,714.6,1815.4,882.9,0.24
6,player,1027.8,269.0,1072.4,391.4,0.211
6,player,1608.8,613.0,1660.5,748.5,0.21
6,player,1577.7,613.8,1660.2,753.7,0.203
6,player,940.5,542.0,996.1,760.9,0.19
6,player,1463.6,513.9,1537.4,627.3,0.183
6,player,1471.7,515.1,1522.5,602.9,0.18
6,player,1761.5,285.9,1814.2,376.3,0.138
6,player,930.7,982.8,977.3,1080.0,0.128
6,player,1250.5,472.7,1306.3,583.3,0.118
7,player,1131.1,457.6,1185.8,610.6,0.836
7,player,680.2,490.6,756.4,685.6,0.702
7,player,1245.3,439.1,1306.6,582.5,0.699
7,player,636.2,491.3,756.2,685.1,0.598
7,player,485.3,543.2,544.6,721.7,0.593
7,player,921.6,519.0,996.4,754.1,0.553
7,player,878.3,561.9,930.1,737.7,0.475
7,player,1027.6,268.4,1072.0,391.0,0.429
7,player,1706.1,543.3,1768.0,652.8,0.419
7,player,485.7,541.7,535.4,687.9,0.393
7,player,1689.0,714.4,1817.5,885.3,0.373
7,player,924.7,525.7,992.4,705.6,0.326
7,player,1460.2,514.3,1537.2,630.9,0.218
7,player,1575.0,613.3,1661.2,754.1,0.188
7,player,1605.4,612.1,1661.3,749.2,0.183
7,player,937.4,538.7,995.3,760.2,0.143
7,player,1470.7,515.4,1521.5,602.1,0.136
7,player,1761.0,284.9,1815.0,378.2,0.123
7,player,1710.5,542.1,1765.3,628.8,0.115
8,player,1130.8,455.0,1188.1,610.4,0.854
8,player,1244.4,440.0,1301.8,580.3,0.709
8,player,681.1,491.1,754.4,679.6,0.673
8,player,485.6,542.0,539.3,711.9,0.553
8,player,632.1,490.5,755.0,681.7,0.535
8,player,922.4,518.6,995.8,753.7,0.521
8,player,878.5,563.4,930.7,740.5,0.443
8,player,1689.6,714.0,1817.9,885.5,0.44
8,player,1706.5,542.3,1768.4,652.9,0.432
8,player,1027.8,268.3,1071.9,390.3,0.396
8,player,879.4,563.2,925.8,696.8,0.368
8,player,924.4,525.8,987.6,716.2,0.303
8,player,1575.1,613.2,1662.0,754.8,0.204
8,player,1609.4,612.4,1661.8,750.4,0.179
8,player,1461.6,514.1,1536.8,631.7,0.168
8,player,485.2,542.8,531.0,682.3,0.162
8,player,927.2,522.5,994.7,668.7,0.159
8,player,940.4,538.0,996.2,761.3,0.139
8,player,1472.5,515.1,1520.7,599.8,0.121
8,player,1760.6,284.4,1815.8,381.1,0.112
8,player,1710.7,542.3,1765.7,626.4,0.109
9,player,1131.9,455.0,1188.2,610.7,0.851
9,player,1240.7,435.9,1298.4,576.4,0.756
9,player,681.2,491.1,754.0,674.2,0.677
9,player,634.5,490.9,755.1,676.2,0.631
9,player,485.1,543.9,543.8,722.0,0.611
9,player,921.0,519.2,996.9,752.1,0.528
9,player,1689.5,714.1,1816.1,885.7,0.465
9,player,1027.6,267.5,1072.2,393.6,0.439
9,player,878.5,562.8,930.2,738.5,0.429
9,player,1706.2,546.0,1766.1,652.8,0.393
9,player,879.3,563.5,924.9,694.3,0.362
9,player,485.6,542.2,535.0,689.6,0.31
9,player,926.6,525.7,987.9,689.9,0.251
9,player,942.0,549.3,995.6,760.9,0.12
9,player,1757.6,285.1,1815.5,403.5,0.114
9,player,1573.3,545.2,1766.9,765.1,0.113
9,player,1586.5,612.5,1661.5,750.2,0.113
10,player,1131.3,454.5,1189.3,610.5,0.839
10,player,1237.7,438.4,1296.4,574.4,0.706
10,player,642.2,490.6,754.9,675.5,0.651
10,player,675.3,491.1,753.5,673.1,0.648
10,player,484.4,544.0,544.3,723.2,0.623
10,player,924.8,518.9,997.6,754.9,0.501
10,player,1689.7,714.2,1816.3,885.5,0.459
10,player,1028.0,266.9,1072.2,391.1,0.445
10,player,1706.5,545.9,1766.0,651.9,0.404
10,player,878.4,563.6,929.2,728.7,0.392
10,player,485.0,542.6,536.9,688.1,0.24
10,player,926.1,525.6,990.2,694.4,0.231
10,player,917.0,527.2,984.9,745.5,0.155
10,player,942.1,560.7,995.3,760.0,0.129
10,player,1760.9,285.8,1815.3,379.7,0.113
10,player,1475.0,514.1,1516.6,594.6,0.107
11,player,1131.8,455.5,1190.4,610.6,0.821
11,player,672.9,492.0,753.6,674.7,0.723
11,player,482.8,544.1,545.6,723.5,0.658
11,player,1236.3,439.6,1295.4,573.4,0.656
11,player,1027.1,265.2,1072.8,393.6,0.519
11,player,927.7,517.1,997.9,755.1,0.512
11,player,878.5,563.9,932.0,734.7,0.481
11,player,1708.1,546.4,1765.8,643.6,0.337
11,player,1688.4,714.8,1816.4,886.4,0.326
11,player,484.1,542.3,537.0,691.8,0.269
11,player,926.1,524.7,994.6,685.3,0.196
11,player,1241.7,438.8,1295.9,538.1,0.184
11,player,942.6,553.7,995.0,759.9,0.182
11,player,626.7,490.6,754.7,677.3,0.122
11,player,917.7,526.3,978.5,749.5,0.12
11,player,1760.1,285.6,1814.9,384.2,0.108
12,player,1131.6,454.9,1192.7,610.5,0.81
12,player,627.2,492.1,754.4,674.8,0.719
12,player,482.3,544.4,544.4,723.3,0.649
12,player,1234.3,436.9,1294.6,572.4,0.607
12,player,925.4,516.7,997.3,755.5,0.544
12,player,1026.3,265.0,1072.8,394.4,0.49
12,player,878.6,563.4,930.6,735.9,0.489
12,player,1708.4,544.6,1767.4,646.6,0.411
12,player,1690.0,713.8,1819.0,885.6,0.318
12,player,674.7,489.4,753.5,673.1,0.276
12,player,925.7,524.5,993.9,691.2,0.221
12,player,1243.5,436.2,1295.1,524.8,0.216
12,player,942.1,553.9,994.2,760.0,0.158
12,player,1760.5,285.4,1814.6,382.7,0.121
13,player,1130.6,453.8,1192.8,611.5,0.82
13,player,624.9,492.1,753.9,675.8,0.721
13,player,665.6,489.8,752.6,675.9,0.699
13,player,481.0,544.5,545.7,722.1,0.665
13,player,1234.6,435.5,1294.7,572.7,0.571
13,player,1024.7,264.5,1072.4,396.0,0.568
13,player,926.1,517.1,997.6,756.8,0.565
13,player,1707.9,542.9,1767.1,649.9,0.541
13,player,878.6,564.1,930.5,737.2,0.448
13,player,1688.5,714.1,1819.9,887.1,0.281
13,player,1238.0,437.4,1293.5,508.7,0.217
13,player,941.7,546.7,994.5,760.6,0.172
13,player,926.7,520.2,996.6,677.7,0.154
13,player,1760.4,285.5,1814.6,384.6,0.145
14,player,1131.0,452.4,1195.6,611.7,0.858
14,player,625.6,492.6,754.5,673.8,0.681
14,player,480.1,544.2,544.8,721.8,0.677
14,player,669.5,490.1,752.6,674.0,0.658
14,player,1707.7,542.0,1767.9,651.1,0.55
14,player,1234.7,435.4,1292.2,572.1,0.54
14,player,1025.2,264.8,1071.4,395.1,0.532
14,player,926.6,516.9,997.5,755.8,0.511
14,player,878.7,564.3,931.6,737.8,0.424
14,player,1688.4,713.8,1819.4,886.8,0.3
14,player,926.0,524.6,991.5,700.4,0.243
14,player,1240.4,436.8,1292.4,493.5,0.212
14,player,942.6,550.6,994.2,760.3,0.152
14,player,1760.3,285.4,1814.6,384.2,0.135
14,player,1478.6,515.4,1518.2,588.7,0.102
15,player,1130.6,452.8,1197.1,612.1,0.836
15,player,622.0,492.1,754.2,672.4,0.688
15,player,479.6,544.5,544.8,721.9,0.682
15,player,1243.1,434.8,1291.8,571.4,0.604
15,player,1025.3,264.9,1071.3,398.2,0.577
15,player,668.2,490.2,752.3,671.6,0.571
15,player,927.8,517.3,997.9,756.3,0.449
15,player,1707.8,541.9,1768.0,653.7,0.417
15,player,878.8,563.6,938.6,742.6,0.369
15,player,1246.7,436.3,1291.9,527.4,0.278
15,player,1689.1,714.1,1817.3,886.3,0.269
15,player,927.7,524.0,994.0,675.5,0.265
15,player,941.8,546.4,994.2,760.3,0.162
16,player,1131.0,451.8,1197.5,611.9,0.829
16,player,479.1,545.6,544.9,721.3,0.669
16,player,621.9,491.7,752.9,671.6,0.651
16,player,1025.8,265.3,1070.2,393.2,0.566
16,player,667.0,490.4,750.0,670.2,0.565
16,player,1240.2,435.0,1292.1,572.0,0.562
16,player,1708.5,540.5,1768.5,650.7,0.485
16,player,928.6,517.5,998.0,757.0,0.4
16,player,1688.1,713.6,1817.3,887.1,0.336
16,player,879.2,563.9,937.0,738.4,0.33
16,player,926.5,524.3,994.8,701.7,0.308
16,player,879.9,562.1,933.1,697.8,0.28
16,player,1245.5,436.4,1292.1,507.0,0.276
16,player,942.2,544.9,994.0,760.8,0.162
16,player,1589.7,612.8,1661.9,745.3,0.131
16,player,0.0,645.5,43.2,758.7,0.118
16,player,931.0,523.3,989.4,660.0,0.101
17,player,1130.6,452.9,1197.8,611.9,0.813
17,player,478.3,546.2,544.7,720.3,0.672
17,player,1239.9,437.3,1291.3,572.5,0.62
17,player,615.0,491.9,748.2,668.9,0.605
17,player,1026.0,265.6,1069.4,390.2,0.582
17,player,667.2,491.4,746.5,665.5,0.544
17,player,928.4,516.8,998.1,757.2,0.475
17,player,1708.0,539.9,1770.2,649.0,0.432
17,player,879.4,565.0,934.9,737.3,0.345
17,player,1243.9,437.7,1291.0,533.4,0.281
17,player,1688.5,713.9,1818.2,888.8,0.271
17,player,928.4,524.2,993.5,678.6,0.249
17,player,942.6,546.6,994.2,761.0,0.17
17,player,0.0,644.5,43.1,759.3,0.115
17,player,1600.2,613.5,1661.7,747.7,0.107
18,player,1130.3,452.3,1200.0,612.0,0.819
18,player,479.6,548.1,546.0,719.3,0.671
18,player,613.9,492.2,748.6,669.6,0.667
18,player,1237.1,438.0,1291.3,572.2,0.604
18,player,1025.4,265.1,1069.6,398.3,0.591
18,player,1708.6,539.5,1771.1,650.1,0.518
18,player,927.9,516.5,997.8,758.1,0.481
18,player,653.3,491.0,746.1,665.5,0.437
18,player,1688.9,713.5,1816.9,887.3,0.396
18,player,1242.1,437.9,1291.2,540.8,0.339
18,player,879.2,565.6,934.0,723.3,0.321
18,player,927.6,524.1,994.3,673.0,0.219
18,player,942.2,545.5,994.7,761.3,0.173
18,player,1595.5,613.2,1662.4,747.9,0.142
18,player,878.0,562.3,947.0,741.3,0.135
18,player,1573.2,613.7,1665.1,754.0,0.111
19,player,1130.2,451.7,1200.6,612.1,0.848
19,player,613.4,491.7,746.0,669.8,0.724
19,player,480.2,549.9,544.2,719.4,0.662
19,player,1236.3,438.4,1291.3,572.6,0.559
19,player,1026.2,265.2,1069.4,387.0,0.512
19,player,1706.1,541.2,1769.8,646.7,0.468
19,player,927.3,516.6,998.1,758.4,0.444
19,player,1687.7,712.2,1814.9,885.6,0.319
19,player,879.1,566.0,933.5,735.3,0.309
19,player,1243.6,437.8,1291.2,536.2,0.307
19,player,927.4,524.6,994.1,672.2,0.228
19,player,1601.5,613.9,1662.6,748.6,0.162
19,player,944.5,583.6,996.7,760.3,0.157
19,player,1574.1,614.2,1665.3,753.8,0.13
20,player,1130.4,452.5,1203.8,612.1,0.828
20,player,479.4,550.6,543.5,719.1,0.663
20,player,609.7,492.4,746.7,668.3,0.66
20,player,1025.9,264.7,1069.5,391.2,0.523
20,player,1236.5,439.0,1291.8,571.7,0.488
20,player,651.6,492.9,743.4,665.3,0.488
20,player,1708.3,539.1,1770.4,649.9,0.466
20,player,924.0,517.0,998.5,758.5,0.431
20,player,1243.9,438.4,1289.9,531.6,0.299
20,player,880.2,564.6,936.4,719.3,0.293
20,player,1686.7,710.9,1816.2,886.1,0.244
20,player,926.3,524.7,992.2,668.2,0.228
20,player,944.4,586.6,996.9,760.1,0.191
20,player,1606.8,614.4,1663.0,748.6,0.156
20,player,1576.0,614.9,1666.3,753.6,0.134
20,player,1474.0,515.0,1521.7,595.2,0.123
21,player,1129.7,453.6,1204.6,611.9,0.793
21,player,479.5,551.9,544.4,719.6,0.685
21,player,609.4,492.7,744.5,667.2,0.625
21,player,1025.5,265.6,1069.4,392.2,0.581
21,player,923.0,517.0,998.3,758.6,0.449
21,player,1706.9,540.1,1766.5,648.5,0.399
21,player,1246.5,440.5,1291.5,532.9,0.362
21,player,1241.5,439.9,1291.4,565.6,0.309
21,player,1255.3,441.7,1290.8,512.3,0.275
21,player,879.0,567.1,931.9,707.0,0.259
21,player,1248.2,440.3,1286.4,502.2,0.251
21,player,924.9,525.0,992.9,667.1,0.206
21,player,650.6,495.6,743.7,665.0,0.195
21,player,1685.8,710.5,1815.7,884.7,0.174
21,player,945.5,584.3,996.7,760.7,0.133
21,player,879.1,564.8,945.8,731.5,0.11
22,player,1130.0,455.6,1207.1,611.9,0.806
22,player,479.0,552.3,544.5,719.9,0.671
22,player,1025.6,265.6,1069.6,389.8,0.59
22,player,1707.3,539.9,1769.4,648.3,0.458
22,player,603.7,492.3,739.2,666.6,0.409
22,player,921.8,517.4,998.3,758.1,0.378
22,player,1248.4,440.6,1291.2,528.7,0.377
22,player,1244.2,440.6,1291.1,568.3,0.285
22,player,1256.4,441.5,1290.4,512.8,0.283
22,player,880.6,565.4,933.8,713.3,0.282
22,player,651.0,492.3,740.1,665.5,0.218
22,player,1687.8,713.6,1814.3,885.2,0.203
22,player,924.2,525.6,991.7,680.0,0.202
22,player,658.8,493.2,704.6,598.2,0.158
22,player,946.3,585.9,996.5,761.1,0.127
22,player,624.5,491.8,704.4,592.6,0.12
22,player,1477.1,515.3,1518.0,592.4,0.103
22,player,880.9,564.4,923.4,683.7,0.1
23,player,1130.3,454.8,1206.7,612.4,0.735
23,player,477.6,550.6,545.5,721.5,0.684
23,player,1025.0,265.2,1069.9,390.6,0.59
23,player,604.6,491.3,735.0,667.3,0.585
23,player,1706.3,541.1,1765.6,649.5,0.461
23,player,649.9,490.3,735.2,667.0,0.437
23,player,925.5,517.2,998.1,757.6,0.412
23,player,1250.0,442.3,1291.4,524.8,0.359
23,player,880.1,564.1,931.5,694.2,0.307
23,player,922.1,525.6,993.7,707.6,0.306
23,player,1257.2,443.0,1290.3,506.0,0.294
23,player,1139.4,461.1,1198.1,563.7,0.291
23,player,1246.0,442.9,1291.1,564.4,0.235
23,player,1128.0,501.0,1193.0,611.7,0.199
23,player,1688.4,714.5,1814.2,885.0,0.162
23,player,942.2,553.2,994.9,761.9,0.134
23,player,1478.1,515.0,1518.4,590.1,0.102
24,player,1130.2,455.7,1207.1,611.9,0.769
24,player,478.5,552.0,546.3,719.5,0.676
24,player,598.4,491.4,733.0,666.7,0.663
24,player,1025.0,266.2,1069.6,390.7,0.535
24,player,927.7,517.8,998.0,758.0,0.502
24,player,1706.8,540.7,1766.5,650.2,0.472
24,player,644.9,490.0,732.5,666.2,0.465
24,player,879.5,567.1,930.0,699.2,0.32
24,player,1255.9,443.1,1289.6,513.7,0.278
24,player,923.4,526.0,992.5,709.8,0.271
24,player,1239.3,445.1,1291.3,566.0,0.203
24,player,942.7,552.8,995.3,761.2,0.193
24,player,1251.0,440.7,1289.0,498.8,0.171
24,player,1127.5,498.3,1194.8,611.2,0.146
24,player,1687.7,714.7,1815.8,885.1,0.133
24,player,1760.6,285.8,1813.7,382.4,0.117
24,player,880.1,563.9,946.6,736.1,0.105
25,player,478.1,550.6,546.3,721.3,0.674
25,player,597.7,490.6,730.7,667.9,0.673
25,player,1132.8,462.0,1206.5,612.4,0.625
25,player,928.7,516.4,998.7,757.8,0.552
25,player,1025.1,265.6,1069.2,389.3,0.523
25,player,1707.2,540.7,1766.3,650.2,0.439
25,player,879.4,567.3,930.1,697.3,0.345
25,player,1140.4,465.1,1205.6,522.8,0.31
25,player,1254.2,443.2,1291.2,499.8,0.219
25,player,927.1,524.2,994.1,673.9,0.21
25,player,1250.7,444.0,1291.2,522.1,0.2
25,player,942.6,554.4,995.1,761.5,0.149
25,player,1244.5,454.5,1291.2,569.5,0.142
25,player,1128.2,515.4,1198.5,611.5,0.139
25,player,879.8,564.2,948.2,735.2,0.117
25,player,1760.4,285.9,1813.6,382.2,0.113
25,player,1253.1,440.6,1289.6,486.1,0.106
25,player,648.9,489.5,711.1,618.4,0.102
26,player,593.5,491.1,727.0,671.8,0.707
26,player,478.1,550.8,546.5,722.3,0.684
26,player,1025.3,265.7,1068.9,388.1,0.549
26,player,1132.5,462.0,1206.8,612.3,0.533
26,player,930.6,516.3,999.2,757.5,0.526
26,player,1705.1,541.2,1764.7,655.8,0.408
26,player,880.5,567.2,931.1,709.0,0.343
26,player,1262.7,440.9,1291.6,501.6,0.3
26,player,926.0,524.0,997.2,700.2,0.221
26,player,942.9,554.0,995.9,762.0,0.196
26,player,1129.3,495.5,1196.7,611.6,0.189
26,player,1141.4,467.9,1205.1,519.7,0.184
26,player,1253.9,440.0,1292.1,519.0,0.159
26,player,1687.2,713.9,1816.0,884.6,0.152
26,player,880.8,563.5,948.1,734.4,0.131
26,player,1253.0,438.7,1284.4,486.0,0.128
26,player,1760.3,285.8,1814.7,383.0,0.115
27,player,1024.7,265.5,1069.2,388.8,0.665
27,player,478.6,550.9,546.5,721.7,0.653
27,player,593.5,490.5,715.6,672.6,0.594
27,player,932.2,517.1,998.6,756.1,0.486
27,player,1705.9,541.5,1764.6,651.1,0.387
27,player,880.7,566.8,933.4,708.4,0.376
27,player,943.7,554.2,995.7,762.7,0.312
27,player,1258.2,441.1,1293.1,512.3,0.248
27,player,928.1,519.6,996.0,672.5,0.224
27,player,1251.2,439.9,1293.2,532.1,0.216
27,player,1129.0,517.5,1185.4,611.7,0.197
27,player,1134.0,470.3,1208.6,612.0,0.178
27,player,881.3,564.4,950.8,734.1,0.169
27,player,1687.0,712.9,1814.6,884.9,0.13
27,player,1141.7,463.4,1208.0,518.9,0.127
27,player,1583.2,614.5,1663.2,749.4,0.11
27,player,644.2,504.4,717.3,672.9,0.105
27,player,1757.4,285.4,1814.7,402.3,0.103
28,player,1024.3,264.3,1069.0,389.2,0.672
28,player,479.7,549.9,548.8,723.1,0.616
28,player,592.7,492.1,710.1,676.4,0.576
28,player,1705.7,538.2,1765.1,654.9,0.517
28,player,638.1,492.1,710.2,676.0,0.48
28,player,932.2,517.1,998.8,757.7,0.462
28,player,880.0,566.8,932.2,698.8,0.38
28,player,1686.9,709.4,1814.2,884.1,0.337
28,player,943.4,559.3,996.1,762.9,0.3
28,player,1253.6,440.9,1293.8,528.7,0.289
28,player,1128.7,520.7,1188.0,612.0,0.236
28,player,1586.5,613.2,1663.2,750.0,0.225
28,player,930.2,519.5,995.9,675.6,0.195
28,player,1133.3,471.3,1208.1,612.0,0.18
28,player,881.3,564.6,951.1,733.1,0.16
28,player,1248.1,443.2,1294.1,571.4,0.139
28,player,1141.2,470.3,1207.8,519.8,0.11
29,player,1024.1,264.1,1068.7,389.1,0.704
29,player,481.3,548.0,556.5,723.7,0.636
29,player,1708.2,539.4,1763.5,649.5,0.496
29,player,579.9,492.9,704.6,681.8,0.491
29,player,637.3,491.6,705.2,680.8,0.472
29,player,930.2,516.9,998.3,756.0,0.401
29,player,879.5,567.0,930.4,691.5,0.357
29,player,1685.1,712.0,1812.8,884.4,0.351
29,player,1131.6,468.3,1209.4,611.5,0.306
29,player,1127.4,517.1,1192.7,611.2,0.193
29,player,930.1,523.6,997.6,672.6,0.17
29,player,1586.4,614.3,1664.2,749.8,0.17
29,player,882.2,564.7,946.7,712.5,0.159
29,player,1142.1,463.1,1209.4,519.4,0.157
29,player,943.1,564.2,994.9,760.4,0.145
29,player,1258.5,441.2,1295.4,520.8,0.141
29,player,1570.9,616.0,1675.9,758.3,0.121
29,player,1251.0,439.8,1294.7,556.7,0.121
30,player,1024.1,263.3,1068.7,389.9,0.692
30,player,480.7,548.4,558.6,723.9,0.604
30,player,579.3,493.4,704.8,683.8,0.539
30,player,631.8,491.1,704.6,682.8,0.486
30,player,1708.8,539.9,1763.2,648.9,0.365
30,player,928.4,516.9,998.8,753.6,0.298
30,player,1685.7,713.9,1813.3,884.4,0.229
30,player,1131.9,465.8,1208.9,611.7,0.227
30,player,1256.4,440.4,1295.4,534.4,0.217
30,player,1250.0,438.4,1296.7,562.2,0.205
30,player,880.4,567.5,932.0,702.1,0.198
30,player,930.0,523.2,997.8,675.0,0.161
30,player,882.6,562.5,953.2,734.6,0.157
30,player,1126.6,509.9,1193.1,611.3,0.145
30,player,1143.4,460.9,1208.9,520.2,0.136
30,player,1761.2,285.9,1815.4,377.5,0.103
31,player,1023.9,263.2,1068.8,391.4,0.71
31,player,480.8,547.9,560.4,723.8,0.546
31,player,929.1,517.2,999.0,756.6,0.444
31,player,635.0,494.0,702.2,684.2,0.405
31,player,1710.0,539.5,1763.3,647.3,0.364
31,player,1131.9,463.1,1209.8,612.3,0.355
31,player,597.7,493.0,704.1,688.6,0.347
31,player,1255.7,442.0,1295.9,547.7,0.312
31,player,880.9,565.6,938.8,735.0,0.289
31,player,1683.8,713.7,1813.2,884.5,0.272
31,player,1245.1,441.1,1297.3,569.0,0.22
31,player,886.6,518.4,1001.0,756.3,0.145
31,player,1139.1,466.2,1208.8,521.2,0.138
31,player,1127.0,495.9,1199.6,611.5,0.13
31,player,943.9,557.5,995.3,760.2,0.122
31,player,928.9,523.5,997.5,689.4,0.118
32,player,1024.0,263.3,1068.6,391.7,0.669
32,player,482.8,548.3,561.3,724.3,0.627
32,player,630.6,493.9,703.0,687.4,0.588
32,player,1131.6,463.2,1209.2,612.5,0.488
32,player,930.3,518.3,998.7,756.7,0.394
32,player,1250.7,442.4,1297.7,560.7,0.385
32,player,880.9,567.3,938.8,744.3,0.32
32,player,1708.8,540.1,1763.7,646.6,0.311
32,player,1685.6,713.7,1812.5,884.3,0.238
32,player,1260.4,442.6,1297.5,547.2,0.177
32,player,942.9,554.7,994.6,760.6,0.159
32,player,929.7,523.7,997.7,673.0,0.106
33,player,626.3,493.9,703.1,691.4,0.661
33,player,1024.4,263.1,1069.9,390.5,0.614
33,player,485.6,548.1,558.2,723.2,0.552
33,player,1130.4,459.6,1209.0,613.0,0.471
33,player,1250.3,443.1,1299.2,560.0,0.399
33,player,1709.2,539.8,1763.7,646.6,0.382
33,player,880.9,566.9,937.4,739.9,0.379
33,player,931.2,518.3,998.5,755.5,0.373
33,player,1684.6,713.5,1812.9,885.2,0.247
33,player,944.2,562.3,994.3,760.1,0.195
33,player,929.8,520.6,998.4,687.9,0.137
33,player,1138.4,466.0,1208.8,526.8,0.136
33,player,1761.1,286.0,1815.2,378.2,0.106
34,player,625.7,493.9,703.6,692.5,0.678
34,player,1024.3,262.8,1069.3,388.3,0.674
34,player,1133.0,462.6,1208.9,612.0,0.458
34,player,1250.4,440.2,1298.4,560.5,0.444
34,player,1709.5,540.2,1763.4,644.9,0.333
34,player,487.1,547.5,557.8,722.1,0.301
34,player,1684.9,713.6,1812.8,884.4,0.231
34,player,928.6,516.6,999.2,758.7,0.219
34,player,1127.4,498.1,1200.3,611.6,0.18
34,player,883.3,566.3,949.6,742.2,0.145
34,player,1144.9,461.4,1209.3,521.0,0.13
35,player,1023.7,262.7,1069.0,390.0,0.662
35,player,620.6,495.2,703.8,695.3,0.637
35,player,931.3,517.4,998.2,756.8,0.493
35,player,1133.1,461.6,1209.3,612.0,0.485
35,player,1249.7,440.4,1300.0,579.1,0.473
35,player,487.4,546.5,557.9,723.4,0.469
35,player,880.0,568.2,935.1,750.9,0.447
35,player,1709.2,539.8,1763.5,647.6,0.427
35,player,1253.5,441.1,1299.8,543.8,0.353
35,player,1684.5,714.1,1812.6,885.0,0.238
35,player,1127.3,509.9,1198.9,611.5,0.2
35,player,944.2,556.3,995.0,760.0,0.176
35,player,1259.3,441.0,1299.5,523.6,0.162
35,player,1143.6,463.6,1209.6,520.7,0.144
36,player,615.5,497.7,703.4,692.3,0.654
36,player,1023.3,263.2,1069.2,389.5,0.616
36,player,1132.9,460.5,1210.1,612.1,0.512
36,player,1250.3,438.5,1302.2,579.2,0.506
36,player,1709.1,540.2,1763.6,647.7,0.431
36,player,924.3,516.9,998.3,757.1,0.424
36,player,879.7,570.4,931.9,748.5,0.423
36,player,488.1,546.9,554.4,720.4,0.355
36,player,1260.8,438.5,1301.6,528.4,0.235
36,player,1684.6,713.9,1812.6,884.8,0.214
36,player,1127.2,504.1,1201.3,611.6,0.167
36,player,1144.6,462.7,1209.9,520.5,0.133
36,player,889.7,521.7,991.7,756.3,0.132
36,player,926.9,522.1,997.4,696.6,0.107
37,player,612.8,498.4,703.5,696.0,0.701
37,player,1023.0,262.5,1069.3,388.2,0.621
37,player,1132.4,459.5,1209.6,612.4,0.609
37,player,1247.7,437.6,1302.9,580.8,0.564
37,player,1709.0,539.8,1763.4,648.9,0.483
37,player,1259.5,437.1,1301.7,536.6,0.24
37,player,908.4,516.6,999.8,758.9,0.228
37,player,1684.5,713.8,1812.3,885.3,0.207
37,player,924.6,518.3,998.4,725.8,0.17
37,player,1352.6,311.3,1382.1,366.2,0.145
37,player,1139.6,464.1,1209.1,521.4,0.144
37,player,488.5,545.7,556.8,722.8,0.138
37,player,881.8,570.3,931.0,743.2,0.123
38,player,611.3,500.1,703.3,697.1,0.722
38,player,1023.0,262.2,1070.1,388.9,0.693
38,player,1132.5,459.4,1211.9,612.5,0.655
38,player,1251.0,438.5,1304.8,577.5,0.539
38,player,1709.0,539.7,1763.3,647.0,0.457
38,player,1261.4,437.8,1304.1,538.3,0.359
38,player,912.0,516.8,998.9,760.1,0.268
38,player,1683.4,713.5,1812.8,885.1,0.242
38,player,489.5,543.7,555.4,718.6,0.194
38,player,1138.3,464.1,1211.0,523.4,0.179
38,player,925.5,518.4,997.4,717.3,0.167
38,player,1352.2,311.4,1382.1,365.4,0.125
39,player,1023.2,262.0,1070.4,388.7,0.666
39,player,1132.3,459.5,1212.2,612.3,0.608
39,player,605.2,503.3,701.8,695.2,0.548
39,player,1250.8,438.8,1305.3,579.0,0.507
39,player,1707.9,539.3,1763.4,653.1,0.495
39,player,1260.2,438.6,1304.6,541.0,0.286
39,player,489.3,544.7,556.9,718.7,0.262
39,player,1684.0,713.7,1812.9,885.1,0.195
39,player,911.5,517.4,998.3,760.0,0.187
39,player,1139.2,464.6,1211.0,522.0,0.158
39,player,925.5,518.7,997.0,712.9,0.155
39,player,882.3,571.8,932.6,721.5,0.14
39,player,1127.9,494.0,1204.7,611.7,0.129
39,player,1693.0,539.7,1761.9,676.6,0.109
39,player,881.6,571.8,946.3,753.0,0.105
39,ball,924.3,558.3,945.8,594.7,0.199
40,player,1131.0,459.7,1213.8,612.6,0.639
40,player,1023.6,261.8,1069.7,387.3,0.638
40,player,1250.9,439.4,1306.1,577.5,0.609
40,player,602.0,503.7,698.2,694.7,0.603
40,player,1699.1,539.9,1763.7,668.7,0.535
40,player,489.6,544.4,558.0,718.5,0.407
40,player,922.9,516.9,998.0,760.4,0.358
40,player,877.9,573.9,935.6,754.5,0.283
40,player,1683.3,711.1,1813.2,885.1,0.231
40,player,880.2,572.2,932.1,702.1,0.202
40,player,1709.1,539.0,1763.1,635.1,0.167
40,player,1579.6,612.4,1666.2,748.4,0.15
40,player,927.7,519.4,998.0,700.8,0.124
40,player,1128.3,494.1,1201.0,611.7,0.117
40,player,1138.7,465.6,1212.1,522.5,0.111
40,ball,924.3,558.5,945.7,595.7,0.196
41,player,600.6,502.3,694.9,695.1,0.635
41,player,1130.7,459.2,1214.8,612.3,0.629
41,player,1023.9,261.9,1069.2,386.9,0.6
41,player,1707.6,539.2,1763.5,654.6,0.579
41,player,1251.4,439.6,1307.7,577.9,0.505
41,player,489.6,544.1,567.3,719.3,0.435
41,player,917.6,516.4,998.2,760.8,0.34
41,player,1684.1,711.6,1813.1,885.2,0.296
41,player,878.2,576.6,938.6,757.2,0.228
41,player,1601.3,613.9,1664.1,746.7,0.207
41,player,1572.9,614.3,1668.8,753.1,0.165
41,player,1128.1,505.7,1195.5,611.5,0.125
41,player,880.1,573.4,935.5,699.8,0.114
41,player,1455.0,514.6,1537.3,642.0,0.108
41,player,1139.1,464.7,1213.4,522.7,0.104
42,player,1130.7,459.4,1213.7,612.4,0.669
42,player,1707.8,539.0,1764.0,655.1,0.547
42,player,601.4,501.9,688.6,695.0,0.542
42,player,1024.5,262.7,1069.2,387.0,0.537
42,player,1254.5,440.6,1309.0,578.2,0.481
42,player,923.6,518.7,998.7,759.9,0.254
42,player,1681.8,714.2,1813.4,885.8,0.247
42,player,491.5,543.8,561.6,720.3,0.167
42,player,879.7,576.0,937.8,749.9,0.154
42,player,1584.6,612.2,1664.9,748.8,0.148
42,player,1138.9,464.1,1212.5,522.4,0.103
42,player,1571.9,614.8,1677.5,758.8,0.1
43,player,1131.2,459.5,1213.4,612.2,0.662
43,player,1254.4,442.2,1308.7,579.9,0.613
43,player,1024.1,262.5,1069.4,390.2,0.609
43,player,599.8,502.4,683.6,692.1,0.561
43,player,1710.7,540.0,1764.2,648.1,0.437
43,player,491.3,543.0,560.4,718.6,0.341
43,player,924.0,517.3,999.3,760.0,0.302
43,player,877.0,578.7,935.7,757.1,0.21
43,player,1686.2,712.9,1813.9,884.8,0.14
43,player,1139.4,463.2,1212.6,522.5,0.129
43,player,1128.2,499.5,1203.0,611.7,0.104
44,player,593.6,503.0,677.0,692.6,0.685
44,player,1125.8,457.8,1211.9,612.9,0.652
44,player,1024.1,262.5,1068.6,388.2,0.63
44,player,1710.2,540.0,1764.0,650.2,0.473
44,player,924.7,518.8,998.3,756.7,0.464
44,player,490.2,541.4,562.1,718.9,0.409
44,player,1251.2,442.3,1310.7,578.1,0.405
44,player,877.0,581.4,936.7,753.3,0.402
44,player,1712.8,540.2,1763.7,620.4,0.293
44,player,596.2,507.1,668.0,657.4,0.285
44,player,1139.6,463.5,1211.6,523.6,0.168
44,player,1128.0,516.0,1197.4,611.7,0.143
44,player,926.2,525.7,995.3,648.9,0.137
44,player,942.0,556.3,993.7,761.0,0.125
44,player,880.9,578.0,935.2,704.9,0.115
44,player,1572.0,615.5,1673.6,758.2,0.109
44,player,1690.9,713.6,1813.5,876.4,0.106
45,player,590.4,505.5,666.6,692.0,0.661
45,player,1127.2,457.8,1211.4,612.2,0.658
45,player,1024.2,262.6,1068.8,389.5,0.587
45,player,920.5,519.0,998.3,754.1,0.503
45,player,490.4,543.6,561.9,722.4,0.5
45,player,1255.3,444.5,1313.0,580.0,0.463
45,player,1712.0,539.2,1764.1,641.8,0.426
45,player,1705.0,541.5,1764.3,665.6,0.303
45,player,876.9,582.5,933.8,754.7,0.272
45,player,1127.6,522.6,1196.0,611.5,0.186
45,player,1579.1,612.9,1664.5,746.7,0.147
45,player,1140.4,464.2,1211.0,521.3,0.135
45,player,925.9,522.0,998.7,685.1,0.126
45,player,1761.0,285.9,1815.5,378.2,0.122
45,player,1699.4,713.4,1816.5,848.8,0.121
45,player,889.5,524.6,998.0,757.5,0.117
45,player,1713.5,537.4,1767.8,615.4,0.116
45,player,1757.5,283.3,1816.6,405.3,0.101
46,player,588.8,505.7,664.4,692.0,0.72
46,player,1126.6,457.7,1212.6,612.3,0.678
46,player,491.5,541.6,568.8,720.1,0.597
46,player,1023.9,262.3,1069.0,388.8,0.589
46,player,1707.6,538.8,1764.0,653.3,0.515
46,player,919.4,517.6,998.6,756.2,0.508
46,player,1257.7,444.4,1314.0,580.6,0.463
46,player,876.3,584.1,935.5,752.6,0.207
46,player,1575.9,613.5,1665.1,748.6,0.172
46,player,491.3,541.7,554.4,693.5,0.16
46,player,1127.1,509.7,1200.7,611.8,0.15
46,player,887.3,520.8,998.2,758.9,0.146
46,player,1138.5,463.5,1211.0,523.0,0.142
46,player,1760.5,285.4,1815.6,379.0,0.118
46,player,589.0,510.4,659.5,643.8,0.114
46,player,1453.4,515.7,1537.0,642.6,0.109
46,player,1705.3,713.9,1817.6,839.3,0.104
47,player,586.6,506.1,658.0,693.2,0.7
47,player,1126.6,456.9,1211.9,612.2,0.695
47,player,491.7,541.3,567.1,721.3,0.611
47,player,1023.8,262.3,1068.4,390.5,0.594
47,player,1708.0,538.9,1763.9,653.9,0.52
47,player,1258.8,444.5,1314.4,578.0,0.468
47,player,915.1,518.9,998.6,754.5,0.392
47,player,1710.4,539.4,1763.6,623.9,0.256
47,player,1127.0,491.9,1202.0,611.6,0.208
47,player,1578.4,613.4,1665.0,749.2,0.197
47,player,878.4,587.0,932.4,742.1,0.174
47,player,1760.3,285.8,1815.6,379.1,0.146
47,player,1138.5,462.9,1210.6,522.5,0.125
47,player,491.2,541.7,553.9,692.9,0.123
47,player,1267.0,445.0,1313.8,539.1,0.119
48,player,1126.6,455.6,1212.8,612.2,0.759
48,player,1023.3,262.0,1068.0,394.3,0.556
48,player,1258.6,443.2,1314.4,577.7,0.524
48,player,1704.1,540.6,1764.5,658.3,0.523
48,player,489.8,541.4,562.0,721.0,0.509
48,player,584.0,507.5,655.8,685.3,0.35
48,player,1710.2,539.4,1763.6,624.7,0.291
48,player,915.7,519.5,999.3,756.2,0.254
48,player,1136.1,461.9,1211.2,573.2,0.232
48,player,1594.1,614.1,1663.9,747.4,0.213
48,player,1572.1,615.7,1671.3,757.5,0.197
48,player,537.4,505.2,656.0,693.8,0.179
48,player,1760.3,285.3,1815.1,379.1,0.154
48,player,1141.2,461.4,1211.2,521.1,0.109
48,player,584.3,511.7,654.4,622.8,0.105
48,player,1266.9,443.9,1313.8,551.0,0.102
49,player,1126.2,455.6,1212.3,612.4,0.784
49,player,1023.3,261.8,1068.1,393.6,0.566
49,player,1258.2,443.7,1315.3,580.6,0.545
49,player,1705.5,540.6,1764.1,656.5,0.541
49,player,490.3,541.0,564.9,719.8,0.44
49,player,586.1,507.0,654.6,693.6,0.344
49,player,920.5,519.5,1001.5,755.9,0.331
49,player,1709.6,539.6,1763.3,626.1,0.328
49,player,514.4,504.3,654.2,697.4,0.259
49,player,1604.1,614.0,1663.3,745.5,0.216
49,player,1134.9,462.8,1210.0,571.9,0.191
49,player,1571.7,615.9,1670.3,757.0,0.19
49,player,1760.3,285.8,1815.0,378.6,0.158
49,player,1712.8,714.4,1815.5,823.3,0.125
49,player,1455.4,514.3,1536.3,634.1,0.116
50,player,1127.2,457.3,1210.8,612.5,0.804
50,player,1023.2,261.5,1068.0,393.3,0.615
50,player,1257.4,444.4,1316.1,578.4,0.545
50,player,1705.5,540.8,1763.9,655.8,0.54
50,player,918.2,516.3,999.3,753.3,0.493
50,player,583.4,507.4,652.2,694.3,0.451
50,player,492.1,540.4,561.4,720.8,0.354
50,player,1709.4,539.7,1763.1,628.0,0.338
50,player,519.7,504.9,652.3,695.9,0.298
50,player,1590.0,612.9,1664.4,747.0,0.242
50,player,1571.1,615.1,1673.5,757.2,0.218
50,player,1717.2,712.2,1809.2,822.8,0.187
50,player,876.9,591.4,935.0,744.0,0.138
50,player,1760.5,285.3,1815.3,377.9,0.122
50,player,582.1,506.9,649.7,637.8,0.119
51,player,1127.1,458.1,1207.9,612.6,0.796
51,player,1022.9,261.2,1067.9,394.1,0.644
51,player,1257.1,443.5,1316.5,578.7,0.605
51,player,917.3,516.5,999.8,753.4,0.566
51,player,1702.5,540.6,1764.3,664.2,0.555
51,player,581.8,507.9,650.6,690.7,0.495
51,player,491.2,540.2,557.7,719.9,0.442
51,player,535.3,503.6,651.1,689.7,0.411
51,player,1573.1,615.2,1668.2,756.9,0.27
51,player,1596.5,614.5,1663.4,747.9,0.27
51,player,1708.8,539.5,1763.2,629.4,0.258
51,player,874.6,593.1,930.9,744.8,0.244
51,player,1714.1,712.4,1809.4,824.4,0.14
51,player,1760.6,285.5,1815.4,377.9,0.124
51,player,1455.9,514.5,1536.5,629.3,0.12
52,player,1128.3,458.7,1208.2,612.7,0.762
52,player,1023.3,261.7,1068.3,389.9,0.663
52,player,1255.8,444.1,1316.4,579.1,0.541
52,player,1702.5,540.2,1764.4,663.1,0.532
52,player,582.3,508.8,649.3,691.4,0.432
52,player,917.3,518.9,1000.3,755.2,0.403
52,player,491.2,541.4,555.9,720.1,0.285
52,player,1572.9,614.3,1667.5,757.1,0.277
52,player,1708.8,539.2,1763.3,627.9,0.258
52,player,1593.2,613.7,1663.2,747.9,0.254
52,player,528.5,506.1,650.2,694.2,0.232
52,player,1715.5,712.7,1809.2,825.4,0.147
52,player,1454.5,516.5,1538.0,643.1,0.132
52,player,875.4,596.1,928.5,745.7,0.101
53,player,1128.0,459.4,1206.4,612.8,0.745
53,player,1023.3,261.6,1068.4,391.1,0.699
53,player,1255.7,443.1,1316.2,579.9,0.547
53,player,578.4,507.8,648.7,690.5,0.523
53,player,1705.9,539.0,1764.4,656.2,0.519
53,player,919.0,520.1,1000.7,752.6,0.349
53,player,492.4,540.3,553.6,716.6,0.29
53,player,921.6,524.0,988.4,713.9,0.275
53,player,873.2,598.2,928.4,748.3,0.263
53,player,538.6,505.1,649.0,697.0,0.252
53,player,1714.9,712.7,1808.9,825.4,0.25
53,player,1572.6,616.0,1669.6,757.5,0.25
53,player,1598.4,615.0,1663.5,748.0,0.208
53,player,1708.7,539.5,1763.5,625.3,0.195
53,player,1761.9,711.5,1809.4,775.7,0.107
53,player,1454.6,516.6,1538.2,643.1,0.102
53,player,1761.0,285.2,1815.7,376.5,0.101
54,player,1126.9,459.8,1204.6,612.5,0.782
54,player,1023.8,262.0,1068.5,390.7,0.657
54,player,1254.8,443.1,1316.8,579.5,0.547
54,player,918.4,520.7,1002.0,754.6,0.518
54,player,1702.5,541.1,1765.9,663.7,0.508
54,player,577.3,511.2,648.1,692.1,0.503
54,player,491.2,540.3,553.2,713.5,0.327
54,player,538.8,507.5,648.6,697.8,0.257
54,player,1597.5,614.0,1663.8,747.8,0.191
54,player,1710.0,539.8,1764.0,622.5,0.176
54,player,1572.2,615.4,1670.3,757.6,0.173
54,player,1760.7,285.4,1815.6,378.2,0.124
54,player,919.4,528.9,970.7,724.8,0.108
54,player,1713.2,715.9,1815.1,821.6,0.108
55,player,1127.2,459.1,1202.6,612.5,0.756
55,player,1024.1,262.0,1068.7,390.9,0.648
55,player,1255.8,443.6,1316.2,581.2,0.51
55,player,918.0,518.7,1000.7,755.0,0.469
55,player,1704.7,541.4,1765.7,660.6,0.465
55,player,574.0,513.2,646.6,683.7,0.462
55,player,491.4,540.5,553.8,716.4,0.241
55,player,1710.8,540.0,1763.8,621.2,0.211
55,player,1571.7,616.2,1670.2,757.4,0.153
55,player,548.5,508.5,648.8,698.4,0.142
55,player,1761.0,285.3,1815.2,378.1,0.106
55,player,1145.2,462.6,1202.2,590.0,0.101
56,player,1127.9,459.2,1202.8,612.6,0.741
56,player,1024.2,262.2,1068.7,390.9,0.646
56,player,575.3,513.9,646.0,684.2,0.53
56,player,1255.4,444.8,1314.3,579.6,0.516
56,player,916.5,521.6,1003.3,752.6,0.418
56,player,1705.1,541.2,1766.0,659.1,0.391
56,player,1712.9,540.0,1763.8,618.7,0.223
56,player,918.7,528.3,971.4,719.5,0.136
56,player,491.3,540.3,552.5,719.0,0.13
56,player,1760.9,285.7,1815.0,378.5,0.116
56,player,930.2,980.6,975.2,1080.0,0.113
56,player,1571.6,615.4,1671.0,757.4,0.102
57,player,1127.2,458.7,1200.3,612.6,0.687
57,player,1025.0,262.5,1068.6,385.1,0.559
57,player,1257.9,442.6,1314.7,577.9,0.524
57,player,575.0,516.4,646.4,684.1,0.518
57,player,1705.1,541.5,1766.7,662.7,0.457
57,player,916.4,521.4,1002.2,751.2,0.429
57,player,1712.2,540.1,1764.7,619.8,0.272
57,player,490.3,542.3,554.6,722.8,0.238
57,player,917.3,526.5,973.1,725.8,0.175
57,player,1760.8,285.8,1815.2,379.7,0.141
57,player,1582.0,613.6,1664.4,747.8,0.119
57,player,930.2,980.9,974.9,1080.0,0.102
58,player,1128.8,460.0,1196.4,612.9,0.741
58,player,1025.0,264.1,1068.0,385.1,0.551
58,player,1258.8,442.3,1316.0,575.8,0.511
58,player,1708.7,539.8,1764.7,655.3,0.511
58,player,915.3,522.8,1000.6,748.7,0.471
58,player,489.8,542.8,549.2,713.8,0.327
58,player,571.9,524.9,644.8,685.3,0.292
58,player,909.4,530.9,969.7,743.4,0.218
58,player,1713.6,714.4,1815.1,822.1,0.183
58,player,918.9,523.1,996.1,697.2,0.173
58,player,1760.1,285.7,1814.7,380.7,0.168
58,player,1143.0,460.0,1196.5,594.7,0.155
58,player,1267.1,442.4,1316.2,534.6,0.1
59,player,1129.2,460.0,1196.1,612.7,0.792
59,player,1024.2,262.9,1068.0,387.4,0.635
59,player,1257.7,441.7,1317.4,585.7,0.557
59,player,1707.5,539.0,1764.6,655.3,0.54
59,player,571.9,522.2,645.4,687.8,0.495
59,player,914.7,523.6,1000.6,748.8,0.489
59,player,488.7,544.2,550.7,720.1,0.379
59,player,907.5,530.2,972.8,745.4,0.315
59,player,487.5,543.2,537.5,686.9,0.234
59,player,1712.5,714.9,1815.2,822.8,0.192
59,player,918.5,524.8,996.0,686.1,0.144
59,player,1458.2,514.1,1536.1,633.5,0.134
59,player,1574.2,617.5,1668.5,757.2,0.128
59,player,1760.5,285.3,1814.7,379.5,0.128
59,player,1143.1,460.8,1196.0,593.6,0.101
60,player,1129.9,459.2,1195.5,612.6,0.811
60,player,1023.9,262.8,1068.1,387.8,0.63
60,player,1259.9,442.1,1317.0,586.0,0.624
60,player,573.0,522.7,645.4,682.4,0.542
60,player,1707.5,539.0,1764.5,655.0,0.525
60,player,912.5,523.4,999.5,752.8,0.512
60,player,904.4,529.3,974.0,753.6,0.42
60,player,488.1,543.9,548.1,723.8,0.338
60,player,1712.3,714.9,1815.2,822.5,0.18
60,player,1457.8,511.3,1536.2,639.0,0.157
60,player,915.6,531.5,970.1,716.6,0.147
60,player,1573.3,617.3,1668.6,757.2,0.13
60,player,1760.5,285.4,1814.8,379.2,0.126
60,player,1266.7,442.8,1316.4,539.7,0.101
61,player,1130.0,459.3,1195.3,612.7,0.817
61,player,1023.8,262.9,1068.2,387.0,0.623
61,player,1261.0,441.8,1317.1,579.9,0.604
61,player,1707.4,538.8,1764.4,654.8,0.506
61,player,914.0,523.5,1000.0,751.5,0.49
61,player,909.5,530.4,975.2,748.8,0.406
61,player,484.2,548.5,544.1,725.4,0.319
61,player,572.5,525.4,644.1,682.4,0.303
61,player,1459.7,509.5,1536.6,640.4,0.23
61,player,915.2,530.8,970.0,705.1,0.19
61,player,1712.2,714.9,1815.0,822.2,0.161
61,player,484.9,551.3,541.2,676.5,0.155
61,player,1573.3,617.4,1668.0,757.2,0.133
61,player,1760.7,285.6,1814.7,378.5,0.128
61,player,917.5,525.1,995.8,672.1,0.106
62,player,1130.1,457.5,1195.8,612.6,0.831
62,player,482.8,549.4,550.4,726.0,0.669
62,player,1023.8,262.6,1068.3,387.5,0.637
62,player,1265.2,440.4,1317.2,577.4,0.564
62,player,1706.2,538.4,1764.3,656.9,0.504
62,player,913.5,523.3,999.8,747.3,0.459
62,player,909.0,529.9,976.7,744.6,0.419
62,player,572.0,525.1,648.9,689.7,0.393
62,player,1711.9,714.6,1815.4,822.3,0.214
62,player,1572.1,616.0,1667.7,756.9,0.206
62,player,914.9,529.9,969.6,683.6,0.182
62,player,1761.0,711.6,1810.9,780.6,0.135
62,player,1459.8,506.5,1535.6,635.2,0.114
62,player,1760.9,285.4,1814.4,377.8,0.111
63,player,1130.0,457.7,1194.8,612.9,0.828
63,player,478.9,549.3,554.5,726.0,0.667
63,player,1023.6,262.4,1068.7,389.5,0.645
63,player,1266.9,440.3,1317.5,576.1,0.62
63,player,1706.7,539.2,1764.5,659.4,0.525
63,player,912.4,524.0,998.7,750.8,0.475
63,player,1466.1,503.5,1536.2,642.8,0.464
63,player,572.2,519.6,656.4,692.6,0.461
63,player,1712.1,714.7,1814.8,822.8,0.285
63,player,1478.5,503.0,1536.8,611.2,0.258
63,player,1574.8,616.9,1665.5,757.0,0.196
63,player,1598.4,616.8,1661.8,745.5,0.186
63,player,1760.8,285.2,1814.6,378.4,0.133
63,player,914.8,532.2,971.3,685.7,0.133
63,player,1270.3,439.5,1316.5,541.3,0.122
63,player,1761.4,711.7,1811.1,780.7,0.115
64,player,1130.3,458.5,1193.7,612.8,0.82
64,player,471.1,551.9,554.1,726.1,0.65
64,player,1024.5,262.5,1068.5,387.9,0.617
64,player,1267.7,440.8,1317.0,572.3,0.604
64,player,911.2,524.0,998.8,750.5,0.547
64,player,1707.3,539.1,1764.3,657.4,0.535
64,player,572.8,517.2,661.8,691.8,0.483
64,player,1460.3,502.3,1534.4,641.2,0.324
64,player,1712.1,714.8,1814.5,823.0,0.261
64,player,1271.5,441.0,1317.1,538.2,0.227
64,player,1482.1,502.3,1535.9,613.2,0.183
64,player,1574.6,617.1,1667.1,757.4,0.17
64,player,1595.8,617.3,1661.9,745.0,0.135
64,player,913.3,533.4,970.9,706.8,0.109
64,player,1761.0,285.4,1814.8,378.4,0.105
64,player,1761.2,711.6,1811.2,781.4,0.101
65,player,1130.3,458.0,1192.3,612.8,0.837
65,player,1267.8,440.8,1317.5,572.1,0.628
65,player,466.9,552.8,555.4,725.2,0.622
65,player,1024.1,262.8,1068.6,389.5,0.606
65,player,913.6,524.0,999.5,750.0,0.555
65,player,1706.7,540.2,1764.4,656.0,0.546
65,player,1465.9,499.5,1534.5,628.6,0.386
65,player,574.5,518.2,665.8,690.6,0.386
65,player,1712.4,714.2,1813.5,823.2,0.291
65,player,1574.6,617.4,1667.5,757.4,0.172
65,player,1270.7,439.9,1317.1,539.4,0.168
65,player,1760.5,285.5,1814.5,380.3,0.153
65,player,1761.5,711.0,1811.2,781.2,0.125
65,player,1600.0,617.5,1661.9,741.9,0.123
66,player,1130.8,458.5,1192.6,613.1,0.829
66,player,1267.8,441.0,1317.4,572.5,0.645
66,player,1707.4,540.0,1764.4,654.1,0.57
66,player,1025.3,263.3,1068.5,389.0,0.566
66,player,467.4,553.0,556.5,724.9,0.536
66,player,913.7,522.8,999.5,748.1,0.523
66,player,576.3,519.1,670.4,690.7,0.475
66,player,1467.1,491.1,1534.2,628.4,0.378
66,player,1712.7,714.4,1814.2,823.7,0.338
66,player,1478.0,488.5,1535.0,597.6,0.161
66,player,1578.0,617.7,1665.1,757.4,0.147
66,player,1760.5,285.4,1814.6,379.6,0.127
67,player,1129.5,456.6,1193.2,612.5,0.822
67,player,466.4,554.0,553.1,727.1,0.622
67,player,1707.3,540.0,1764.6,655.0,0.562
67,player,576.0,516.4,676.1,690.1,0.562
67,player,1266.6,441.1,1317.2,575.4,0.552
67,player,1024.7,262.8,1068.7,389.6,0.549
67,player,914.7,522.9,999.2,746.6,0.511
67,player,1469.8,488.4,1533.5,639.0,0.467
67,player,1713.0,714.9,1813.5,823.7,0.332
67,player,1270.5,440.5,1316.8,543.6,0.237
67,player,1760.4,285.4,1814.4,379.6,0.139
67,player,1579.1,618.2,1663.8,757.1,0.127
67,player,915.4,535.1,970.2,679.0,0.119
68,player,1128.5,455.4,1193.4,612.7,0.825
68,player,466.1,555.0,555.7,726.5,0.626
68,player,1266.4,441.7,1317.2,574.9,0.576
68,player,1707.3,539.9,1764.8,655.4,0.572
68,player,1025.2,263.1,1068.6,388.7,0.548
68,player,914.8,522.6,999.4,744.8,0.539
68,player,578.5,515.4,684.0,686.4,0.391
68,player,1468.1,489.4,1533.0,633.0,0.377
68,player,1479.8,489.1,1534.2,607.1,0.345
68,player,1712.9,714.8,1813.7,823.3,0.333
68,player,1270.4,441.0,1316.5,540.4,0.191
68,player,579.2,515.8,648.5,677.8,0.189
68,player,915.5,533.5,970.9,690.9,0.149
68,player,1760.5,285.4,1814.5,379.8,0.138
68,player,1579.3,618.1,1663.0,756.2,0.134
68,player,917.5,523.7,995.4,675.9,0.118
69,player,1127.1,455.9,1193.7,612.7,0.838
69,player,1264.1,441.7,1316.7,576.6,0.633
69,player,467.4,552.5,556.9,727.0,0.595
69,player,1024.6,262.8,1068.8,390.0,0.575
69,player,1707.4,540.4,1764.8,655.8,0.562
69,player,915.2,522.7,998.6,746.1,0.516
69,player,578.9,511.2,642.7,676.9,0.435
69,player,579.1,511.9,682.5,679.7,0.337
69,player,1471.8,485.4,1535.3,612.5,0.337
69,player,1713.0,715.0,1813.4,823.6,0.321
69,player,1459.1,484.7,1535.8,640.1,0.179
69,player,916.9,523.8,994.9,682.9,0.151
69,player,1760.5,285.4,1814.4,379.5,0.137
69,player,1578.0,617.7,1664.3,756.9,0.135
69,player,1269.6,442.5,1316.1,546.7,0.133
69,player,1481.7,484.3,1534.7,587.6,0.128
69,player,915.4,532.7,971.9,682.9,0.116
70,player,1124.8,456.7,1193.7,612.6,0.826
70,player,468.0,552.7,556.7,726.7,0.666
70,player,1265.6,441.3,1317.2,575.3,0.638
70,player,1024.0,262.5,1069.3,391.9,0.571
70,player,1706.5,540.0,1764.9,654.8,0.553
70,player,914.0,521.3,999.9,747.1,0.523
70,player,580.7,510.0,647.5,678.4,0.416
70,player,579.5,511.2,688.0,683.3,0.366
70,player,1472.8,485.3,1536.0,619.8,0.352
70,player,1713.8,715.4,1812.5,823.7,0.329
70,player,1582.5,617.9,1663.1,756.9,0.194
70,player,1760.6,285.4,1814.2,379.3,0.151
70,player,1483.0,483.9,1535.5,581.3,0.148
70,player,917.2,523.6,995.2,692.9,0.145
70,player,915.5,531.0,971.8,687.8,0.139
70,player,1270.1,440.4,1316.4,542.2,0.136
70,player,1610.3,618.2,1662.4,741.9,0.133
71,player,1124.0,457.1,1193.7,612.5,0.838
71,player,469.4,554.4,554.3,726.1,0.728
71,player,1261.5,441.5,1317.5,578.2,0.673
71,player,1024.1,262.3,1069.8,392.2,0.575
71,player,1706.3,539.9,1765.2,654.1,0.553
71,player,914.8,522.9,999.2,742.5,0.522
71,player,1471.3,483.0,1537.4,635.2,0.469
71,player,581.5,507.7,641.2,678.7,0.421
71,player,915.1,532.2,974.7,732.6,0.358
71,player,581.0,507.4,693.0,681.7,0.358
71,player,1713.3,716.2,1812.3,823.2,0.304
71,player,1486.7,481.9,1537.3,579.2,0.225
71,player,1579.0,617.4,1663.0,755.7,0.171
71,player,1761.1,285.0,1814.4,378.0,0.135
71,player,949.5,527.5,995.6,749.8,0.132
71,player,1609.8,617.5,1661.9,741.0,0.11
71,player,1269.0,442.6,1316.2,546.0,0.102
72,player,1123.0,454.9,1193.0,612.2,0.828
72,player,467.6,554.5,550.6,724.5,0.703
72,player,1256.9,440.8,1316.3,580.2,0.661
72,player,1024.2,262.6,1070.1,391.4,0.605
72,player,1474.7,486.0,1538.2,643.9,0.605
72,player,1705.9,539.5,1765.5,655.4,0.558
72,player,914.8,523.8,999.0,738.5,0.471
72,player,583.7,507.0,641.4,677.0,0.435
72,player,914.5,532.5,973.4,730.2,0.411
72,player,581.2,506.0,689.3,686.1,0.388
72,player,1713.3,715.6,1811.2,824.1,0.387
72,player,1578.6,616.7,1662.1,756.6,0.214
72,player,1608.7,616.7,1662.1,744.7,0.149
72,player,950.0,532.0,995.5,749.1,0.149
72,player,1761.1,285.0,1814.4,377.9,0.144
72,player,1743.7,712.8,1809.0,795.2,0.105
73,player,1124.3,454.8,1192.0,612.4,0.82
73,player,465.6,555.1,547.8,723.8,0.741
73,player,1023.5,262.2,1069.7,389.3,0.649
73,player,1474.9,485.5,1538.3,642.8,0.634
73,player,1258.4,440.4,1314.8,581.8,0.628
73,player,1706.6,538.6,1765.6,655.2,0.579
73,player,583.1,506.5,695.9,681.2,0.561
73,player,583.2,505.4,661.4,686.0,0.464
73,player,915.3,534.4,971.1,724.2,0.41
73,player,914.8,524.5,996.7,735.0,0.391
73,player,1713.4,716.3,1811.8,823.9,0.366
73,player,861.8,617.1,904.6,758.4,0.239
73,player,949.7,537.3,995.3,750.3,0.2
73,player,1578.5,616.4,1660.9,755.3,0.188
73,player,1609.7,616.6,1661.6,744.5,0.164
73,player,864.8,607.8,912.5,746.5,0.144
73,player,862.6,611.3,902.5,725.3,0.141
73,player,1760.7,284.7,1814.6,378.3,0.12
73,player,1488.1,483.6,1538.0,587.3,0.102
74,player,1124.7,455.0,1190.0,612.0,0.812
74,player,466.2,556.3,546.2,722.1,0.702
74,player,1023.4,262.1,1069.4,388.8,0.648
74,player,1255.7,441.4,1315.7,584.1,0.639
74,player,1471.9,484.9,1538.6,641.2,0.626
74,player,583.8,505.6,693.7,680.8,0.556
74,player,1706.6,538.8,1765.5,655.2,0.556
74,player,914.8,534.2,970.2,719.6,0.461
74,player,1712.8,716.3,1812.6,824.1,0.399
74,player,584.7,506.2,645.3,678.8,0.383
74,player,915.0,525.9,994.5,728.9,0.343
74,player,861.5,619.6,905.2,756.5,0.328
74,player,948.9,537.4,996.2,750.9,0.256
74,player,1608.2,616.2,1662.1,745.8,0.245
74,player,1573.3,616.3,1664.2,751.0,0.241
74,player,853.7,609.8,910.8,760.5,0.204
74,player,839.1,612.4,909.7,783.3,0.168
74,player,1761.7,713.5,1809.8,778.4,0.125
74,player,1761.1,285.0,1814.3,377.1,0.114
75,player,1121.5,455.1,1190.2,612.3,0.807
75,player,466.6,556.6,542.6,722.3,0.709
75,player,1254.5,441.4,1315.3,584.5,0.646
75,player,1467.6,485.9,1538.3,643.7,0.646
75,player,1023.5,262.1,1069.7,390.3,0.643
75,player,588.0,504.0,698.4,681.0,0.622
75,player,1707.0,539.4,1765.9,653.1,0.565
75,player,914.8,524.0,998.4,740.0,0.395
75,player,1712.8,715.8,1812.7,823.9,0.373
75,player,914.7,532.9,971.7,727.5,0.344
75,player,948.1,533.2,997.1,753.0,0.2
75,player,588.1,502.9,656.6,675.3,0.191
75,player,1576.1,617.0,1663.2,756.0,0.14
75,player,1610.4,617.7,1662.2,744.3,0.137
75,player,1761.0,285.3,1814.5,378.1,0.13
76,player,1121.9,453.7,1190.4,612.1,0.799
76,player,466.4,556.2,543.8,721.6,0.716
76,player,1254.6,441.0,1315.4,586.4,0.669
76,player,1024.2,262.3,1071.4,388.9,0.642
76,player,590.4,506.3,698.5,682.7,0.591
76,player,1706.8,540.4,1765.9,650.7,0.565
76,player,1467.7,486.6,1539.6,640.2,0.54
76,player,915.4,523.4,999.7,738.6,0.449
76,player,589.9,506.0,655.2,683.6,0.39
76,player,915.9,533.4,970.6,723.9,0.36
76,player,1712.3,716.9,1810.4,824.1,0.271
76,player,948.6,532.6,997.2,752.1,0.177
76,player,862.2,601.0,914.4,726.2,0.152
76,player,1760.9,285.1,1814.3,379.0,0.135
76,player,1575.9,617.1,1662.3,756.0,0.125
76,player,930.6,980.1,975.0,1080.0,0.118
76,player,1608.8,617.1,1662.3,743.6,0.111
77,player,1120.5,454.0,1190.8,612.3,0.791
77,player,465.2,555.9,546.9,723.1,0.735
77,player,1251.6,438.6,1315.0,583.1,0.679
77,player,1025.0,262.9,1069.7,388.7,0.61
77,player,594.5,504.4,695.8,683.4,0.606
77,player,1706.8,540.9,1766.1,652.1,0.556
77,player,1470.6,488.0,1540.4,642.3,0.535
77,player,915.1,522.8,1000.8,741.5,0.448
77,player,1712.0,716.0,1810.5,824.2,0.299
77,player,916.6,528.5,985.4,715.3,0.288
77,player,915.4,534.7,969.4,728.7,0.279
77,player,1760.6,285.5,1814.4,379.7,0.16
77,player,947.5,527.5,997.9,751.3,0.155
77,player,930.7,980.8,975.0,1080.0,0.128
77,player,1581.3,618.4,1659.9,756.2,0.116
77,player,861.2,600.6,915.2,724.4,0.106
77,player,858.0,603.0,916.4,776.8,0.105
77,player,1484.4,484.3,1540.5,580.0,0.103
77,player,1709.9,539.2,1768.4,618.7,0.1
78,player,1121.2,452.9,1190.6,612.5,0.779
78,player,465.4,555.8,549.2,723.1,0.742
78,player,594.9,504.0,690.0,684.1,0.641
78,player,1251.3,439.5,1313.6,580.3,0.637
78,player,1025.1,263.2,1069.1,388.3,0.59
78,player,1706.6,541.2,1766.4,651.7,0.543
78,player,915.3,522.6,1000.6,741.8,0.471
78,player,1468.3,488.2,1540.5,629.1,0.405
78,player,1480.2,486.7,1540.8,605.5,0.325
78,player,916.3,534.9,968.3,733.7,0.282
78,player,1712.3,715.9,1811.5,823.8,0.255
78,player,859.4,600.6,913.4,736.7,0.232
78,player,856.7,603.9,916.5,775.1,0.217
78,player,917.2,531.9,988.2,715.6,0.178
78,player,944.4,537.7,997.8,753.5,0.151
78,player,1760.7,285.3,1814.3,379.7,0.145
78,player,930.5,980.9,975.2,1080.0,0.111
78,player,1709.7,539.4,1768.5,618.8,0.109
78,player,1580.6,618.4,1660.0,756.2,0.107
79,player,1120.8,454.1,1191.1,612.3,0.783
79,player,466.0,555.0,550.3,723.4,0.743
79,player,595.1,505.7,686.1,683.3,0.658
79,player,1250.0,438.7,1314.1,581.5,0.624
79,player,1024.8,263.4,1070.9,388.2,0.601
79,player,1707.2,541.4,1766.1,649.5,0.533
79,player,914.0,521.6,1000.3,741.5,0.497
79,player,1465.1,486.4,1539.8,629.0,0.409
79,player,915.4,532.9,970.8,738.1,0.354
79,player,857.7,600.4,913.4,740.3,0.313
79,player,853.1,602.6,915.7,780.0,0.212
79,player,1712.9,715.8,1811.1,823.7,0.186
79,player,946.5,533.9,997.7,752.3,0.15
79,player,1760.5,285.3,1814.7,379.2,0.117
79,player,1488.6,482.2,1540.0,584.0,0.109
79,player,1710.6,539.9,1768.3,621.9,0.105
80,player,1121.1,453.3,1191.1,612.3,0.813
80,player,465.0,554.6,551.0,723.6,0.75
80,player,594.0,504.1,681.8,682.7,0.658
80,player,1250.5,438.4,1312.5,579.0,0.581
80,player,1024.9,263.5,1072.5,387.5,0.577
80,player,1707.1,541.4,1766.1,650.5,0.516
80,player,913.9,523.4,999.2,738.5,0.499
80,player,1464.1,484.0,1540.6,641.6,0.369
80,player,914.6,531.9,974.8,741.7,0.35
80,player,859.7,599.0,919.6,750.0,0.347
80,player,844.4,601.2,915.3,785.5,0.341
80,player,1481.7,483.6,1540.7,608.8,0.27
80,player,1713.4,716.1,1811.3,823.8,0.188
80,player,946.6,574.6,995.9,758.0,0.171
80,player,1760.3,285.2,1814.8,379.8,0.128
80,player,1578.4,617.2,1660.5,757.1,0.11
80,player,930.8,980.6,975.2,1080.0,0.103
80,player,1711.1,539.9,1768.3,620.6,0.101
81,player,1121.7,452.9,1191.3,611.9,0.801
81,player,465.3,554.0,552.9,724.1,0.75
81,player,1024.7,263.5,1073.1,388.0,0.595
81,player,597.1,499.9,686.9,681.9,0.519
81,player,1705.7,541.3,1766.0,649.7,0.501
81,player,1251.4,438.1,1308.6,579.6,0.49
81,player,913.3,523.5,998.9,735.3,0.488
81,player,1466.6,484.6,1540.7,640.8,0.399
81,player,840.0,598.0,913.1,784.7,0.394
81,player,914.7,531.6,973.6,737.0,0.369
81,player,856.9,596.0,910.7,736.1,0.335
81,player,1486.1,484.0,1540.6,597.0,0.28
81,player,604.3,499.2,674.9,660.9,0.258
81,player,945.2,529.3,1000.3,749.7,0.256
81,player,612.7,499.2,669.0,610.4,0.242
81,player,1713.7,715.5,1812.7,823.0,0.207
81,player,947.9,573.4,996.8,756.9,0.176
81,player,861.0,596.4,911.0,689.2,0.148
81,player,1491.4,482.1,1540.2,570.2,0.137
81,player,832.3,651.2,904.3,786.9,0.131
81,player,1760.4,285.3,1814.9,378.8,0.126
81,player,1263.3,438.8,1306.9,536.5,0.118
81,player,1577.9,616.8,1660.3,757.0,0.116
82,player,1120.7,453.5,1191.0,611.8,0.795
82,player,465.6,554.1,554.5,724.9,0.754
82,player,592.5,505.7,693.0,684.0,0.625
82,player,1024.3,263.5,1074.0,387.6,0.576
82,player,1251.0,438.7,1308.4,577.5,0.527
82,player,913.5,523.2,998.5,731.8,0.523
82,player,1707.4,541.2,1766.0,649.1,0.509
82,player,1478.9,483.8,1540.4,641.8,0.41
82,player,915.0,531.3,971.6,731.3,0.401
82,player,1484.7,483.2,1540.7,588.5,0.343
82,player,856.3,593.8,908.4,727.6,0.32
82,player,844.3,596.1,910.8,784.4,0.245
82,player,1713.9,715.4,1812.8,823.2,0.223
82,player,935.1,530.5,1000.3,747.8,0.206
82,player,947.8,563.2,998.4,750.4,0.132
82,player,1760.4,285.1,1814.8,379.5,0.129
82,player,1578.3,617.9,1660.0,756.7,0.127
82,player,1711.3,539.9,1768.1,623.1,0.115
83,player,1121.2,453.7,1191.9,611.8,0.806
83,player,465.9,553.4,548.6,724.0,0.727
83,player,593.8,502.1,698.7,681.7,0.655
83,player,1471.3,483.9,1542.0,640.6,0.591
83,player,1707.2,541.3,1766.4,652.0,0.556
83,player,1251.3,436.0,1304.8,578.1,0.556
83,player,914.9,522.5,999.9,728.0,0.501
83,player,1024.5,264.2,1074.0,385.8,0.497
83,player,915.4,532.9,970.5,725.7,0.404
83,player,843.7,595.6,911.2,784.8,0.303
83,player,1715.3,712.9,1808.6,825.3,0.283
83,player,854.6,592.1,908.8,729.8,0.254
83,player,1575.7,617.3,1660.8,756.4,0.208
83,player,937.8,529.2,999.8,747.9,0.205
83,player,1486.6,481.9,1541.9,571.6,0.199
83,player,831.2,624.5,912.6,795.0,0.174
83,player,1760.3,285.1,1814.7,380.6,0.159
83,player,949.2,561.6,998.1,749.8,0.157
83,player,1259.0,436.3,1303.3,553.0,0.115
83,player,1710.2,539.8,1768.2,624.0,0.106
83,player,917.8,541.2,963.8,699.0,0.102
84,player,1121.2,453.4,1192.7,611.9,0.817
84,player,466.4,553.6,552.0,724.6,0.73
84,player,598.5,500.1,699.2,677.0,0.701
84,player,1470.9,484.5,1542.0,638.8,0.596
84,player,1024.5,263.3,1074.6,386.5,0.571
84,player,1250.5,433.3,1304.1,579.5,0.536
84,player,1705.0,541.0,1766.3,653.5,0.532
84,player,915.6,523.0,1000.0,724.6,0.461
84,player,915.8,536.9,969.1,722.8,0.391
84,player,1482.0,484.6,1542.7,611.1,0.366
84,player,854.3,590.3,910.1,719.6,0.26
84,player,1713.6,715.6,1812.6,823.2,0.248
84,player,833.3,604.7,914.6,792.8,0.215
84,player,949.9,568.9,998.0,748.5,0.179
84,player,1487.2,482.5,1542.3,563.4,0.178
84,player,832.6,646.3,903.5,786.3,0.174
84,player,1574.8,616.9,1662.4,756.4,0.17
84,player,1602.9,615.9,1661.9,747.5,0.169
84,player,1260.6,435.2,1302.5,534.5,0.138
84,player,918.3,542.0,963.3,692.0,0.125
84,player,1760.4,285.0,1814.9,379.3,0.118
84,player,843.1,591.6,906.3,738.4,0.109
84,player,930.9,981.7,975.1,1080.0,0.103
85,player,1121.6,453.3,1192.0,612.1,0.813
85,player,467.0,553.6,546.9,724.6,0.721
85,player,609.8,497.4,698.6,675.4,0.641
85,player,1469.3,483.9,1542.4,642.3,0.623
85,player,1249.5,433.7,1302.1,577.7,0.614
85,player,1023.8,262.2,1072.0,387.7,0.586
85,player,1705.5,540.4,1766.2,654.6,0.523
85,player,915.3,523.4,999.8,727.3,0.497
85,player,916.5,532.7,970.9,721.7,0.431
85,player,838.7,594.3,910.8,782.9,0.369
85,player,1714.2,715.1,1813.4,823.6,0.284
85,player,850.6,593.2,915.1,745.6,0.221
85,player,1583.4,616.3,1659.3,756.8,0.216
85,player,1609.8,615.8,1661.4,748.4,0.208
85,player,951.0,566.9,997.6,746.9,0.142
85,player,629.6,502.5,693.5,665.2,0.139
85,player,1487.1,482.7,1542.6,564.4,0.137
85,player,833.1,651.4,901.9,782.5,0.13
85,player,1257.3,435.5,1300.7,546.4,0.12
85,player,854.8,590.4,905.0,720.0,0.12
85,player,1760.9,284.9,1815.0,377.8,0.11
86,player,1123.1,453.7,1192.7,612.2,0.816
86,player,468.7,552.7,545.9,724.4,0.634
86,player,1464.9,483.9,1541.9,639.5,0.631
86,player,621.7,493.4,699.5,672.2,0.618
86,player,1023.9,262.7,1071.3,385.7,0.551
86,player,1249.8,435.5,1301.6,574.4,0.536
86,player,1705.0,540.0,1766.4,654.0,0.521
86,player,915.7,530.1,971.5,723.9,0.477
86,player,913.9,523.3,998.9,726.1,0.472
86,player,1481.8,485.1,1542.5,621.9,0.35
86,player,1714.5,714.9,1813.7,823.3,0.279
86,player,842.4,595.1,909.5,783.6,0.269
86,player,852.4,590.4,906.7,720.1,0.232
86,player,1258.3,435.9,1299.8,541.7,0.18
86,player,1612.7,616.1,1661.5,745.8,0.17
86,player,833.4,641.9,904.5,784.7,0.163
86,player,951.5,567.2,997.2,745.6,0.157
86,player,1581.4,616.6,1660.4,755.6,0.153
86,player,1488.4,483.0,1541.9,564.4,0.131
86,player,1761.3,285.0,1814.9,377.2,0.111
87,player,1123.7,455.9,1193.2,612.5,0.838
87,player,621.1,491.0,701.4,679.6,0.719
87,player,470.6,550.3,541.0,725.8,0.625
87,player,1245.0,432.5,1300.0,578.8,0.621
87,player,1471.9,486.6,1542.4,642.7,0.597
87,player,1024.6,266.1,1070.6,385.9,0.587
87,player,1716.6,708.8,1808.3,824.2,0.52
87,player,1705.7,540.3,1766.4,654.0,0.516
87,player,914.5,524.5,996.8,726.5,0.469
87,player,915.5,527.8,974.9,717.9,0.43
87,player,1488.3,486.5,1542.7,580.4,0.382
87,player,1574.0,616.2,1662.3,754.5,0.292
87,player,1610.1,615.6,1660.6,750.1,0.243
87,player,851.4,588.2,912.2,720.2,0.206
87,player,845.0,589.0,921.9,785.8,0.193
87,player,1759.8,284.8,1813.1,380.8,0.157
87,player,1762.4,710.5,1809.4,783.3,0.157
87,player,930.7,980.8,975.3,1080.0,0.132
87,player,1256.4,434.0,1297.3,540.8,0.127
87,player,834.9,597.5,908.6,781.7,0.124
87,player,918.2,538.8,965.7,694.9,0.121
88,player,1125.5,461.0,1193.4,612.3,0.832
88,player,622.9,490.5,701.6,680.5,0.702
88,player,466.0,552.4,546.5,724.6,0.625
88,player,1465.7,486.0,1542.7,645.4,0.597
88,player,1246.3,435.4,1296.9,573.9,0.587
88,player,914.8,524.5,998.8,721.8,0.476
88,player,1717.6,712.2,1808.2,823.0,0.468
88,player,1706.4,541.0,1766.3,651.8,0.465
88,player,915.3,528.6,973.8,714.0,0.432
88,player,1025.0,267.0,1070.9,383.7,0.4
88,player,841.8,596.2,911.5,777.7,0.351
88,player,1479.4,486.2,1542.7,615.5,0.328
88,player,1488.7,486.3,1543.1,577.9,0.317
88,player,848.3,587.1,911.0,728.0,0.311
88,player,1711.6,541.2,1763.7,628.0,0.268
88,player,1578.4,617.4,1662.9,758.8,0.202
88,player,1254.0,436.5,1295.0,551.3,0.181
88,player,1609.5,616.1,1661.2,749.3,0.163
88,player,930.4,981.1,975.1,1080.0,0.161
88,player,1759.8,285.2,1813.6,379.5,0.136
88,player,835.1,627.3,906.3,783.4,0.127
88,player,1762.4,710.7,1809.1,784.7,0.11
89,player,1126.3,457.0,1192.6,612.1,0.821
89,player,625.7,489.8,702.1,681.8,0.688
89,player,473.6,548.8,548.5,727.1,0.611
89,player,1244.5,434.5,1296.0,573.7,0.599
89,player,1716.8,712.3,1808.0,824.0,0.51
89,player,1707.1,541.5,1766.4,653.8,0.504
89,player,1465.0,486.3,1541.9,645.5,0.496
89,player,914.6,524.9,997.0,726.6,0.496
89,player,915.3,528.1,975.4,717.1,0.432
89,player,1480.5,486.8,1542.1,614.3,0.324
89,player,1489.8,486.2,1542.3,573.0,0.304
89,player,1025.1,268.2,1073.0,383.9,0.257
89,player,849.8,585.9,913.1,712.1,0.244
89,player,843.4,589.1,925.0,786.1,0.211
89,player,1759.3,285.4,1813.5,381.1,0.165
89,player,1574.0,616.5,1660.2,758.8,0.163
89,player,1593.9,614.2,1661.4,747.9,0.143
89,player,930.2,981.0,975.6,1080.0,0.113
89,player,847.6,606.1,913.3,749.3,0.112
89,player,834.8,615.7,919.2,802.2,0.103
90,player,1127.5,456.3,1192.8,612.1,0.834
90,player,472.4,551.8,551.8,726.3,0.685
90,player,633.7,490.6,702.6,673.1,0.642
90,player,1244.0,438.0,1294.9,572.1,0.606
90,player,1458.7,487.4,1542.6,645.3,0.5
90,player,1705.5,541.1,1766.7,653.5,0.496
90,player,1714.6,712.4,1810.1,825.2,0.47
90,player,915.7,533.5,974.7,715.2,0.464
90,player,914.8,526.5,995.1,725.7,0.452
90,player,842.1,599.9,923.3,789.5,0.334
90,player,1490.3,487.5,1542.9,573.1,0.299
90,player,1473.4,487.5,1542.7,612.8,0.289
90,player,849.0,584.8,908.6,706.0,0.229
90,player,1025.4,268.4,1075.3,382.6,0.211
90,player,846.7,584.8,925.1,728.0,0.199
90,player,1759.5,285.4,1813.5,381.7,0.178
90,player,929.9,981.4,975.4,1080.0,0.162
90,player,1573.3,616.4,1660.8,758.8,0.128
90,player,480.5,589.7,547.8,726.7,0.127
91,player,1128.2,457.1,1193.3,612.3,0.834
91,player,1242.7,438.6,1294.2,573.3,0.634
91,player,474.3,551.3,551.5,725.3,0.619
91,player,636.8,491.4,707.6,674.0,0.612
91,player,1707.9,540.6,1766.4,654.2,0.48
91,player,915.8,536.5,974.9,713.0,0.467
91,player,1465.0,486.5,1542.6,645.7,0.413
91,player,1717.3,712.5,1808.7,823.6,0.41
91,player,914.7,529.4,991.4,723.9,0.397
91,player,1479.9,486.5,1542.7,599.5,0.335
91,player,1490.5,486.5,1543.0,570.3,0.321
91,player,836.3,607.7,917.5,780.0,0.271
91,player,1713.3,541.0,1764.3,630.9,0.238
91,player,1025.3,267.7,1076.5,381.8,0.203
91,player,846.1,584.3,910.0,701.9,0.196
91,player,1248.4,438.4,1292.6,545.1,0.179
91,player,942.7,532.3,998.4,749.5,0.146
91,player,1573.4,616.6,1665.4,758.9,0.141
91,player,1760.3,285.2,1813.0,379.1,0.136
91,player,930.7,981.6,975.1,1080.0,0.117
91,player,1597.8,614.8,1662.0,747.5,0.103
92,player,1128.9,460.2,1194.1,612.6,0.815
92,player,1242.6,440.7,1293.0,572.0,0.672
92,player,478.1,549.8,553.2,724.6,0.642
92,player,1465.6,485.0,1543.0,646.9,0.524
92,player,639.6,490.2,702.9,671.6,0.497
92,player,1705.6,543.3,1765.2,657.7,0.495
92,player,915.3,536.3,971.9,716.8,0.488
92,player,1024.8,267.1,1077.3,384.9,0.375
92,player,838.2,610.0,922.6,792.9,0.365
92,player,1478.6,485.3,1543.0,617.6,0.328
92,player,1714.2,714.3,1811.0,823.7,0.294
92,player,915.4,528.0,994.8,723.7,0.256
92,player,1489.0,485.3,1543.5,572.9,0.248
92,player,641.3,491.2,694.1,641.8,0.218
92,player,1577.1,615.7,1663.7,758.7,0.208
92,player,1597.2,614.4,1661.7,749.3,0.199
92,player,644.9,598.5,700.6,685.0,0.177
92,player,930.7,981.1,974.8,1080.0,0.176
92,player,948.2,540.0,998.9,750.4,0.152
92,player,1760.4,285.0,1813.4,378.1,0.141
92,player,843.5,584.6,909.3,700.9,0.138
92,player,642.3,490.8,688.8,584.9,0.109
92,player,956.5,562.9,996.2,658.6,0.108
92,player,842.8,612.3,915.0,712.7,0.104
92,player,842.5,596.6,896.0,695.4,0.101
93,player,1132.5,459.9,1194.4,612.8,0.806
93,player,645.3,490.7,705.2,678.7,0.667
93,player,1240.0,440.4,1292.5,571.8,0.61
93,player,480.9,546.9,554.1,723.9,0.608
93,player,1024.6,265.8,1077.3,384.5,0.52
93,player,1707.8,541.9,1766.5,653.6,0.468
93,player,839.4,601.0,920.3,785.6,0.464
93,player,915.8,534.1,971.4,718.3,0.464
93,player,1464.9,485.2,1543.6,646.1,0.454
93,player,916.2,527.1,993.2,732.1,0.395
93,player,1479.5,485.5,1543.4,593.5,0.319
93,player,1714.3,714.1,1810.7,823.8,0.252
93,player,1488.9,485.6,1544.0,569.2,0.25
93,player,951.5,549.7,996.9,751.9,0.23
93,player,840.2,583.4,921.9,737.9,0.216
93,player,1245.5,440.5,1290.9,529.9,0.174
93,player,489.5,622.7,546.7,723.8,0.151
93,player,930.7,981.1,974.8,1080.0,0.149
93,player,1575.6,616.1,1665.6,758.7,0.149
93,player,932.8,526.8,1001.2,745.3,0.149
93,player,956.1,557.3,996.2,658.7,0.14
93,player,1757.9,285.1,1813.4,398.1,0.123
93,player,843.4,584.0,912.3,707.9,0.121
94,player,1131.0,458.7,1194.5,612.9,0.793
94,player,1237.7,440.6,1292.6,573.7,0.657
94,player,646.4,491.4,705.4,676.8,0.655
94,player,482.1,546.1,548.5,722.3,0.575
94,player,1463.8,484.8,1545.4,647.4,0.551
94,player,1024.5,265.8,1076.5,386.1,0.503
94,player,1705.5,540.9,1766.4,654.6,0.487
94,player,915.5,532.7,972.0,718.1,0.439
94,player,839.6,593.5,922.0,787.8,0.423
94,player,915.7,527.2,990.2,728.7,0.351
94,player,1475.4,485.6,1544.9,615.2,0.283
94,player,1713.6,714.4,1810.5,823.5,0.258
94,player,951.9,549.0,997.4,749.8,0.242
94,player,840.1,582.6,924.2,734.4,0.234
94,player,1487.7,485.5,1545.3,577.8,0.227
94,player,841.2,596.9,914.8,717.4,0.218
94,player,955.9,548.9,997.1,658.1,0.186
94,player,930.7,981.2,974.8,1080.0,0.171
94,player,1574.7,616.5,1666.4,758.7,0.163
94,player,1760.3,285.3,1813.3,378.1,0.14
94,player,1243.7,439.6,1290.2,535.9,0.113
94,player,958.0,527.4,1004.8,662.2,0.107
94,player,842.1,584.7,906.5,698.9,0.105
95,player,1130.9,458.6,1195.7,608.5,0.741
95,player,484.2,546.6,550.6,722.7,0.678
95,player,1239.3,438.7,1290.9,570.8,0.615
95,player,647.3,489.1,700.2,677.6,0.601
95,player,1464.6,484.0,1544.6,647.2,0.532
95,player,1024.1,265.7,1076.6,387.1,0.527
95,player,1705.5,542.2,1765.4,658.2,0.522
95,player,915.4,533.5,970.8,723.2,0.497
95,player,1713.6,713.6,1810.8,823.4,0.358
95,player,839.7,602.9,915.2,782.4,0.353
95,player,915.2,527.2,989.7,729.3,0.326
95,player,954.0,550.1,997.5,748.1,0.252
95,player,930.6,981.0,974.6,1080.0,0.247
95,player,648.1,490.0,697.8,591.8,0.23
95,player,840.9,609.3,906.0,753.7,0.217
95,player,1488.1,484.7,1545.1,599.4,0.213
95,player,957.1,550.9,997.6,657.8,0.198
95,player,1579.2,616.0,1667.8,758.8,0.19
95,player,841.4,607.6,909.9,713.5,0.186
95,player,840.7,582.5,913.5,728.9,0.172
95,player,842.9,582.7,901.7,701.8,0.172
95,player,1605.4,614.2,1662.4,749.1,0.171
95,player,1243.8,439.0,1290.0,539.7,0.166
95,player,1757.8,285.3,1813.6,400.2,0.149
95,player,653.9,602.0,699.8,681.8,0.131
95,player,490.4,613.6,544.8,723.1,0.128
95,player,959.8,531.0,1004.9,661.7,0.113
95,player,1757.3,711.2,1810.2,792.8,0.112
95,player,1574.4,609.6,1727.3,761.4,0.105
95,player,1490.8,482.2,1544.6,567.6,0.101
96,player,486.8,546.3,552.7,722.4,0.678
96,player,1239.3,438.1,1290.4,570.0,0.617
96,player,1463.3,485.9,1547.6,647.2,0.58
96,player,1024.3,266.1,1075.2,387.1,0.571
96,player,647.3,488.7,697.2,682.1,0.571
96,player,914.2,529.7,967.5,722.4,0.522
96,player,1705.0,542.0,1766.1,657.1,0.493
96,player,1131.5,457.2,1195.3,610.0,0.484
96,player,1715.3,712.1,1808.4,821.4,0.417
96,player,840.3,587.9,912.5,779.0,0.368
96,player,840.7,580.2,911.2,728.3,0.343
96,player,915.1,525.3,989.7,727.3,0.336
96,player,648.1,489.5,695.6,590.1,0.287
96,player,950.7,551.5,996.7,750.1,0.264
96,player,930.7,980.6,974.6,1080.0,0.245
96,player,1748.7,711.5,1809.2,814.5,0.233
96,player,954.2,552.1,996.2,658.1,0.192
96,player,1757.9,710.7,1810.2,797.8,0.185
96,player,1484.3,486.6,1547.2,620.8,0.184
96,player,1574.1,616.3,1668.0,758.9,0.184
96,player,1244.4,438.8,1289.8,534.1,0.156
96,player,1594.5,614.3,1661.9,750.0,0.144
96,player,1757.7,285.3,1813.6,399.5,0.14
96,player,933.5,527.1,999.6,733.8,0.134
96,player,1574.0,609.4,1726.4,762.2,0.132
96,player,656.0,599.5,698.1,684.0,0.13
96,player,841.6,599.5,904.0,703.7,0.129
96,player,1135.3,462.4,1196.7,549.9,0.117
97,player,488.9,544.9,554.1,723.9,0.708
97,player,1238.9,438.3,1290.5,570.1,0.627
97,player,650.4,490.0,700.0,683.9,0.568
97,player,914.0,529.8,970.9,721.5,0.528
97,player,1462.0,485.9,1549.0,646.7,0.523
97,player,1704.0,542.3,1766.0,659.2,0.483
97,player,1714.9,712.7,1808.8,823.2,0.438
97,player,1133.5,461.7,1196.5,589.6,0.435
97,player,1024.8,267.6,1075.8,385.3,0.43
97,player,840.6,581.6,906.5,719.9,0.402
97,player,840.1,580.9,908.8,772.4,0.392
97,player,914.8,524.3,992.6,723.6,0.331
97,player,951.1,553.6,996.6,750.4,0.279
97,player,930.7,980.6,974.7,1080.0,0.245
97,player,1483.9,486.0,1548.2,618.0,0.236
97,player,652.5,490.4,697.7,586.8,0.236
97,player,1572.5,615.4,1667.8,759.0,0.196
97,player,955.3,554.4,995.4,658.4,0.195
97,player,1139.4,460.3,1195.5,551.8,0.147
97,player,1757.7,285.3,1813.6,399.7,0.141
97,player,945.8,527.4,999.2,729.0,0.137
97,player,1573.8,609.6,1726.7,762.2,0.135
97,player,1757.2,711.2,1810.3,797.3,0.119
98,player,1135.6,457.8,1196.6,612.5,0.636
98,player,490.3,541.9,552.1,723.4,0.629
98,player,1238.2,438.1,1290.1,569.5,0.62
98,player,649.9,489.3,705.5,680.0,0.604
98,player,912.7,527.8,970.0,729.4,0.51
98,player,1463.3,487.2,1550.8,646.9,0.497
98,player,840.4,580.3,906.9,728.5,0.472
98,player,1024.7,267.7,1075.1,385.5,0.443
98,player,1703.7,542.4,1765.9,660.1,0.426
98,player,1716.0,713.0,1809.1,823.0,0.424
98,player,913.8,523.6,992.2,727.6,0.292
98,player,949.6,552.1,996.7,751.2,0.268
98,player,1486.0,486.9,1549.9,611.1,0.226
98,player,835.2,578.8,914.5,778.4,0.208
98,player,930.6,980.6,974.6,1080.0,0.198
98,player,954.7,552.9,995.3,658.1,0.191
98,player,1709.3,541.6,1763.9,630.6,0.177
98,player,1572.2,616.2,1669.3,759.0,0.169
98,player,1243.1,438.6,1289.1,525.8,0.166
98,player,1757.8,285.1,1813.5,399.5,0.146
98,player,841.4,601.2,904.8,774.1,0.13
98,player,1138.8,462.3,1197.1,560.6,0.125
98,player,938.6,527.2,998.9,721.6,0.124
98,player,1573.9,608.9,1726.8,762.1,0.112
98,player,651.1,490.2,700.4,609.7,0.102
99,player,1137.1,457.2,1196.4,612.6,0.756
99,player,651.0,488.9,709.5,680.0,0.617
99,player,1238.1,437.7,1290.3,569.4,0.616
99,player,491.7,541.0,554.0,722.6,0.596
99,player,1717.1,712.3,1810.1,823.1,0.546
99,player,912.5,527.4,970.1,723.9,0.519
99,player,841.6,580.6,902.2,717.6,0.502
99,player,839.9,578.6,904.9,768.5,0.492
99,player,1704.0,542.3,1765.4,663.6,0.417
99,player,1483.1,486.8,1549.1,642.5,0.368
99,player,948.7,553.3,997.4,751.5,0.328
99,player,913.5,523.5,991.7,722.5,0.302
99,player,1488.9,486.9,1549.5,587.3,0.297
99,player,1709.7,541.5,1763.7,632.0,0.242
99,player,930.7,980.9,974.7,1080.0,0.231
99,player,1571.6,616.6,1671.0,759.0,0.22
99,player,954.8,554.7,995.3,658.3,0.2
99,player,1024.8,269.6,1075.6,382.2,0.176
99,player,1594.3,614.4,1661.9,751.1,0.168
99,player,1244.3,437.4,1289.3,531.4,0.156
99,player,940.6,528.4,998.8,720.7,0.145
99,player,1491.5,484.8,1549.1,561.8,0.143
99,player,1573.8,609.4,1727.6,762.4,0.136
99,player,1760.1,285.3,1813.3,379.1,0.135
99,player,1458.2,488.9,1549.7,645.9,0.119
99,player,652.1,489.9,701.9,597.4,0.106
100,player,1136.2,455.3,1195.8,612.0,0.756
100,player,491.3,538.6,554.8,720.6,0.598
100,player,651.4,488.9,711.7,680.0,0.592
100,player,1236.9,436.0,1290.9,572.4,0.583
100,player,1715.5,712.1,1810.3,823.6,0.556
100,player,912.3,526.4,972.3,729.8,0.469
100,player,840.0,579.9,902.2,716.4,0.461
100,player,1705.0,542.6,1765.5,656.7,0.46
100,player,1460.1,487.2,1550.6,645.6,0.416
100,player,836.8,583.2,903.2,771.6,0.403
100,player,913.2,522.2,997.4,730.7,0.368
100,player,930.0,981.6,974.6,1080.0,0.272
100,player,948.3,565.8,997.5,753.2,0.267
100,player,1572.9,616.9,1667.0,758.8,0.209
100,player,935.1,525.5,998.4,745.0,0.202
100,player,1487.1,486.6,1550.2,617.2,0.181
100,player,1597.7,614.9,1662.5,750.8,0.171
100,player,1248.3,438.0,1289.9,517.3,0.158
100,player,1757.8,285.2,1813.4,401.3,0.149
100,player,953.5,545.3,995.8,658.8,0.131
100,player,1354.2,313.1,1381.3,362.3,0.108
101,player,1136.6,455.0,1195.2,611.6,0.725
101,player,654.7,488.9,711.0,678.5,0.64
101,player,1239.2,438.2,1291.1,572.1,0.622
101,player,493.2,538.6,557.1,713.3,0.518
101,player,912.4,527.7,973.8,732.2,0.511
101,player,836.8,578.2,906.6,747.9,0.494
101,player,1716.6,712.1,1809.5,822.8,0.491
101,player,1702.5,542.3,1766.0,666.9,0.434
101,player,1458.1,486.6,1551.1,639.1,0.378
101,player,913.5,522.8,996.5,734.4,0.361
101,player,929.8,981.9,974.1,1080.0,0.263
101,player,1710.2,541.5,1763.9,625.8,0.218
101,player,1485.5,485.8,1551.0,611.5,0.213
101,player,951.3,554.0,996.5,747.7,0.203
101,player,935.1,523.0,999.0,715.9,0.196
101,player,954.5,537.8,995.5,659.5,0.184
101,player,1247.5,437.4,1290.0,534.7,0.183
101,player,1572.3,616.9,1667.5,759.0,0.172
101,player,836.2,588.8,903.0,711.1,0.169
101,player,914.7,526.8,965.4,693.6,0.165
101,player,488.4,539.9,543.7,704.7,0.157
101,player,1757.2,285.4,1813.7,402.6,0.141
101,player,831.3,597.8,909.4,774.9,0.131
101,player,1591.0,614.8,1662.0,750.2,0.112
102,player,1138.2,456.9,1196.3,611.5,0.675
102,player,1238.1,437.6,1293.4,572.2,0.611
102,player,1715.7,710.1,1814.0,822.8,0.557
102,player,656.0,488.6,710.6,677.2,0.538
102,player,913.1,528.3,969.6,725.1,0.51
102,player,831.0,576.9,907.1,742.7,0.503
102,player,1699.6,541.7,1765.9,672.8,0.44
102,player,1457.6,489.4,1551.7,642.6,0.415
102,player,495.0,536.8,556.9,715.7,0.406
102,player,915.4,524.8,989.3,728.6,0.319
102,player,494.6,540.4,548.3,663.7,0.271
102,player,827.7,576.7,917.3,784.7,0.257
102,player,657.0,490.3,703.9,586.7,0.244
102,player,660.6,569.5,711.1,673.8,0.23
102,player,1488.4,488.0,1552.5,611.6,0.211
102,player,1247.1,437.3,1290.8,534.0,0.206
102,player,954.1,542.4,994.9,659.2,0.192
102,player,830.7,599.9,902.7,716.0,0.191
102,player,930.2,981.5,974.9,1080.0,0.188
102,player,950.6,557.1,996.4,749.6,0.186
102,player,938.9,525.9,998.4,692.4,0.185
102,player,1140.1,461.0,1197.1,573.0,0.182
102,player,1571.9,616.3,1669.1,759.4,0.176
102,player,950.9,530.4,997.9,715.2,0.162
102,player,1757.2,285.6,1813.9,403.1,0.156
102,player,1706.8,539.7,1767.9,645.8,0.108
102,player,1493.9,486.1,1550.1,564.8,0.103
103,player,1138.2,456.2,1196.8,611.6,0.717
103,player,1238.1,436.4,1294.2,574.7,0.674
103,player,1715.1,710.6,1811.4,822.8,0.651
103,player,823.2,575.9,908.2,773.5,0.56
103,player,913.8,530.3,970.0,727.1,0.529
103,player,1699.4,542.0,1765.9,674.1,0.484
103,player,492.4,536.8,554.5,701.6,0.471
103,player,1460.4,488.8,1552.1,643.3,0.412
103,player,915.5,525.5,993.5,731.7,0.34
103,player,660.3,490.1,707.6,668.3,0.334
103,player,659.6,490.6,705.1,586.8,0.278
103,player,834.6,581.6,903.7,719.5,0.236
103,player,1571.4,616.0,1673.4,759.8,0.2
103,player,950.9,555.5,997.5,749.1,0.192
103,player,1487.7,487.8,1553.2,610.8,0.19
103,player,1757.3,285.2,1813.8,403.8,0.179
103,player,1574.2,610.3,1730.5,762.7,0.165
103,player,954.1,542.7,995.9,659.2,0.165
103,player,930.4,982.1,974.7,1080.0,0.156
103,player,1142.9,458.0,1196.1,562.8,0.139
103,player,670.7,607.5,713.4,674.3,0.126
103,player,494.7,571.8,549.8,705.2,0.111
104,player,1138.3,457.3,1196.9,611.8,0.71
104,player,1239.8,438.4,1294.3,571.9,0.645
104,player,1716.2,710.8,1813.9,822.3,0.628
104,player,659.4,490.8,713.4,673.3,0.549
104,player,821.0,576.1,914.0,778.8,0.54
104,player,491.0,537.5,554.6,703.7,0.536
104,player,912.8,529.0,974.7,732.9,0.508
104,player,1700.5,542.1,1765.6,672.4,0.446
104,player,1461.1,487.3,1550.5,642.8,0.438
104,player,914.7,523.5,997.2,730.5,0.356
104,player,663.7,600.7,713.5,671.3,0.218
104,player,1482.3,486.5,1550.8,618.9,0.207
104,player,950.2,559.8,997.3,749.9,0.194
104,player,825.4,580.9,905.3,709.4,0.191
104,player,930.4,981.5,974.5,1080.0,0.181
104,player,1570.9,615.7,1673.8,759.8,0.176
104,player,1757.2,285.1,1813.8,404.0,0.175
104,player,915.0,527.9,965.9,694.5,0.162
104,player,952.9,540.5,996.0,658.9,0.161
104,player,1574.1,609.6,1730.7,763.0,0.141
104,player,1142.9,458.7,1195.5,563.2,0.134
104,player,1709.4,541.2,1763.6,638.5,0.118
104,player,660.9,491.8,707.0,588.3,0.114
104,player,1025.6,267.9,1078.3,384.3,0.106
105,player,1138.1,457.2,1195.9,610.8,0.713
105,player,489.5,536.8,558.7,699.6,0.646
105,player,658.1,492.0,716.4,673.8,0.639
105,player,1716.1,710.8,1814.2,822.4,0.599
105,player,822.1,574.8,916.4,775.7,0.592
105,player,1240.5,438.1,1293.9,567.9,0.568
105,player,913.2,527.0,974.2,730.5,0.504
105,player,1706.0,541.8,1765.1,662.4,0.42
105,player,915.9,524.5,996.0,732.8,0.399
105,player,1460.6,488.9,1549.8,642.5,0.328
105,player,949.5,550.9,997.9,752.2,0.226
105,player,1485.7,488.0,1549.5,613.6,0.197
105,player,1757.2,285.3,1814.1,403.2,0.167
105,player,1142.2,458.4,1195.2,571.6,0.16
105,player,953.2,538.0,996.9,659.7,0.159
105,player,930.4,982.1,974.5,1080.0,0.142
105,player,1571.2,615.8,1673.5,759.8,0.141
105,player,1025.6,267.4,1078.1,382.7,0.117
105,player,915.3,525.5,966.2,698.9,0.105
106,player,1138.7,456.1,1196.5,611.6,0.724
106,player,1715.7,711.0,1814.1,822.8,0.673
106,player,659.9,495.1,716.4,673.4,0.671
106,player,489.7,536.7,559.5,701.0,0.617
106,player,1241.4,440.7,1294.4,571.1,0.586
106,player,820.0,574.6,919.6,781.8,0.524
106,player,912.4,526.4,969.7,737.1,0.47
106,player,1705.9,541.9,1765.2,659.7,0.44
106,player,915.1,524.2,996.6,735.2,0.405
106,player,1460.3,488.9,1547.5,641.2,0.257
106,player,948.8,542.0,998.0,751.9,0.25
106,player,1484.6,486.7,1547.2,614.3,0.207
106,player,1570.9,615.6,1672.9,759.8,0.18
106,player,1757.2,285.3,1814.0,403.2,0.179
106,player,1025.5,267.1,1078.4,384.1,0.17
106,player,930.5,982.1,974.4,1080.0,0.159
106,player,951.9,539.2,996.6,659.8,0.156
106,player,1574.1,610.0,1732.7,763.0,0.152
106,player,914.7,526.0,964.5,682.0,0.14
106,player,824.9,582.1,907.1,700.8,0.106
107,player,658.8,494.7,717.7,674.2,0.745
107,player,1139.2,454.7,1197.0,610.5,0.715
107,player,1715.9,710.3,1814.4,825.1,0.68
107,player,488.5,536.8,560.5,700.8,0.674
107,player,1241.8,441.7,1295.9,572.2,0.59
107,player,820.9,576.0,933.6,785.3,0.546
107,player,1706.5,542.3,1764.8,661.0,0.515
107,player,915.3,524.4,998.2,739.1,0.442
107,player,912.4,526.9,970.8,730.9,0.404
107,player,1477.9,485.8,1545.7,642.7,0.349
107,player,1025.5,266.3,1077.8,384.2,0.272
107,player,823.7,612.9,923.8,777.7,0.268
107,player,949.1,540.4,998.2,753.2,0.264
107,player,1572.2,615.3,1671.5,759.6,0.243
107,player,1593.3,614.1,1663.5,751.8,0.223
107,player,1757.0,285.4,1813.7,403.6,0.209
107,player,1466.5,489.9,1545.3,609.9,0.207
107,player,914.9,526.1,964.5,693.3,0.206
107,player,1574.1,609.7,1728.0,763.4,0.197
107,player,930.4,981.5,974.5,1080.0,0.192
107,player,951.6,540.1,996.8,658.2,0.118
108,player,1139.3,454.4,1197.1,610.0,0.779
108,player,489.3,535.9,560.5,700.6,0.711
108,player,659.3,493.7,716.7,672.9,0.697
108,player,1715.5,710.0,1813.8,825.4,0.668
108,player,821.8,575.3,931.4,782.0,0.655
108,player,1239.6,441.9,1299.0,573.1,0.539
108,player,1702.7,542.7,1765.4,665.8,0.518
108,player,1459.8,487.8,1542.8,641.3,0.444
108,player,911.9,527.7,965.7,728.3,0.438
108,player,948.1,537.8,998.3,754.9,0.377
108,player,916.5,526.0,996.1,742.6,0.338
108,player,1486.3,485.7,1542.7,614.7,0.315
108,player,1571.5,615.6,1672.2,759.6,0.279
108,player,1597.6,614.5,1663.9,751.8,0.256
108,player,1025.5,266.6,1077.9,383.7,0.245
108,player,1756.9,285.3,1813.7,402.8,0.218
108,player,1574.2,611.5,1717.5,762.2,0.213
108,player,930.4,981.2,974.7,1080.0,0.193
108,player,1253.2,438.7,1297.8,554.1,0.125
109,player,1139.1,454.7,1196.6,610.4,0.791
109,player,489.7,536.3,560.7,700.1,0.704
109,player,658.4,492.9,717.7,676.7,0.702
109,player,1715.3,709.2,1813.2,825.6,0.684
109,player,823.3,575.3,928.8,780.1,0.553
109,player,1240.6,441.0,1299.8,573.7,0.552
109,player,1702.0,542.9,1765.4,671.8,0.522
109,player,1480.3,484.4,1542.0,641.3,0.463
109,player,911.6,528.5,974.0,740.8,0.457
109,player,1572.5,615.4,1669.3,759.7,0.294
109,player,914.8,524.8,996.1,739.3,0.274
109,player,951.0,533.9,997.4,749.7,0.264
109,player,1456.8,482.5,1540.6,641.2,0.257
109,player,1603.0,614.7,1663.3,751.4,0.248
109,player,1025.6,266.0,1078.1,383.7,0.239
109,player,1574.3,611.6,1715.6,762.8,0.234
109,player,913.9,528.0,963.7,688.0,0.233
109,player,1708.1,541.7,1763.8,643.2,0.22
109,player,943.8,525.2,999.5,711.3,0.208
109,player,1466.0,486.4,1541.7,605.0,0.197
109,player,1756.9,285.4,1813.8,403.1,0.191
109,player,930.4,981.2,975.0,1080.0,0.188
109,player,951.2,534.4,997.3,664.5,0.171
109,player,1488.4,480.7,1542.5,596.2,0.15
109,player,825.8,615.4,921.1,773.8,0.134
109,player,1254.9,432.1,1298.6,550.5,0.114
110,player,1140.3,455.2,1193.3,613.4,0.806
110,player,1716.2,707.6,1810.9,823.2,0.706
110,player,491.1,536.5,559.9,699.9,0.696
110,player,657.2,496.5,721.1,679.7,0.69
110,player,1242.0,443.3,1301.5,574.2,0.563
110,player,1704.1,543.2,1765.4,668.5,0.516
110,player,911.4,528.9,968.1,743.7,0.49
110,player,1458.4,484.9,1540.5,640.6,0.45
110,player,828.3,575.1,924.5,779.9,0.413
110,player,1485.5,483.4,1540.6,611.3,0.401
110,player,912.1,526.8,995.2,743.0,0.37
110,player,1572.9,615.5,1669.5,759.3,0.297
110,player,948.7,534.6,997.5,754.0,0.279
110,player,1600.5,613.8,1663.4,751.4,0.239
110,player,1025.8,266.4,1078.0,382.5,0.237
110,player,1574.5,609.3,1729.5,763.0,0.221
110,player,930.3,981.1,974.6,1080.0,0.218
110,player,1758.9,285.0,1813.8,383.7,0.203
110,player,834.7,576.5,914.4,742.1,0.199
110,player,914.1,528.0,964.2,688.1,0.184
110,player,846.2,583.8,911.0,710.9,0.159
110,player,1757.0,284.5,1806.1,407.4,0.114
111,player,1140.8,455.2,1191.6,613.1,0.832
111,player,1716.4,707.3,1810.0,823.6,0.717
111,player,491.3,536.1,559.9,699.3,0.7
111,player,657.9,496.4,722.7,681.6,0.656
111,player,1246.1,445.0,1303.6,576.3,0.58
111,player,1706.3,541.6,1766.6,653.3,0.491
111,player,909.8,529.5,967.5,735.3,0.466
111,player,1458.9,485.6,1540.4,642.9,0.457
111,player,829.9,575.5,924.9,773.6,0.444
111,player,1483.0,484.0,1540.6,615.0,0.331
111,player,910.5,527.5,992.7,740.3,0.325
111,player,839.2,579.5,914.7,724.0,0.304
111,player,951.6,525.2,998.7,662.6,0.284
111,player,1572.9,616.5,1666.6,758.7,0.244
111,player,1025.3,266.2,1078.0,382.2,0.24
111,player,929.9,981.0,974.9,1080.0,0.198
111,player,1759.5,285.1,1813.3,382.7,0.194
111,player,912.2,528.2,963.7,683.4,0.19
111,player,1606.5,615.4,1662.3,748.2,0.184
111,player,937.1,528.7,997.0,752.1,0.173
111,player,1757.1,284.3,1807.8,407.5,0.115
111,player,1574.4,610.5,1732.1,761.6,0.114
111,player,1710.0,540.0,1768.4,626.8,0.109
111,player,1354.0,312.1,1381.6,366.2,0.104
112,player,1138.5,453.9,1193.1,613.1,0.835
112,player,1716.3,706.3,1809.1,823.6,0.741
112,player,488.9,538.6,561.5,697.5,0.654
112,player,658.3,497.2,725.0,683.5,0.575
112,player,1249.0,439.8,1301.1,577.7,0.54
112,player,905.4,528.9,968.2,748.1,0.537
112,player,1706.3,541.7,1766.4,652.8,0.489
112,player,1455.8,484.2,1539.6,623.9,0.47
112,player,1025.5,265.8,1078.0,383.7,0.427
112,player,835.2,572.5,919.6,776.5,0.426
112,player,1482.5,482.1,1539.7,596.8,0.326
112,player,909.6,524.7,995.3,743.8,0.296
112,player,845.1,576.1,915.0,732.5,0.281
112,player,929.6,981.5,974.5,1080.0,0.244
112,player,1571.6,616.3,1668.0,759.2,0.237
112,player,952.6,524.6,998.7,663.3,0.213
112,player,1598.0,615.1,1662.4,748.8,0.18
112,player,1759.4,285.1,1813.6,382.0,0.168
112,player,950.2,533.1,996.5,750.6,0.164
112,player,832.9,614.8,905.9,771.9,0.137
112,player,1574.4,610.7,1732.8,762.6,0.13
112,player,908.8,528.6,964.7,679.1,0.12
112,player,1710.2,540.2,1768.3,626.7,0.113
112,player,1354.1,312.2,1381.8,366.6,0.107
112,player,1757.1,284.3,1808.3,407.1,0.104
113,player,1136.9,454.1,1194.0,612.7,0.801
113,player,1716.8,705.8,1810.1,823.2,0.733
113,player,1250.0,439.8,1303.4,579.5,0.634
113,player,492.9,536.2,561.0,698.1,0.633
113,player,1025.7,265.3,1075.1,384.4,0.578
113,player,659.9,497.1,725.3,683.5,0.571
113,player,1455.2,482.6,1540.1,637.2,0.519
113,player,1704.5,543.0,1764.8,667.8,0.489
113,player,905.4,528.4,967.4,733.8,0.392
113,player,841.3,578.2,926.1,779.6,0.318
113,player,1466.1,482.9,1540.0,601.1,0.298
113,player,1483.7,481.7,1540.4,583.7,0.283
113,player,907.7,526.5,991.5,743.4,0.245
113,player,1571.9,616.4,1671.2,758.8,0.231
113,player,950.7,523.7,998.8,659.7,0.212
113,player,850.2,579.9,915.7,712.8,0.198
113,player,908.0,528.0,965.1,669.6,0.188
113,player,929.5,981.1,974.8,1080.0,0.178
113,player,1759.0,285.1,1813.7,383.4,0.175
113,player,1597.7,615.0,1663.1,749.0,0.17
113,player,1574.3,609.6,1731.3,762.3,0.158
113,player,950.5,534.2,995.6,750.6,0.137
113,player,1756.9,284.5,1806.7,407.3,0.108
114,player,1132.2,454.9,1195.0,612.4,0.841
114,player,1716.7,705.9,1811.0,823.5,0.719
114,player,1025.0,265.6,1073.4,386.8,0.631
114,player,1249.7,440.8,1304.9,578.4,0.6
114,player,495.6,536.0,562.2,698.1,0.598
114,player,1454.6,483.7,1540.9,646.2,0.562
114,player,664.6,497.0,728.4,682.9,0.552
114,player,1706.2,543.2,1765.2,663.9,0.508
114,player,902.5,528.1,967.4,730.9,0.349
114,player,1571.5,616.3,1672.8,758.9,0.272
114,player,1488.8,480.9,1541.3,566.7,0.253
114,player,904.2,526.0,993.1,740.4,0.239
114,player,843.8,577.6,935.9,779.4,0.219
114,player,1465.9,484.8,1540.6,598.9,0.211
114,player,1574.2,610.6,1730.8,762.1,0.204
114,player,853.3,580.6,919.7,711.5,0.195
114,player,673.0,499.7,719.4,592.8,0.193
114,player,936.8,523.2,999.2,662.1,0.193
114,player,1596.6,615.0,1663.7,750.4,0.182
114,player,1757.4,285.4,1813.9,402.2,0.162
114,player,949.7,537.3,996.2,751.9,0.158
114,player,905.2,528.1,965.8,670.0,0.156
114,player,683.1,589.8,729.0,682.4,0.153
114,player,908.5,528.0,961.8,630.4,0.115
114,player,930.3,981.6,975.4,1080.0,0.115
115,player,1129.8,454.6,1194.6,611.6,0.817
115,player,1716.7,706.2,1811.9,823.5,0.667
115,player,1252.0,440.9,1305.5,579.8,0.666
115,player,1025.0,264.8,1074.0,388.5,0.629
115,player,497.5,536.4,563.7,698.3,0.612
115,player,1457.7,484.2,1541.2,641.4,0.579
115,player,663.2,495.8,730.1,683.5,0.577
115,player,1707.4,542.1,1766.4,657.8,0.52
115,player,902.8,528.6,966.6,696.5,0.348
115,player,1484.3,484.0,1541.6,603.7,0.273
115,player,1572.0,616.4,1673.4,759.0,0.24
115,player,1758.7,285.0,1813.7,384.4,0.208
115,player,1486.7,481.3,1541.6,568.2,0.203
115,player,1574.2,609.4,1731.1,762.5,0.202
115,player,856.7,580.2,917.6,697.6,0.196
115,player,949.2,556.7,996.2,750.9,0.184
115,player,902.5,526.0,991.0,685.7,0.183
115,player,951.7,523.5,999.3,660.0,0.169
115,player,1595.2,614.9,1663.7,749.6,0.167
115,player,842.4,617.1,927.5,779.5,0.143
115,player,930.4,982.0,975.4,1080.0,0.143
115,player,898.4,526.3,980.7,751.1,0.139
115,player,904.4,528.2,961.6,631.7,0.135
115,player,679.9,593.2,729.5,682.8,0.115
115,player,864.4,576.9,912.6,634.8,0.103
116,player,1130.3,458.5,1195.3,606.8,0.751
116,player,663.7,498.6,732.7,684.1,0.71
116,player,1023.6,264.3,1075.8,392.0,0.663
116,player,1716.0,705.9,1810.3,823.6,0.655
116,player,1253.4,441.7,1307.3,580.4,0.635
116,player,1456.0,483.8,1542.4,643.6,0.632
116,player,498.6,539.2,564.4,698.2,0.609
116,player,1704.0,542.6,1765.2,667.0,0.545
116,player,907.9,530.8,966.3,727.0,0.448
116,player,949.2,542.0,996.8,751.6,0.288
116,player,1574.8,616.3,1668.6,759.8,0.276
116,player,1574.5,610.1,1725.0,763.3,0.258
116,player,1603.5,615.0,1662.9,750.4,0.187
116,player,901.9,527.7,982.8,747.5,0.181
116,player,953.5,530.6,998.6,687.6,0.177
116,player,1760.9,284.7,1813.8,381.7,0.156
116,player,1494.2,483.3,1543.0,600.5,0.155
116,player,849.8,614.2,935.9,777.2,0.135
116,player,1497.6,481.4,1543.1,560.7,0.133
116,player,857.6,594.8,918.3,712.1,0.122
116,player,834.2,579.7,941.9,779.3,0.112
116,player,902.2,529.7,965.1,680.3,0.107
116,player,896.0,542.6,953.3,778.8,0.102
117,player,1129.4,459.1,1197.1,608.4,0.712
117,player,664.8,499.4,733.4,685.0,0.682
117,player,1716.2,705.6,1810.8,823.3,0.668
117,player,1024.1,264.0,1075.2,390.4,0.657
117,player,1251.6,442.6,1309.9,580.9,0.646
117,player,1455.9,484.2,1542.0,643.7,0.643
117,player,499.7,538.5,563.9,697.2,0.59
117,player,1701.6,542.5,1765.5,666.7,0.53
117,player,908.9,533.2,967.4,730.9,0.421
117,player,1572.2,615.8,1671.7,759.2,0.314
117,player,1574.6,610.2,1727.8,762.3,0.295
117,player,949.3,548.0,995.9,750.1,0.263
117,player,1710.1,540.9,1764.3,638.4,0.258
117,player,1596.1,614.7,1663.1,750.1,0.214
117,player,901.5,528.1,986.8,741.0,0.21
117,player,931.7,526.8,999.1,674.3,0.155
117,player,951.7,530.1,998.0,698.2,0.151
117,player,859.0,604.0,918.2,718.5,0.15
117,player,1760.6,284.8,1814.2,382.3,0.14
117,player,847.3,614.0,937.4,777.5,0.138
117,player,1495.6,483.5,1542.4,595.2,0.135
117,player,861.5,579.9,916.6,696.5,0.134
117,player,952.0,546.3,996.3,667.3,0.133
117,player,1498.9,481.6,1542.6,561.1,0.123
117,player,830.8,621.9,923.7,778.1,0.109
118,player,1128.5,459.0,1198.8,609.0,0.815
118,player,666.7,500.9,733.7,685.3,0.713
118,player,1716.1,705.8,1810.4,823.4,0.686
118,player,1024.4,264.7,1072.5,390.5,0.649
118,player,500.5,538.3,564.8,696.9,0.647
118,player,1456.1,484.4,1541.5,642.8,0.624
118,player,1252.4,442.3,1310.3,581.0,0.578
118,player,1703.7,542.5,1765.4,666.9,0.53
118,player,911.1,536.4,967.7,708.7,0.361
118,player,1573.3,617.0,1669.6,759.4,0.255
118,player,949.1,548.1,996.0,751.7,0.245
118,player,861.8,601.3,925.0,728.0,0.228
118,player,904.2,528.0,995.4,712.1,0.201
118,player,900.2,528.8,983.5,757.8,0.191
118,player,1574.6,611.0,1733.8,762.8,0.184
118,player,865.3,581.8,917.5,692.4,0.182
118,player,934.3,527.5,999.0,670.2,0.173
118,player,1493.9,483.3,1541.8,594.3,0.17
118,player,862.4,614.7,939.0,741.2,0.168
118,player,951.6,531.5,997.4,672.3,0.167
118,player,1604.4,615.9,1662.3,749.2,0.155
118,player,1760.5,284.9,1814.1,382.9,0.153
118,player,862.3,586.4,938.9,770.8,0.149
118,player,1498.5,481.5,1542.0,560.5,0.142
119,player,1129.6,459.5,1200.9,610.6,0.745
119,player,667.0,499.5,733.9,682.5,0.724
119,player,1715.9,705.7,1810.5,823.6,0.674
119,player,500.5,538.5,566.2,698.1,0.641
119,player,1023.7,265.8,1069.4,390.6,0.636
119,player,1456.0,484.5,1541.2,641.8,0.585
119,player,1250.8,445.4,1312.9,580.0,0.576
119,player,1702.9,542.4,1765.2,668.0,0.504
119,player,908.9,537.5,968.2,716.2,0.349
119,player,948.9,549.6,996.0,753.5,0.268
119,player,1709.2,541.0,1764.2,641.9,0.244
119,player,1494.0,483.2,1541.5,584.6,0.219
119,player,1572.0,616.2,1670.0,759.5,0.209
119,player,902.8,529.2,994.4,725.8,0.188
119,player,1497.8,481.5,1541.7,559.9,0.167
119,player,1760.6,284.9,1814.2,382.6,0.158
119,player,1574.4,608.8,1737.5,763.2,0.157
119,player,862.5,608.4,924.1,714.2,0.155
119,player,860.8,609.5,940.2,748.1,0.137
119,player,843.0,612.0,939.5,778.4,0.134
119,player,1601.1,614.8,1662.2,749.5,0.121
119,player,929.0,528.4,999.0,682.0,0.12
119,player,952.7,549.7,995.4,666.3,0.12
119,player,864.9,586.3,921.7,701.4,0.113
119,player,868.2,582.4,934.4,727.4,0.103
120,player,1716.0,705.3,1810.9,823.3,0.685
120,player,669.9,496.7,736.1,685.6,0.683
120,player,1128.1,458.2,1202.5,608.6,0.659
120,player,1023.6,265.7,1070.2,390.3,0.64
120,player,1457.8,484.4,1540.8,642.6,0.604
120,player,494.5,537.9,565.6,697.1,0.593
120,player,1250.2,446.1,1313.7,580.8,0.499
120,player,1703.7,542.6,1765.1,663.9,0.487
120,player,909.4,539.9,968.0,729.8,0.378
120,player,1576.6,618.5,1668.3,759.3,0.291
120,player,947.2,549.5,996.0,755.2,0.29
120,player,863.3,587.7,934.3,733.7,0.269
120,player,859.7,602.0,942.4,781.7,0.238
120,player,1492.5,483.1,1540.8,589.8,0.218
120,player,901.6,529.6,996.7,736.8,0.201
120,player,1496.2,481.6,1540.8,561.0,0.173
120,player,1615.5,620.3,1662.1,749.2,0.151
120,player,911.6,541.9,985.1,750.5,0.146
120,player,1760.3,284.9,1814.5,383.4,0.124
120,player,1574.5,612.8,1733.3,762.9,0.121
121,player,673.5,494.2,736.6,685.4,0.708
121,player,1023.5,267.3,1069.6,389.7,0.654
121,player,1128.0,458.1,1202.4,606.5,0.649
121,player,1455.3,483.8,1541.7,644.1,0.624
121,player,1715.9,704.8,1811.3,823.7,0.591
121,player,1257.4,443.6,1313.8,581.6,0.572
121,player,493.9,540.0,567.0,698.0,0.502
121,player,1701.0,542.5,1765.5,668.3,0.47
121,player,909.3,536.3,968.8,703.9,0.34
121,player,1573.6,618.6,1664.7,759.2,0.268
121,player,948.7,552.7,995.1,752.5,0.267
121,player,1706.7,540.9,1764.3,639.8,0.254
121,player,901.0,529.5,995.1,711.5,0.234
121,player,866.0,589.1,934.9,728.2,0.203
121,player,862.7,598.2,943.8,783.6,0.198
121,player,897.4,530.8,985.5,762.1,0.191
121,player,932.3,530.6,996.8,749.1,0.186
121,player,1486.4,483.3,1541.8,611.1,0.165
121,player,1611.0,619.2,1661.8,748.5,0.142
121,player,1489.7,481.5,1541.8,563.7,0.139
121,player,1760.8,285.4,1814.2,381.0,0.128
122,player,673.9,495.3,737.6,685.3,0.729
122,player,1127.3,457.8,1205.5,606.7,0.656
122,player,1024.3,268.7,1068.6,387.5,0.63
122,player,1260.2,443.4,1313.0,584.7,0.609
122,player,1715.9,704.5,1811.7,823.7,0.58
122,player,1457.5,484.3,1541.8,642.4,0.572
122,player,494.9,538.3,566.1,700.3,0.546
122,player,1702.9,542.8,1765.4,666.0,0.402
122,player,910.1,536.3,968.7,697.6,0.316
122,player,921.8,529.2,996.5,748.0,0.303
122,player,950.0,547.2,994.5,750.8,0.276
122,player,896.8,528.7,995.7,731.5,0.267
122,player,1487.3,481.1,1541.9,565.3,0.189
122,player,868.6,608.5,931.3,716.7,0.185
122,player,1760.2,285.4,1814.0,383.2,0.162
122,player,1572.3,620.5,1666.3,759.4,0.161
122,player,929.7,981.3,974.9,1080.0,0.152
122,player,868.7,600.9,946.0,780.1,0.144
122,player,894.6,540.1,964.8,705.5,0.117
122,player,1127.7,461.0,1189.7,533.7,0.115
123,player,674.3,492.3,737.9,684.9,0.735
123,player,499.4,537.5,566.1,700.3,0.725
123,player,1459.7,486.9,1542.3,645.1,0.529
123,player,1126.3,458.4,1208.6,605.4,0.516
123,player,1259.8,442.9,1315.8,580.7,0.51
123,player,1714.6,704.8,1811.5,826.3,0.455
123,player,1023.6,267.3,1069.1,389.5,0.406
123,player,1708.4,542.2,1765.3,647.6,0.386
123,player,910.8,536.3,968.1,694.6,0.299
123,player,888.4,528.7,995.9,694.6,0.269
123,player,1571.9,622.1,1666.4,759.8,0.249
123,player,923.6,527.8,996.3,741.4,0.223
123,player,930.0,981.4,974.4,1080.0,0.213
123,player,1699.0,544.7,1764.0,672.6,0.207
123,player,869.3,614.2,946.2,785.6,0.191
123,player,1759.7,285.5,1814.1,384.3,0.167
123,player,952.6,554.2,993.3,736.1,0.148
123,player,870.4,610.4,936.6,727.0,0.141
123,player,1487.1,487.8,1542.6,578.1,0.129
123,player,900.1,531.2,966.0,659.0,0.129
123,player,1467.5,488.7,1542.5,608.2,0.126
123,player,915.9,533.8,964.9,652.5,0.117
123,player,1126.8,460.9,1186.7,539.2,0.114
123,player,1266.9,443.0,1316.6,537.3,0.112
123,player,877.5,546.3,961.7,701.3,0.102
124,player,495.3,537.1,565.0,703.6,0.727
124,player,676.2,491.5,739.3,683.0,0.708
124,player,1460.9,486.5,1542.5,643.2,0.51
124,player,1261.2,442.3,1314.3,582.8,0.488
124,player,1714.5,703.8,1811.8,826.3,0.488
124,player,1024.1,268.4,1067.7,387.4,0.432
124,player,1709.2,541.7,1765.4,646.6,0.393
124,player,1125.6,458.6,1207.6,605.2,0.389
124,player,889.5,527.5,995.8,705.6,0.32
124,player,896.3,530.2,969.9,701.4,0.274
124,player,1572.2,623.6,1666.2,759.9,0.231
124,player,929.8,981.6,974.4,1080.0,0.194
124,player,1468.5,488.1,1542.8,606.0,0.19
124,player,1697.6,544.7,1763.9,670.0,0.179
124,player,1485.6,480.7,1543.0,568.9,0.171
124,player,1759.9,285.4,1813.8,383.1,0.167
124,player,875.3,528.4,967.4,720.0,0.156
124,player,1127.7,466.5,1208.9,553.2,0.135
124,player,1269.7,442.3,1316.1,523.1,0.11
124,player,1126.2,461.3,1182.5,529.3,0.103
125,player,674.3,490.4,741.6,682.5,0.721
125,player,492.9,537.2,564.8,708.3,0.717
125,player,1126.2,458.6,1209.4,604.5,0.714
125,player,1262.9,443.2,1315.5,582.0,0.634
125,player,1023.3,268.5,1067.9,389.5,0.611
125,player,1715.9,705.4,1811.9,823.6,0.59
125,player,1458.3,484.8,1542.2,642.7,0.581
125,player,891.1,525.9,996.1,726.0,0.419
125,player,1706.9,542.3,1765.9,649.0,0.417
125,player,1574.9,625.0,1665.6,759.8,0.324
125,player,893.4,528.3,974.9,703.9,0.293
125,player,1487.9,485.5,1542.2,581.6,0.199
125,player,1465.8,486.4,1542.1,604.7,0.179
125,player,1759.8,285.4,1814.3,383.9,0.159
125,player,929.9,980.8,975.1,1080.0,0.125
125,player,946.6,580.4,994.6,755.4,0.121
126,player,676.4,490.9,742.8,683.0,0.732
126,player,1127.9,456.5,1204.8,605.2,0.677
126,player,490.6,537.8,564.1,711.2,0.655
126,player,1457.1,484.0,1542.3,643.8,0.616
126,player,1265.5,442.1,1316.8,583.1,0.612
126,player,1715.8,705.1,1811.7,823.9,0.603
126,player,1024.1,269.1,1067.8,389.0,0.545
126,player,1704.8,542.3,1765.2,665.3,0.451
126,player,897.2,529.6,978.1,704.7,0.402
126,player,896.4,525.0,995.8,731.6,0.367
126,player,1575.9,624.3,1669.5,759.6,0.27
126,player,879.2,525.4,961.5,716.4,0.186
126,player,1272.4,442.0,1317.0,548.5,0.176
126,player,1485.4,484.3,1542.4,583.3,0.174
126,player,1466.5,485.2,1542.3,610.0,0.158
126,player,1272.0,441.2,1316.8,517.9,0.144
126,player,947.2,578.9,994.4,752.4,0.134
126,player,1757.2,285.6,1814.0,402.9,0.129
126,player,930.3,980.8,975.4,1080.0,0.127
127,player,678.1,490.9,745.2,678.6,0.728
127,player,1023.5,269.2,1068.8,391.3,0.639
127,player,1267.6,441.9,1319.0,580.5,0.633
127,player,501.8,538.5,564.2,708.2,0.613
127,player,1131.0,455.9,1203.5,605.4,0.565
127,player,1458.6,484.3,1541.5,642.6,0.561
127,player,1703.5,542.5,1765.3,666.7,0.455
127,player,1714.6,704.2,1813.7,826.4,0.439
127,player,915.9,527.7,996.5,751.8,0.284
127,player,1574.5,626.4,1669.9,758.9,0.278
127,player,907.5,529.1,967.6,679.9,0.272
127,player,873.4,585.8,951.7,780.2,0.245
127,player,946.1,565.5,995.4,755.7,0.234
127,player,1487.3,483.4,1541.1,589.6,0.219
127,player,1468.3,484.6,1541.3,609.3,0.187
127,player,912.2,531.0,965.4,643.6,0.182
127,player,1271.9,441.9,1318.7,528.2,0.162
127,player,882.2,528.3,988.0,773.4,0.152
127,player,1757.0,285.3,1814.1,403.0,0.123
127,player,877.5,549.0,951.6,720.6,0.119
128,player,678.6,491.0,743.7,676.3,0.711
128,player,498.1,538.2,564.8,711.1,0.655
128,player,1268.3,440.0,1319.0,578.8,0.64
128,player,1024.4,271.1,1068.2,389.2,0.638
128,player,1130.7,454.6,1201.3,604.8,0.549
128,player,1714.4,705.1,1813.4,826.3,0.5
128,player,1460.3,483.8,1541.3,641.0,0.463
128,player,1707.4,540.9,1766.3,653.4,0.399
128,player,912.6,531.6,966.9,663.8,0.326
128,player,875.3,593.4,953.2,786.4,0.293
128,player,1474.4,483.1,1541.5,610.0,0.283
128,player,1488.3,482.9,1541.2,580.7,0.283
128,player,1272.7,438.5,1320.4,549.0,0.27
128,player,1574.0,628.3,1669.9,758.7,0.248
128,player,948.1,570.6,997.5,751.6,0.235
128,player,907.5,530.4,988.2,727.8,0.218
128,player,907.4,525.3,993.6,674.3,0.17
128,player,908.1,542.5,964.4,699.7,0.133
128,player,1131.0,459.0,1188.6,546.8,0.12
128,player,1757.9,285.6,1814.1,402.8,0.109
128,player,1761.3,705.2,1812.9,781.2,0.107
128,player,880.9,585.0,945.4,702.6,0.107
129,player,677.5,490.4,745.1,671.8,0.741
129,player,1268.1,440.4,1319.3,580.6,0.659
129,player,1131.1,456.7,1198.4,604.6,0.637
129,player,499.8,538.8,563.6,711.6,0.621
129,player,1024.4,271.9,1067.7,389.5,0.597
129,player,1715.0,704.9,1811.8,823.9,0.56
129,player,1458.9,484.1,1540.9,641.7,0.513
129,player,1703.2,542.9,1765.4,671.0,0.402
129,player,876.4,587.5,952.9,785.4,0.351
129,player,911.4,531.2,965.9,653.3,0.32
129,player,1488.1,483.2,1540.5,597.9,0.301
129,player,949.0,562.8,996.4,757.0,0.267
129,player,905.7,532.7,991.9,729.3,0.204
129,player,1573.0,628.5,1669.6,759.2,0.19
129,player,908.0,524.7,997.4,671.3,0.177
129,player,1708.1,540.8,1764.2,643.7,0.127
129,player,1757.7,285.3,1814.1,403.0,0.114
129,player,877.3,587.3,945.6,706.6,0.106
129,player,930.1,980.6,975.9,1080.0,0.106
130,player,676.1,489.7,745.8,673.1,0.756
130,player,1267.7,440.8,1320.6,580.1,0.643
130,player,506.1,540.4,566.7,710.4,0.638
130,player,1462.8,484.4,1540.4,641.6,0.621
130,player,1714.9,704.8,1812.2,824.1,0.62
130,player,1024.4,272.1,1067.9,388.7,0.591
130,player,1132.5,455.4,1197.9,604.4,0.5
130,player,1703.0,542.3,1765.5,671.1,0.413
130,player,1485.1,484.2,1540.0,622.1,0.374
130,player,876.0,598.8,954.2,784.2,0.339
130,player,906.8,531.7,965.9,662.9,0.289
130,player,948.2,570.2,996.3,757.4,0.262
130,player,1573.3,629.0,1670.0,759.3,0.235
130,player,900.3,524.1,998.4,713.0,0.231
130,player,941.0,529.6,996.8,752.3,0.227
130,player,1133.1,457.8,1195.0,553.1,0.207
130,player,902.8,533.3,972.4,694.4,0.189
130,player,1488.8,482.2,1540.0,576.6,0.173
130,player,1143.6,457.5,1193.1,539.8,0.147
130,player,877.4,599.0,950.6,733.5,0.144
130,player,1708.2,540.5,1764.4,643.4,0.14
130,player,1133.7,481.5,1184.5,605.0,0.122
130,player,1757.7,285.3,1813.9,403.3,0.116
131,player,674.5,487.1,745.1,669.7,0.795
131,player,1269.2,441.0,1321.8,579.4,0.686
131,player,1133.1,457.5,1195.9,604.2,0.667
131,player,1715.7,705.0,1813.0,824.4,0.656
131,player,506.1,540.0,565.1,710.3,0.645
131,player,1464.3,486.1,1541.2,641.7,0.64
131,player,1025.4,273.3,1067.1,389.5,0.596
131,player,1705.1,540.4,1764.6,669.9,0.424
131,player,1485.9,486.1,1541.2,627.4,0.389
131,player,878.7,606.3,952.3,783.5,0.388
131,player,948.2,568.6,995.7,758.3,0.36
131,player,905.7,530.0,966.3,661.2,0.345
131,player,937.4,529.3,996.6,752.8,0.317
131,player,902.8,529.1,996.5,750.9,0.293
131,player,1573.7,629.2,1671.0,759.9,0.21
131,player,1133.4,460.1,1192.6,560.2,0.136
131,player,1489.6,483.6,1541.0,587.0,0.13
131,player,1757.5,285.3,1813.9,404.1,0.123
131,player,1144.5,465.0,1194.2,542.0,0.101
132,player,673.1,485.6,744.8,669.2,0.798
132,player,1269.8,440.8,1320.7,580.5,0.732
132,player,1134.9,458.4,1196.5,604.2,0.694
132,player,1716.2,705.0,1812.6,824.1,0.683
132,player,1465.4,485.5,1539.7,639.6,0.626
132,player,507.2,539.8,566.6,711.5,0.62
132,player,1024.6,273.4,1067.5,390.8,0.58
132,player,1482.7,485.2,1539.9,623.5,0.426
132,player,1705.1,541.0,1764.2,670.5,0.423
132,player,904.2,527.4,968.7,673.5,0.333
132,player,904.4,525.3,997.5,677.7,0.282
132,player,878.8,605.7,953.6,783.5,0.277
132,player,912.0,527.6,995.3,734.4,0.243
132,player,1487.9,482.7,1539.6,592.6,0.162
132,player,947.5,567.9,995.1,755.5,0.159
132,player,907.6,526.5,964.4,637.4,0.157
132,player,1024.2,396.6,1050.5,497.2,0.141
132,player,880.1,610.1,953.2,734.9,0.114
132,player,1141.8,464.8,1195.7,563.9,0.108
132,player,953.1,544.5,992.6,659.1,0.105
132,player,902.7,557.2,962.4,703.1,0.103
132,player,1757.8,285.1,1813.9,402.2,0.102
133,player,673.6,484.9,742.3,670.8,0.777
133,player,1133.9,457.7,1197.2,603.7,0.767
133,player,1271.4,440.1,1321.6,581.6,0.75
133,player,507.0,540.1,564.9,713.9,0.581
133,player,1024.8,273.7,1067.8,391.0,0.567
133,player,1715.7,706.6,1813.9,824.1,0.559
133,player,1462.0,483.2,1536.0,639.4,0.51
133,player,1705.7,546.4,1763.3,672.0,0.41
133,player,1489.3,482.6,1536.5,613.5,0.396
133,player,880.2,604.5,954.9,783.6,0.364
133,player,938.9,531.0,996.2,751.1,0.346
133,player,905.2,527.0,998.6,743.2,0.279
133,player,905.5,529.0,963.8,656.5,0.277
133,player,950.8,549.8,994.9,754.0,0.143
133,player,1758.1,285.7,1813.7,403.2,0.105
133,player,930.0,981.5,975.3,1080.0,0.103
133,player,1138.6,464.5,1195.2,570.3,0.101
134,player,1135.7,456.3,1194.1,604.4,0.829
134,player,672.4,483.3,740.5,668.0,0.787
134,player,1270.3,441.3,1321.5,580.5,0.699
134,player,1024.7,274.2,1067.6,390.3,0.548
134,player,1716.4,709.0,1814.8,823.4,0.544
134,player,503.3,539.7,564.6,714.9,0.497
134,player,1466.4,484.9,1535.5,633.6,0.493
134,player,880.6,601.3,955.7,783.4,0.447
134,player,1705.7,545.6,1764.1,665.0,0.425
134,player,1489.9,485.3,1536.4,607.7,0.422
134,player,906.1,531.3,964.3,657.4,0.285
134,player,906.8,527.8,998.0,670.9,0.277
134,player,929.1,530.0,995.5,751.1,0.246
134,player,948.4,544.1,995.1,753.2,0.228
134,player,895.9,525.0,997.7,753.6,0.2
134,player,1760.8,285.6,1813.9,382.2,0.127
134,player,950.5,544.4,993.3,658.1,0.121
135,player,1136.5,455.3,1191.9,605.0,0.818
135,player,672.4,482.4,736.4,669.1,0.807
135,player,1271.5,441.2,1323.2,580.7,0.655
135,player,1462.9,485.4,1533.5,637.8,0.538
135,player,880.1,597.8,953.6,783.2,0.464
135,player,506.5,536.6,564.7,713.8,0.455
135,player,1705.9,543.6,1765.7,661.5,0.443
135,player,1716.4,713.2,1813.1,822.8,0.442
135,player,1025.0,275.0,1067.0,389.5,0.438
135,player,1488.6,485.7,1534.5,609.7,0.406
135,player,906.4,528.1,965.0,657.0,0.316
135,player,913.0,529.0,997.0,662.9,0.248
135,player,945.3,543.5,995.2,754.1,0.248
135,player,512.8,587.3,562.3,711.1,0.242
135,player,951.1,533.4,994.2,665.7,0.212
135,player,896.4,524.1,993.5,736.0,0.147
135,player,1761.2,285.5,1813.6,381.7,0.134
135,player,515.4,620.3,562.7,712.7,0.107
136,player,671.1,481.8,736.4,667.0,0.836
136,player,1136.6,455.1,1193.0,607.1,0.812
136,player,1270.5,441.0,1323.3,581.0,0.606
136,player,880.3,597.0,953.6,782.9,0.544
136,player,1715.9,713.0,1813.7,823.7,0.477
136,player,1024.8,275.4,1067.1,389.9,0.459
136,player,1706.9,545.3,1763.3,661.8,0.452
136,player,906.7,527.5,965.6,642.9,0.323
136,player,506.5,543.6,564.0,713.0,0.284
136,player,1460.2,485.2,1533.6,637.4,0.258
136,player,929.1,529.9,997.2,658.0,0.253
136,player,952.8,534.8,994.5,656.9,0.22
136,player,513.2,617.0,563.5,713.7,0.214
136,player,904.7,525.8,995.4,660.4,0.191
136,player,948.8,543.8,995.2,752.9,0.173
136,player,1492.2,485.9,1534.6,601.0,0.151
136,player,1484.5,485.5,1535.1,637.0,0.147
136,player,1760.8,285.3,1813.5,383.5,0.128
136,player,1576.3,633.6,1670.4,761.6,0.124
136,player,929.7,981.9,974.2,1080.0,0.119
137,player,671.4,481.9,736.0,664.7,0.825
137,player,1136.6,455.5,1192.0,607.8,0.798
137,player,1268.6,440.4,1324.4,581.8,0.673
137,player,1715.3,714.1,1811.6,824.9,0.543
137,player,1462.6,487.4,1533.7,636.5,0.542
137,player,1024.7,274.9,1067.4,390.8,0.529
137,player,879.4,592.5,955.4,783.3,0.528
137,player,1706.0,546.9,1763.4,667.6,0.438
137,player,1478.4,487.9,1534.6,620.2,0.345
137,player,497.2,538.0,567.5,715.1,0.285
137,player,909.5,526.6,963.8,643.0,0.283
137,player,914.6,529.8,997.1,669.2,0.252
137,player,949.2,544.2,995.0,752.4,0.213
137,player,951.2,534.9,993.7,681.0,0.2
137,player,1760.5,285.5,1813.9,383.2,0.134
137,player,1577.8,635.9,1670.3,761.1,0.12
137,player,897.9,525.3,990.4,740.6,0.101
138,player,672.5,481.9,737.5,664.5,0.809
138,player,1136.3,457.7,1192.8,610.7,0.792
138,player,1267.8,441.2,1325.4,582.9,0.735
138,player,879.1,583.6,953.5,783.1,0.623
138,player,1024.4,273.7,1067.9,391.7,0.589
138,player,1716.6,711.4,1813.4,823.7,0.547
138,player,1458.8,488.4,1536.3,635.7,0.511
138,player,1705.5,545.6,1763.5,665.6,0.484
138,player,1473.7,488.7,1537.2,614.5,0.328
138,player,496.9,532.8,568.1,715.4,0.299
138,player,907.6,527.6,966.1,639.4,0.293
138,player,912.3,527.5,997.0,667.9,0.229
138,player,948.6,531.2,993.7,682.0,0.188
138,player,948.9,544.8,994.9,752.3,0.184
138,player,934.5,529.3,994.0,750.9,0.171
138,player,1577.7,637.9,1670.9,761.1,0.135
138,player,1758.0,285.7,1813.5,401.1,0.116
138,player,510.2,561.9,565.0,712.3,0.111
138,player,951.0,545.2,992.8,657.2,0.107
139,player,675.4,482.3,740.7,659.5,0.819
139,player,1136.4,457.1,1192.6,608.6,0.753
139,player,1266.0,440.8,1325.1,582.1,0.689
139,player,879.7,582.5,954.7,783.8,0.658
139,player,1717.1,712.6,1811.7,823.2,0.58
139,player,1024.6,275.9,1067.9,391.4,0.555
139,player,1706.0,545.4,1764.7,658.5,0.482
139,player,1465.3,494.0,1537.3,637.3,0.482
139,player,501.9,538.4,566.4,712.9,0.289
139,player,908.7,525.8,998.2,660.9,0.242
139,player,1477.0,493.7,1537.1,608.7,0.204
139,player,907.2,527.8,966.5,645.0,0.18
139,player,930.7,529.4,994.9,690.2,0.162
139,player,944.8,545.9,995.4,755.7,0.159
139,player,1577.9,638.5,1671.3,761.4,0.15
139,player,927.0,528.1,995.1,753.3,0.125
140,player,673.1,482.4,741.3,660.3,0.816
140,player,1137.1,457.9,1193.2,612.1,0.805
140,player,1264.7,441.0,1324.5,581.6,0.656
140,player,1716.0,710.6,1812.1,822.9,0.61
140,player,879.3,583.3,955.0,783.6,0.596
140,player,1024.7,276.9,1068.5,392.3,0.565
140,player,1706.9,547.8,1765.3,663.4,0.48
140,player,1471.0,500.6,1537.0,638.8,0.462
140,player,501.5,538.7,567.1,713.0,0.341
140,player,1489.1,500.9,1537.2,608.5,0.306
140,player,907.4,526.5,997.6,662.0,0.247
140,player,1588.1,637.9,1670.0,760.9,0.199
140,player,906.8,527.7,967.5,647.0,0.176
140,player,912.9,529.4,994.2,708.0,0.167
140,player,945.2,546.1,995.1,755.3,0.146
140,player,1757.8,285.2,1813.8,403.7,0.127
140,player,1275.7,442.6,1324.2,559.6,0.126
141,player,673.4,481.8,741.0,661.0,0.848
141,player,1136.6,458.2,1194.0,610.5,0.775
141,player,1263.6,442.4,1322.1,583.1,0.662
141,player,877.9,585.6,956.9,782.2,0.525
141,player,1706.9,546.5,1765.4,665.0,0.499
141,player,1685.3,713.4,1812.2,885.9,0.485
141,player,501.8,539.4,567.7,712.7,0.389
141,player,1460.3,503.0,1536.6,636.8,0.373
141,player,1024.5,277.2,1066.9,389.3,0.301
141,player,905.8,526.1,997.9,660.4,0.226
141,player,908.3,526.3,964.2,637.7,0.213
141,player,903.5,528.6,973.4,654.1,0.199
141,player,1577.6,636.9,1672.9,761.5,0.196
141,player,1487.4,503.9,1537.3,638.9,0.187
141,player,928.0,527.8,994.9,755.2,0.16
141,player,948.0,551.8,995.4,757.9,0.147
141,player,1466.8,503.0,1530.4,605.5,0.134
141,player,897.0,524.6,995.4,753.6,0.123
142,player,672.3,481.3,740.8,660.9,0.857
142,player,1136.8,457.3,1193.1,610.6,0.806
142,player,1263.1,441.8,1321.9,583.2,0.59
142,player,877.8,588.7,955.1,782.3,0.534
142,player,1706.8,546.2,1765.6,666.2,0.495
142,player,501.2,539.8,567.2,712.7,0.472
142,player,1686.8,716.5,1812.1,885.1,0.444
142,player,1462.4,504.9,1537.1,638.7,0.431
142,player,1024.3,276.7,1067.1,388.8,0.388
142,player,905.1,527.8,966.1,643.4,0.226
142,player,1488.1,505.5,1537.4,639.1,0.222
142,player,906.6,527.6,997.0,657.2,0.22
142,player,931.0,530.3,993.4,659.6,0.157
142,player,947.4,558.1,995.2,758.1,0.146
142,player,0.0,637.0,28.2,754.2,0.141
142,player,1467.3,504.7,1533.1,607.1,0.139
142,player,1578.2,636.9,1671.7,761.7,0.133
143,player,672.0,480.7,740.4,660.7,0.859
143,player,1136.8,458.4,1192.7,608.9,0.74
143,player,1259.7,441.1,1320.4,583.3,0.66
143,player,879.1,589.5,955.1,783.5,0.526
143,player,1706.2,546.1,1765.5,668.3,0.488
143,player,499.9,539.9,566.4,713.0,0.461
143,player,1684.2,715.1,1812.8,884.1,0.444
143,player,1023.9,276.4,1066.9,388.7,0.404
143,player,1459.7,506.8,1536.8,636.4,0.402
143,player,902.5,528.3,970.6,656.0,0.224
143,player,904.0,525.9,997.1,661.5,0.219
143,player,0.0,635.0,28.4,754.3,0.202
143,player,1488.0,507.9,1537.6,637.1,0.18
143,player,0.0,633.3,39.4,756.7,0.168
143,player,944.1,531.5,993.0,655.0,0.145
143,player,1471.8,506.0,1529.9,601.7,0.141
143,player,946.2,572.3,995.5,760.0,0.134
143,player,909.7,526.7,962.0,641.7,0.114
143,player,1582.9,637.8,1671.6,761.8,0.109
144,player,669.1,480.6,739.2,661.2,0.842
144,player,1139.6,459.9,1193.4,604.8,0.785
144,player,1260.9,443.0,1319.1,582.2,0.687
144,player,878.9,592.4,953.9,783.4,0.532
144,player,1706.1,545.9,1765.7,665.9,0.46
144,player,1023.9,276.0,1067.7,391.0,0.44
144,player,1684.2,717.1,1812.5,883.9,0.435
144,player,1461.7,507.9,1536.0,635.2,0.388
144,player,503.7,540.6,567.2,714.3,0.376
144,player,905.6,529.8,964.7,653.7,0.25
144,player,946.1,571.3,995.4,758.8,0.222
144,player,905.2,525.8,996.7,659.3,0.199
144,player,1586.5,638.6,1672.4,761.7,0.191
144,player,1489.6,508.3,1536.7,604.0,0.186
144,player,1486.9,508.7,1537.3,637.5,0.182
144,player,0.0,634.7,29.2,754.2,0.174
144,player,947.9,532.7,993.3,653.6,0.159
144,player,1472.1,507.1,1530.4,602.1,0.148
144,player,513.9,611.4,565.4,712.4,0.131
144,player,910.9,526.8,961.0,634.2,0.116
145,player,667.1,478.9,737.5,665.0,0.872
145,player,1258.0,441.7,1316.8,579.7,0.735
145,player,1136.7,464.2,1193.9,611.2,0.703
145,player,1024.1,275.2,1068.5,389.7,0.573
145,player,878.1,606.4,955.0,783.4,0.46
145,player,1707.3,540.4,1768.4,647.3,0.394
145,player,503.4,542.7,566.0,716.2,0.356
145,player,1686.0,717.7,1811.4,885.4,0.313
145,player,903.0,527.9,980.3,656.3,0.289
145,player,1667.7,544.6,1766.8,668.9,0.238
145,player,901.4,523.5,998.6,712.6,0.224
145,player,914.9,525.9,994.8,753.3,0.212
145,player,0.0,635.2,39.4,758.1,0.208
145,player,0.0,636.5,27.1,755.6,0.204
145,player,947.0,574.8,995.1,757.7,0.167
145,player,512.4,587.0,564.3,714.5,0.144
145,player,1575.4,638.5,1672.4,763.4,0.142
145,player,1757.0,282.8,1815.7,406.0,0.119
145,player,1456.8,510.2,1538.7,630.2,0.106
146,player,666.4,478.4,738.9,662.8,0.865
146,player,1139.4,462.6,1193.4,606.0,0.751
146,player,1256.1,440.0,1314.8,579.7,0.706
146,player,1023.9,274.9,1068.1,389.7,0.566
146,player,501.9,542.7,564.6,716.2,0.409
146,player,1707.1,539.8,1768.5,646.9,0.394
146,player,1686.4,717.4,1811.3,886.2,0.353
146,player,902.2,528.8,976.5,656.6,0.334
146,player,899.4,524.4,994.8,752.7,0.298
146,player,1672.1,544.0,1767.0,671.4,0.246
146,player,875.8,608.2,953.5,783.7,0.208
146,player,943.1,560.4,995.2,756.8,0.198
146,player,512.4,567.6,563.3,714.5,0.169
146,player,0.0,636.7,27.1,755.6,0.137
146,player,0.0,635.8,39.1,758.6,0.135
146,player,884.3,603.0,968.1,775.0,0.132
146,player,1456.9,510.1,1538.7,632.5,0.119
146,player,1477.9,509.9,1522.9,599.8,0.109
146,player,1572.7,635.5,1673.0,762.1,0.106
146,player,1757.7,283.0,1815.5,404.4,0.101
147,player,665.8,477.8,736.5,662.7,0.834
147,player,1137.8,466.8,1193.4,610.5,0.755
147,player,1255.8,439.9,1314.3,579.6,0.745
147,player,1023.9,274.7,1068.1,391.0,0.585
147,player,502.5,542.5,564.4,716.3,0.395
147,player,1709.1,539.3,1767.9,651.3,0.364
147,player,876.9,596.7,952.3,783.9,0.359
147,player,920.3,526.1,995.5,751.4,0.341
147,player,902.3,529.7,969.8,655.8,0.308
147,player,1685.5,717.0,1810.5,884.9,0.3
147,player,1692.9,543.1,1766.6,672.7,0.25
147,player,944.8,553.2,994.5,758.6,0.239
147,player,0.0,637.3,27.1,755.7,0.162
147,player,0.0,636.5,39.5,758.6,0.16
147,player,514.1,604.9,563.1,714.3,0.147
147,player,899.6,529.0,988.2,678.8,0.142
147,player,894.2,527.3,995.0,766.1,0.138
147,player,1572.7,636.4,1673.4,761.4,0.114
147,player,1477.8,511.3,1523.2,599.9,0.108
148,player,665.0,477.8,734.2,662.6,0.809
148,player,1137.5,468.7,1195.0,611.1,0.738
148,player,1255.8,440.0,1313.0,579.7,0.72
148,player,1024.0,275.3,1067.2,390.6,0.544
148,player,1705.0,542.7,1767.4,672.8,0.424
148,player,876.2,596.9,951.9,783.8,0.384
148,player,1685.5,717.2,1809.9,885.2,0.356
148,player,903.8,524.5,995.0,753.1,0.293
148,player,902.7,532.2,966.6,652.6,0.292
148,player,500.4,542.9,564.4,715.1,0.288
148,player,943.6,557.3,995.0,757.6,0.204
148,player,1710.4,540.0,1764.6,631.7,0.151
148,player,1472.4,512.7,1524.2,601.9,0.128
148,player,1456.8,512.4,1537.5,629.5,0.122
148,player,518.0,616.8,563.0,713.3,0.118
148,player,1572.4,637.1,1672.2,761.9,0.11
148,player,0.0,634.7,26.6,755.4,0.11
148,player,1490.8,512.8,1538.9,606.6,0.11
148,player,1757.0,282.4,1815.5,405.8,0.109
148,player,0.0,633.5,39.8,758.6,0.105
149,player,664.3,478.5,732.9,662.9,0.807
149,player,1253.9,436.6,1312.2,579.8,0.672
149,player,1139.5,475.6,1195.5,608.6,0.637
149,player,1023.4,274.5,1066.9,390.9,0.564
149,player,1704.4,542.4,1768.7,673.8,0.412
149,player,1684.7,716.8,1809.3,883.9,0.354
149,player,502.9,542.6,564.4,715.8,0.328
149,player,891.3,524.8,996.0,753.5,0.285
149,player,900.7,532.4,968.4,653.7,0.263
149,player,875.8,595.5,950.5,783.9,0.238
149,player,1708.2,540.9,1769.4,637.1,0.218
149,player,0.0,638.1,39.6,759.0,0.146
149,player,1572.8,638.3,1672.6,761.9,0.137
149,player,0.0,637.8,27.3,755.7,0.136
149,player,947.7,555.4,994.7,756.5,0.126
149,player,1714.2,540.0,1764.3,614.1,0.124
149,player,515.2,615.9,562.9,713.5,0.118
149,player,1469.4,513.2,1530.8,606.4,0.114
149,player,1457.7,512.6,1538.3,630.5,0.113
149,player,1485.2,512.9,1539.6,611.6,0.103
150,player,663.9,478.6,732.5,664.4,0.819
150,player,1253.6,435.5,1310.3,580.0,0.718
150,player,1139.8,478.6,1196.3,607.1,0.64
150,player,1023.5,274.5,1067.2,392.2,0.574
150,player,502.7,542.5,564.3,716.3,0.418
150,player,1704.9,542.3,1767.6,673.0,0.368
150,player,1684.6,718.7,1809.8,885.7,0.34
150,player,874.4,580.8,951.0,784.1,0.304
150,player,905.1,524.3,996.4,752.9,0.269
150,player,908.4,530.6,968.8,655.9,0.21
150,player,1713.3,540.1,1764.0,617.9,0.189
150,player,1577.0,644.6,1671.6,763.7,0.188
150,player,944.9,550.7,994.8,759.4,0.177
150,player,510.5,590.7,563.3,714.4,0.151
150,player,1457.8,512.9,1537.3,633.8,0.149
150,player,1657.5,542.5,1766.8,674.0,0.132
150,player,0.1,640.6,39.7,758.6,0.122
150,player,1469.9,513.6,1528.1,606.4,0.114
150,player,0.1,640.0,25.9,755.4,0.109
150,player,1487.5,513.4,1538.7,610.8,0.1
151,player,662.5,478.4,731.9,664.1,0.81
151,player,1254.9,432.8,1309.3,581.2,0.719
151,player,1137.9,483.2,1197.2,605.4,0.647
151,player,1023.6,275.2,1067.2,391.8,0.57
151,player,872.8,585.6,953.5,780.9,0.443
151,player,502.3,542.6,563.8,716.5,0.389
151,player,1705.7,542.4,1767.2,672.3,0.356
151,player,1684.5,717.9,1809.8,884.6,0.285
151,player,916.7,524.4,996.4,752.1,0.237
151,player,908.6,531.7,967.3,651.4,0.236
151,player,948.8,555.3,996.1,757.5,0.182
151,player,1709.8,540.7,1769.3,630.8,0.18
151,player,1457.1,512.9,1537.9,634.4,0.164
151,player,900.7,524.5,1000.1,702.9,0.151
151,player,513.6,585.3,562.9,714.5,0.144
151,player,1582.7,644.1,1670.7,763.1,0.137
151,player,899.9,528.6,984.5,668.1,0.129
151,player,1471.1,513.6,1531.5,607.6,0.119
151,player,1489.2,513.2,1539.1,611.2,0.107
152,player,662.4,479.1,732.1,665.0,0.818
152,player,1250.8,434.1,1306.0,579.9,0.698
152,player,1023.6,275.1,1068.0,391.2,0.579
152,player,870.8,584.8,952.9,781.0,0.572
152,player,1147.2,490.7,1198.8,599.7,0.562
152,player,1705.4,542.1,1767.7,672.4,0.372
152,player,1684.9,718.0,1810.8,884.6,0.318
152,player,1710.4,539.9,1767.9,642.1,0.31
152,player,908.1,530.2,971.0,653.5,0.276
152,player,898.2,524.8,997.0,753.0,0.259
152,player,504.3,535.1,562.5,716.5,0.237
152,player,1713.4,540.0,1764.2,616.2,0.22
152,player,949.0,565.2,995.7,757.3,0.161
152,player,929.1,556.2,998.3,753.4,0.152
152,player,902.6,528.0,986.0,686.8,0.15
152,player,1582.1,643.7,1671.7,763.4,0.133
152,player,513.0,616.9,561.4,715.2,0.127
152,player,0.1,640.4,29.1,755.5,0.126
152,player,1457.1,512.7,1538.0,634.2,0.118
152,player,1474.6,513.3,1528.4,604.8,0.113
152,player,1756.6,282.4,1815.5,406.1,0.109
152,player,1488.7,512.8,1539.4,609.3,0.102
153,player,662.4,478.7,732.5,664.8,0.803
153,player,1251.8,433.3,1303.8,580.2,0.636
153,player,1024.5,275.4,1067.6,391.7,0.57
153,player,867.8,580.9,953.1,780.9,0.534
153,player,1141.7,492.7,1198.3,609.6,0.454
153,player,1158.2,494.9,1198.4,596.4,0.44
153,player,913.1,530.4,968.1,652.8,0.328
153,player,1705.9,541.8,1766.6,671.5,0.323
153,player,1686.6,718.2,1810.6,886.2,0.279
153,player,504.7,542.7,561.2,715.8,0.237
153,player,947.7,565.4,996.5,758.3,0.232
153,player,1713.0,539.8,1763.5,619.6,0.228
153,player,936.3,531.9,997.0,754.6,0.206
153,player,913.8,524.4,998.4,663.5,0.2
153,player,514.0,616.6,561.7,714.7,0.183
153,player,907.9,526.7,996.7,755.5,0.176
153,player,1479.2,513.5,1526.7,601.5,0.151
153,player,1678.7,543.2,1765.6,672.1,0.145
153,player,1582.0,644.9,1672.4,763.2,0.141
153,player,1136.8,495.2,1169.3,604.2,0.139
153,player,1461.0,512.8,1537.3,634.0,0.133
153,player,1487.0,513.1,1539.1,609.0,0.124
153,player,1137.6,492.9,1166.9,580.4,0.116
153,player,1760.2,285.3,1814.4,381.8,0.103
154,player,661.5,479.2,733.0,665.9,0.807
154,player,1250.6,437.0,1302.8,580.5,0.614
154,player,1024.7,275.3,1068.0,391.2,0.574
154,player,867.1,579.7,954.2,781.8,0.562
154,player,1155.9,497.7,1199.3,602.2,0.467
154,player,1714.1,539.3,1767.1,625.8,0.324
154,player,913.5,532.0,966.5,650.6,0.294
154,player,1142.4,500.4,1197.8,613.0,0.289
154,player,1706.7,541.2,1766.9,669.2,0.276
154,player,1685.0,716.9,1812.5,887.6,0.271
154,player,947.2,555.4,996.4,757.3,0.271
154,player,504.1,543.2,560.9,716.7,0.268
154,player,934.3,528.4,996.9,753.3,0.234
154,player,913.2,523.5,999.0,729.1,0.201
154,player,1137.0,502.0,1166.6,602.6,0.181
154,player,913.7,524.3,1000.2,666.6,0.175
154,player,1136.0,501.4,1186.1,608.8,0.16
154,player,1584.0,645.0,1672.3,762.2,0.115
155,player,660.1,479.9,732.7,666.2,0.811
155,player,1024.5,274.9,1068.4,391.5,0.586
155,player,1245.9,437.9,1302.2,575.4,0.527
155,player,863.9,579.0,950.2,781.6,0.495
155,player,1136.6,501.2,1200.2,612.9,0.372
155,player,1712.2,539.6,1766.5,644.6,0.363
155,player,1684.9,718.0,1811.4,884.2,0.314
155,player,504.2,543.3,560.0,716.4,0.294
155,player,1715.0,539.5,1763.7,618.6,0.278
155,player,948.7,557.1,996.2,757.6,0.275
155,player,913.6,525.0,997.3,753.2,0.27
155,player,913.7,531.5,966.9,645.3,0.254
155,player,1703.9,544.0,1765.0,667.3,0.226
155,player,1255.5,436.1,1300.5,541.1,0.181
155,player,1137.1,502.5,1171.1,597.5,0.12
155,player,866.3,583.5,940.6,719.3,0.119
155,player,1477.6,515.2,1523.1,600.4,0.117
155,player,1757.1,282.8,1815.7,406.0,0.11
156,player,659.1,480.3,732.0,667.1,0.801
156,player,1024.5,275.6,1067.3,391.5,0.59
156,player,1245.8,439.6,1301.2,574.1,0.459
156,player,498.1,541.3,562.2,716.0,0.456
156,player,862.4,580.6,949.5,782.9,0.445
156,player,1137.5,503.7,1200.4,614.1,0.356
156,player,911.9,523.1,997.7,755.6,0.339
156,player,1710.5,539.4,1765.0,642.8,0.338
156,player,1255.0,437.2,1299.2,537.6,0.299
156,player,1685.5,717.0,1811.9,884.2,0.285
156,player,1713.8,539.4,1762.5,617.6,0.274
156,player,949.1,548.7,996.4,759.3,0.253
156,player,914.1,531.2,967.0,654.4,0.232
156,player,912.4,528.9,973.9,719.3,0.216
156,player,1698.2,544.4,1764.9,668.3,0.165
157,player,659.2,480.8,732.4,665.6,0.801
157,player,1025.0,275.7,1067.5,390.2,0.56
157,player,1137.8,501.2,1200.6,614.5,0.514
157,player,497.8,541.5,562.6,715.9,0.49
157,player,1155.4,501.6,1200.6,611.2,0.425
157,player,1704.6,541.7,1766.2,670.6,0.422
157,player,1257.2,437.8,1298.7,552.5,0.389
157,player,1247.8,436.6,1299.8,575.2,0.365
157,player,1685.1,716.0,1811.3,884.1,0.355
157,player,916.1,524.4,997.3,751.5,0.34
157,player,1137.2,508.2,1180.1,606.4,0.321
157,player,862.5,575.9,947.6,783.3,0.318
157,player,1710.2,539.7,1763.5,635.7,0.303
157,player,1262.9,436.7,1298.5,529.0,0.288
157,player,914.3,533.9,966.1,661.1,0.275
157,player,950.6,550.1,996.2,755.3,0.221
157,player,863.4,579.4,938.8,729.8,0.185
157,player,1582.3,655.2,1672.0,761.8,0.142
157,player,1760.3,285.6,1814.1,382.2,0.113
158,player,655.2,481.4,730.9,666.4,0.779
158,player,498.4,541.9,562.3,714.8,0.557
158,player,1024.8,275.9,1067.4,388.5,0.548
158,player,1245.1,440.1,1298.2,573.4,0.523
158,player,1136.9,502.1,1201.2,614.6,0.511
158,player,1706.4,540.7,1765.7,670.0,0.478
158,player,1685.0,715.8,1812.2,884.5,0.406
158,player,1712.8,539.2,1763.2,621.8,0.385
158,player,915.7,524.1,997.3,754.7,0.352
158,player,862.6,574.5,946.5,783.8,0.345
158,player,949.2,553.1,996.2,757.0,0.301
158,player,913.5,530.6,968.2,701.2,0.257
158,player,915.2,533.6,965.2,639.8,0.211
158,player,863.5,585.7,935.6,702.5,0.201
158,player,1760.3,285.7,1814.1,382.1,0.112
159,player,654.7,481.0,733.4,665.8,0.755
159,player,1136.6,503.4,1202.2,615.1,0.524
159,player,1024.7,276.2,1066.9,388.8,0.518
159,player,498.5,542.1,561.2,714.8,0.487
159,player,1249.0,436.3,1295.5,565.0,0.455
159,player,1705.6,541.5,1765.1,673.6,0.45
159,player,851.7,578.1,951.4,783.7,0.385
159,player,1712.3,539.8,1762.9,615.7,0.385
159,player,1684.6,714.9,1812.4,883.5,0.344
159,player,916.1,525.5,997.6,751.9,0.34
159,player,949.0,552.1,996.3,755.0,0.33
159,player,913.0,532.0,967.4,697.3,0.329
159,player,863.9,579.5,937.9,720.6,0.254
159,player,1603.7,665.6,1671.2,762.0,0.202
159,player,913.9,531.3,965.8,646.2,0.182
159,player,1243.1,456.7,1297.1,577.1,0.123
159,player,1760.3,285.5,1814.2,381.8,0.108
159,player,952.6,560.1,994.7,679.9,0.102
160,player,649.7,480.4,732.2,666.6,0.716
160,player,1243.8,436.2,1295.0,575.2,0.56
160,player,1135.9,504.2,1201.5,615.1,0.53
160,player,1023.8,276.3,1066.1,388.7,0.526
160,player,499.3,541.9,560.6,713.0,0.452
160,player,1703.9,541.3,1764.4,671.3,0.437
160,player,913.6,523.4,999.2,749.9,0.424
160,player,1684.0,715.1,1811.9,884.3,0.364
160,player,857.4,593.1,950.9,783.5,0.342
160,player,913.4,528.8,972.4,728.7,0.331
160,player,946.5,548.3,996.0,757.6,0.322
160,player,1712.3,539.3,1761.8,619.3,0.287
160,player,863.2,581.1,935.8,719.4,0.209
160,player,914.7,532.9,966.1,664.4,0.195
160,player,1607.5,666.0,1670.9,760.4,0.13
160,player,1454.3,514.1,1536.6,632.3,0.101
161,player,648.8,480.3,734.2,663.2,0.695
161,player,1024.1,276.2,1065.8,388.1,0.534
161,player,856.2,581.7,948.4,782.2,0.529
161,player,498.8,541.6,561.5,712.4,0.513
161,player,1135.0,504.7,1201.7,614.6,0.494
161,player,1244.9,437.7,1294.1,575.1,0.483
161,player,1683.6,713.9,1812.8,883.9,0.457
161,player,914.9,523.4,999.6,751.3,0.434
161,player,1704.7,541.1,1763.4,669.8,0.43
161,player,946.7,554.3,995.9,756.9,0.315
161,player,913.8,528.4,968.9,726.0,0.312
161,player,1713.4,539.6,1760.9,615.2,0.253
161,player,915.0,531.1,966.0,654.6,0.22
161,player,1709.2,539.7,1761.8,641.2,0.201
161,player,1246.8,436.8,1293.4,528.9,0.188
161,player,1597.8,664.3,1669.9,760.0,0.138
161,player,860.8,588.3,935.7,720.1,0.124
161,player,1455.0,514.6,1536.4,634.0,0.108
162,player,649.6,481.0,735.9,666.6,0.705
162,player,498.2,541.3,562.2,712.9,0.609
162,player,1024.4,275.6,1066.2,388.1,0.545
162,player,1243.6,435.3,1292.7,572.2,0.524
162,player,915.2,523.1,999.9,752.7,0.495
162,player,1684.7,712.7,1811.9,884.5,0.491
162,player,1702.1,540.7,1762.8,671.9,0.477
162,player,1134.5,504.1,1203.3,615.4,0.465
162,player,845.8,584.6,948.8,780.9,0.418
162,player,914.4,527.8,973.2,756.9,0.384
162,player,946.7,555.5,996.3,760.1,0.371
162,player,1710.3,539.2,1760.7,623.9,0.299
162,player,914.4,529.1,970.4,685.2,0.21
162,player,916.1,531.6,967.1,649.8,0.198
162,player,1248.3,435.1,1292.2,523.8,0.176
162,player,859.7,583.4,931.2,712.5,0.168
162,player,1455.7,514.9,1536.3,630.6,0.152
162,player,1595.1,668.6,1669.9,760.7,0.143
162,player,1760.4,285.4,1814.2,381.6,0.113
162,player,863.9,622.5,950.0,782.2,0.102
163,player,647.2,482.3,735.5,665.7,0.692
163,player,498.9,540.3,561.7,713.3,0.637
163,player,1243.1,436.9,1292.1,572.0,0.566
163,player,1024.5,275.9,1066.2,388.1,0.546
163,player,915.0,522.3,999.7,750.6,0.478
163,player,1685.3,713.5,1811.6,884.4,0.454
163,player,1703.0,539.8,1762.2,671.7,0.452
163,player,1130.5,503.7,1203.8,616.6,0.392
163,player,914.5,527.5,973.1,752.0,0.368
163,player,1709.4,537.8,1761.4,643.7,0.359
163,player,946.6,552.9,996.8,758.2,0.327
163,player,846.2,605.4,949.2,780.8,0.322
163,player,1711.3,538.1,1760.2,616.3,0.316
163,player,1245.4,436.2,1291.2,534.9,0.228
163,player,914.4,529.2,970.7,691.3,0.205
163,player,1588.4,667.8,1669.3,760.4,0.163
163,player,1455.5,515.1,1536.4,630.6,0.142
163,player,915.4,530.1,967.2,645.7,0.127
163,player,1760.0,285.5,1814.3,382.3,0.115
164,player,647.1,483.4,735.8,666.5,0.698
164,player,498.6,539.8,561.1,713.1,0.606
164,player,1024.4,276.0,1066.6,389.3,0.568
164,player,1243.4,436.9,1290.8,564.2,0.532
164,player,1702.0,539.7,1762.6,673.1,0.474
164,player,915.3,523.3,998.0,751.2,0.472
164,player,1685.8,713.0,1812.7,884.1,0.457
164,player,915.1,528.2,972.2,761.1,0.425
164,player,1709.9,537.9,1760.8,625.7,0.362
164,player,1132.6,504.8,1203.4,614.0,0.337
164,player,946.6,554.4,997.2,758.4,0.315
164,player,1589.0,670.9,1670.2,761.6,0.259
164,player,1247.5,436.4,1290.0,533.5,0.246
164,player,1154.2,504.0,1203.4,608.3,0.22
164,player,848.0,604.4,949.5,780.6,0.217
164,player,867.2,624.8,953.2,780.6,0.15
164,player,1455.5,515.1,1536.2,627.8,0.148
164,player,1244.0,478.2,1291.4,574.6,0.132
164,player,1760.1,285.5,1814.3,382.6,0.117
164,player,861.3,574.9,942.8,778.2,0.115
165,player,647.1,482.3,734.3,667.0,0.721
165,player,497.6,539.9,561.3,713.5,0.637
165,player,1024.1,275.7,1066.8,390.1,0.539
165,player,1701.4,538.7,1762.5,673.5,0.527
165,player,1243.4,434.9,1290.6,567.5,0.511
165,player,1690.0,711.5,1813.8,887.8,0.485
165,player,1131.4,503.3,1202.5,614.6,0.472
165,player,916.1,523.6,997.3,752.8,0.455
165,player,915.8,527.7,972.8,760.3,0.411
165,player,946.2,549.9,997.2,761.0,0.345
165,player,1162.8,503.2,1203.5,607.6,0.31
165,player,838.9,587.1,949.4,780.1,0.278
165,player,1708.5,536.6,1761.0,627.2,0.266
165,player,1248.1,434.4,1289.7,533.2,0.237
165,player,1591.1,670.6,1670.8,762.0,0.212
165,player,1760.1,285.5,1814.1,384.5,0.164
165,player,1457.0,515.3,1536.1,626.5,0.151
165,player,860.5,620.1,949.3,778.8,0.132
165,player,917.9,531.1,967.9,667.4,0.122
165,player,1468.8,516.3,1524.5,601.6,0.117
166,player,644.7,482.9,734.8,666.4,0.722
166,player,497.5,539.7,561.4,713.1,0.641
166,player,1702.3,537.0,1763.2,673.0,0.589
166,player,1132.9,504.0,1202.2,615.2,0.524
166,player,1243.4,437.2,1290.5,569.9,0.506
166,player,1165.6,504.6,1203.3,614.1,0.477
166,player,1685.5,714.8,1813.1,885.1,0.463
166,player,916.2,523.5,994.7,749.9,0.457
166,player,916.0,527.9,972.4,739.0,0.413
166,player,1025.0,277.2,1066.7,388.0,0.397
166,player,1599.4,671.9,1669.5,762.1,0.396
166,player,945.6,545.8,996.9,758.7,0.323
166,player,1707.2,535.2,1761.9,639.5,0.303
166,player,1245.2,436.4,1289.9,522.9,0.227
166,player,838.7,579.8,948.5,778.6,0.215
166,player,1456.0,515.3,1536.8,625.9,0.175
166,player,1760.4,285.7,1814.2,383.1,0.143
166,player,918.2,530.6,969.4,677.0,0.133
166,player,1468.4,516.3,1524.4,600.8,0.125
167,player,645.5,483.9,735.6,666.3,0.71
167,player,497.9,539.4,561.4,713.7,0.638
167,player,1701.7,535.1,1763.3,673.6,0.61
167,player,1241.6,435.8,1289.6,571.5,0.54
167,player,1137.4,503.3,1202.3,614.7,0.525
167,player,916.2,523.7,994.9,753.2,0.518
167,player,1688.0,715.4,1813.3,886.9,0.498
167,player,1159.6,503.9,1203.6,614.4,0.471
167,player,915.3,530.2,975.6,738.2,0.413
167,player,849.8,573.6,940.5,778.6,0.366
167,player,1024.1,276.6,1066.8,390.4,0.352
167,player,1593.5,672.4,1670.1,761.0,0.301
167,player,947.1,547.4,995.9,758.3,0.29
167,player,1244.0,436.3,1289.3,527.8,0.274
167,player,1707.7,533.3,1761.8,626.4,0.21
167,player,1456.0,515.5,1537.1,621.8,0.207
167,player,1468.3,516.4,1522.4,599.6,0.146
167,player,1494.9,521.5,1538.3,622.2,0.111
167,player,856.9,584.8,928.3,715.5,0.108
167,player,1475.4,516.4,1539.4,610.9,0.103
168,player,645.0,486.1,733.8,665.8,0.724
168,player,497.9,539.3,561.9,713.1,0.609
168,player,1701.4,536.6,1764.0,672.8,0.595
168,player,840.7,577.3,947.0,776.7,0.543
168,player,1688.2,716.6,1812.9,886.5,0.537
168,player,917.2,523.6,996.5,754.1,0.53
168,player,1141.4,504.4,1203.8,611.5,0.528
168,player,1240.8,435.5,1289.5,571.0,0.526
168,player,916.5,526.9,973.4,760.5,0.46
168,player,1024.4,275.8,1066.9,388.8,0.425
168,player,936.2,549.6,999.4,751.7,0.361
168,player,1242.9,435.7,1289.0,526.5,0.294
168,player,1588.7,671.9,1670.9,761.4,0.257
168,player,852.7,579.8,934.4,758.9,0.24
168,player,1457.1,515.7,1535.8,611.9,0.198
168,player,947.9,564.1,1003.3,759.0,0.197
168,player,1708.9,534.8,1762.3,609.1,0.194
168,player,1767.4,713.8,1809.2,775.4,0.169
168,player,1471.7,516.6,1519.6,596.3,0.158
168,player,1454.8,518.6,1537.3,643.3,0.132
168,player,1494.4,522.8,1538.1,620.0,0.124
169,player,644.8,487.4,733.3,665.4,0.632
169,player,496.2,539.3,562.9,714.0,0.619
169,player,1702.9,536.5,1763.9,672.5,0.599
169,player,1141.4,504.0,1204.4,612.5,0.59
169,player,841.4,577.6,946.0,776.1,0.576
169,player,917.6,524.4,996.2,753.7,0.54
169,player,1688.3,716.2,1812.4,886.1,0.526
169,player,1240.2,435.0,1289.5,574.9,0.486
169,player,1024.6,277.0,1066.4,388.0,0.411
169,player,947.8,546.2,997.6,755.6,0.317
169,player,918.4,529.3,972.8,738.4,0.274
169,player,1591.9,672.0,1670.2,761.7,0.269
169,player,1243.0,435.8,1288.9,522.5,0.256
169,player,1708.0,535.1,1762.2,611.7,0.229
169,player,1456.7,515.5,1536.4,607.8,0.195
169,player,853.3,578.2,933.1,741.0,0.192
169,player,1471.7,516.5,1518.3,595.1,0.155
169,player,1764.6,713.8,1809.5,775.9,0.154
169,player,643.6,486.7,700.0,578.5,0.114
169,player,1454.7,518.4,1538.5,643.0,0.112
169,player,1496.8,523.2,1538.6,615.9,0.11
169,player,1761.6,285.8,1813.5,378.1,0.105
169,player,1240.2,506.3,1281.5,580.6,0.104
170,player,644.0,486.1,732.3,666.2,0.642
170,player,1697.8,536.6,1762.4,671.3,0.615
170,player,502.1,539.5,564.3,714.8,0.605
170,player,915.6,530.0,984.1,758.0,0.568
170,player,836.5,577.8,945.9,775.9,0.546
170,player,1141.3,505.5,1204.1,611.6,0.545
170,player,1240.3,433.4,1289.2,574.7,0.52
170,player,1688.2,716.0,1812.7,886.7,0.471
170,player,1024.2,276.9,1066.3,389.1,0.437
170,player,1594.0,672.0,1669.2,761.5,0.408
170,player,1764.7,713.5,1809.0,774.2,0.338
170,player,936.5,536.3,999.6,751.8,0.323
170,player,950.4,549.2,996.9,755.8,0.28
170,player,1243.2,434.7,1288.6,521.7,0.267
170,player,1457.0,515.7,1534.4,603.6,0.208
170,player,1470.7,516.8,1518.7,596.0,0.169
170,player,1706.4,534.8,1761.4,626.2,0.16
170,player,1453.9,518.7,1537.2,642.6,0.144
170,player,1494.5,524.0,1537.7,614.9,0.134
170,player,854.0,579.8,934.0,735.1,0.121
170,player,1240.1,504.2,1282.3,580.5,0.106
170,player,643.7,486.7,707.3,585.7,0.106
171,player,642.9,483.4,732.6,666.3,0.715
171,player,1689.7,714.8,1811.8,883.6,0.652
171,player,502.6,539.3,562.6,713.8,0.609
171,player,1698.9,536.1,1763.0,673.3,0.579
171,player,914.8,530.0,977.1,760.1,0.54
171,player,1240.7,433.5,1288.7,573.8,0.521
171,player,839.1,577.0,946.9,776.9,0.489
171,player,1139.5,503.3,1202.7,614.0,0.458
171,player,1024.0,276.9,1066.7,388.9,0.429
171,player,1588.2,671.3,1669.7,760.8,0.343
171,player,921.3,525.2,997.7,755.7,0.32
171,player,1242.9,435.2,1288.3,537.8,0.299
171,player,1456.5,515.1,1535.3,607.2,0.267
171,player,949.4,549.8,997.3,757.0,0.244
171,player,1453.8,518.1,1537.3,641.7,0.214
171,player,857.2,546.1,952.2,772.6,0.211
171,player,1466.1,516.0,1520.1,598.1,0.183
171,player,851.9,581.4,934.8,757.8,0.17
171,player,1763.8,712.9,1807.9,776.9,0.147
171,player,1707.0,534.8,1761.9,642.3,0.145
171,player,1492.8,521.7,1538.3,615.4,0.142
171,player,1709.2,534.2,1761.9,609.6,0.136
171,player,1240.8,497.2,1282.5,580.7,0.134
172,player,642.1,487.0,730.7,665.4,0.658
172,player,1690.1,714.4,1812.2,884.3,0.65
172,player,497.5,538.4,563.8,713.6,0.641
172,player,833.4,576.1,947.1,778.3,0.602
172,player,1698.9,535.6,1763.3,673.1,0.58
172,player,915.2,530.6,985.2,758.5,0.566
172,player,1240.4,433.4,1288.6,572.6,0.531
172,player,1024.3,276.8,1066.9,392.0,0.466
172,player,1140.6,503.4,1203.8,613.6,0.431
172,player,1590.2,670.2,1668.6,761.7,0.425
172,player,917.7,533.2,970.8,742.1,0.364
172,player,932.1,528.6,1000.3,752.4,0.337
172,player,1707.5,534.3,1761.7,620.1,0.303
172,player,950.3,545.2,996.9,756.6,0.239
172,player,1456.6,515.3,1534.9,607.2,0.236
172,player,1243.2,434.5,1288.7,533.8,0.204
172,player,1454.4,518.3,1537.0,641.8,0.183
172,player,1465.5,516.2,1519.5,598.1,0.179
172,player,853.1,577.6,935.8,738.0,0.154
172,player,1492.7,523.4,1538.2,613.3,0.142
172,player,642.3,486.9,706.7,590.2,0.123
172,player,1240.6,500.9,1281.8,580.3,0.113
173,player,641.1,485.6,725.0,666.4,0.709
173,player,1687.5,714.0,1812.3,882.4,0.675
173,player,497.5,538.1,564.0,713.9,0.663
173,player,832.7,575.7,946.3,777.4,0.586
173,player,914.3,527.2,990.2,760.0,0.583
173,player,1240.1,434.1,1289.3,572.7,0.534
173,player,1701.1,537.8,1763.1,671.0,0.532
173,player,1023.8,277.1,1066.9,394.7,0.509
173,player,917.4,529.8,972.0,753.7,0.411
173,player,1586.2,669.1,1668.5,760.8,0.352
173,player,1140.3,505.6,1203.7,613.1,0.344
173,player,1708.0,535.8,1761.6,620.6,0.301
173,player,847.4,579.0,936.6,753.4,0.26
173,player,1577.7,645.5,1667.9,757.5,0.214
173,player,950.0,542.7,996.8,757.7,0.2
173,player,1456.9,515.4,1534.9,603.4,0.199
173,player,1468.5,516.4,1519.8,595.7,0.169
173,player,1454.5,518.5,1537.2,642.7,0.127
173,player,1477.8,521.1,1538.2,611.8,0.123
173,player,904.3,538.9,953.6,771.1,0.102
174,player,641.7,487.5,723.9,667.6,0.722
174,player,1024.3,275.9,1066.6,394.6,0.591
174,player,913.9,528.4,996.1,759.6,0.591
174,player,497.3,538.6,563.7,713.7,0.586
174,player,1705.0,536.9,1762.1,668.6,0.537
174,player,1683.5,713.3,1810.7,881.8,0.502
174,player,1711.9,535.6,1759.9,605.7,0.462
174,player,915.7,531.5,971.9,754.8,0.433
174,player,1242.7,436.7,1290.4,554.8,0.433
174,player,1709.7,535.8,1760.9,629.9,0.343
174,player,1140.9,506.4,1203.7,613.6,0.308
174,player,834.7,576.7,947.0,777.9,0.291
174,player,1242.0,435.6,1289.8,521.8,0.267
174,player,950.7,561.3,997.1,758.3,0.247
174,player,1240.4,446.5,1285.7,574.5,0.212
174,player,1590.5,668.7,1666.0,760.2,0.182
174,player,1759.8,286.0,1813.8,379.8,0.178
174,player,1458.7,514.6,1537.3,607.8,0.176
174,player,1470.8,515.6,1518.9,596.5,0.148
175,player,642.3,489.7,716.5,669.9,0.713
175,player,498.7,538.4,564.6,712.9,0.616
175,player,1024.3,275.8,1066.6,394.3,0.587
175,player,917.1,523.3,999.9,759.0,0.583
175,player,1703.3,537.0,1762.1,670.6,0.556
175,player,1242.1,437.3,1290.0,553.9,0.451
175,player,1681.8,712.5,1809.7,883.0,0.436
175,player,916.7,532.6,969.2,753.0,0.407
175,player,1712.3,535.8,1760.0,604.1,0.388
175,player,1140.8,506.2,1204.0,613.3,0.337
175,player,844.4,572.4,939.7,779.2,0.313
175,player,1709.8,536.0,1761.1,632.4,0.302
175,player,950.1,562.5,998.2,759.9,0.269
175,player,1241.1,436.4,1289.4,520.8,0.259
175,player,1591.7,665.3,1665.3,759.9,0.225
175,player,1240.3,453.0,1284.2,574.2,0.222
175,player,1760.4,286.2,1813.7,378.3,0.17
175,player,1457.4,514.7,1537.2,610.5,0.157
175,player,1469.6,515.7,1520.8,598.0,0.118
175,player,911.8,533.6,982.5,768.6,0.113
175,player,854.1,585.4,922.0,699.3,0.103
176,player,641.5,488.2,714.3,670.0,0.669
176,player,500.0,538.4,565.2,711.8,0.64
176,player,915.6,530.4,995.7,761.3,0.587
176,player,1703.5,536.8,1762.2,669.9,0.572
176,player,1024.2,276.6,1066.4,392.0,0.558
176,player,1242.1,438.4,1289.5,565.1,0.545
176,player,836.9,575.1,947.4,779.4,0.457
176,player,1681.4,711.8,1809.3,882.8,0.445
176,player,1711.1,535.6,1760.5,608.9,0.402
176,player,917.5,533.0,969.7,757.2,0.394
176,player,1141.4,506.1,1204.3,612.8,0.34
176,player,1708.9,536.0,1761.6,637.6,0.312
176,player,949.6,562.5,998.3,759.9,0.231
176,player,1760.1,286.1,1813.8,379.6,0.183
176,player,1457.4,514.7,1537.1,609.0,0.177
176,player,1591.7,666.1,1665.4,759.2,0.172
176,player,1469.3,515.7,1519.5,598.2,0.135
176,player,1455.0,517.4,1538.5,644.7,0.104
177,player,641.4,489.2,711.4,672.3,0.67
177,player,499.7,538.2,565.9,711.5,0.626
177,player,1702.4,537.1,1762.0,671.0,0.575
177,player,916.6,530.6,996.7,761.4,0.562
177,player,1024.3,276.7,1066.5,392.7,0.546
177,player,835.3,574.5,947.5,780.1,0.506
177,player,1242.3,438.7,1290.2,560.9,0.495
177,player,1681.2,711.5,1810.0,883.3,0.489
177,player,1709.3,535.7,1761.3,627.6,0.357
177,player,1141.7,506.3,1204.4,611.8,0.338
177,player,917.7,531.9,971.8,763.7,0.277
177,player,1242.8,437.8,1289.7,526.7,0.253
177,player,946.8,551.6,998.1,759.4,0.251
177,player,1760.3,286.1,1814.0,380.0,0.182
177,player,849.3,580.4,928.2,703.1,0.166
177,player,1457.2,514.7,1536.9,608.8,0.145
177,player,1471.7,515.6,1518.4,596.7,0.125
178,player,640.9,489.0,705.3,674.0,0.662
178,player,499.6,538.2,565.2,709.4,0.621
178,player,1680.7,711.1,1811.4,884.9,0.609
178,player,1701.1,537.4,1762.2,671.3,0.578
178,player,917.8,530.5,997.2,760.1,0.566
178,player,1024.8,276.5,1066.7,391.8,0.522
178,player,1242.2,437.6,1290.5,566.8,0.518
178,player,847.0,572.0,943.0,782.6,0.466
178,player,1141.7,505.8,1204.6,609.5,0.38
178,player,1710.6,536.2,1760.7,615.3,0.287
178,player,944.3,547.1,998.9,761.7,0.277
178,player,1708.2,536.6,1761.7,644.4,0.273
178,player,918.2,532.7,971.3,759.5,0.259
178,player,1243.8,436.7,1290.1,530.7,0.251
178,player,1760.6,286.1,1813.9,379.3,0.199
178,player,851.4,578.3,926.1,703.1,0.175
178,player,1592.8,663.9,1665.1,758.2,0.142
178,player,1457.6,515.0,1537.0,610.1,0.124
178,player,1472.5,515.9,1517.6,596.0,0.112
178,player,1454.5,517.8,1538.8,645.0,0.101
179,player,497.8,538.5,565.0,708.2,0.655
179,player,1678.6,711.4,1810.6,884.9,0.636
179,player,643.0,488.3,701.8,680.3,0.634
179,player,918.3,524.4,1000.3,758.7,0.593
179,player,1242.6,435.8,1290.4,566.7,0.587
179,player,1701.8,537.3,1762.3,673.1,0.536
179,player,1024.4,276.7,1066.9,391.0,0.507
179,player,849.9,571.6,941.9,783.5,0.438
179,player,1140.9,506.3,1205.0,609.6,0.389
179,player,917.8,531.8,973.4,763.1,0.317
179,player,1711.4,536.1,1761.0,608.6,0.314
179,player,945.5,542.5,997.6,761.6,0.252
179,player,1709.4,536.4,1762.2,633.5,0.238
179,player,1594.1,662.1,1665.3,759.5,0.192
179,player,1760.5,286.5,1814.3,379.0,0.171
179,player,1456.7,514.8,1536.9,609.9,0.15
179,player,1620.2,659.5,1666.5,754.2,0.145
179,player,854.1,578.2,922.8,697.1,0.143
179,player,1454.1,517.6,1538.3,644.9,0.116
179,player,1469.6,515.7,1520.2,598.7,0.107
180,player,494.3,538.8,563.2,711.2,0.662
180,player,640.5,487.2,700.3,674.0,0.655
180,player,1681.5,710.4,1811.6,884.2,0.625
180,player,1703.1,537.4,1763.0,672.1,0.599
180,player,1025.0,277.0,1066.4,392.5,0.586
180,player,1242.7,435.8,1290.9,560.3,0.552
180,player,917.9,524.3,1000.1,754.5,0.54
180,player,1710.2,536.6,1761.6,619.8,0.4
180,player,853.6,572.0,939.1,780.8,0.371
180,player,917.8,534.3,970.3,757.8,0.335
180,player,1140.8,506.4,1203.8,609.9,0.294
180,player,947.0,553.9,997.2,761.0,0.226
180,player,1760.0,286.7,1814.4,380.2,0.176
180,player,1598.1,663.1,1663.3,759.4,0.14
180,player,853.4,578.2,925.0,696.3,0.137
180,player,1456.4,514.6,1536.1,609.9,0.135
181,player,494.0,538.6,563.0,711.3,0.661
181,player,639.4,486.4,700.7,678.7,0.64
181,player,918.2,525.1,1001.0,756.4,0.601
181,player,1024.5,277.1,1066.5,396.2,0.588
181,player,1680.0,710.9,1811.3,884.3,0.572
181,player,854.0,572.3,941.3,781.5,0.56
181,player,1703.7,537.3,1762.7,671.7,0.552
181,player,1240.1,434.6,1291.1,571.9,0.469
181,player,1710.6,536.6,1761.1,613.1,0.39
181,player,1140.8,505.3,1203.6,609.4,0.328
181,player,917.6,532.9,971.1,761.2,0.299
181,player,1242.3,435.4,1291.4,522.3,0.277
181,player,945.1,543.9,997.1,761.3,0.272
181,player,854.0,576.8,931.2,727.0,0.267
181,player,1760.4,286.6,1814.0,379.3,0.181
181,player,1596.5,658.4,1664.1,759.5,0.149
181,player,1456.1,514.7,1537.2,609.2,0.126
181,player,1467.2,515.7,1521.2,599.9,0.103
182,player,493.3,538.8,563.0,710.9,0.648
182,player,1683.0,711.7,1812.0,883.2,0.641
182,player,638.2,486.6,699.2,672.5,0.631
182,player,854.3,571.2,941.3,783.1,0.619
182,player,917.4,526.3,1000.1,758.4,0.6
182,player,1242.8,433.4,1293.1,572.9,0.57
182,player,1705.7,537.7,1761.2,670.8,0.553
182,player,1024.5,277.2,1066.4,394.0,0.522
182,player,1711.4,537.1,1760.7,610.6,0.41
182,player,1709.7,537.3,1761.7,639.0,0.344
182,player,1139.9,504.7,1203.6,610.3,0.31
182,player,853.7,578.6,930.8,732.1,0.29
182,player,916.1,537.1,973.3,761.5,0.273
182,player,945.5,539.2,996.4,761.0,0.231
182,player,1760.6,286.3,1813.8,378.3,0.16
182,player,1456.5,514.7,1536.4,608.3,0.152
182,player,609.1,485.8,702.3,681.4,0.14
182,player,1604.4,655.2,1662.5,754.8,0.137
182,player,1469.2,515.5,1518.0,598.3,0.127
182,player,1454.4,517.5,1538.3,644.3,0.101
183,player,492.7,538.8,562.1,712.8,0.673
183,player,916.7,525.7,998.2,756.6,0.608
183,player,1682.1,710.9,1811.5,882.8,0.599
183,player,1023.7,276.7,1066.1,401.0,0.595
183,player,635.9,487.6,699.7,675.5,0.567
183,player,1700.4,537.6,1762.6,672.8,0.535
183,player,1242.4,435.7,1293.5,565.2,0.525
183,player,856.7,571.3,935.5,781.0,0.451
183,player,916.4,538.8,972.8,758.9,0.363
183,player,1140.6,502.5,1204.5,607.5,0.336
183,player,1711.6,537.2,1761.4,605.3,0.317
183,player,854.8,577.1,924.6,699.0,0.282
183,player,1709.0,537.0,1762.6,631.5,0.269
183,player,946.4,544.1,996.5,759.0,0.24
183,player,1596.4,656.3,1663.9,756.9,0.195
183,player,1760.3,286.1,1814.0,378.1,0.138
183,player,1456.2,514.9,1536.8,609.8,0.132
183,player,1471.0,515.9,1518.2,597.7,0.111
183,player,0.0,639.7,28.1,755.4,0.105
183,player,0.0,639.4,43.9,758.1,0.103
184,player,492.5,538.5,560.8,712.0,0.668
184,player,1683.8,710.7,1812.4,883.4,0.613
184,player,917.2,524.7,999.2,754.4,0.601
184,player,1023.3,276.1,1066.3,400.0,0.591
184,player,1699.2,537.4,1763.6,673.1,0.542
184,player,635.7,488.2,698.9,676.2,0.532
184,player,1242.5,434.8,1294.4,565.8,0.529
184,player,858.0,571.5,936.9,781.4,0.41
184,player,856.0,577.1,927.4,706.5,0.312
184,player,917.5,541.2,971.7,748.9,0.291
184,player,1711.7,536.8,1762.0,606.8,0.286
184,player,1142.9,503.1,1204.4,611.1,0.268
184,player,944.9,546.7,996.6,760.9,0.266
184,player,1759.8,286.2,1814.0,378.6,0.174
184,player,1594.7,652.2,1660.4,756.0,0.164
184,player,1456.4,515.1,1537.2,609.4,0.15
184,player,1469.3,516.1,1517.8,599.0,0.119
184,player,1454.1,518.0,1538.3,644.1,0.108
185,player,916.9,522.8,999.3,759.9,0.673
185,player,1023.6,276.0,1066.4,398.1,0.6
185,player,635.3,487.3,698.7,673.9,0.595
185,player,1701.8,537.5,1762.7,670.7,0.571
185,player,491.6,539.1,560.3,712.1,0.557
185,player,1681.9,710.4,1811.9,883.6,0.547
185,player,1247.6,438.0,1296.2,561.7,0.464
185,player,860.8,571.7,937.7,780.0,0.399
185,player,1710.9,536.9,1761.6,609.2,0.34
185,player,858.3,578.0,924.3,707.6,0.337
185,player,1708.9,536.8,1762.9,639.2,0.32
185,player,1141.3,503.3,1205.0,610.2,0.273
185,player,940.4,541.5,996.2,759.5,0.246
185,player,916.8,544.9,972.4,752.9,0.168
185,player,1760.1,286.2,1814.2,378.5,0.166
185,player,1455.8,515.1,1537.1,610.1,0.16
185,player,1453.8,517.9,1538.5,644.3,0.115
185,player,1468.0,515.9,1517.8,599.7,0.114
186,player,916.9,521.9,999.0,756.9,0.655
186,player,1682.8,709.8,1812.7,884.2,0.648
186,player,1023.6,276.5,1066.3,397.0,0.626
186,player,1699.8,538.0,1763.1,670.2,0.538
186,player,858.4,576.7,925.4,703.1,0.471
186,player,1259.7,438.2,1297.3,542.0,0.414
186,player,492.0,540.1,561.1,712.1,0.386
186,player,635.1,486.1,696.5,672.6,0.383
186,player,1243.8,436.5,1299.2,577.4,0.378
186,player,1710.7,537.2,1761.9,607.1,0.334
186,player,1708.2,536.9,1763.3,631.8,0.292
186,player,635.9,486.0,687.0,586.2,0.279
186,player,861.2,572.1,933.6,776.2,0.27
186,player,1139.5,502.3,1204.7,611.2,0.232
186,player,1759.7,286.1,1814.0,379.6,0.203
186,player,1597.6,651.8,1657.7,756.5,0.165
186,player,939.9,544.9,995.8,756.7,0.161
186,player,1456.1,515.4,1537.0,608.9,0.149
186,player,1470.9,516.3,1517.0,597.7,0.136
186,player,917.3,544.9,972.1,729.6,0.131
186,player,493.4,540.6,544.7,672.9,0.118
187,player,1681.7,710.3,1810.8,885.5,0.637
187,player,915.6,521.7,998.6,752.4,0.634
187,player,1023.6,276.1,1066.6,396.3,0.612
187,player,1699.9,538.1,1762.5,671.8,0.516
187,player,635.7,487.2,684.9,587.2,0.483
187,player,491.6,540.4,562.3,713.3,0.481
187,player,858.6,578.6,922.4,701.3,0.472
187,player,1246.4,436.1,1300.4,579.8,0.375
187,player,1259.8,438.5,1298.7,544.9,0.357
187,player,1710.9,537.3,1761.8,607.3,0.315
187,player,917.6,527.8,982.7,720.3,0.285
187,player,638.6,484.5,696.5,673.2,0.262
187,player,1708.5,537.0,1763.0,630.6,0.255
187,player,1604.0,654.8,1656.5,756.0,0.238
187,player,1140.9,502.9,1203.8,610.1,0.213
187,player,1759.6,286.4,1813.9,380.3,0.213
187,player,1248.2,433.6,1300.3,540.8,0.206
187,player,936.9,530.7,997.3,755.7,0.185
187,player,660.0,598.6,695.6,670.5,0.163
187,player,916.3,546.9,969.9,710.1,0.144
187,player,492.8,540.4,549.1,692.3,0.142
187,player,652.2,596.0,697.0,678.2,0.136
187,player,857.3,582.5,929.8,751.8,0.122
187,player,1579.7,652.3,1657.9,753.6,0.121
187,player,1455.8,516.8,1537.4,610.9,0.119
187,player,0.1,639.0,43.7,756.5,0.106
187,player,1471.7,517.2,1518.3,598.6,0.103
187,player,0.0,640.2,27.4,755.6,0.102
188,player,915.9,522.5,997.8,761.9,0.635
188,player,491.4,540.3,558.5,715.6,0.582
188,player,1024.7,277.7,1066.8,391.6,0.564
188,player,1681.3,710.5,1811.1,885.6,0.54
188,player,1250.1,438.8,1302.6,580.4,0.519
188,player,1700.1,537.9,1762.9,671.1,0.512
188,player,635.4,487.6,684.0,586.4,0.479
188,player,863.1,573.6,930.0,763.4,0.326
188,player,858.9,580.1,923.1,709.2,0.314
188,player,1710.8,537.2,1761.9,608.8,0.304
188,player,1707.9,537.0,1763.2,636.6,0.253
188,player,641.1,485.0,695.5,674.5,0.235
188,player,1257.2,439.0,1300.2,533.8,0.229
188,player,1602.6,649.9,1655.2,755.7,0.222
188,player,1149.7,501.8,1204.8,606.2,0.22
188,player,492.9,540.7,541.0,687.9,0.201
188,player,915.0,541.3,973.7,738.2,0.188
188,player,1759.8,286.0,1813.8,380.2,0.178
188,player,1455.3,515.7,1537.0,608.5,0.15
188,player,659.6,601.2,694.9,672.3,0.141
188,player,1468.1,516.5,1517.6,599.5,0.125
188,player,1579.3,648.5,1657.2,752.7,0.118
188,player,652.3,599.1,697.9,683.8,0.106
189,player,916.7,523.0,997.5,756.4,0.603
189,player,1682.9,710.6,1812.3,884.6,0.595
189,player,1025.0,276.4,1067.5,391.6,0.586
189,player,1696.1,537.7,1762.4,670.4,0.582
189,player,490.7,540.6,558.1,716.8,0.549
189,player,1251.9,438.3,1304.1,579.6,0.491
189,player,635.8,488.1,683.7,583.1,0.335
189,player,1706.3,536.5,1762.2,641.5,0.333
189,player,637.2,486.0,696.9,675.9,0.328
189,player,861.5,580.5,926.0,703.1,0.327
189,player,866.1,575.0,933.3,749.0,0.29
189,player,1259.4,438.7,1302.2,526.1,0.289
189,player,918.5,528.6,984.2,717.7,0.251
189,player,1709.2,536.9,1761.8,613.9,0.247
189,player,1760.0,286.3,1814.1,380.1,0.178
189,player,492.8,540.6,544.5,690.7,0.168
189,player,1602.1,648.7,1653.7,755.8,0.162
189,player,650.7,600.9,697.2,679.6,0.162
189,player,1455.5,515.8,1536.6,608.4,0.161
189,player,1147.3,502.4,1204.8,605.2,0.161
189,player,1469.8,516.6,1517.6,599.0,0.136
189,player,943.5,557.3,995.4,760.4,0.126
189,player,860.6,577.2,944.4,782.1,0.121
190,player,1698.9,537.5,1762.6,668.0,0.601
190,player,915.4,522.5,996.5,753.1,0.593
190,player,1024.9,276.8,1067.6,391.3,0.589
190,player,491.4,541.1,556.5,718.6,0.536
190,player,1682.6,710.9,1812.8,884.5,0.529
190,player,1252.0,442.3,1304.9,581.8,0.47
190,player,861.1,580.9,923.3,702.3,0.45
190,player,1708.7,536.6,1762.1,626.8,0.339
190,player,916.8,527.6,982.7,713.7,0.299
190,player,1259.0,441.9,1304.1,541.6,0.27
190,player,635.7,488.3,683.1,584.7,0.262
190,player,1262.4,442.6,1303.1,514.5,0.255
190,player,637.9,484.7,696.3,678.7,0.246
190,player,653.4,603.0,696.4,678.6,0.208
190,player,1141.8,501.8,1204.1,607.2,0.191
190,player,1605.3,650.3,1654.0,754.5,0.158
190,player,1760.5,286.2,1813.6,379.1,0.157
190,player,493.4,541.4,541.5,689.4,0.142
190,player,635.4,486.8,685.8,625.8,0.132
190,player,1455.5,515.8,1537.6,609.7,0.129
190,player,943.7,545.2,995.9,757.7,0.105
190,player,1469.3,516.6,1518.6,598.9,0.102
191,player,915.1,523.0,996.2,755.6,0.633
191,player,1024.2,276.0,1067.6,393.7,0.595
191,player,1683.1,710.8,1811.7,885.5,0.589
191,player,1697.4,537.6,1762.4,671.2,0.579
191,player,1252.5,439.6,1306.0,579.9,0.542
191,player,489.7,540.9,556.5,719.3,0.534
191,player,867.6,575.7,926.8,707.2,0.431
191,player,917.2,528.0,979.9,715.9,0.313
191,player,1708.2,536.8,1762.0,621.7,0.285
191,player,1260.9,439.9,1304.7,529.6,0.271
191,player,634.3,487.3,696.7,677.2,0.261
191,player,635.5,488.9,683.1,583.1,0.19
191,player,1760.2,286.3,1813.8,380.2,0.171
191,player,1138.6,502.0,1204.2,613.1,0.166
191,player,1455.3,515.7,1536.9,609.1,0.147
191,player,647.6,577.7,697.5,679.5,0.128
191,player,491.4,539.8,547.0,690.7,0.123
191,player,861.0,588.1,926.6,742.5,0.118
191,player,1466.6,516.6,1522.0,600.7,0.117
191,player,1608.7,650.5,1653.0,753.9,0.112
192,player,488.8,541.0,554.6,716.7,0.661
192,player,1255.4,441.8,1307.8,582.3,0.627
192,player,1024.7,278.5,1067.1,389.9,0.606
192,player,1698.2,537.3,1762.4,670.5,0.584
192,player,1683.4,710.6,1811.5,884.0,0.569
192,player,915.6,523.5,996.1,750.8,0.55
192,player,869.0,576.7,927.4,711.9,0.427
192,player,915.3,528.4,978.0,731.6,0.4
192,player,1708.9,536.3,1761.8,621.5,0.313
192,player,634.1,490.0,696.9,677.1,0.247
192,player,1144.0,499.6,1202.9,606.8,0.241
192,player,636.5,491.5,680.2,580.2,0.171
192,player,1261.8,443.3,1307.2,534.8,0.168
192,player,1759.7,286.3,1814.0,380.7,0.165
192,player,947.5,562.0,995.7,757.1,0.155
192,player,1457.5,515.6,1536.2,607.1,0.136
192,player,644.9,519.9,697.4,679.4,0.132
192,player,1471.7,516.5,1518.1,598.1,0.13
192,player,861.5,591.7,928.8,740.8,0.109
192,player,918.6,528.6,974.8,686.3,0.1
193,player,488.8,541.1,555.2,715.9,0.675
193,player,1024.0,279.4,1066.7,394.3,0.636
193,player,1256.6,437.0,1308.6,582.6,0.617
193,player,1682.7,710.2,1812.0,883.9,0.612
193,player,1697.7,537.3,1762.0,669.3,0.603
193,player,915.8,522.2,997.1,743.9,0.536
193,player,915.4,527.1,980.2,712.0,0.438
193,player,871.1,577.2,927.4,704.8,0.382
193,player,1147.6,496.4,1201.5,607.4,0.297
193,player,637.9,490.6,679.7,579.8,0.295
193,player,1707.8,536.4,1761.9,627.9,0.286
193,player,634.8,489.7,698.2,676.3,0.205
193,player,1603.3,645.2,1652.3,753.9,0.157
193,player,1760.0,286.3,1814.2,379.5,0.154
193,player,644.9,591.3,698.0,679.2,0.138
193,player,1456.3,514.9,1536.9,609.8,0.136
193,player,1470.7,515.9,1517.6,597.8,0.134
193,player,945.3,561.0,995.9,757.2,0.124
193,player,1264.0,442.2,1309.0,527.9,0.119
193,player,1453.6,517.6,1538.4,644.3,0.103
194,player,1024.1,279.4,1067.0,398.3,0.661
194,player,488.7,542.7,555.9,715.5,0.659
194,player,1683.2,709.9,1811.0,883.4,0.608
194,player,1699.7,537.5,1761.2,664.9,0.578
194,player,1255.7,438.8,1311.8,582.2,0.561
194,player,916.8,521.1,997.7,748.3,0.517
194,player,637.2,490.6,677.7,581.1,0.41
194,player,1140.3,494.2,1202.2,610.4,0.37
194,player,916.6,525.5,984.0,707.2,0.326
194,player,1708.3,536.5,1761.2,620.1,0.24
194,player,866.8,600.3,923.6,707.5,0.186
194,player,872.5,576.9,926.8,702.0,0.176
194,player,946.1,563.1,995.8,758.1,0.153
194,player,1455.9,514.4,1537.3,617.4,0.15
194,player,1760.2,286.2,1814.4,378.1,0.134
194,player,1576.6,640.8,1653.0,755.0,0.13
194,player,1471.3,515.5,1520.2,599.1,0.129
194,player,1599.4,644.3,1651.3,756.4,0.129
194,player,1262.8,441.8,1311.7,529.9,0.124
194,player,628.4,489.1,691.0,680.4,0.11
195,player,486.6,542.2,556.9,714.6,0.703
195,player,1024.0,280.1,1066.9,400.6,0.662
195,player,1696.9,536.7,1761.0,670.5,0.637
195,player,1681.3,710.9,1811.5,884.5,0.615
195,player,1257.6,437.8,1309.5,581.8,0.511
195,player,917.3,523.6,996.2,744.2,0.488
195,player,1139.9,490.2,1198.8,611.2,0.426
195,player,915.9,527.5,976.8,709.4,0.419
195,player,637.3,490.0,677.1,579.7,0.364
195,player,946.9,575.2,995.8,759.6,0.223
195,player,1705.5,535.7,1761.5,639.4,0.196
195,player,937.2,552.4,998.1,754.6,0.186
195,player,1457.4,514.6,1536.8,612.0,0.148
195,player,1266.6,442.0,1310.9,515.7,0.142
195,player,872.4,584.5,934.1,765.5,0.131
195,player,870.0,601.4,927.5,712.2,0.109
195,player,1473.6,515.6,1518.2,596.4,0.108
195,player,637.9,488.4,697.2,676.9,0.107
195,player,1760.5,286.0,1814.4,377.7,0.106
195,player,875.0,576.7,926.8,697.7,0.103
195,player,1575.9,639.7,1653.1,755.5,0.102
196,player,484.4,541.6,556.3,716.3,0.68
196,player,1023.7,282.9,1066.8,402.2,0.665
196,player,1695.0,536.0,1761.4,672.1,0.648
196,player,1680.2,710.5,1810.8,885.1,0.636
196,player,1257.6,441.0,1312.7,581.1,0.551
196,player,1141.4,489.7,1200.9,611.3,0.543
196,player,916.7,522.5,995.5,741.2,0.475
196,player,915.8,526.0,979.2,704.6,0.441
196,player,632.5,491.9,675.8,584.7,0.315
196,player,631.4,489.8,687.9,677.7,0.266
196,player,1705.2,535.0,1761.5,639.3,0.236
196,player,874.1,579.1,927.4,700.7,0.181
196,player,945.8,574.4,995.8,759.4,0.178
196,player,872.6,583.3,933.9,742.5,0.154
196,player,1458.3,512.8,1538.3,618.6,0.133
196,player,1267.2,443.9,1314.2,520.6,0.126
196,player,868.0,593.4,940.9,778.9,0.123
196,player,1468.9,513.5,1528.0,599.9,0.115
196,player,1760.5,286.0,1814.4,377.8,0.108
196,player,1575.9,639.9,1650.3,756.3,0.102
196,player,1477.4,513.2,1539.5,602.2,0.101
197,player,483.9,544.4,556.8,716.4,0.723
197,player,1697.1,535.6,1761.7,673.2,0.63
197,player,1024.0,282.7,1066.8,397.7,0.63
197,player,1681.5,710.5,1810.5,884.5,0.615
197,player,1258.5,439.4,1314.0,584.4,0.592
197,player,1141.5,484.6,1200.5,610.3,0.539
197,player,917.2,523.2,996.2,747.2,0.461
197,player,916.5,527.5,981.4,704.5,0.377
197,player,634.6,491.4,673.8,582.6,0.31
197,player,631.6,490.2,687.1,679.5,0.229
197,player,872.4,580.5,943.5,784.6,0.21
197,player,1705.8,533.9,1761.8,633.1,0.183
197,player,873.4,582.2,927.3,708.3,0.157
197,player,1474.5,512.6,1522.8,595.9,0.14
197,player,1757.5,286.2,1814.4,398.7,0.123
197,player,918.0,526.7,992.6,661.2,0.105
197,player,1482.6,512.8,1538.1,600.7,0.1
198,player,482.8,544.8,556.6,717.6,0.695
198,player,1260.6,441.0,1315.2,585.6,0.631
198,player,1698.8,536.1,1761.8,672.8,0.611
198,player,1024.0,283.3,1067.5,398.8,0.542
198,player,1142.2,480.7,1199.5,611.0,0.538
198,player,1678.7,711.3,1808.0,886.6,0.446
198,player,916.8,522.8,996.8,758.2,0.431
198,player,916.5,526.9,981.6,712.4,0.314
198,player,1704.8,534.0,1761.8,630.3,0.247
198,player,634.7,490.7,672.1,581.0,0.225
198,player,877.8,578.7,923.8,704.4,0.204
198,player,1482.7,511.4,1537.4,599.8,0.142
198,player,632.8,489.5,693.1,680.3,0.122
198,player,875.4,582.1,928.8,781.2,0.119
198,player,1575.1,641.0,1650.3,757.8,0.116
198,player,1463.1,511.7,1536.6,624.3,0.115
198,player,1757.8,286.5,1814.1,395.2,0.114
198,player,1268.1,444.3,1315.3,523.7,0.102
199,player,479.7,545.3,557.6,718.6,0.685
199,player,1698.4,535.5,1762.9,673.4,0.614
199,player,1264.2,444.5,1316.2,583.5,0.614
199,player,1142.4,478.1,1199.6,610.3,0.553
199,player,1024.2,285.7,1066.7,395.4,0.545
199,player,915.6,522.3,997.8,763.5,0.524
199,player,1679.5,712.6,1806.6,886.6,0.446
199,player,918.2,525.8,978.3,695.8,0.196
199,player,875.3,581.6,931.9,781.1,0.194
199,player,1455.7,509.4,1536.5,641.1,0.187
199,player,877.6,580.5,924.7,701.0,0.18
199,player,1757.5,286.5,1814.3,397.9,0.163
199,player,635.1,490.6,670.4,581.4,0.145
199,player,631.2,489.8,689.8,680.6,0.143
199,player,1705.3,533.7,1762.2,616.4,0.135
199,player,1270.4,445.4,1315.1,520.7,0.107
199,player,1491.6,509.2,1536.7,598.3,0.107
200,player,1266.0,444.3,1316.5,585.3,0.723
200,player,479.6,547.8,557.6,719.1,0.703
200,player,1024.0,286.8,1067.5,394.8,0.602
200,player,1698.9,535.3,1763.5,672.9,0.559
200,player,1142.8,476.2,1197.9,610.7,0.546
200,player,914.2,522.7,998.2,764.1,0.469
200,player,1676.6,710.8,1807.6,886.3,0.318
200,player,876.3,585.0,936.1,780.4,0.306
200,player,878.6,582.4,926.2,703.0,0.267
200,player,1705.4,534.0,1762.9,631.3,0.242
200,player,629.6,490.3,690.4,679.7,0.215
200,player,1455.2,509.4,1536.1,636.3,0.212
200,player,920.7,525.8,983.7,687.6,0.199
200,player,629.5,491.0,669.5,582.6,0.189
200,player,1757.5,286.4,1814.6,398.2,0.146
200,player,1490.5,509.2,1536.7,600.4,0.12
201,player,1266.3,443.8,1317.2,584.7,0.735
201,player,478.0,550.1,556.3,719.0,0.687
201,player,1142.6,469.0,1198.5,611.8,0.676
201,player,1023.4,286.3,1067.2,400.0,0.635
201,player,1698.6,535.9,1764.6,673.0,0.552
201,player,1679.8,711.0,1806.8,886.3,0.496
201,player,910.4,520.8,998.1,756.1,0.397
201,player,1457.7,506.8,1534.3,640.0,0.383
201,player,878.1,584.6,947.7,785.4,0.337
201,player,879.4,583.0,930.3,701.6,0.317
201,player,877.3,583.8,932.9,765.3,0.272
201,player,1706.7,534.6,1763.9,622.6,0.252
201,player,919.5,524.7,985.6,688.2,0.239
201,player,629.1,491.7,668.8,584.2,0.222
201,player,1485.9,506.7,1535.3,607.4,0.147
201,player,630.8,491.9,676.0,670.4,0.14
201,player,1757.8,286.3,1814.4,397.5,0.137
201,player,893.3,527.7,989.3,772.5,0.133
201,player,943.3,533.2,996.2,758.4,0.113
202,player,1267.2,444.8,1317.3,583.7,0.722
202,player,1144.0,465.5,1198.8,610.6,0.704
202,player,474.5,551.6,556.2,719.9,0.649
202,player,1023.7,286.7,1067.2,399.7,0.636
202,player,1682.1,711.0,1807.1,886.4,0.634
202,player,1698.5,535.9,1764.6,672.2,0.53
202,player,1460.7,505.6,1535.6,643.3,0.422
202,player,911.1,521.3,998.5,759.8,0.332
202,player,878.7,582.7,950.6,784.5,0.278
202,player,1481.7,505.1,1536.6,641.7,0.264
202,player,1708.6,534.6,1763.7,617.9,0.235
202,player,879.2,583.4,933.1,714.4,0.207
202,player,1486.2,504.8,1536.1,609.1,0.207
202,player,1760.2,286.3,1814.2,380.6,0.201
202,player,922.3,525.7,980.4,678.9,0.187
202,player,937.3,528.5,996.2,760.6,0.15
202,player,884.2,526.5,991.5,774.6,0.141
203,player,473.7,553.5,555.0,719.5,0.723
203,player,1266.4,444.5,1317.7,581.7,0.716
203,player,1142.5,465.7,1199.1,612.9,0.715
203,player,1685.4,710.9,1807.2,887.4,0.637
203,player,1024.9,286.9,1067.9,394.7,0.596
203,player,1471.0,503.5,1537.0,639.8,0.468
203,player,1706.4,534.6,1763.8,663.1,0.454
203,player,911.7,523.0,998.7,756.4,0.358
203,player,880.2,588.5,950.3,786.1,0.294
203,player,628.5,491.5,667.3,584.2,0.281
203,player,918.0,525.6,987.6,700.3,0.25
203,player,1481.2,502.9,1536.5,606.6,0.25
203,player,937.0,525.9,997.3,759.6,0.221
203,player,1761.7,286.0,1813.5,376.9,0.182
203,player,1713.2,533.4,1762.2,600.3,0.162
203,player,1573.3,640.4,1648.4,759.1,0.126
203,player,885.4,528.2,979.2,777.0,0.121
203,player,1758.1,283.2,1814.1,404.1,0.104
204,player,1267.2,443.5,1317.4,579.5,0.753
204,player,1142.5,463.5,1200.6,602.6,0.702
204,player,472.0,555.4,552.7,720.5,0.692
204,player,1684.8,711.5,1805.4,887.4,0.647
204,player,1024.0,286.9,1066.5,395.8,0.627
204,player,881.1,583.7,951.4,787.0,0.541
204,player,1703.1,534.5,1762.8,672.3,0.423
204,player,1466.1,502.2,1538.6,635.7,0.398
204,player,929.9,520.7,998.9,753.1,0.386
204,player,1486.6,501.1,1539.0,641.1,0.343
204,player,628.5,492.0,666.3,585.2,0.335
204,player,1709.0,533.3,1762.2,641.9,0.279
204,player,1495.3,500.3,1538.2,605.9,0.278
204,player,1711.9,533.8,1761.9,612.9,0.25
204,player,1468.7,502.2,1536.1,600.7,0.212
204,player,905.5,522.1,1004.2,764.6,0.206
204,player,919.1,525.0,987.5,707.3,0.168
204,player,1761.9,285.9,1813.8,376.2,0.139
204,player,942.1,549.5,995.7,757.4,0.133
204,player,629.3,492.3,675.4,659.3,0.109
204,player,923.2,527.4,976.9,657.0,0.1
205,player,1265.1,442.4,1316.7,581.4,0.746
205,player,468.0,555.6,549.4,721.0,0.705
205,player,1685.1,711.3,1802.4,887.5,0.684
205,player,1024.1,287.1,1066.9,396.4,0.659
205,player,1144.3,463.5,1200.0,592.6,0.642
205,player,1473.4,498.6,1538.8,645.5,0.546
205,player,1702.0,534.5,1763.2,672.4,0.507
205,player,627.9,492.6,665.8,586.8,0.378
205,player,1709.4,533.7,1762.4,631.5,0.285
205,player,880.9,594.2,950.8,786.5,0.258
205,player,901.2,522.2,999.0,756.4,0.193
205,player,1761.2,286.0,1814.0,377.4,0.179
205,player,917.4,524.9,991.2,694.9,0.163
205,player,628.5,493.0,672.9,637.9,0.151
205,player,1268.7,445.2,1317.4,550.0,0.125
205,player,1713.2,533.1,1761.9,600.3,0.113
206,player,1265.4,443.0,1316.8,581.0,0.726
206,player,1685.2,711.3,1801.4,887.1,0.724
206,player,465.1,556.0,549.4,721.4,0.689
206,player,1024.3,286.8,1067.1,394.8,0.665
206,player,1477.3,494.0,1541.1,645.7,0.617
206,player,1145.2,462.2,1199.8,584.4,0.549
206,player,1703.5,534.5,1763.8,671.1,0.458
206,player,625.6,493.5,664.1,587.3,0.383
206,player,1710.1,533.1,1762.8,631.5,0.311
206,player,1714.7,533.0,1761.8,599.8,0.207
206,player,1268.3,445.6,1317.8,542.1,0.192
206,player,1761.3,286.0,1814.0,376.1,0.156
206,player,891.6,523.0,999.5,769.1,0.145
206,player,917.1,524.9,987.8,682.9,0.134
207,player,1023.7,285.4,1067.4,396.5,0.693
207,player,1265.6,443.5,1316.6,582.1,0.684
207,player,466.7,557.3,545.1,720.3,0.663
207,player,1475.6,491.5,1539.3,645.3,0.65
207,player,1685.7,710.7,1798.0,887.4,0.616
207,player,1700.2,533.5,1763.3,672.5,0.481
207,player,625.9,494.2,662.5,587.3,0.472
207,player,1145.7,462.9,1201.3,598.5,0.318
207,player,1708.4,532.5,1762.6,642.2,0.258
207,player,1711.4,533.3,1761.9,614.4,0.209
207,player,884.0,595.1,948.1,784.5,0.172
207,player,1269.2,445.4,1317.8,529.4,0.17
207,player,1761.8,286.2,1813.9,375.8,0.134
208,player,1023.8,283.6,1067.7,395.6,0.714
208,player,1265.5,444.2,1316.7,583.3,0.69
208,player,1687.2,708.7,1797.6,887.0,0.678
208,player,1475.7,490.6,1540.2,647.0,0.659
208,player,466.2,558.0,547.1,720.7,0.615
208,player,1700.6,533.0,1763.4,672.8,0.457
208,player,1148.2,463.6,1201.1,599.0,0.318
208,player,1708.5,531.7,1762.8,638.0,0.257
208,player,625.9,494.0,661.1,587.1,0.232
208,player,1712.1,533.0,1761.9,607.2,0.178
208,player,1268.4,446.4,1318.4,533.3,0.176
208,player,1761.3,286.3,1814.1,377.1,0.122
209,player,1023.7,283.3,1067.4,397.0,0.723
209,player,1476.7,488.0,1539.9,647.8,0.665
209,player,1686.8,706.3,1794.5,886.5,0.658
209,player,464.8,558.4,545.7,720.5,0.647
209,player,1264.2,444.3,1316.8,583.7,0.611
209,player,1701.3,533.1,1763.6,673.5,0.459
209,player,1708.7,531.8,1762.9,637.0,0.258
209,player,1149.8,462.3,1202.5,583.3,0.247
209,player,1712.2,532.9,1762.1,608.7,0.186
209,player,1268.0,446.5,1317.9,522.4,0.168
209,player,1761.2,286.1,1814.1,377.4,0.122
210,player,1023.6,282.1,1067.4,395.8,0.726
210,player,1263.2,444.0,1317.3,585.0,0.693
210,player,1473.2,488.3,1540.5,647.5,0.678
210,player,1687.1,706.1,1794.2,886.0,0.661
210,player,463.6,558.1,547.5,720.8,0.633
210,player,1702.8,533.1,1763.5,672.1,0.48
210,player,1150.6,462.8,1203.4,599.8,0.323
210,player,1708.1,531.5,1762.9,637.4,0.307
210,player,1710.9,532.8,1761.9,612.4,0.226
210,player,1267.1,446.5,1317.2,526.3,0.136
210,player,1761.6,286.1,1813.9,376.8,0.127
210,player,1156.1,462.1,1201.7,555.5,0.101
211,player,1024.0,280.4,1067.6,394.4,0.723
211,player,1264.1,443.3,1317.5,585.5,0.664
211,player,463.0,559.5,546.3,720.7,0.657
211,player,1686.9,705.6,1794.5,886.6,0.644
211,player,1472.3,488.4,1541.1,646.5,0.614
211,player,1705.0,531.5,1763.8,667.9,0.436
211,player,1150.4,463.1,1204.6,597.2,0.36
211,player,1709.7,529.1,1762.9,624.5,0.353
211,player,1713.6,529.8,1761.7,598.9,0.249
211,player,1268.1,446.0,1317.2,529.5,0.157
211,player,885.1,600.9,951.6,784.4,0.145
211,player,1761.4,286.3,1813.8,377.6,0.114
212,player,1024.3,280.4,1068.0,394.3,0.723
212,player,463.4,562.5,548.7,721.2,0.623
212,player,1266.0,445.4,1316.5,582.8,0.603
212,player,1687.0,704.7,1793.6,885.4,0.599
212,player,1704.1,531.2,1763.7,670.6,0.392
212,player,1472.2,485.8,1540.6,642.0,0.39
212,player,1149.9,463.6,1204.5,589.2,0.328
212,player,1710.1,529.0,1763.2,630.2,0.317
212,player,1483.8,485.6,1540.4,602.9,0.255
212,player,1713.6,531.8,1762.0,605.4,0.209
212,player,1267.8,445.8,1316.8,526.2,0.178
212,player,885.6,603.7,953.2,783.4,0.131
213,player,1024.0,281.0,1067.7,394.6,0.7
213,player,1686.4,703.1,1792.3,885.9,0.588
213,player,462.7,563.3,544.7,719.7,0.574
213,player,1266.7,443.3,1316.1,581.9,0.555
213,player,1472.2,488.3,1540.7,641.0,0.491
213,player,1702.1,531.3,1763.8,672.6,0.387
213,player,1482.3,487.2,1540.5,608.1,0.356
213,player,1149.3,463.6,1204.5,592.9,0.307
213,player,888.3,521.9,998.3,778.9,0.299
213,player,1710.7,529.0,1763.3,636.5,0.291
213,player,885.8,603.1,953.9,783.9,0.235
213,player,1268.5,444.2,1316.4,524.5,0.203
213,player,1715.0,530.0,1762.0,598.5,0.192
213,player,1761.1,286.2,1814.0,377.7,0.117
214,player,1023.2,280.8,1066.6,397.4,0.692
214,player,463.2,563.0,546.4,721.5,0.556
214,player,1261.9,442.7,1314.3,582.9,0.508
214,player,1472.2,486.9,1540.7,642.3,0.433
214,player,1686.5,703.5,1791.7,885.4,0.42
214,player,1265.5,443.5,1315.3,542.1,0.358
214,player,1704.1,531.0,1764.1,671.7,0.34
214,player,1149.5,463.1,1205.4,598.8,0.299
214,player,1711.4,529.2,1763.5,628.8,0.275
214,player,1716.0,530.4,1761.8,598.6,0.217
214,player,887.0,600.8,953.6,783.1,0.201
214,player,889.5,521.7,998.9,773.3,0.186
214,player,621.3,498.5,655.9,586.6,0.133
215,player,1023.1,280.7,1066.6,400.1,0.659
215,player,462.2,562.6,545.4,720.9,0.545
215,player,1258.9,443.5,1312.9,583.9,0.514
215,player,1686.1,703.0,1791.3,885.5,0.482
215,player,1474.5,486.1,1540.8,638.1,0.426
215,player,1704.4,532.4,1763.6,669.8,0.369
215,player,1264.6,444.1,1314.5,539.2,0.348
215,player,1148.7,463.3,1206.2,603.2,0.305
215,player,1710.1,530.3,1763.3,632.3,0.294
215,player,891.0,520.5,999.2,757.4,0.212
215,player,1713.6,533.2,1761.8,604.1,0.194
215,player,619.8,498.7,657.0,587.7,0.191
215,player,904.5,522.4,996.0,674.7,0.178
215,player,919.6,523.8,989.4,663.6,0.162
215,player,1483.0,483.2,1541.4,598.2,0.125
215,player,1761.7,286.0,1813.7,376.2,0.123
215,player,887.9,599.6,967.8,783.3,0.118
216,player,1023.3,279.5,1066.6,398.6,0.672
216,player,462.4,562.2,547.7,723.2,0.565
216,player,1255.4,443.1,1311.9,584.9,0.513
216,player,1467.7,487.9,1540.8,635.5,0.451
216,player,1703.6,532.2,1763.5,666.2,0.391
216,player,890.4,520.9,999.2,766.6,0.364
216,player,1147.2,462.7,1205.7,609.5,0.315
216,player,1263.1,442.5,1314.4,552.6,0.296
216,player,1709.5,530.6,1763.2,637.0,0.291
216,player,616.0,497.5,672.7,678.3,0.275
216,player,1713.5,533.3,1761.9,605.2,0.203
216,player,898.6,523.0,995.8,704.3,0.192
216,player,1266.9,443.7,1314.4,524.5,0.175
216,player,616.9,498.9,657.3,589.5,0.168
217,player,1023.1,278.6,1066.7,399.6,0.704
217,player,463.6,560.4,547.1,721.9,0.628
217,player,1466.8,486.9,1540.2,630.2,0.546
217,player,1261.1,442.7,1313.7,584.9,0.488
217,player,613.7,498.6,678.0,681.4,0.455
217,player,1698.8,528.8,1763.5,669.6,0.427
217,player,1146.8,462.0,1205.9,610.6,0.347
217,player,890.2,519.9,999.6,769.5,0.303
217,player,1263.8,442.5,1314.1,540.8,0.268
217,player,1710.0,526.6,1763.3,637.8,0.258
217,player,613.0,498.4,658.0,591.3,0.203
217,player,1714.4,527.8,1761.9,598.3,0.165
217,player,1680.4,705.7,1789.1,886.2,0.152
217,player,900.8,521.7,996.8,709.0,0.146
217,player,613.6,498.5,660.4,651.2,0.141
217,player,890.6,594.4,955.6,780.0,0.12
217,player,1482.2,483.3,1540.7,592.2,0.114
218,player,464.8,560.0,547.5,722.3,0.716
218,player,1024.2,277.9,1067.5,397.1,0.674
218,player,1259.1,441.7,1312.1,585.4,0.669
218,player,611.5,500.6,679.3,682.3,0.66
218,player,1465.1,488.1,1539.7,629.5,0.467
218,player,1698.2,531.0,1763.7,673.6,0.416
218,player,1144.7,460.6,1205.7,605.1,0.344
218,player,1710.0,529.8,1763.4,638.6,0.23
218,player,1680.0,703.5,1785.3,885.3,0.225
218,player,1263.3,441.4,1312.6,549.9,0.193
218,player,1483.6,484.0,1539.9,592.8,0.158
218,player,1714.3,530.3,1762.1,599.2,0.147
218,player,1268.2,442.2,1312.2,525.6,0.129
218,player,890.6,518.6,1000.3,774.9,0.12
219,player,464.3,558.0,549.0,721.4,0.745
219,player,609.8,499.7,679.9,683.1,0.717
219,player,1023.9,278.0,1067.5,396.7,0.678
219,player,1144.9,460.1,1205.6,602.5,0.668
219,player,1255.5,441.6,1311.3,584.6,0.589
219,player,1481.0,483.0,1540.8,608.3,0.43
219,player,1462.6,485.5,1540.5,624.8,0.381
219,player,1702.9,530.3,1764.0,673.5,0.363
219,player,893.5,520.0,1000.6,764.3,0.312
219,player,1677.5,701.8,1784.9,884.2,0.305
219,player,1710.4,528.8,1763.4,632.9,0.293
219,player,1715.3,530.1,1761.8,600.2,0.246
219,player,1269.3,442.3,1311.6,519.6,0.185
219,player,914.3,518.5,997.5,731.4,0.144
220,player,465.1,556.8,548.4,721.6,0.749
220,player,604.6,498.9,679.5,683.2,0.742
220,player,1144.6,461.9,1204.0,609.9,0.708
220,player,1023.2,277.3,1067.0,397.5,0.691
220,player,1256.8,441.4,1310.1,585.8,0.589
220,player,1703.8,531.4,1763.9,674.1,0.383
220,player,1478.4,483.3,1540.1,609.1,0.361
220,player,894.0,520.1,1000.0,764.8,0.315
220,player,1709.6,530.8,1763.1,639.1,0.3
220,player,1678.2,701.5,1785.0,884.8,0.254
220,player,1714.6,531.3,1761.4,600.3,0.249
220,player,1460.4,480.9,1540.5,633.8,0.204
220,player,917.8,519.5,996.3,728.0,0.196
221,player,601.0,498.7,678.1,683.1,0.788
221,player,1143.0,461.8,1204.3,612.2,0.755
221,player,465.5,556.3,548.1,721.7,0.753
221,player,1023.1,278.0,1067.9,394.1,0.667
221,player,1253.6,442.1,1309.4,584.1,0.599
221,player,895.3,520.8,999.8,763.4,0.377
221,player,1704.9,531.1,1764.2,673.2,0.373
221,player,1466.7,485.6,1540.5,607.0,0.365
221,player,1709.7,530.2,1763.5,631.1,0.311
221,player,1713.9,530.7,1761.9,602.4,0.307
221,player,919.9,521.2,995.7,724.1,0.253
221,player,1485.4,480.4,1540.6,583.0,0.22
221,player,890.7,593.7,958.9,782.7,0.152
221,player,1453.6,482.9,1539.7,636.0,0.138
222,player,598.3,498.0,676.9,683.0,0.756
222,player,465.7,556.3,548.3,721.7,0.753
222,player,1142.0,457.5,1204.6,611.6,0.734
222,player,1023.0,277.5,1067.9,396.0,0.659
222,player,926.0,518.2,997.6,758.3,0.455
222,player,891.3,592.5,956.7,777.7,0.425
222,player,1253.8,440.5,1306.6,582.4,0.395
222,player,1704.0,530.5,1763.5,674.2,0.387
222,player,1467.8,486.0,1540.6,604.8,0.356
222,player,1714.5,530.1,1761.5,602.3,0.3
222,player,1709.8,529.1,1763.1,634.7,0.297
222,player,1486.2,480.7,1540.7,581.3,0.227
222,player,1270.1,440.0,1304.7,511.5,0.206
222,player,895.8,519.4,1001.5,770.5,0.171
222,player,1453.7,483.4,1539.7,635.2,0.147
223,player,465.5,555.6,547.5,721.0,0.745
223,player,594.8,495.5,677.3,683.4,0.742
223,player,1023.2,277.4,1067.7,392.6,0.675
223,player,1140.6,455.5,1204.4,613.8,0.66
223,player,890.0,591.3,956.0,782.1,0.583
223,player,932.7,520.7,995.5,753.5,0.428
223,player,1706.0,531.1,1763.0,669.8,0.405
223,player,1471.6,486.5,1540.5,603.8,0.363
223,player,1271.0,439.0,1302.3,511.1,0.33
223,player,1712.9,530.5,1761.0,603.7,0.312
223,player,1260.9,439.7,1303.4,521.4,0.286
223,player,1145.9,458.3,1204.5,550.7,0.278
223,player,922.1,522.8,993.4,708.4,0.275
223,player,1488.8,481.3,1540.5,578.0,0.257
223,player,924.9,525.1,987.0,654.2,0.224
223,player,892.4,590.9,953.7,727.1,0.152
223,player,1680.8,703.2,1783.7,889.3,0.152
223,player,1454.0,483.9,1539.2,633.8,0.145
223,player,1264.7,439.6,1305.3,567.2,0.138
223,player,1574.5,632.8,1657.0,759.7,0.115
223,player,926.5,524.9,973.8,614.6,0.114
223,player,1761.8,286.4,1814.2,377.2,0.11
223,player,1254.0,443.0,1303.3,583.7,0.104
223,player,893.5,534.6,998.0,756.9,0.101
224,player,590.4,498.2,677.9,683.2,0.743
224,player,465.1,553.1,546.9,721.3,0.73
224,player,1139.3,454.9,1203.7,611.7,0.721
224,player,1023.2,277.6,1067.4,391.9,0.647
224,player,1252.2,439.4,1303.7,581.3,0.534
224,player,1461.2,485.5,1540.3,615.8,0.455
224,player,1483.1,483.7,1540.3,603.3,0.423
224,player,925.0,520.2,998.1,755.0,0.394
224,player,1705.1,530.0,1762.5,671.4,0.381
224,player,887.8,590.5,957.6,773.3,0.369
224,player,1714.0,529.4,1760.5,600.2,0.301
224,player,1676.4,700.2,1784.3,892.8,0.224
224,player,1263.6,439.8,1302.1,534.4,0.212
224,player,925.6,524.9,983.5,644.6,0.152
224,player,891.3,521.4,996.9,766.1,0.148
224,player,593.4,504.9,660.6,672.2,0.138
224,player,1575.0,633.0,1656.2,760.4,0.121
224,player,0.0,639.6,42.6,757.0,0.115
225,player,588.2,500.5,680.7,686.0,0.76
225,player,1138.6,455.0,1204.6,613.7,0.746
225,player,464.8,554.0,548.2,720.9,0.738
225,player,1022.8,277.9,1067.4,393.5,0.614
225,player,1253.4,438.9,1302.0,582.8,0.463
225,player,1468.6,485.3,1540.2,603.2,0.437
225,player,922.5,517.9,997.5,756.5,0.394
225,player,1704.4,529.6,1762.7,673.3,0.372
225,player,890.1,589.6,959.0,772.1,0.291
225,player,1485.1,481.8,1540.5,586.2,0.274
225,player,1261.8,439.4,1300.9,563.3,0.253
225,player,1715.4,529.4,1760.4,599.7,0.239
225,player,1268.3,439.7,1299.8,513.2,0.235
225,player,0.0,637.9,42.5,756.9,0.198
225,player,1454.8,483.2,1539.0,633.7,0.183
225,player,1671.8,702.7,1783.8,893.1,0.169
225,player,891.6,520.3,999.0,764.8,0.168
225,player,926.5,523.9,986.1,645.0,0.16
225,player,1144.7,463.2,1204.0,544.9,0.154
225,player,592.6,509.1,663.4,671.9,0.141
225,player,889.9,591.4,951.4,731.8,0.124
226,player,586.1,499.7,681.2,685.3,0.815
226,player,463.6,552.4,548.0,720.4,0.744
226,player,1137.6,455.9,1204.0,612.1,0.705
226,player,1023.0,278.1,1067.2,392.8,0.634
226,player,1704.4,529.7,1761.8,673.3,0.371
226,player,1471.1,485.4,1540.4,604.3,0.341
226,player,1486.0,485.0,1540.1,588.7,0.335
226,player,1255.7,439.0,1300.6,581.9,0.329
226,player,904.7,517.4,998.8,758.9,0.311
226,player,889.6,586.7,963.9,773.4,0.264
226,player,1140.1,457.4,1204.1,556.7,0.259
226,player,1268.7,439.3,1297.2,514.8,0.253
226,player,923.6,521.2,993.9,720.1,0.251
226,player,0.0,639.4,41.6,757.3,0.231
226,player,1716.7,529.4,1759.6,599.0,0.228
226,player,0.0,640.5,26.6,754.8,0.156
226,player,926.5,524.1,984.3,642.6,0.151
226,player,1463.0,481.0,1540.5,634.8,0.151
226,player,888.4,592.0,948.9,746.4,0.105
227,player,585.9,497.6,681.9,686.3,0.791
227,player,467.8,551.2,549.1,721.1,0.738
227,player,1133.8,455.8,1206.9,612.5,0.626
227,player,1023.0,278.6,1066.9,391.4,0.609
227,player,1253.4,438.0,1300.4,580.7,0.457
227,player,1260.0,438.2,1298.3,537.6,0.436
227,player,1704.6,529.1,1761.8,671.5,0.411
227,player,1475.7,485.2,1540.2,595.9,0.374
227,player,1487.0,485.0,1540.0,575.4,0.36
227,player,886.9,584.9,955.3,777.2,0.354
227,player,915.8,516.9,998.3,759.5,0.34
227,player,1714.3,529.1,1759.8,599.1,0.212
227,player,924.6,523.6,992.5,722.0,0.197
227,player,1467.8,481.4,1540.7,625.6,0.195
227,player,1137.7,464.0,1206.0,545.4,0.175
227,player,888.7,591.4,942.7,748.8,0.14
227,player,0.0,641.1,41.8,757.6,0.135
227,player,1761.6,285.9,1814.2,377.1,0.108
227,player,1574.7,634.2,1652.2,761.4,0.107
227,player,926.6,524.1,981.0,638.9,0.106
228,player,468.2,550.9,549.3,721.0,0.753
228,player,585.2,496.7,679.5,684.1,0.742
228,player,1023.3,278.5,1066.9,392.6,0.634
228,player,1133.2,451.3,1207.5,608.4,0.587
228,player,1702.3,529.2,1761.8,673.1,0.45
228,player,1462.7,485.5,1539.7,628.9,0.416
228,player,887.2,582.9,956.2,771.5,0.407
228,player,915.8,517.0,998.1,757.0,0.335
228,player,1484.4,485.2,1539.6,584.8,0.287
228,player,1254.8,435.0,1299.1,568.1,0.277
228,player,1263.3,436.6,1296.4,522.8,0.243
228,player,0.0,640.0,41.1,757.7,0.187
228,player,1713.7,529.3,1760.0,599.2,0.174
228,player,1136.8,462.1,1207.3,541.9,0.169
228,player,1241.7,436.9,1300.2,582.1,0.143
228,player,888.7,591.5,941.4,748.0,0.126
228,player,0.0,640.5,24.0,755.3,0.118
228,player,924.8,521.2,994.2,687.7,0.117
228,player,1666.2,698.5,1781.2,892.8,0.108
228,player,926.3,522.9,983.4,638.2,0.104
229,player,586.2,498.4,679.3,686.7,0.757
229,player,468.4,552.2,549.2,719.5,0.75
229,player,1023.5,278.0,1066.7,390.7,0.643
229,player,1465.4,484.8,1539.7,633.7,0.46
229,player,1699.9,528.6,1761.8,674.7,0.458
229,player,886.6,587.3,954.6,778.1,0.442
229,player,1248.9,434.9,1298.7,580.9,0.402
229,player,1132.5,452.4,1211.4,603.2,0.4
229,player,1136.9,454.2,1208.1,570.0,0.389
229,player,1256.6,435.8,1296.1,547.5,0.38
229,player,932.1,517.6,996.1,755.3,0.335
229,player,1480.4,484.6,1539.9,614.0,0.331
229,player,1137.5,454.1,1209.0,535.0,0.227
229,player,1709.1,529.7,1760.4,620.5,0.177
229,player,887.5,590.5,937.6,741.9,0.176
229,player,0.0,642.7,42.2,757.7,0.173
229,player,0.0,642.2,26.8,754.9,0.146
229,player,1486.3,481.7,1539.7,572.4,0.128
229,player,925.1,523.6,990.3,707.1,0.113
229,player,888.8,519.8,998.5,766.5,0.113
229,player,1663.6,699.8,1781.0,892.5,0.102
230,player,584.9,502.4,675.7,687.4,0.815
230,player,469.1,551.6,548.8,719.7,0.76
230,player,1023.5,277.6,1066.8,391.7,0.641
230,player,884.9,587.5,957.6,781.0,0.592
230,player,1249.5,435.4,1297.1,581.2,0.491
230,player,1466.9,486.6,1539.2,620.4,0.457
230,player,1697.6,528.4,1760.5,676.4,0.436
230,player,1136.2,452.3,1212.4,598.7,0.406
230,player,1254.8,435.7,1293.0,553.0,0.359
230,player,932.4,519.4,995.2,754.0,0.351
230,player,1139.1,454.5,1205.1,568.1,0.326
230,player,1482.7,486.3,1538.7,599.4,0.315
230,player,1706.0,526.6,1760.5,643.5,0.254
230,player,1139.9,455.6,1209.4,534.1,0.214
230,player,1716.5,528.6,1759.3,599.6,0.166
230,player,1487.9,484.0,1538.6,571.8,0.162
230,player,0.0,640.1,42.2,758.2,0.154
230,player,885.7,588.4,936.9,748.4,0.152
230,player,922.8,521.3,995.0,687.6,0.143
230,player,925.0,523.0,982.0,640.7,0.123
230,player,887.4,584.8,956.2,728.9,0.114
231,player,583.9,500.0,671.0,686.9,0.779
231,player,471.2,549.7,548.4,721.0,0.734
231,player,1023.5,276.8,1067.0,389.7,0.678
231,player,883.2,586.9,959.8,783.5,0.518
231,player,1704.1,528.2,1760.9,674.7,0.42
231,player,1247.5,436.6,1296.7,584.2,0.378
231,player,1137.2,454.2,1212.2,579.1,0.36
231,player,933.3,519.1,995.4,755.2,0.358
231,player,1468.5,487.2,1539.2,613.5,0.317
231,player,1480.3,486.2,1539.0,588.1,0.281
231,player,1714.2,527.9,1759.5,601.4,0.252
231,player,1251.1,435.3,1291.9,553.4,0.183
231,player,0.0,638.6,41.7,758.4,0.179
231,player,1761.1,286.6,1814.1,377.8,0.133
231,player,922.8,520.2,994.7,699.7,0.13
231,player,885.0,587.9,941.5,752.4,0.124
231,player,1457.1,486.3,1539.3,643.6,0.103
231,player,925.0,523.1,984.9,644.5,0.1
232,player,584.4,503.0,664.7,687.2,0.716
232,player,468.1,550.5,545.6,718.0,0.701
232,player,1022.8,277.1,1066.8,392.5,0.655
232,player,1705.6,530.0,1759.9,672.9,0.464
232,player,1246.0,438.1,1293.7,579.5,0.434
232,player,1486.5,485.3,1541.4,580.9,0.371
232,player,914.1,519.6,997.6,757.1,0.356
232,player,1466.4,485.1,1541.8,602.8,0.343
232,player,885.5,585.5,959.3,778.3,0.339
232,player,1135.5,453.9,1212.3,573.6,0.262
232,player,1760.0,286.2,1814.0,383.7,0.212
232,player,1250.4,436.4,1289.7,528.4,0.211
232,player,0.0,635.5,31.1,753.5,0.203
232,player,923.0,526.8,978.4,708.0,0.174
232,player,0.1,635.4,44.6,755.2,0.152
232,player,1717.4,530.7,1759.3,597.8,0.15
232,player,1452.0,485.1,1549.8,642.1,0.107
232,player,1660.9,704.0,1778.8,896.8,0.105
232,player,924.6,525.0,974.8,653.7,0.102
233,player,585.8,502.9,664.3,686.8,0.777
233,player,470.9,545.2,546.6,717.1,0.676
233,player,1023.1,277.0,1066.8,392.2,0.653
233,player,1244.6,435.7,1290.5,575.5,0.6
233,player,1705.6,528.9,1760.6,672.2,0.459
233,player,926.9,517.8,996.8,754.9,0.403
233,player,1488.0,484.7,1541.4,587.8,0.381
233,player,1462.0,484.6,1541.8,604.8,0.373
233,player,1136.3,452.7,1213.9,572.0,0.272
233,player,895.1,518.4,999.8,758.6,0.25
233,player,884.7,585.3,967.2,777.4,0.211
233,player,1758.0,286.3,1813.9,399.7,0.188
233,player,924.0,522.7,985.5,705.8,0.184
233,player,0.0,638.0,30.3,753.8,0.151
233,player,1661.6,704.0,1778.1,895.8,0.129
233,player,1451.3,484.5,1542.5,641.8,0.126
233,player,0.1,637.1,44.0,755.3,0.123
233,player,1719.1,529.8,1759.6,596.8,0.122
233,player,924.9,524.0,973.2,643.7,0.105
233,player,926.0,523.3,967.0,619.7,0.103
233,player,1681.8,706.3,1777.2,866.8,0.1
234,player,586.2,503.4,665.0,687.5,0.776
234,player,472.5,546.4,545.7,715.7,0.681
234,player,1023.1,277.2,1066.6,392.2,0.635
234,player,1241.7,432.9,1291.7,577.7,0.597
234,player,930.1,518.0,996.0,754.8,0.475
234,player,1705.3,529.2,1759.7,672.2,0.47
234,player,1137.2,451.9,1207.2,605.5,0.441
234,player,1456.3,485.0,1540.7,619.1,0.423
234,player,1485.9,484.3,1541.0,596.8,0.378
234,player,1138.9,454.8,1207.3,564.0,0.346
234,player,1245.8,433.7,1288.5,534.1,0.314
234,player,924.3,523.1,989.0,706.4,0.261
234,player,902.8,518.2,999.0,754.2,0.258
234,player,1759.7,286.3,1814.2,383.8,0.196
234,player,925.5,524.1,974.3,654.4,0.162
234,player,926.6,518.8,997.2,668.5,0.155
234,player,927.6,523.8,967.7,620.9,0.148
234,player,880.6,585.7,952.3,780.3,0.145
234,player,1660.0,705.1,1778.5,897.1,0.137
234,player,1718.2,529.8,1759.3,597.6,0.124
234,player,885.0,584.8,948.5,717.1,0.119
234,player,1681.9,706.2,1776.6,867.1,0.102
235,player,585.6,501.9,663.6,687.1,0.772
235,player,1023.1,277.4,1066.5,393.3,0.646
235,player,474.9,545.0,545.2,718.7,0.62
235,player,1240.0,433.5,1294.5,583.4,0.597
235,player,1456.9,485.2,1540.4,622.8,0.501
235,player,1137.5,453.6,1206.8,606.1,0.493
235,player,1704.7,529.0,1759.2,671.7,0.482
235,player,1485.4,484.8,1540.6,600.3,0.432
235,player,924.5,517.9,997.5,742.5,0.427
235,player,1244.2,433.9,1287.8,531.2,0.269
235,player,1760.1,286.2,1814.4,382.3,0.194
235,player,925.0,525.2,972.8,674.8,0.167
235,player,883.4,584.0,941.8,702.1,0.143
235,player,1716.9,529.7,1758.8,597.2,0.117
235,player,927.0,524.5,967.0,618.5,0.117
236,player,586.6,502.6,662.5,686.7,0.784
236,player,475.1,542.6,545.6,716.0,0.645
236,player,1023.1,278.1,1066.4,395.0,0.631
236,player,1240.3,433.3,1291.2,584.1,0.6
236,player,1458.2,485.2,1539.9,631.4,0.554
236,player,1702.6,528.2,1759.6,670.6,0.542
236,player,1139.1,454.9,1207.3,603.7,0.473
236,player,923.4,516.1,998.1,737.4,0.46
236,player,1481.4,484.7,1540.1,604.5,0.41
236,player,1241.7,432.9,1289.4,546.1,0.405
236,player,1490.4,483.3,1539.9,576.9,0.234
236,player,1760.7,286.3,1814.2,380.0,0.196
236,player,924.9,523.1,973.1,660.7,0.155
236,player,926.0,516.1,997.9,670.7,0.151
236,player,1668.6,711.1,1776.4,891.0,0.146
236,player,926.6,522.9,967.7,617.8,0.133
236,player,882.2,583.8,942.6,703.9,0.114
236,player,1713.4,528.8,1759.1,598.0,0.112
236,player,1685.3,714.2,1775.3,859.2,0.109
237,player,586.5,502.3,663.7,686.2,0.808
237,player,1022.8,278.3,1066.4,394.3,0.632
237,player,1457.9,485.7,1540.2,629.2,0.568
237,player,477.2,542.6,542.9,717.5,0.525
237,player,1703.1,527.4,1759.5,672.0,0.522
237,player,1139.5,454.9,1207.6,605.2,0.493
237,player,1243.2,434.2,1286.3,550.8,0.464
237,player,919.0,517.2,997.7,734.6,0.443
237,player,1240.1,433.6,1290.3,581.3,0.429
237,player,479.6,542.1,534.3,688.2,0.411
237,player,1476.2,485.0,1540.3,613.3,0.401
237,player,1491.9,483.3,1540.2,583.3,0.168
237,player,1760.8,286.3,1814.6,378.6,0.151
237,player,1662.7,709.0,1776.0,894.6,0.147
237,player,889.1,517.0,997.8,753.5,0.146
237,player,926.1,523.3,968.2,619.3,0.116
237,player,882.1,582.5,937.5,699.5,0.116
237,player,926.0,516.9,997.1,666.4,0.107
237,player,1682.6,712.7,1774.8,867.0,0.101
238,player,586.0,503.3,663.1,686.3,0.771
238,player,1023.2,278.2,1066.3,395.3,0.627
238,player,1457.4,485.1,1540.4,631.5,0.587
238,player,923.7,516.8,997.1,732.0,0.579
238,player,478.8,540.3,538.5,702.6,0.579
238,player,1701.3,527.5,1759.3,673.0,0.534
238,player,1139.6,456.4,1202.4,588.5,0.527
238,player,1243.4,434.9,1285.1,529.6,0.467
238,player,1480.0,484.4,1540.4,614.0,0.398
238,player,880.6,579.9,934.6,709.5,0.289
238,player,1239.6,434.7,1289.5,581.9,0.251
238,player,1492.7,482.9,1540.2,580.7,0.177
238,player,1144.1,455.3,1201.2,558.8,0.165
238,player,925.7,523.8,978.7,710.5,0.149
238,player,1658.8,709.2,1777.2,896.7,0.139
238,player,1758.0,286.2,1814.5,398.3,0.126
238,player,1712.8,527.1,1759.2,599.6,0.111
239,player,584.9,503.6,662.0,685.3,0.712
239,player,922.1,517.6,995.0,738.8,0.625
239,player,476.6,540.8,537.4,696.8,0.61
239,player,1022.9,278.3,1066.4,394.2,0.609
239,player,1457.7,484.2,1540.7,628.4,0.578
239,player,1702.9,527.5,1759.2,672.7,0.504
239,player,1242.0,435.7,1284.8,536.5,0.473
239,player,1141.8,458.2,1194.0,581.1,0.428
239,player,1482.5,483.8,1540.7,611.9,0.423
239,player,877.3,581.7,930.5,715.1,0.397
239,player,1237.9,435.0,1288.7,579.3,0.311
239,player,1135.0,454.4,1201.3,604.4,0.294
239,player,585.9,504.3,651.9,648.5,0.271
239,player,1145.6,457.2,1190.7,536.7,0.187
239,player,1493.3,482.3,1540.6,581.2,0.182
239,player,1758.0,286.2,1814.5,397.5,0.133
239,player,923.7,524.3,981.7,693.8,0.12
240,player,587.2,504.3,661.9,683.4,0.7
240,player,921.8,516.8,995.5,745.8,0.627
240,player,1022.8,278.7,1066.5,393.2,0.606
240,player,477.5,539.6,540.6,702.1,0.604
240,player,1457.9,484.2,1541.0,627.4,0.604
240,player,1240.4,435.2,1285.1,560.1,0.583
240,player,1703.1,526.9,1759.2,672.8,0.534
240,player,1483.2,483.7,1541.1,612.4,0.447
240,player,1142.7,458.2,1196.1,567.7,0.398
240,player,876.9,580.1,928.5,706.2,0.343
240,player,1139.7,454.5,1202.3,602.2,0.256
240,player,1145.9,457.2,1192.3,544.3,0.234
240,player,1492.9,482.0,1541.1,581.1,0.189
240,player,1658.7,710.9,1772.9,896.7,0.14
240,player,1758.1,285.8,1814.3,397.0,0.126
240,player,1712.3,526.8,1759.3,607.3,0.112
240,player,1574.5,638.0,1649.6,758.0,0.102
241,player,588.6,504.9,662.1,680.4,0.76
241,player,1023.1,279.3,1066.9,394.1,0.626
241,player,927.0,516.7,996.1,745.6,0.604
241,player,479.8,539.7,537.6,687.7,0.591
241,player,1456.6,483.7,1541.1,626.1,0.539
241,player,1703.9,526.4,1759.0,674.3,0.514
241,player,1240.2,435.1,1284.1,539.1,0.512
241,player,1136.4,457.9,1200.0,575.4,0.478
241,player,1493.2,483.5,1540.9,602.8,0.443
241,player,1237.7,434.2,1288.3,578.9,0.406
241,player,875.9,578.5,929.6,707.6,0.367
241,player,1659.1,709.3,1770.6,895.6,0.281
241,player,1496.2,482.2,1540.8,573.0,0.246
241,player,1142.1,458.1,1191.2,556.8,0.23
241,player,1761.3,286.5,1814.4,378.3,0.131
241,player,1481.9,481.8,1541.1,580.8,0.124
241,player,928.6,518.2,994.7,669.3,0.124
241,player,1574.9,637.8,1649.3,758.3,0.12
241,player,475.4,539.9,546.7,719.9,0.107
242,player,587.8,505.0,662.2,680.1,0.74
242,player,926.2,516.5,996.5,745.2,0.642
242,player,1022.9,279.2,1066.7,393.3,0.623
242,player,1703.3,527.7,1758.9,672.9,0.565
242,player,479.6,539.6,535.4,675.2,0.556
242,player,1239.4,435.6,1283.8,561.9,0.535
242,player,1135.7,457.3,1197.7,595.3,0.514
242,player,1456.0,482.7,1541.2,620.2,0.478
242,player,1494.6,482.3,1541.1,597.9,0.448
242,player,878.5,576.4,932.1,708.5,0.321
242,player,1656.9,709.0,1770.6,897.0,0.246
242,player,1143.7,458.7,1190.4,552.0,0.191
242,player,1240.8,433.0,1286.1,530.0,0.146
242,player,1481.3,480.8,1541.4,580.8,0.146
242,player,1760.9,286.4,1814.5,379.4,0.145
242,player,926.6,544.0,990.3,719.1,0.136
242,player,874.9,576.2,941.8,735.0,0.105
242,player,1709.2,527.1,1759.2,613.8,0.103
243,player,1133.7,456.0,1197.5,607.9,0.758
243,player,587.9,505.3,660.5,679.3,0.713
243,player,1023.2,279.5,1067.0,392.0,0.636
243,player,479.7,539.8,536.4,680.5,0.597
243,player,925.7,516.3,995.9,742.2,0.594
243,player,1704.8,528.3,1758.9,672.3,0.562
243,player,1237.8,434.6,1284.1,571.7,0.514
243,player,872.3,577.2,932.2,706.1,0.433
243,player,1241.3,434.2,1283.3,525.4,0.423
243,player,1460.0,482.4,1541.1,607.3,0.414
243,player,1498.1,481.9,1540.4,584.1,0.41
243,player,1654.1,713.5,1769.7,895.0,0.33
243,player,1451.2,482.8,1542.0,641.6,0.219
243,player,1760.8,286.2,1814.1,379.8,0.156
243,player,1141.2,458.3,1190.7,561.1,0.155
243,player,1480.8,480.5,1541.1,577.8,0.145
243,player,928.4,525.4,976.5,669.9,0.14
243,player,871.4,577.2,944.4,736.1,0.128
243,player,1709.2,527.3,1759.3,615.4,0.107
244,player,1132.7,454.9,1195.4,610.5,0.745
244,player,1023.2,279.5,1067.0,391.6,0.629
244,player,588.3,505.7,658.9,676.2,0.621
244,player,1703.7,529.8,1758.7,670.6,0.594
244,player,480.4,541.0,536.8,674.5,0.573
244,player,1238.1,433.0,1283.6,572.0,0.516
244,player,925.4,515.9,996.2,738.4,0.493
244,player,1242.0,433.3,1282.9,524.0,0.446
244,player,1498.5,483.1,1539.9,582.7,0.408
244,player,1461.2,484.5,1540.7,605.7,0.405
244,player,1655.0,715.8,1767.9,893.8,0.327
244,player,479.6,541.0,543.4,712.2,0.324
244,player,872.2,576.2,933.5,718.5,0.302
244,player,928.6,519.1,995.4,676.8,0.287
244,player,928.7,523.4,982.0,656.3,0.239
244,player,1760.8,286.2,1813.7,381.1,0.22
244,player,1451.2,483.6,1544.1,641.1,0.183
244,player,1481.1,481.2,1540.8,577.5,0.148
244,player,1675.2,718.3,1765.0,858.7,0.145
244,player,882.7,519.0,996.1,754.6,0.138
244,player,1140.8,458.2,1190.1,570.4,0.121
244,player,588.1,507.8,646.5,644.5,0.12
244,player,1705.9,528.4,1758.9,631.2,0.119
245,player,1131.9,458.4,1195.4,609.6,0.74
245,player,588.2,505.3,657.8,677.9,0.661
245,player,1023.1,280.1,1067.1,392.4,0.616
245,player,921.0,516.6,997.0,740.9,0.608
245,player,1703.7,529.6,1758.8,672.5,0.593
245,player,480.7,540.5,536.0,674.9,0.577
245,player,1236.0,434.2,1283.9,579.3,0.571
245,player,1241.1,433.8,1282.7,534.3,0.493
245,player,871.2,575.7,930.1,721.4,0.463
245,player,1459.2,482.9,1541.1,606.1,0.442
245,player,1498.7,482.3,1540.3,587.9,0.418
245,player,1655.5,714.5,1770.3,892.9,0.343
245,player,925.8,523.9,988.9,711.9,0.298
245,player,928.3,524.7,978.8,662.6,0.203
245,player,1479.0,480.0,1541.1,581.8,0.194
245,player,1671.0,718.2,1766.5,860.4,0.191
245,player,1761.2,286.3,1814.1,379.7,0.144
245,player,1139.9,461.2,1191.4,580.7,0.126
245,player,588.1,507.8,647.5,623.7,0.108
246,player,1132.6,458.5,1195.1,609.2,0.774
246,player,588.1,504.5,658.2,676.8,0.735
246,player,1236.1,434.5,1283.5,575.6,0.647
246,player,1023.0,279.9,1067.4,392.3,0.609
246,player,479.9,540.5,546.6,697.0,0.586
246,player,1699.7,529.0,1759.1,673.7,0.583
246,player,920.4,516.2,996.2,742.2,0.572
246,player,1454.5,484.2,1540.8,614.5,0.521
246,player,1497.2,482.8,1540.6,595.2,0.427
246,player,869.8,575.9,934.6,708.9,0.417
246,player,1655.1,713.2,1771.6,891.1,0.401
246,player,480.6,541.4,531.6,673.4,0.401
246,player,889.6,517.9,996.3,748.7,0.265
246,player,927.1,519.1,995.6,689.6,0.247
246,player,1477.0,480.3,1541.2,585.4,0.186
246,player,1761.3,286.1,1814.1,378.9,0.132
247,player,588.4,505.0,657.7,675.9,0.736
247,player,1132.6,457.4,1194.9,607.5,0.688
247,player,921.7,516.2,997.2,736.1,0.67
247,player,1238.7,433.7,1282.4,571.8,0.658
247,player,1023.6,280.1,1067.1,391.0,0.614
247,player,1700.1,528.4,1759.2,673.8,0.609
247,player,480.1,540.5,550.3,695.7,0.595
247,player,1455.2,483.3,1540.8,616.6,0.544
247,player,481.7,540.5,535.5,673.3,0.541
247,player,1651.3,712.8,1771.3,890.7,0.49
247,player,869.1,576.0,929.9,706.7,0.483
247,player,1498.3,482.3,1540.4,595.6,0.437
247,player,927.5,517.9,996.2,683.3,0.266
247,player,1475.6,479.9,1541.1,587.8,0.211
247,player,1761.7,286.2,1814.3,377.9,0.139
247,player,1594.1,525.5,1763.4,745.6,0.1
248,player,588.4,506.4,657.4,675.6,0.802
248,player,920.1,515.6,996.9,737.0,0.691
248,player,1132.6,460.5,1194.9,607.7,0.655
248,player,1023.4,280.2,1066.8,391.6,0.638
248,player,1237.4,433.1,1282.9,576.6,0.635
248,player,480.8,540.1,553.7,703.9,0.632
248,player,1701.6,528.8,1759.2,664.2,0.561
248,player,1455.6,484.3,1540.4,615.6,0.508
248,player,1649.1,710.7,1771.1,892.6,0.468
248,player,1498.9,482.8,1539.8,598.0,0.448
248,player,480.8,540.0,539.3,682.6,0.39
248,player,868.7,574.9,926.4,704.0,0.321
248,player,1141.0,462.9,1191.1,578.6,0.239
248,player,1476.7,480.3,1541.0,592.3,0.2
248,player,926.4,527.4,979.2,683.5,0.122
248,player,1762.5,286.3,1814.4,376.0,0.102
248,player,1583.7,526.1,1763.0,751.3,0.101
249,player,588.0,506.5,658.0,676.3,0.744
249,player,1132.2,459.0,1196.5,607.4,0.713
249,player,919.1,516.4,997.0,738.4,0.679
249,player,1237.5,433.7,1283.2,577.0,0.672
249,player,1023.2,280.3,1067.3,391.2,0.625
249,player,1456.6,483.5,1540.7,612.4,0.571
249,player,480.6,539.8,545.3,685.7,0.562
249,player,1701.0,530.3,1759.2,664.5,0.541
249,player,1491.5,482.5,1540.4,601.4,0.488
249,player,1644.7,710.7,1770.7,894.8,0.411
249,player,867.2,575.2,922.2,699.1,0.361
249,player,925.7,526.4,978.2,703.2,0.133
249,player,1139.8,463.1,1194.1,572.2,0.117
249,player,1762.2,286.2,1814.4,376.5,0.109
249,player,1606.7,527.4,1762.9,741.1,0.103
250,player,589.0,503.6,657.8,676.0,0.744
250,player,1133.4,459.2,1195.8,608.0,0.706
250,player,917.6,516.8,996.3,739.3,0.66
250,player,1237.8,433.8,1283.5,575.4,0.644
250,player,480.7,539.4,533.9,674.4,0.614
250,player,1022.8,280.4,1067.3,392.8,0.598
250,player,1701.2,531.3,1758.6,664.5,0.54
250,player,1456.6,483.8,1540.7,613.5,0.518
250,player,1494.7,482.3,1540.4,600.7,0.467
250,player,864.8,576.4,917.6,701.2,0.451
250,player,1641.5,710.8,1768.0,897.9,0.287
250,player,1476.4,480.3,1541.2,597.6,0.234
250,player,924.5,529.4,978.2,710.9,0.123
250,player,477.8,539.1,548.5,698.8,0.108
251,player,589.3,500.3,658.1,676.2,0.779
251,player,1133.6,458.5,1197.3,608.4,0.753
251,player,1237.1,433.3,1284.2,576.7,0.683
251,player,918.5,517.6,996.8,740.0,0.642
251,player,481.5,538.7,531.0,673.6,0.592
251,player,1022.7,280.7,1067.3,391.2,0.573
251,player,1702.8,532.7,1757.8,662.3,0.571
251,player,1457.0,483.5,1540.7,611.9,0.492
251,player,1494.9,482.3,1540.5,599.9,0.48
251,player,479.9,539.6,543.0,704.6,0.307
251,player,865.2,578.3,914.1,699.1,0.276
251,player,1476.1,480.3,1541.2,598.1,0.268
251,player,1642.1,710.4,1767.4,898.2,0.234
251,player,1603.3,529.4,1761.4,745.4,0.103
251,player,925.1,529.5,975.9,695.4,0.103
252,player,589.4,498.9,658.1,676.8,0.731
252,player,1136.3,459.8,1197.2,609.9,0.711
252,player,1237.3,434.1,1286.3,578.0,0.685
252,player,918.8,516.6,997.2,742.5,0.651
252,player,1700.6,533.2,1757.5,666.5,0.629
252,player,481.4,538.0,532.4,673.4,0.585
252,player,1022.6,279.5,1067.8,391.3,0.53
252,player,1491.6,482.3,1541.2,600.3,0.487
252,player,1459.2,483.7,1541.2,613.1,0.47
252,player,480.9,539.4,545.1,699.7,0.442
252,player,865.9,574.4,924.2,700.1,0.276
252,player,1638.5,707.7,1769.1,897.1,0.238
252,player,589.2,499.8,650.2,639.2,0.217
252,player,865.6,576.7,933.3,742.2,0.196
252,player,1574.6,615.6,1658.2,757.1,0.16
252,player,1690.6,531.1,1759.9,698.6,0.128
253,player,589.8,495.3,659.0,675.5,0.791
253,player,1236.1,433.5,1286.6,579.4,0.67
253,player,1133.4,458.1,1198.7,610.1,0.667
253,player,919.6,518.0,995.6,744.8,0.631
253,player,481.4,538.7,532.9,674.7,0.603
253,player,1022.3,278.3,1067.3,397.0,0.54
253,player,1704.3,533.9,1756.3,653.6,0.537
253,player,480.6,540.1,544.2,701.5,0.458
253,player,1497.9,481.0,1541.3,594.6,0.431
253,player,1463.5,480.4,1542.1,604.0,0.389
253,player,864.8,577.0,924.0,729.6,0.301
253,player,862.9,580.7,912.7,705.2,0.258
254,player,589.4,494.3,659.5,675.9,0.777
254,player,1139.2,459.2,1201.1,604.3,0.714
254,player,1235.9,433.4,1288.2,580.1,0.69
254,player,918.8,518.5,995.8,743.4,0.671
254,player,479.7,538.5,534.8,693.9,0.627
254,player,1702.9,533.8,1756.5,663.6,0.576
254,player,1022.6,279.7,1067.8,389.8,0.511
254,player,861.0,579.6,905.8,705.2,0.474
254,player,1495.9,480.8,1541.5,595.1,0.455
254,player,1462.8,479.9,1542.2,603.6,0.42
254,player,862.5,576.0,920.5,708.6,0.379
254,player,1451.6,481.6,1546.9,642.0,0.191
254,player,1572.5,534.3,1761.1,766.4,0.106
255,player,589.7,492.3,659.1,675.6,0.8
255,player,1236.2,434.1,1289.1,579.4,0.716
255,player,1140.6,463.3,1203.4,604.1,0.688
255,player,918.7,517.0,996.4,739.5,0.663
255,player,1702.6,531.6,1756.9,646.0,0.611
255,player,479.2,537.7,536.1,690.6,0.599
255,player,1023.0,280.1,1067.3,388.2,0.513
255,player,1497.7,480.3,1541.6,586.2,0.428
255,player,1466.1,479.2,1542.4,602.6,0.396
255,player,860.2,579.5,914.4,741.7,0.363
255,player,862.7,577.9,922.0,707.3,0.182
255,player,847.8,578.3,914.0,771.7,0.163
255,player,942.5,521.5,993.8,721.8,0.158
255,player,1451.0,481.1,1552.6,642.8,0.148
255,player,1150.2,460.2,1203.9,561.5,0.131
255,player,473.8,533.9,546.3,706.7,0.119
255,player,925.2,523.3,977.7,697.3,0.112
255,player,1761.2,286.4,1814.1,379.1,0.109
256,player,589.7,491.6,658.1,675.1,0.824
256,player,1137.9,458.8,1205.0,610.1,0.687
256,player,919.2,517.3,996.3,741.2,0.684
256,player,1235.8,433.7,1290.7,580.0,0.653
256,player,1704.3,533.3,1757.1,647.0,0.633
256,player,477.9,538.3,541.2,706.8,0.612
256,player,856.7,586.6,914.2,764.0,0.53
256,player,1022.4,280.4,1067.2,388.6,0.489
256,player,1496.6,480.0,1541.2,587.2,0.439
256,player,1468.6,479.1,1542.1,602.0,0.408
256,player,1240.5,435.1,1284.4,556.2,0.403
256,player,859.2,584.7,909.6,720.7,0.227
256,player,921.4,531.7,980.6,729.9,0.175
256,player,1023.8,278.5,1063.9,422.8,0.154
256,player,947.0,521.7,993.2,704.5,0.152
256,player,937.4,520.1,993.5,750.2,0.145
256,player,1451.0,480.7,1555.7,642.4,0.141
256,player,1761.0,286.4,1814.0,380.4,0.138
256,player,1155.0,459.3,1205.6,551.1,0.123
256,player,835.0,593.5,914.2,772.8,0.121
256,player,923.9,519.0,992.5,687.1,0.1
257,player,590.2,490.7,657.5,674.5,0.812
257,player,1144.8,459.9,1203.6,606.7,0.752
257,player,1236.6,434.4,1291.9,582.7,0.736
257,player,919.4,517.3,996.0,737.5,0.623
257,player,1703.9,534.0,1756.2,646.4,0.616
257,player,476.0,538.9,546.6,715.6,0.599
257,player,1022.6,279.2,1067.5,388.4,0.497
257,player,1496.4,481.2,1541.1,587.6,0.446
257,player,1465.3,480.3,1542.0,604.0,0.418
257,player,855.7,586.3,909.6,716.2,0.418
257,player,477.8,538.7,530.5,686.2,0.285
257,player,1699.7,531.0,1758.6,683.0,0.252
257,player,850.2,583.3,912.4,761.7,0.235
257,player,925.0,519.0,993.0,669.2,0.173
257,player,1760.9,286.3,1813.9,380.7,0.166
257,player,1450.8,481.7,1551.3,642.4,0.163
257,player,950.1,522.8,993.2,660.8,0.149
257,player,1024.2,277.7,1063.7,419.9,0.139
257,player,939.6,518.7,993.4,747.8,0.125
257,player,1593.9,535.9,1760.6,753.1,0.103
258,player,590.5,490.7,659.0,673.8,0.824
258,player,1145.0,464.3,1204.9,607.1,0.766
258,player,1237.3,434.6,1293.5,580.6,0.711
258,player,918.9,517.8,995.8,741.3,0.665
258,player,473.8,538.9,543.5,720.7,0.621
258,player,1698.4,536.5,1756.2,675.7,0.597
258,player,855.7,585.1,908.2,723.5,0.564
258,player,1022.7,279.5,1067.4,388.2,0.486
258,player,1493.6,481.1,1541.1,588.3,0.455
258,player,1466.2,480.2,1541.7,604.5,0.441
258,player,1704.9,535.3,1756.0,647.4,0.36
258,player,849.5,584.7,911.4,762.6,0.247
258,player,477.5,538.6,530.2,683.5,0.232
258,player,920.8,531.0,971.0,732.6,0.157
258,player,1451.7,481.9,1548.2,641.9,0.156
258,player,1761.2,286.3,1814.0,379.8,0.139
258,player,942.9,518.2,993.6,750.3,0.135
258,player,1575.9,615.4,1664.8,758.7,0.127
258,player,1599.3,614.9,1662.6,753.8,0.125
258,player,925.8,522.8,979.0,699.6,0.115
259,player,590.1,489.8,657.9,674.1,0.803
259,player,1145.1,461.2,1206.3,608.3,0.764
259,player,1236.6,434.0,1293.8,580.4,0.699
259,player,919.4,517.9,996.8,742.4,0.65
259,player,474.8,538.9,535.7,704.5,0.567
259,player,1700.1,536.9,1755.2,676.1,0.564
259,player,856.3,585.0,907.9,731.1,0.553
259,player,1022.5,279.2,1067.6,389.2,0.485
259,player,1495.5,481.0,1541.1,583.7,0.427
259,player,1463.3,479.9,1541.7,605.1,0.41
259,player,848.8,584.6,910.2,761.3,0.283
259,player,941.7,521.3,994.9,720.6,0.182
259,player,1450.7,481.7,1559.7,642.5,0.154
259,player,926.1,523.1,982.0,701.8,0.15
259,player,1761.1,286.3,1814.0,379.7,0.134
260,player,591.2,489.4,658.0,673.1,0.785
260,player,1236.4,433.4,1293.6,581.0,0.759
260,player,1140.9,463.7,1206.3,611.6,0.749
260,player,919.2,518.5,996.6,740.2,0.611
260,player,472.5,538.7,537.7,699.4,0.596
260,player,853.8,587.3,908.9,734.0,0.56
260,player,1022.2,279.5,1067.6,389.2,0.485
260,player,1495.2,481.6,1541.2,587.7,0.441
260,player,1697.7,537.9,1755.5,677.7,0.437
260,player,1463.5,480.4,1541.9,604.5,0.432
260,player,1704.6,536.2,1755.6,642.8,0.26
260,player,1450.6,482.0,1561.0,642.2,0.181
260,player,1579.0,536.7,1760.5,768.6,0.174
260,player,926.4,524.1,986.0,689.0,0.166
260,player,1685.6,533.7,1758.2,716.4,0.164
260,player,941.7,522.4,994.9,701.6,0.145
260,player,1761.2,286.2,1813.8,379.5,0.129
260,player,921.2,531.0,974.0,731.7,0.108
261,player,589.1,489.2,658.0,670.3,0.801
261,player,1140.4,466.4,1206.0,611.9,0.766
261,player,1236.3,434.2,1295.5,582.4,0.73
261,player,469.7,538.6,542.1,708.1,0.669
261,player,1459.6,483.3,1539.5,632.9,0.617
261,player,918.4,519.9,996.4,738.6,0.58
261,player,854.1,588.9,907.7,756.1,0.556
261,player,1021.5,279.3,1068.3,389.8,0.509
261,player,1696.8,538.8,1757.3,677.2,0.503
261,player,1484.6,481.7,1539.8,593.3,0.22
261,player,1701.7,537.7,1756.6,643.8,0.217
261,player,920.6,531.9,978.4,736.6,0.151
261,player,926.0,521.3,993.8,680.1,0.139
261,player,946.0,522.2,994.3,749.9,0.111
262,player,1143.4,466.9,1206.3,611.7,0.804
262,player,590.3,489.6,658.3,671.3,0.8
262,player,1237.3,433.3,1295.1,581.6,0.738
262,player,470.5,541.9,546.8,720.4,0.699
262,player,1461.7,483.7,1539.9,631.3,0.612
262,player,917.8,521.5,995.7,737.6,0.532
262,player,1021.9,278.8,1068.3,390.1,0.516
262,player,854.2,590.7,906.8,740.6,0.499
262,player,1694.6,539.9,1757.1,680.1,0.428
262,player,919.5,530.4,970.2,727.6,0.283
262,player,1484.9,482.2,1539.9,592.4,0.232
262,player,923.4,525.7,981.4,699.2,0.13
262,player,1576.3,615.2,1671.6,759.2,0.12
262,player,844.0,609.8,907.1,763.3,0.111
262,player,947.1,526.8,993.6,749.2,0.109
262,player,927.8,524.6,993.1,666.3,0.104
262,player,1701.4,539.4,1757.0,644.6,0.102
263,player,595.6,492.0,658.2,673.1,0.798
263,player,1142.5,464.7,1207.9,611.9,0.788
263,player,1236.2,436.0,1295.4,581.1,0.741
263,player,467.9,540.6,547.6,721.2,0.714
263,player,1463.3,482.4,1540.3,639.2,0.618
263,player,917.6,523.1,995.8,736.8,0.531
263,player,1021.7,279.0,1068.3,389.9,0.526
263,player,853.7,594.0,905.8,721.1,0.486
263,player,1695.0,539.3,1756.7,679.4,0.349
263,player,920.7,524.0,980.7,717.3,0.272
263,player,839.8,590.8,908.3,766.6,0.263
263,player,917.7,531.5,968.7,735.2,0.242
263,player,1485.5,481.4,1540.9,588.5,0.177
263,player,944.3,529.1,993.5,750.0,0.162
263,player,831.7,663.2,902.3,806.1,0.155
264,player,599.2,492.4,659.7,672.8,0.785
264,player,1144.4,466.7,1207.1,612.1,0.778
264,player,1235.0,436.6,1296.1,583.7,0.721
264,player,468.2,542.5,547.4,719.2,0.711
264,player,1459.6,482.1,1540.6,634.3,0.623
264,player,1022.1,277.3,1068.4,393.1,0.551
264,player,917.5,521.1,996.9,738.0,0.543
264,player,1694.7,539.4,1757.5,678.9,0.501
264,player,851.7,596.6,908.3,764.2,0.498
264,player,918.1,524.0,964.7,736.1,0.386
264,player,919.8,524.0,978.9,714.5,0.295
264,player,1484.6,481.2,1540.8,590.8,0.218
264,player,945.0,522.6,994.6,750.4,0.136
264,player,833.2,610.6,908.9,782.2,0.128
264,player,1700.7,538.5,1757.2,646.0,0.116
264,player,853.0,594.2,905.3,720.8,0.111
264,player,926.2,522.7,994.4,684.6,0.111
264,player,1603.6,625.1,1670.5,761.2,0.101
265,player,599.3,492.7,659.9,671.7,0.791
265,player,1143.0,464.0,1206.4,611.4,0.789
265,player,466.3,544.6,548.9,720.3,0.738
265,player,1235.3,432.4,1297.7,585.5,0.683
265,player,1464.6,481.9,1541.3,637.6,0.599
265,player,1696.4,538.5,1757.6,679.2,0.556
265,player,1022.3,278.4,1068.7,391.9,0.533
265,player,916.4,522.1,996.8,733.7,0.47
265,player,853.5,597.5,905.1,718.6,0.436
265,player,918.0,526.2,960.6,735.0,0.41
265,player,842.8,593.2,908.6,757.8,0.242
265,player,467.3,544.3,532.3,695.6,0.201
265,player,1486.0,481.0,1541.4,586.4,0.177
265,player,947.4,524.0,994.9,748.3,0.15
265,player,1602.1,625.1,1672.4,761.2,0.135
265,player,1641.2,709.4,1763.4,898.3,0.133
265,player,921.2,527.5,964.5,695.3,0.12
265,player,935.8,523.9,994.7,665.2,0.106
266,player,601.6,491.8,660.0,671.0,0.79
266,player,1142.9,465.2,1207.8,612.3,0.789
266,player,464.0,545.3,548.0,721.1,0.725
266,player,1235.7,436.6,1297.1,585.4,0.7
266,player,1454.6,482.6,1540.2,632.4,0.601
266,player,1021.0,278.5,1069.3,389.4,0.543
266,player,917.0,520.4,996.1,736.0,0.539
266,player,850.2,598.4,906.4,722.0,0.478
266,player,918.6,530.8,965.9,727.0,0.47
266,player,1694.4,540.0,1755.9,677.8,0.44
266,player,1473.1,482.5,1540.0,616.0,0.406
266,player,839.3,595.9,908.9,759.6,0.303
266,player,1643.6,710.5,1763.4,897.9,0.182
266,player,465.3,546.5,530.9,701.4,0.154
266,player,947.5,523.1,993.7,748.6,0.127
266,player,932.9,522.9,993.8,665.9,0.104
267,player,603.0,490.8,660.5,669.0,0.813
267,player,1144.2,465.1,1208.1,612.3,0.779
267,player,460.7,546.1,550.9,720.0,0.723
267,player,1235.7,432.0,1299.3,584.3,0.699
267,player,1455.5,483.5,1539.0,632.6,0.606
267,player,1020.5,278.8,1069.1,390.9,0.54
267,player,916.5,521.2,995.1,740.4,0.536
267,player,852.1,599.8,902.4,722.4,0.466
267,player,917.7,531.0,967.6,726.1,0.46
267,player,1693.2,539.8,1756.7,677.7,0.344
267,player,837.3,597.7,907.7,768.9,0.302
267,player,1480.0,482.0,1539.1,597.7,0.171
267,player,1589.6,623.9,1673.6,760.4,0.153
267,player,1643.9,708.6,1763.6,896.2,0.15
267,player,947.1,529.1,993.1,749.6,0.121
267,player,462.3,548.8,532.2,700.4,0.12
268,player,1144.2,462.1,1209.3,612.6,0.787
268,player,602.3,491.6,660.2,665.7,0.773
268,player,457.2,547.6,549.3,721.8,0.742
268,player,1236.8,432.9,1301.0,584.1,0.681
268,player,1457.5,481.9,1538.4,632.8,0.609
268,player,916.2,519.2,994.9,738.0,0.593
268,player,1020.6,278.6,1069.0,398.8,0.51
268,player,917.8,527.6,970.8,730.3,0.505
268,player,851.6,598.5,900.0,715.6,0.414
268,player,1603.3,623.7,1673.6,759.6,0.316
268,player,1693.5,541.2,1755.7,677.7,0.304
268,player,849.9,598.7,908.2,738.6,0.233
268,player,1479.7,480.1,1539.2,594.5,0.228
268,player,838.5,597.6,908.6,766.2,0.198
268,player,1642.8,712.2,1763.9,898.1,0.183
268,player,1698.5,541.1,1755.1,645.9,0.111
269,player,602.8,493.1,661.0,664.9,0.791
269,player,1140.8,459.3,1208.0,611.5,0.753
269,player,450.5,547.6,548.7,722.2,0.695
269,player,1239.6,434.6,1303.0,583.3,0.691
269,player,1458.6,483.8,1537.3,629.0,0.604
269,player,915.6,520.2,994.5,735.5,0.553
269,player,916.8,527.8,970.6,728.6,0.515
269,player,1021.5,279.5,1069.4,393.6,0.512
269,player,846.5,599.6,906.0,735.3,0.403
269,player,1475.9,480.5,1538.1,595.1,0.299
269,player,1693.7,539.7,1755.9,676.0,0.247
269,player,1642.7,712.5,1765.0,897.6,0.217
269,player,1594.0,624.5,1675.3,762.5,0.163
269,player,845.3,598.9,897.1,712.8,0.162
269,player,1158.7,459.7,1210.7,596.5,0.146
269,player,919.2,524.0,983.4,688.5,0.133
270,player,602.1,493.6,661.8,667.8,0.787
270,player,1145.2,460.8,1210.3,612.4,0.766
270,player,451.0,549.5,551.2,722.3,0.696
270,player,1241.6,433.5,1303.9,582.1,0.689
270,player,914.9,520.3,994.1,737.5,0.596
270,player,915.2,526.6,969.4,730.7,0.571
270,player,1021.5,279.0,1068.0,398.3,0.532
270,player,1458.3,484.9,1537.3,618.1,0.517
270,player,850.7,599.2,899.3,717.5,0.474
270,player,1483.2,481.0,1537.9,593.4,0.307
270,player,1695.3,540.7,1754.3,678.1,0.272
270,player,839.5,598.9,908.4,757.5,0.206
270,player,1597.1,623.0,1673.8,759.8,0.172
270,player,1642.1,714.9,1765.4,897.7,0.17
270,player,840.9,614.5,893.0,719.2,0.135
270,player,919.1,524.8,980.0,696.9,0.103
271,player,601.7,491.4,663.2,667.6,0.795
271,player,1146.7,462.4,1210.2,612.2,0.728
271,player,1245.0,438.7,1306.2,583.4,0.72
271,player,450.1,551.4,548.1,721.4,0.714
271,player,915.0,520.0,994.8,735.5,0.555
271,player,1021.5,279.0,1068.0,391.9,0.54
271,player,915.5,526.3,967.7,727.0,0.529
271,player,1458.3,483.6,1537.6,621.4,0.522
271,player,850.8,600.4,902.6,721.4,0.424
271,player,846.4,601.6,908.4,746.3,0.419
271,player,1485.2,480.2,1538.0,592.3,0.255
271,player,1696.5,540.8,1754.4,678.8,0.235
271,player,835.0,597.2,911.8,775.9,0.143
271,player,918.2,523.6,979.1,691.9,0.135
271,player,834.1,614.4,897.0,767.8,0.132
271,player,1642.7,711.6,1766.1,895.8,0.126
271,player,839.8,617.3,892.0,732.3,0.116
271,player,931.5,982.8,973.8,1080.0,0.105
272,player,600.5,483.9,663.1,668.0,0.768
272,player,1146.9,461.1,1210.8,612.6,0.736
272,player,448.8,554.0,541.2,723.3,0.725
272,player,1246.2,439.8,1306.4,582.1,0.708
272,player,1461.6,483.3,1534.7,628.4,0.564
272,player,915.3,527.6,966.8,725.1,0.562
272,player,1021.6,279.0,1067.8,396.9,0.548
272,player,914.9,520.5,994.6,734.5,0.501
272,player,843.7,604.7,904.1,742.5,0.385
272,player,855.5,607.1,896.1,721.9,0.371
272,player,1482.8,480.0,1536.2,600.8,0.355
272,player,832.4,615.4,890.9,771.1,0.207
272,player,833.2,598.3,905.3,788.8,0.143
272,player,1694.5,541.0,1754.5,679.6,0.123
272,player,1643.6,716.1,1765.9,897.5,0.115
273,player,598.3,485.4,663.3,662.8,0.753
273,player,1147.1,460.6,1211.4,611.9,0.724
273,player,447.9,555.6,532.6,723.8,0.72
273,player,1248.0,439.9,1311.2,580.3,0.707
273,player,1021.8,278.8,1067.6,391.6,0.532
273,player,914.5,520.7,994.8,738.8,0.527
273,player,915.1,528.5,967.6,726.0,0.5
273,player,1464.3,481.9,1532.5,625.2,0.471
273,player,1482.1,481.5,1534.9,608.6,0.354
273,player,841.2,605.2,906.6,761.6,0.354
273,player,851.3,604.2,897.6,723.5,0.269
273,player,1489.7,481.0,1534.3,580.7,0.268
273,player,833.3,600.0,912.1,795.5,0.266
273,player,1696.9,540.0,1754.4,677.3,0.24
273,player,832.3,622.8,893.6,777.6,0.14
273,player,944.9,529.4,993.4,747.8,0.124
273,player,1353.7,309.9,1382.0,364.6,0.1
274,player,599.3,482.4,663.2,664.5,0.744
274,player,447.1,555.8,533.0,723.5,0.725
274,player,1148.5,460.6,1211.2,612.2,0.718
274,player,1248.9,436.2,1310.5,580.1,0.711
274,player,913.4,520.7,994.8,740.9,0.548
274,player,1022.0,278.6,1067.5,391.5,0.545
274,player,1467.4,485.0,1531.8,632.5,0.515
274,player,914.2,527.1,968.5,726.3,0.51
274,player,1479.3,483.1,1534.6,612.4,0.347
274,player,1698.8,538.6,1754.2,677.7,0.314
274,player,839.7,605.4,903.4,771.1,0.309
274,player,854.3,605.3,895.5,727.5,0.28
274,player,1485.7,480.8,1533.4,581.7,0.264
274,player,1704.4,537.7,1754.0,642.5,0.122
274,player,947.6,530.2,993.4,748.1,0.104
274,player,1353.9,310.1,1381.8,364.2,0.104
275,player,600.3,482.0,663.2,663.8,0.745
275,player,1148.4,459.3,1211.8,613.2,0.716
275,player,450.3,558.2,537.2,723.2,0.715
275,player,1251.7,439.5,1311.9,580.5,0.692
275,player,914.1,527.5,967.6,721.7,0.549
275,player,1022.4,278.1,1067.7,392.0,0.541
275,player,1471.9,480.6,1531.9,642.1,0.536
275,player,913.3,520.9,994.8,736.4,0.496
275,player,1698.4,538.4,1754.0,678.7,0.447
275,player,837.3,607.4,899.2,760.9,0.332
275,player,853.4,607.2,893.9,727.0,0.277
275,player,1485.7,480.0,1531.7,570.6,0.215
275,player,832.6,601.4,902.7,798.2,0.184
275,player,1704.7,537.5,1753.9,644.7,0.172
275,player,1603.3,614.9,1672.3,759.0,0.165
275,player,839.5,607.9,892.6,732.2,0.122
275,player,1642.6,715.1,1767.7,898.9,0.106
275,player,949.3,531.8,993.5,747.8,0.103
275,player,953.5,538.4,992.7,656.9,0.103
276,player,600.0,482.0,663.7,663.5,0.748
276,player,1144.6,458.7,1211.4,611.9,0.723
276,player,1253.0,436.7,1313.8,578.8,0.706
276,player,449.2,558.6,536.0,719.8,0.662
276,player,1021.9,278.7,1068.0,389.5,0.56
276,player,914.0,527.7,967.4,722.7,0.503
276,player,1476.4,483.4,1531.3,624.2,0.451
276,player,912.7,521.2,995.3,735.4,0.443
276,player,1698.6,538.4,1753.8,677.4,0.403
276,player,836.8,607.4,897.4,758.0,0.356
276,player,1460.1,483.4,1534.0,638.4,0.307
276,player,1483.4,482.0,1531.7,574.0,0.262
276,player,855.1,607.4,894.4,746.8,0.26
276,player,1605.3,614.2,1671.6,758.7,0.21
276,player,1704.9,537.6,1753.7,646.0,0.17
276,player,953.9,537.3,992.7,655.8,0.116
277,player,600.1,481.8,663.5,662.7,0.755
277,player,1147.8,457.9,1211.1,612.3,0.704
277,player,1254.3,438.3,1314.6,580.6,0.699
277,player,446.9,557.5,528.9,722.6,0.642
277,player,1022.0,278.1,1068.2,388.7,0.553
277,player,912.9,527.2,968.9,724.7,0.54
277,player,913.1,519.3,996.0,742.9,0.504
277,player,1701.9,537.6,1753.8,669.7,0.479
277,player,834.0,607.5,900.3,784.8,0.455
277,player,1472.3,482.0,1530.5,640.5,0.423
277,player,1473.7,481.5,1532.0,598.1,0.375
277,player,1614.0,612.1,1672.2,754.1,0.317
277,player,856.6,608.2,897.1,755.2,0.244
277,player,1481.3,480.6,1530.9,569.1,0.2
277,player,953.3,538.9,992.3,658.3,0.1
278,player,598.5,481.8,662.2,659.7,0.768
278,player,1146.9,458.7,1211.0,612.3,0.718
278,player,448.0,559.7,523.6,721.3,0.714
278,player,1257.5,441.0,1314.4,579.1,0.671
278,player,1022.2,277.7,1068.1,390.0,0.578
278,player,912.8,529.4,967.5,721.5,0.562
278,player,831.1,608.0,900.3,782.1,0.557
278,player,1700.6,537.2,1753.1,678.9,0.492
278,player,912.2,522.6,994.8,730.3,0.49
278,player,1466.6,485.5,1533.0,642.1,0.383
278,player,849.7,609.2,898.0,773.5,0.337
278,player,1469.2,482.4,1531.3,580.9,0.196
278,player,830.8,628.3,885.6,764.6,0.12
278,player,1760.1,286.0,1813.8,383.2,0.107
279,player,597.6,480.3,662.1,657.1,0.764
279,player,1146.8,459.5,1211.6,612.1,0.738
279,player,1257.1,441.0,1316.2,576.4,0.72
279,player,448.6,559.4,521.2,722.3,0.7
279,player,831.4,608.6,900.5,787.3,0.622
279,player,1022.3,277.7,1067.7,389.0,0.561
279,player,913.4,529.8,967.7,721.0,0.538
279,player,1700.7,536.8,1753.2,678.6,0.482
279,player,913.2,522.4,996.1,736.3,0.472
279,player,1466.1,484.4,1530.3,636.5,0.421
279,player,848.3,609.9,898.7,780.9,0.374
279,player,1467.4,482.0,1528.4,578.6,0.25
279,player,1704.8,535.1,1752.6,646.4,0.167
279,player,831.6,624.8,889.4,771.5,0.121
279,player,1642.9,716.2,1767.7,898.1,0.121
280,player,596.4,480.5,662.2,655.3,0.743
280,player,1146.4,461.8,1211.2,611.8,0.735
280,player,447.3,559.5,522.5,723.0,0.723
280,player,1256.0,442.3,1316.5,578.5,0.682
280,player,830.7,608.5,902.1,780.6,0.602
280,player,1022.4,277.4,1067.4,388.3,0.556
280,player,913.5,529.9,966.6,720.5,0.533
280,player,1465.3,485.8,1528.6,625.7,0.478
280,player,913.4,523.1,994.7,730.1,0.443
280,player,1697.9,536.9,1753.7,677.3,0.439
280,player,1583.0,605.0,1672.8,759.1,0.163
280,player,1705.3,536.4,1753.9,648.8,0.157
280,player,1644.1,716.1,1769.4,896.9,0.152
281,player,1259.8,441.9,1318.0,580.5,0.757
281,player,595.9,481.1,660.7,653.2,0.747
281,player,446.5,559.0,522.9,720.6,0.711
281,player,1147.3,461.5,1211.3,611.6,0.676
281,player,830.6,608.2,903.0,778.0,0.595
281,player,1022.1,277.9,1067.2,389.7,0.562
281,player,912.4,530.2,966.8,721.0,0.522
281,player,1468.4,482.3,1529.3,639.6,0.468
281,player,912.4,523.1,995.4,731.4,0.465
281,player,1698.7,536.6,1753.3,676.1,0.464
281,player,851.0,608.7,901.2,774.3,0.365
281,player,1590.3,601.2,1671.3,758.9,0.266
281,player,1464.9,486.1,1525.6,605.7,0.148
281,player,1160.0,460.8,1209.2,561.8,0.144
281,player,1704.9,535.4,1753.5,647.1,0.13
281,player,1354.2,310.4,1382.7,366.7,0.123
282,player,597.0,481.1,659.4,649.8,0.749
282,player,1260.4,441.1,1318.6,579.3,0.743
282,player,447.3,560.1,528.6,718.8,0.697
282,player,1148.1,463.1,1211.4,611.3,0.672
282,player,829.9,607.9,908.3,786.5,0.567
282,player,1022.1,277.4,1067.1,389.9,0.548
282,player,1462.3,476.0,1524.2,639.6,0.545
282,player,913.2,529.7,969.9,720.3,0.525
282,player,1693.5,537.1,1752.8,676.4,0.494
282,player,912.7,524.2,993.7,728.8,0.477
282,player,1704.2,536.7,1753.2,650.0,0.215
282,player,1584.6,600.6,1669.8,757.7,0.211
282,player,1608.2,600.8,1668.1,753.9,0.195
282,player,1576.5,599.6,1699.2,763.2,0.157
282,player,1162.6,461.8,1209.6,553.0,0.128
282,player,930.9,982.4,974.0,1080.0,0.106
282,player,1466.2,479.3,1520.9,600.7,0.105
283,player,591.1,480.8,658.6,650.3,0.758
283,player,1262.3,441.5,1318.5,576.3,0.737
283,player,448.0,559.8,524.8,718.4,0.697
283,player,1151.6,462.1,1210.2,610.4,0.637
283,player,1463.3,473.5,1522.8,639.0,0.558
283,player,1022.1,277.6,1067.1,389.3,0.553
283,player,1693.2,537.4,1753.0,675.9,0.527
283,player,912.8,524.1,995.4,739.5,0.508
283,player,830.9,608.6,909.6,777.7,0.475
283,player,912.2,529.7,972.1,725.0,0.47
283,player,1587.4,598.1,1667.3,758.2,0.313
283,player,848.9,609.6,906.2,766.3,0.269
283,player,1704.4,537.0,1753.4,651.5,0.26
283,player,1160.0,461.6,1208.4,563.5,0.162
283,player,861.9,742.2,955.8,813.2,0.154
283,player,930.9,982.4,974.1,1080.0,0.111
283,player,914.0,527.6,965.6,670.0,0.106
284,player,588.7,479.5,659.1,652.2,0.755
284,player,445.8,557.5,528.8,719.3,0.677
284,player,1152.3,461.7,1209.9,609.1,0.674
284,player,1264.1,441.9,1318.7,577.0,0.667
284,player,1696.9,537.7,1752.9,673.4,0.586
284,player,1022.1,277.9,1066.9,389.0,0.541
284,player,1460.4,475.5,1520.5,633.4,0.521
284,player,831.7,609.7,908.1,779.0,0.499
284,player,909.5,531.0,967.1,714.3,0.489
284,player,1604.8,592.0,1666.8,755.7,0.447
284,player,1580.1,591.6,1668.8,758.3,0.403
284,player,910.4,526.0,993.6,732.1,0.374
284,player,1651.0,715.3,1777.3,892.0,0.278
284,player,1704.6,536.8,1753.3,648.5,0.263
284,player,832.1,622.8,874.9,766.3,0.244
284,player,1160.4,461.3,1209.5,580.6,0.229
284,player,861.2,741.7,958.9,814.4,0.131
284,player,952.9,539.7,991.3,657.7,0.103
285,player,589.8,479.6,657.0,648.5,0.739
285,player,1264.7,441.1,1318.7,579.6,0.728
285,player,445.4,555.8,528.4,720.3,0.631
285,player,1462.0,474.4,1520.9,635.8,0.626
285,player,1694.2,538.5,1752.9,674.7,0.576
285,player,1152.2,462.3,1209.9,611.2,0.575
285,player,1022.2,277.9,1067.1,389.0,0.56
285,player,909.3,532.5,966.4,714.5,0.466
285,player,1598.9,589.7,1664.3,756.3,0.452
285,player,835.1,608.5,908.2,770.6,0.389
285,player,1703.7,538.0,1753.2,651.9,0.35
285,player,1576.5,589.9,1667.0,762.9,0.343
285,player,909.3,527.2,991.9,731.2,0.34
285,player,850.5,609.6,906.1,755.4,0.305
285,player,1655.3,715.5,1776.9,883.4,0.287
285,player,910.6,530.6,963.9,661.5,0.226
285,player,1162.0,461.0,1208.3,556.7,0.183
285,player,831.9,628.9,871.2,758.5,0.149
285,player,952.6,543.0,990.5,657.2,0.142
285,player,950.1,540.8,991.1,740.9,0.103
286,player,587.3,478.2,655.9,648.7,0.773
286,player,1265.2,440.9,1317.9,577.8,0.699
286,player,1460.8,474.5,1519.1,632.1,0.659
286,player,1695.0,538.8,1753.1,675.2,0.62
286,player,1022.3,278.0,1067.3,389.2,0.56
286,player,1151.7,463.8,1206.8,610.2,0.545
286,player,833.5,609.7,913.1,781.6,0.515
286,player,908.9,531.4,969.0,716.0,0.463
286,player,444.5,555.0,531.0,719.5,0.426
286,player,1704.0,538.5,1753.3,650.0,0.395
286,player,910.7,526.2,993.5,732.4,0.376
286,player,1598.4,587.8,1664.5,754.3,0.295
286,player,1164.6,462.3,1206.7,564.5,0.266
286,player,1656.9,715.4,1778.2,885.1,0.262
286,player,1577.1,588.0,1673.6,761.7,0.197
286,player,910.3,530.2,966.6,665.1,0.183
286,player,832.6,641.4,869.2,765.2,0.151
286,player,952.7,540.9,990.8,657.6,0.116
286,player,1760.3,285.4,1814.0,381.4,0.115
286,player,949.6,540.9,991.0,736.5,0.101
287,player,588.0,479.0,656.6,650.0,0.749
287,player,1470.5,468.9,1518.5,631.4,0.663
287,player,1265.9,441.6,1318.6,576.2,0.642
287,player,1694.1,538.6,1752.5,676.0,0.612
287,player,445.5,555.4,531.3,719.2,0.61
287,player,1022.3,278.0,1067.3,388.9,0.564
287,player,1151.1,459.6,1205.0,610.0,0.5
287,player,1605.5,585.2,1663.9,751.4,0.416
287,player,910.9,526.2,994.1,743.6,0.407
287,player,1704.4,538.4,1752.5,651.7,0.402
287,player,833.4,611.4,911.5,784.2,0.382
287,player,909.0,529.6,968.8,669.2,0.378
287,player,1662.3,711.5,1781.9,883.1,0.301
287,player,832.2,609.7,947.3,788.1,0.264
287,player,1578.0,586.4,1667.8,760.7,0.262
287,player,1165.3,459.7,1206.7,558.5,0.229
287,player,832.4,623.0,880.3,768.6,0.156
287,player,947.1,539.7,991.2,747.7,0.11
287,player,1760.0,285.5,1813.9,382.7,0.104
287,player,950.8,543.5,992.4,658.1,0.104
288,player,588.8,478.6,654.5,647.0,0.688
288,player,445.8,555.8,531.9,720.8,0.663
288,player,1470.2,470.0,1518.5,629.4,0.638
288,player,1695.1,538.8,1752.3,674.5,0.636
288,player,1266.6,442.1,1317.8,574.3,0.59
288,player,1606.1,585.8,1662.2,753.2,0.583
288,player,1022.2,278.0,1067.6,389.2,0.578
288,player,1149.9,458.7,1203.6,610.2,0.474
288,player,1704.4,538.4,1752.5,652.1,0.426
288,player,909.4,531.1,965.7,672.7,0.409
288,player,912.8,524.1,996.1,750.5,0.376
288,player,847.8,608.1,911.7,771.4,0.241
288,player,1662.8,709.4,1783.8,885.1,0.23
288,player,1169.7,457.3,1205.8,546.0,0.192
288,player,834.0,608.0,928.6,780.9,0.182
288,player,835.3,609.2,950.5,809.5,0.179
288,player,951.2,541.5,992.7,658.5,0.121
288,player,906.6,535.8,956.3,725.5,0.117
288,player,950.5,540.9,991.4,746.4,0.113
288,player,1759.9,285.5,1813.8,383.4,0.111
288,player,1579.8,583.2,1665.0,758.8,0.107
288,player,832.1,613.9,899.5,763.0,0.101
289,player,1699.4,539.5,1751.5,673.3,0.678
289,player,588.7,478.4,653.3,648.1,0.671
289,player,1266.2,441.3,1317.3,579.3,0.657
289,player,446.7,555.0,533.7,721.5,0.655
289,player,1607.3,583.5,1660.6,749.9,0.605
289,player,1022.7,277.7,1067.5,388.8,0.602
289,player,1469.8,468.1,1520.7,630.5,0.6
289,player,1150.5,455.8,1202.1,609.8,0.453
289,player,910.2,530.1,964.2,662.8,0.387
289,player,1161.5,456.5,1203.3,588.3,0.353
289,player,850.5,607.2,915.9,773.3,0.274
289,player,915.1,525.2,995.3,749.1,0.272
289,player,1679.2,711.0,1783.9,879.9,0.271
289,player,837.6,608.4,950.8,817.4,0.253
289,player,1168.8,456.2,1204.1,543.3,0.244
289,player,834.1,607.5,926.0,783.8,0.151
289,player,907.8,533.5,957.4,725.4,0.138
289,player,952.4,542.7,992.3,658.6,0.124
289,player,1609.9,581.2,1661.3,679.2,0.119
289,player,951.7,541.3,991.2,736.2,0.116
289,player,1760.5,285.7,1813.5,382.2,0.111
290,player,1694.5,539.6,1752.3,676.3,0.733
290,player,1266.0,441.2,1316.9,578.1,0.676
290,player,446.3,553.1,541.9,717.1,0.63
290,player,587.0,476.7,655.3,649.2,0.605
290,player,1602.7,578.2,1659.5,752.7,0.578
290,player,1022.3,278.3,1068.2,393.5,0.565
290,player,1150.7,456.7,1201.0,606.2,0.551
290,player,1473.2,458.9,1519.0,617.6,0.445
290,player,911.2,532.1,964.7,657.1,0.366
290,player,1582.1,578.6,1662.7,758.0,0.352
290,player,914.4,524.5,995.6,750.7,0.268
290,player,1758.7,285.6,1814.1,390.5,0.202
290,player,1480.6,458.4,1517.7,539.6,0.177
290,player,1461.6,483.4,1516.6,628.4,0.176
290,player,1682.5,719.6,1781.1,874.4,0.175
290,player,831.9,606.1,951.5,816.7,0.161
290,player,841.6,607.3,922.6,764.5,0.155
290,player,1168.0,455.0,1201.6,571.4,0.152
290,player,911.2,529.3,976.8,733.7,0.145
291,player,1693.1,538.3,1752.6,676.4,0.721
291,player,1601.8,578.0,1660.1,749.0,0.681
291,player,583.3,476.0,655.2,651.6,0.637
291,player,446.2,552.6,540.4,718.1,0.635
291,player,1265.6,440.3,1317.2,573.4,0.62
291,player,1022.2,278.5,1067.4,392.7,0.574
291,player,1471.0,459.4,1520.4,615.6,0.48
291,player,1154.6,457.5,1199.9,602.6,0.403
291,player,909.4,532.3,967.1,659.4,0.344
291,player,912.5,525.3,995.8,754.6,0.335
291,player,849.3,607.2,917.2,739.9,0.27
291,player,1675.7,715.4,1781.3,883.0,0.247
291,player,1702.8,537.6,1753.0,653.4,0.242
291,player,1475.4,461.2,1519.5,568.4,0.234
291,player,1759.4,285.5,1814.2,386.9,0.188
291,player,1579.7,578.8,1661.8,752.8,0.158
291,player,834.4,608.1,951.5,818.6,0.135
291,player,1166.6,454.7,1200.2,548.9,0.129
291,player,1479.5,459.0,1518.3,540.2,0.116
291,player,1162.1,452.5,1202.7,582.4,0.113
291,player,908.2,553.7,954.1,723.5,0.104
292,player,1692.9,537.4,1752.0,675.6,0.717
292,player,1601.2,576.7,1659.8,749.4,0.682
292,player,1265.3,440.1,1316.9,574.6,0.662
292,player,446.3,551.9,540.6,717.8,0.66
292,player,583.7,476.3,655.3,652.9,0.66
292,player,1022.4,278.4,1066.7,392.3,0.573
292,player,1464.3,462.2,1520.0,623.2,0.554
292,player,1153.3,460.6,1197.8,600.0,0.448
292,player,910.9,528.5,993.5,754.7,0.35
292,player,1702.5,536.4,1752.5,652.5,0.291
292,player,908.3,533.1,966.9,656.5,0.291
292,player,833.9,604.5,950.8,814.0,0.217
292,player,842.3,605.9,931.6,736.9,0.203
292,player,1676.3,711.5,1782.1,883.7,0.19
292,player,1759.1,285.6,1814.3,388.8,0.186
292,player,1164.1,456.2,1198.0,564.4,0.124
293,player,1689.8,537.0,1752.0,675.6,0.702
293,player,1263.3,438.9,1317.4,575.1,0.7
293,player,447.3,552.0,540.1,718.1,0.668
293,player,1596.7,577.4,1659.3,749.3,0.634
293,player,583.9,476.0,650.6,650.2,0.633
293,player,1021.9,278.1,1066.1,392.1,0.564
293,player,1463.8,462.5,1519.6,622.4,0.563
293,player,1152.3,459.9,1196.8,596.4,0.543
293,player,908.9,529.5,993.2,755.7,0.375
293,player,907.5,533.6,966.3,657.8,0.277
293,player,859.6,605.1,939.4,733.0,0.276
293,player,854.0,604.1,949.2,801.8,0.213
293,player,1759.3,285.5,1814.1,390.2,0.195
293,player,1701.7,535.5,1752.7,651.7,0.17
293,player,1674.4,714.3,1781.0,883.7,0.132
293,player,947.8,538.0,991.8,754.2,0.1
294,player,1690.9,536.9,1751.8,675.2,0.707
294,player,1263.9,438.7,1317.2,574.5,0.675
294,player,448.1,551.1,539.5,717.0,0.635
294,player,582.6,475.8,650.9,653.0,0.634
294,player,1596.8,577.2,1660.1,746.9,0.634
294,player,1465.0,463.7,1522.5,619.5,0.57
294,player,1022.0,278.7,1066.1,391.6,0.552
294,player,853.7,605.9,951.8,808.8,0.478
294,player,1152.4,458.2,1195.5,595.8,0.45
294,player,910.0,528.3,995.8,755.8,0.337
294,player,908.1,533.5,965.7,658.8,0.285
294,player,1701.4,535.4,1752.5,651.8,0.25
294,player,864.2,613.7,944.4,743.6,0.169
294,player,1760.0,285.7,1814.4,385.7,0.155
294,player,1672.6,714.9,1782.3,886.0,0.122
294,player,948.9,535.1,991.8,754.4,0.113
295,player,1689.4,536.8,1752.8,675.6,0.717
295,player,449.8,549.2,538.3,718.0,0.692
295,player,1261.9,439.6,1317.3,577.3,0.682
295,player,581.1,477.0,651.2,651.3,0.655
295,player,1598.0,577.1,1660.0,741.9,0.628
295,player,845.7,604.2,954.1,818.8,0.623
295,player,1464.0,464.7,1520.9,622.1,0.589
295,player,1022.2,278.9,1066.0,392.2,0.541
295,player,908.2,531.6,994.9,752.1,0.354
295,player,907.4,534.0,965.5,657.5,0.317
295,player,1154.6,461.0,1194.7,596.6,0.309
295,player,1700.8,534.9,1753.4,652.5,0.278
295,player,1157.9,453.9,1194.8,564.8,0.197
295,player,1668.8,715.0,1783.7,885.4,0.166
295,player,1578.0,579.0,1654.8,742.7,0.163
295,player,1759.8,285.8,1814.4,386.1,0.146
295,player,949.8,540.5,991.5,753.9,0.102
296,player,1261.9,439.5,1317.2,578.4,0.731
296,player,1692.8,536.5,1753.3,674.2,0.723
296,player,454.1,548.3,542.5,718.5,0.667
296,player,1465.3,464.8,1520.1,618.5,0.637
296,player,578.4,476.7,651.5,652.2,0.633
296,player,1599.6,576.2,1660.8,740.0,0.629
296,player,839.6,603.7,954.5,813.9,0.561
296,player,1022.2,278.8,1066.0,391.9,0.549
296,player,1152.9,460.3,1193.4,601.9,0.476
296,player,1702.6,533.9,1753.0,651.6,0.443
296,player,910.5,530.3,992.9,754.8,0.396
296,player,908.6,534.3,965.2,656.2,0.322
296,player,1606.5,575.9,1661.1,668.9,0.137
296,player,1759.8,285.7,1814.4,385.8,0.137
296,player,947.4,536.8,992.0,753.9,0.128
296,player,1158.6,455.6,1193.1,556.4,0.115
297,player,1694.9,536.0,1753.3,673.5,0.724
297,player,1260.5,440.8,1316.5,577.9,0.682
297,player,1466.0,465.3,1519.8,617.4,0.665
297,player,452.6,547.4,538.2,717.7,0.659
297,player,580.4,476.9,649.8,650.1,0.65
297,player,1601.2,577.5,1660.0,738.5,0.59
297,player,1022.2,278.8,1066.1,391.4,0.55
297,player,849.9,603.1,962.4,816.2,0.484
297,player,1703.6,533.8,1753.7,651.2,0.477
297,player,1152.3,460.6,1194.0,588.9,0.443
297,player,908.5,529.8,993.2,752.4,0.377
297,player,908.3,534.0,965.9,658.7,0.327
297,player,1606.1,576.5,1661.0,671.5,0.218
297,player,1684.7,713.7,1784.3,881.4,0.18
297,player,1580.2,576.4,1657.9,743.2,0.138
297,player,1759.9,285.8,1814.3,385.3,0.126
297,player,1475.0,463.6,1522.1,585.7,0.118
297,player,1156.2,455.1,1193.5,552.1,0.118
298,player,1698.3,535.8,1753.0,671.2,0.706
298,player,456.7,546.1,537.2,720.1,0.691
298,player,1257.7,440.9,1316.6,581.4,0.68
298,player,1467.0,466.1,1519.4,617.2,0.673
298,player,567.4,476.7,648.1,648.1,0.652
298,player,1603.9,578.2,1659.2,737.3,0.557
298,player,1022.2,279.5,1065.9,391.2,0.525
298,player,1148.9,462.3,1194.8,594.3,0.463
298,player,908.5,530.9,993.1,753.3,0.456
298,player,1606.5,577.7,1659.1,689.5,0.419
298,player,844.6,601.2,958.9,813.6,0.376
298,player,908.3,534.4,966.2,659.1,0.336
298,player,1580.4,576.5,1657.7,741.3,0.295
298,player,1670.5,711.6,1785.3,886.1,0.276
298,player,1760.2,285.9,1814.2,384.1,0.128
298,player,943.7,542.2,991.5,752.4,0.104
299,player,1464.6,464.5,1519.7,619.0,0.692
299,player,1257.9,441.1,1316.1,581.8,0.66
299,player,1699.0,535.2,1752.8,671.0,0.659
299,player,1602.5,577.3,1659.0,740.5,0.618
299,player,459.5,544.5,538.0,718.5,0.601
299,player,1022.8,280.0,1065.9,389.9,0.55
299,player,1145.8,466.3,1191.5,602.6,0.535
299,player,575.6,476.0,646.3,649.9,0.388
299,player,911.8,537.6,963.6,652.0,0.364
299,player,1674.3,711.0,1784.7,886.4,0.287
299,player,910.4,530.5,994.0,746.7,0.282
299,player,1608.0,576.4,1659.3,671.9,0.195
299,player,1473.4,462.9,1521.8,598.3,0.128
299,player,1760.3,285.9,1814.6,384.0,0.113
299,player,1577.6,579.6,1656.4,742.7,0.101
300,player,1465.8,466.0,1519.7,619.1,0.709
300,player,460.9,544.2,537.3,719.1,0.7
300,player,1697.8,534.5,1752.5,672.0,0.688
300,player,1256.8,441.4,1314.4,578.5,0.667
300,player,1600.0,576.9,1659.2,741.6,0.594
300,player,567.9,473.6,643.1,648.8,0.565
300,player,1022.6,279.7,1066.2,390.1,0.565
300,player,1142.3,458.3,1193.0,598.8,0.491
300,player,911.5,537.2,964.3,653.5,0.398
300,player,1673.7,710.6,1785.9,887.2,0.352
300,player,908.7,529.8,994.3,749.6,0.343
300,player,1608.0,576.2,1659.3,672.8,0.16
300,player,1759.9,285.7,1814.5,385.9,0.132
300,player,1576.7,578.7,1658.7,744.0,0.119
301,player,1697.3,533.3,1752.5,672.9,0.713
301,player,461.8,543.0,536.6,718.0,0.694
301,player,1464.0,466.2,1518.7,618.9,0.672
301,player,1257.9,440.5,1313.7,579.4,0.668
301,player,1022.4,279.7,1066.3,390.9,0.57
301,player,1599.7,577.7,1659.7,741.1,0.569
301,player,567.0,473.5,637.7,648.8,0.54
301,player,1141.3,458.3,1192.4,599.6,0.44
301,player,909.4,536.5,966.1,654.9,0.391
301,player,906.8,530.5,994.5,748.0,0.333
301,player,1666.5,712.1,1787.8,890.3,0.194
301,player,1759.7,285.8,1814.5,385.8,0.139
301,player,1609.7,576.9,1659.9,670.5,0.116
301,player,1579.3,577.0,1662.0,746.6,0.111
302,player,464.9,543.4,536.1,718.5,0.709
302,player,1699.1,533.5,1753.2,672.6,0.698
302,player,1464.6,466.4,1519.4,618.5,0.674
302,player,1257.0,440.7,1313.0,579.7,0.663
302,player,1599.6,577.6,1659.2,741.0,0.598
302,player,1022.7,280.5,1066.7,392.4,0.567
302,player,1142.1,458.2,1190.4,603.1,0.482
302,player,571.9,473.4,634.6,649.1,0.464
302,player,906.4,533.4,966.6,654.5,0.367
302,player,1668.8,709.6,1788.4,889.6,0.315
302,player,1610.1,576.5,1659.6,676.6,0.208
302,player,904.4,530.6,996.1,748.6,0.204
302,player,1759.4,285.6,1814.3,386.3,0.164
302,player,1579.0,576.6,1662.0,746.1,0.126
302,player,538.4,473.4,634.9,652.2,0.101
303,player,1255.5,440.0,1314.5,580.1,0.689
303,player,466.5,543.5,534.7,719.8,0.688
303,player,1690.6,533.1,1753.2,674.3,0.68
303,player,1464.0,470.4,1522.2,616.2,0.676
303,player,1137.2,457.2,1194.5,604.3,0.656
303,player,1599.6,575.9,1660.3,740.8,0.596
303,player,1021.9,280.7,1066.2,393.4,0.583
303,player,567.2,473.2,630.5,650.6,0.482
303,player,902.1,527.7,995.9,748.3,0.398
303,player,906.1,532.1,972.3,658.4,0.397
303,player,1610.6,575.7,1660.7,686.2,0.245
303,player,1662.3,706.6,1791.0,895.0,0.237
303,player,1704.2,530.2,1753.4,650.5,0.225
303,player,587.3,480.9,634.1,654.5,0.147
303,player,464.6,543.9,522.6,691.8,0.146
303,player,540.1,473.8,630.7,653.4,0.143
303,player,1757.0,282.6,1815.6,401.9,0.116
303,player,1579.2,575.1,1664.1,746.1,0.106
304,player,1255.0,438.6,1313.1,579.9,0.732
304,player,1691.8,533.6,1752.8,672.3,0.709
304,player,466.3,542.5,534.8,717.1,0.668
304,player,1464.6,472.2,1523.0,615.5,0.663
304,player,1021.5,280.2,1066.7,393.2,0.607
304,player,1601.1,575.0,1660.0,740.9,0.574
304,player,1702.8,531.7,1752.8,653.1,0.528
304,player,1135.5,455.2,1190.4,607.1,0.494
304,player,582.7,476.1,630.0,652.4,0.376
304,player,907.5,532.5,970.5,655.4,0.352
304,player,902.1,526.9,996.1,747.1,0.285
304,player,1611.7,575.6,1660.4,689.5,0.253
304,player,877.0,611.2,961.2,817.0,0.253
304,player,561.7,473.5,629.7,653.1,0.252
304,player,1661.8,707.9,1791.7,897.3,0.155
304,player,1139.1,494.0,1180.5,606.0,0.153
304,player,1580.3,574.4,1664.5,745.7,0.109
305,player,464.1,544.4,539.1,716.4,0.716
305,player,1694.5,533.9,1752.7,666.8,0.708
305,player,1464.8,476.1,1522.2,615.5,0.692
305,player,1253.7,437.7,1312.1,579.2,0.662
305,player,1703.5,530.5,1753.4,647.2,0.657
305,player,1021.0,280.3,1066.6,392.3,0.599
305,player,1601.8,576.6,1660.7,740.5,0.558
305,player,1135.5,456.7,1190.8,606.4,0.557
305,player,1612.0,577.1,1661.7,686.3,0.378
305,player,907.7,532.7,971.1,661.3,0.32
305,player,1661.2,707.6,1792.2,899.5,0.314
305,player,903.7,527.2,996.3,748.5,0.306
305,player,585.9,479.7,630.2,652.8,0.216
305,player,564.5,473.1,629.6,652.2,0.17
305,player,1578.8,574.9,1659.8,742.8,0.138
305,player,875.2,619.5,971.0,815.5,0.122
305,player,1138.6,477.9,1181.2,605.7,0.118
306,player,1464.2,473.7,1524.2,616.7,0.721
306,player,1691.9,533.6,1752.9,674.0,0.71
306,player,464.6,544.1,538.5,714.8,0.694
306,player,1135.1,449.6,1190.4,607.8,0.677
306,player,1251.9,435.8,1310.7,579.4,0.659
306,player,1020.5,280.6,1066.7,393.2,0.585
306,player,1703.5,531.1,1753.3,650.5,0.565
306,player,1599.2,577.9,1661.1,740.4,0.537
306,player,576.2,476.0,630.0,651.7,0.453
306,player,903.2,525.6,997.8,754.3,0.377
306,player,1666.9,705.4,1793.1,900.0,0.376
306,player,553.2,472.4,630.1,651.4,0.371
306,player,906.1,531.3,975.3,658.7,0.326
306,player,1611.2,578.5,1661.8,692.3,0.278
306,player,878.5,621.4,964.0,814.9,0.196
307,player,1462.9,473.4,1524.7,616.5,0.718
307,player,1695.7,532.7,1755.3,673.7,0.68
307,player,464.9,544.0,538.3,713.6,0.672
307,player,1133.7,452.2,1189.0,606.8,0.66
307,player,1251.0,436.9,1310.1,581.4,0.635
307,player,1020.5,279.9,1066.5,392.9,0.583
307,player,1591.4,577.8,1661.2,742.5,0.564
307,player,1676.0,705.6,1791.9,900.7,0.44
307,player,1703.7,530.5,1755.0,643.8,0.432
307,player,905.4,526.7,997.6,754.2,0.38
307,player,908.1,531.7,975.6,659.1,0.365
307,player,572.3,472.9,632.3,654.4,0.275
307,player,880.3,614.6,962.5,814.6,0.125
307,player,1760.1,285.2,1813.8,384.0,0.119
307,player,1609.6,578.3,1661.8,695.1,0.107
308,player,1132.1,453.7,1185.5,607.1,0.758
308,player,1695.0,531.0,1755.5,676.0,0.662
308,player,1463.9,475.7,1525.6,617.3,0.643
308,player,1250.6,435.1,1307.9,580.3,0.628
308,player,467.4,542.6,531.8,712.2,0.612
308,player,1591.7,579.0,1660.5,743.3,0.591
308,player,1020.6,279.5,1066.6,392.7,0.581
308,player,1685.1,706.6,1792.6,894.2,0.536
308,player,1703.7,528.8,1755.2,651.4,0.523
308,player,559.7,475.1,628.3,651.7,0.483
308,player,907.5,531.9,977.3,658.1,0.418
308,player,905.2,526.8,997.4,755.0,0.394
308,player,881.6,617.1,962.3,810.3,0.133
308,player,576.1,478.9,631.3,657.0,0.114
308,player,1760.2,285.3,1813.8,383.6,0.113
309,player,1133.0,454.0,1185.5,605.5,0.735
309,player,1694.6,531.0,1756.1,675.2,0.665
309,player,1466.2,476.3,1527.1,618.0,0.627
309,player,467.7,545.4,537.8,712.1,0.609
309,player,1021.1,279.2,1066.7,392.2,0.588
309,player,1574.2,579.3,1659.2,743.9,0.586
309,player,1250.6,435.9,1306.2,576.5,0.558
309,player,559.5,475.8,628.4,650.8,0.501
309,player,1702.4,528.9,1756.2,639.3,0.425
309,player,910.2,531.7,970.5,653.5,0.339
309,player,906.2,528.4,996.3,752.0,0.294
309,player,1687.9,710.9,1792.8,895.4,0.285
309,player,1706.8,714.0,1792.4,863.3,0.261
309,player,1759.8,285.4,1813.9,385.1,0.123
309,player,1260.2,435.8,1304.3,549.3,0.11
310,player,1133.9,454.7,1184.4,605.0,0.74
310,player,1571.1,580.1,1659.7,746.0,0.653
310,player,1699.5,532.9,1757.2,670.4,0.652
310,player,469.7,544.1,536.8,711.7,0.588
310,player,553.3,474.7,629.2,654.4,0.57
310,player,1021.3,278.8,1066.8,391.7,0.57
310,player,1252.2,436.6,1305.3,579.1,0.562
310,player,1462.7,478.9,1526.6,618.7,0.515
310,player,1703.3,530.7,1757.3,636.8,0.494
310,player,1710.7,713.5,1793.6,860.6,0.49
310,player,909.9,529.2,996.1,755.3,0.404
310,player,910.7,532.8,969.5,662.4,0.323
310,player,1699.8,710.0,1792.7,895.6,0.298
310,player,1470.6,478.9,1526.3,575.3,0.216
310,player,1759.7,285.7,1813.9,386.4,0.148
310,player,1261.9,436.8,1303.6,547.4,0.14
311,player,1130.9,451.4,1184.3,606.1,0.79
311,player,1697.4,533.6,1758.0,673.5,0.666
311,player,1569.9,581.1,1657.2,745.4,0.625
311,player,548.5,474.5,631.0,653.0,0.617
311,player,470.3,543.5,537.9,710.5,0.603
311,player,1251.4,434.0,1306.2,580.5,0.584
311,player,1021.4,279.0,1066.4,391.1,0.558
311,player,1461.6,479.6,1527.6,620.6,0.554
311,player,1698.5,709.9,1793.7,903.0,0.49
311,player,912.4,527.9,997.9,755.8,0.475
311,player,1708.4,713.5,1792.2,858.6,0.447
311,player,912.7,532.9,967.6,678.3,0.293
311,player,912.1,533.0,979.8,732.9,0.268
311,player,1703.1,531.3,1758.2,638.9,0.229
311,player,1759.1,285.8,1814.1,389.3,0.183
311,player,1474.1,481.1,1526.9,549.9,0.17
311,player,0.1,637.1,40.3,755.9,0.152
311,player,1260.9,435.2,1303.1,545.9,0.138
311,player,1604.2,581.8,1657.7,725.4,0.119
312,player,1129.0,451.3,1184.7,606.8,0.792
312,player,1698.3,534.0,1757.8,674.2,0.636
312,player,1249.9,434.0,1306.0,580.9,0.615
312,player,472.0,543.9,533.9,705.2,0.601
312,player,1465.1,480.1,1529.9,618.6,0.579
312,player,555.6,477.0,629.5,650.5,0.567
312,player,1021.5,279.0,1066.4,391.1,0.564
312,player,1570.1,580.5,1655.9,744.4,0.511
312,player,908.0,528.8,996.2,754.8,0.507
312,player,1696.6,711.2,1793.6,907.8,0.483
312,player,1702.6,531.8,1757.8,632.0,0.35
312,player,910.7,532.9,968.4,671.3,0.293
312,player,1600.2,581.0,1656.8,733.5,0.196
312,player,1472.8,480.1,1529.9,554.8,0.182
312,player,1759.1,285.8,1814.2,388.7,0.165
312,player,906.7,531.8,970.4,725.8,0.154
312,player,0.1,635.7,39.9,756.0,0.106
313,player,1129.4,452.0,1183.0,606.1,0.77
313,player,1460.4,475.4,1529.6,619.3,0.685
313,player,1248.9,431.5,1304.9,579.0,0.636
313,player,1695.1,533.9,1757.8,677.3,0.626
313,player,469.7,547.0,539.4,710.5,0.597
313,player,551.0,476.8,630.1,648.4,0.59
313,player,1021.7,280.0,1066.3,391.9,0.565
313,player,1569.4,581.8,1655.3,744.4,0.545
313,player,911.1,529.0,995.5,754.5,0.483
313,player,1700.1,710.6,1792.0,908.2,0.449
313,player,912.1,533.1,970.2,703.9,0.293
313,player,1702.2,531.5,1757.7,625.8,0.246
313,player,914.4,533.5,966.1,662.6,0.165
313,player,1259.2,433.5,1301.7,552.0,0.153
313,player,1756.9,283.1,1815.4,401.9,0.133
313,player,0.1,638.8,39.7,755.9,0.128
313,player,952.7,538.7,992.4,701.2,0.112
313,player,1596.0,582.3,1655.8,732.8,0.104
314,player,1130.5,452.1,1184.2,605.2,0.798
314,player,1564.3,580.3,1653.1,743.4,0.677
314,player,1248.8,432.7,1304.0,579.0,0.67
314,player,1695.0,533.4,1757.4,678.4,0.644
314,player,1462.6,477.3,1530.6,619.2,0.637
314,player,1702.4,710.1,1792.3,909.9,0.622
314,player,548.7,475.9,630.8,648.2,0.584
314,player,471.2,546.9,536.3,702.1,0.583
314,player,1021.8,280.7,1066.2,392.9,0.543
314,player,910.1,529.2,996.1,754.8,0.429
314,player,903.4,530.9,976.0,748.0,0.296
314,player,1701.2,531.6,1757.6,640.0,0.246
314,player,912.4,533.7,969.6,710.3,0.221
314,player,0.1,638.5,40.7,756.1,0.141
314,player,952.4,537.4,992.8,699.2,0.123
314,player,934.9,531.5,995.7,753.0,0.112
314,player,1593.8,581.6,1653.4,727.6,0.111
314,player,1756.3,282.3,1815.5,402.1,0.11
315,player,1130.7,449.6,1184.2,605.4,0.79
315,player,1694.7,533.1,1755.6,673.3,0.666
315,player,1704.0,711.9,1793.8,911.7,0.633
315,player,1459.2,477.9,1530.8,620.3,0.61
315,player,1567.5,579.9,1649.8,743.7,0.605
315,player,1244.7,429.7,1302.7,576.0,0.598
315,player,470.1,548.8,538.4,700.8,0.594
315,player,549.3,476.2,630.3,647.8,0.559
315,player,1021.9,279.7,1066.0,391.2,0.553
315,player,908.5,527.2,996.3,753.5,0.425
315,player,905.0,531.6,973.6,756.9,0.35
315,player,912.9,533.6,970.0,707.5,0.209
315,player,1591.4,580.7,1649.3,741.8,0.205
315,player,1258.9,432.0,1300.9,524.8,0.143
315,player,1700.4,531.1,1755.9,638.1,0.138
315,player,0.1,638.1,41.2,756.0,0.111
316,player,1130.4,451.4,1183.7,606.6,0.803
316,player,1693.5,533.4,1755.0,674.6,0.685
316,player,1705.1,712.2,1790.4,911.8,0.683
316,player,1570.4,580.7,1648.9,743.5,0.666
316,player,1461.4,482.4,1530.9,617.5,0.617
316,player,552.1,476.9,630.2,647.8,0.613
316,player,472.6,550.5,535.3,697.8,0.595
316,player,1247.4,430.5,1301.6,575.1,0.573
316,player,1021.7,279.7,1066.2,393.1,0.565
316,player,908.9,528.0,996.3,751.7,0.401
316,player,910.3,531.6,972.2,736.0,0.387
316,player,1258.9,432.3,1298.9,534.7,0.213
316,player,1700.1,531.2,1755.3,642.6,0.129
317,player,1130.4,449.3,1183.5,606.5,0.767
317,player,1704.5,714.4,1793.2,912.7,0.707
317,player,1692.9,534.2,1754.4,675.0,0.685
317,player,1454.8,480.0,1531.3,620.0,0.653
317,player,1569.3,580.8,1647.4,744.1,0.632
317,player,1021.9,278.9,1066.7,394.1,0.602
317,player,550.2,476.4,626.7,646.1,0.574
317,player,1247.2,431.3,1300.5,576.4,0.546
317,player,472.4,550.3,535.0,696.4,0.543
317,player,910.4,527.9,996.4,750.0,0.441
317,player,911.6,531.9,973.6,734.4,0.389
317,player,1258.0,432.5,1298.9,524.0,0.182
317,player,1756.8,282.1,1815.0,401.7,0.102
318,player,1127.4,450.6,1182.5,606.8,0.733
318,player,1703.7,718.5,1792.3,912.5,0.704
318,player,1454.3,479.5,1531.6,620.6,0.694
318,player,1692.8,534.6,1753.2,674.2,0.689
318,player,550.5,476.8,628.3,646.2,0.626
318,player,1562.6,578.6,1646.0,743.9,0.62
318,player,1021.9,279.2,1066.7,392.0,0.594
318,player,1246.9,431.0,1298.4,575.7,0.494
318,player,470.9,550.0,538.1,694.2,0.453
318,player,910.9,527.6,996.3,744.9,0.418
318,player,912.4,532.4,972.2,727.4,0.399
318,player,1257.2,432.7,1296.8,533.6,0.267
318,player,1760.2,285.1,1814.1,385.4,0.118
319,player,1127.0,450.2,1182.5,606.6,0.816
319,player,1694.5,535.9,1752.9,672.8,0.701
319,player,549.8,476.7,629.3,648.9,0.653
319,player,1458.4,481.4,1532.8,619.1,0.613
319,player,1699.8,720.8,1792.0,912.9,0.613
319,player,1021.4,279.2,1066.4,394.2,0.564
319,player,1562.0,575.0,1643.3,743.2,0.544
319,player,1250.8,429.9,1296.4,573.0,0.477
319,player,912.6,529.2,995.1,753.7,0.476
319,player,1257.5,431.8,1295.9,540.3,0.421
319,player,913.6,532.9,971.8,735.1,0.372
319,player,471.7,551.0,531.8,680.0,0.32
319,player,1475.4,480.3,1533.1,576.7,0.217
319,player,1759.1,285.2,1814.5,387.5,0.138
319,player,950.0,535.3,994.7,755.3,0.132
319,player,872.3,602.2,919.4,724.4,0.118
320,player,1125.0,452.2,1181.9,606.9,0.796
320,player,1701.7,723.4,1792.1,914.3,0.701
320,player,1694.0,536.6,1753.3,673.2,0.69
320,player,549.4,477.6,627.3,645.8,0.637
320,player,1452.9,482.5,1534.0,622.4,0.617
320,player,1021.6,279.0,1066.4,394.4,0.573
320,player,1561.6,570.0,1641.2,743.9,0.567
320,player,913.2,533.4,972.4,726.9,0.478
320,player,1252.4,430.4,1296.5,573.0,0.472
320,player,910.9,530.7,993.6,736.4,0.437
320,player,1257.2,432.1,1296.0,537.1,0.406
320,player,470.2,551.9,530.8,680.7,0.399
320,player,870.4,601.3,916.9,726.4,0.257
320,player,941.8,529.6,996.2,745.2,0.212
320,player,1478.6,483.3,1533.7,555.4,0.125
320,player,1759.0,285.5,1814.6,387.0,0.123
320,player,954.3,537.1,993.5,671.2,0.116
321,player,1124.5,452.8,1183.0,607.2,0.846
321,player,1451.4,481.7,1533.5,622.6,0.669
321,player,1694.0,537.5,1752.9,673.9,0.652
321,player,548.1,477.5,628.0,646.5,0.629
321,player,1698.0,726.3,1792.7,915.4,0.601
321,player,1021.7,279.1,1066.6,394.6,0.586
321,player,1247.3,430.9,1295.8,574.1,0.539
321,player,469.3,552.0,532.2,687.7,0.521
321,player,1565.4,573.0,1640.8,742.7,0.519
321,player,914.4,535.1,969.4,711.2,0.453
321,player,915.1,530.4,993.2,734.4,0.402
321,player,867.9,600.7,915.1,727.8,0.333
321,player,1255.7,432.1,1294.8,533.6,0.246
321,player,1700.4,535.4,1753.7,643.9,0.22
321,player,939.7,528.4,996.8,747.9,0.208
321,player,953.8,534.6,993.8,668.0,0.127
321,player,1477.9,481.8,1533.2,557.4,0.108
321,player,1759.6,285.6,1814.5,384.8,0.103
322,player,1123.8,452.9,1183.1,607.6,0.832
322,player,1451.1,481.3,1534.0,622.8,0.632
322,player,1694.6,537.8,1753.3,674.5,0.616
322,player,1021.7,279.2,1066.6,393.9,0.605
322,player,1247.0,432.4,1295.2,574.1,0.582
322,player,547.6,479.7,626.6,645.6,0.482
322,player,1566.3,572.3,1639.9,743.2,0.427
322,player,914.9,535.3,969.7,705.3,0.406
322,player,915.5,528.9,994.7,741.1,0.365
322,player,470.7,552.4,534.8,696.4,0.352
322,player,866.0,598.9,917.3,728.0,0.332
322,player,1696.3,729.1,1789.3,914.7,0.298
322,player,1255.2,433.3,1294.3,537.1,0.277
322,player,1701.1,536.3,1753.0,629.9,0.207
322,player,1482.7,481.7,1534.2,556.3,0.12
323,player,1123.2,452.9,1183.6,608.8,0.841
323,player,1021.9,279.3,1066.6,394.5,0.604
323,player,1446.7,480.4,1534.5,622.7,0.595
323,player,1694.7,537.0,1753.6,673.5,0.57
323,player,1246.2,432.3,1294.7,574.0,0.533
323,player,549.0,484.0,622.5,646.6,0.479
323,player,471.2,553.3,534.7,698.1,0.433
323,player,915.1,527.6,996.4,751.2,0.383
323,player,914.3,534.4,969.7,704.0,0.339
323,player,1567.0,572.0,1639.0,742.8,0.338
323,player,1255.5,433.1,1293.9,538.6,0.288
323,player,863.3,604.8,913.0,723.6,0.259
323,player,1702.0,534.9,1754.3,631.4,0.213
323,player,1481.9,482.5,1534.8,555.6,0.128
323,player,1760.0,286.0,1814.3,382.9,0.103
324,player,1124.1,452.2,1183.3,608.3,0.806
324,player,1442.8,480.4,1534.3,622.2,0.627
324,player,1021.9,279.9,1066.5,394.6,0.609
324,player,1245.7,431.5,1294.5,574.4,0.571
324,player,1695.8,537.9,1753.9,672.4,0.568
324,player,1567.8,574.2,1638.5,742.0,0.54
324,player,914.2,533.6,970.8,713.8,0.415
324,player,914.9,528.3,995.9,743.5,0.369
324,player,550.4,493.9,619.3,647.1,0.356
324,player,472.0,554.9,535.9,708.1,0.278
324,player,1254.7,432.2,1293.9,535.7,0.268
324,player,1701.9,536.6,1754.8,630.6,0.263
324,player,861.7,602.0,913.4,723.1,0.242
324,player,1687.9,738.9,1789.8,910.1,0.199
324,player,1476.9,482.0,1534.1,575.7,0.123
324,player,1759.9,285.8,1814.4,383.7,0.117
325,player,1124.4,453.9,1183.0,608.3,0.847
325,player,1442.1,479.0,1532.6,622.3,0.653
325,player,1246.4,432.3,1294.9,573.6,0.601
325,player,1021.9,280.3,1066.6,396.1,0.584
325,player,1692.9,538.0,1754.2,674.2,0.579
325,player,1567.1,574.0,1637.9,741.3,0.577
325,player,914.7,527.9,996.3,757.3,0.491
325,player,548.6,488.3,617.4,645.1,0.467
325,player,915.3,531.8,970.0,723.4,0.289
325,player,1253.0,432.3,1294.2,545.8,0.269
325,player,473.7,555.3,542.3,713.9,0.268
325,player,863.2,598.1,913.8,725.9,0.218
325,player,1695.6,737.1,1790.0,885.6,0.184
325,player,1701.5,536.5,1754.8,643.2,0.18
325,player,865.9,595.7,928.1,732.9,0.126
325,player,1473.5,480.1,1532.1,598.2,0.113
325,player,951.6,537.9,994.7,755.1,0.112
326,player,1124.6,453.7,1182.5,609.0,0.84
326,player,1440.9,479.3,1531.4,622.3,0.702
326,player,1567.1,573.0,1637.7,741.7,0.651
326,player,1692.4,537.9,1754.3,672.9,0.602
326,player,544.6,485.1,614.9,645.5,0.595
326,player,1246.6,433.5,1295.3,573.8,0.569
326,player,1022.2,281.0,1066.5,396.5,0.568
326,player,915.0,528.7,995.4,757.5,0.527
326,player,860.0,597.8,920.4,793.6,0.296
326,player,915.2,531.5,969.4,725.4,0.287
326,player,1252.5,433.4,1294.1,545.8,0.27
326,player,1698.2,743.2,1795.2,888.3,0.236
326,player,952.8,544.8,994.9,757.9,0.221
326,player,472.9,553.8,544.8,715.5,0.216
326,player,862.2,595.8,916.4,734.3,0.209
326,player,835.8,597.4,926.4,796.7,0.19
326,player,1699.8,536.2,1754.9,645.3,0.145
327,player,1124.9,454.3,1181.9,608.2,0.829
327,player,1437.3,479.4,1530.9,622.7,0.736
327,player,1567.7,573.2,1637.8,743.1,0.64
327,player,1694.7,538.6,1755.0,671.9,0.613
327,player,1246.8,434.5,1295.4,573.5,0.577
327,player,1022.4,281.1,1066.3,395.4,0.553
327,player,542.3,483.6,609.9,644.5,0.53
327,player,914.8,528.4,994.7,756.7,0.507
327,player,1699.7,744.1,1792.6,909.1,0.413
327,player,860.0,596.4,917.7,773.3,0.369
327,player,914.8,533.2,970.1,717.7,0.318
327,player,472.5,554.1,540.3,714.6,0.289
327,player,861.3,595.2,913.5,721.6,0.282
327,player,855.9,595.9,932.4,789.5,0.228
327,player,941.1,527.6,997.5,757.1,0.224
327,player,953.0,546.9,995.1,757.5,0.199
327,player,1701.9,537.5,1755.6,633.4,0.17
327,player,1712.4,746.4,1791.9,873.0,0.145
327,player,911.5,561.0,970.6,755.8,0.107
328,player,1124.4,455.1,1180.6,608.2,0.853
328,player,1693.7,538.3,1754.4,672.3,0.646
328,player,1567.5,573.5,1636.9,742.0,0.636
328,player,1437.5,477.2,1529.7,622.5,0.634
328,player,1246.4,434.6,1294.3,572.4,0.575
328,player,1022.0,280.8,1066.3,395.5,0.557
328,player,913.8,528.9,995.3,757.2,0.482
328,player,859.2,595.9,913.4,739.9,0.442
328,player,542.7,488.1,604.8,641.5,0.382
328,player,914.6,533.0,970.4,758.8,0.319
328,player,1696.5,745.8,1787.4,894.3,0.275
328,player,945.0,528.3,997.2,758.6,0.219
328,player,475.2,554.9,538.5,717.2,0.216
328,player,831.8,594.9,915.6,800.4,0.208
328,player,1701.7,537.1,1754.8,637.2,0.146
328,player,542.9,498.0,594.8,596.7,0.12
329,player,1124.0,454.6,1179.0,605.6,0.823
329,player,1436.7,479.3,1526.8,623.3,0.657
329,player,1567.3,573.5,1637.4,741.6,0.651
329,player,1694.6,537.9,1753.4,672.7,0.643
329,player,1022.0,280.8,1066.4,394.6,0.576
329,player,857.9,594.5,912.0,742.5,0.575
329,player,1246.9,433.1,1293.9,572.1,0.546
329,player,476.1,557.6,540.8,717.0,0.539
329,player,914.9,529.3,995.0,753.1,0.463
329,player,915.2,535.9,969.0,697.3,0.4
329,player,941.5,530.2,997.1,755.1,0.344
329,player,538.6,488.6,600.0,640.4,0.309
329,player,837.5,590.1,915.1,779.0,0.252
329,player,1695.9,749.0,1789.0,896.2,0.237
329,player,1701.7,536.6,1754.0,638.5,0.158
329,player,953.4,543.9,995.2,751.3,0.152
329,player,539.5,499.0,588.5,573.3,0.102
330,player,1123.9,455.2,1177.7,606.0,0.818
330,player,1695.2,538.9,1753.5,672.6,0.608
330,player,1021.7,280.9,1066.1,394.6,0.57
330,player,1435.0,476.7,1528.4,616.4,0.557
330,player,475.9,556.6,537.3,718.7,0.546
330,player,1247.5,433.3,1293.2,571.8,0.522
330,player,1566.8,576.2,1637.1,741.1,0.504
330,player,857.4,594.2,910.5,729.6,0.501
330,player,915.2,537.1,968.9,700.1,0.451
330,player,915.1,530.0,995.0,752.1,0.446
330,player,939.5,531.8,996.9,756.1,0.327
330,player,537.3,489.0,600.6,642.5,0.325
330,player,1696.1,751.3,1790.1,911.1,0.307
330,player,835.6,589.1,914.5,785.8,0.206
330,player,1692.4,749.9,1775.5,872.3,0.203
330,player,952.9,544.6,995.8,752.5,0.15
330,player,1702.3,537.6,1753.6,634.8,0.144
330,player,489.7,483.8,601.0,644.1,0.124
331,player,1124.2,454.9,1175.3,607.0,0.79
331,player,1695.2,538.8,1753.1,673.1,0.616
331,player,1021.9,280.3,1066.1,394.6,0.58
331,player,1437.5,478.7,1525.0,618.0,0.51
331,player,1566.3,578.1,1636.3,741.6,0.496
331,player,855.6,591.0,911.9,754.9,0.495
331,player,476.5,556.1,537.8,719.7,0.493
331,player,1250.0,433.4,1291.6,564.4,0.469
331,player,915.2,536.7,969.4,699.5,0.455
331,player,915.2,529.5,995.2,751.1,0.436
331,player,940.4,532.1,997.3,756.2,0.331
331,player,833.1,588.1,913.8,794.9,0.265
331,player,1692.0,750.6,1782.5,878.6,0.223
331,player,533.6,483.9,594.5,643.1,0.18
331,player,1702.1,537.7,1753.5,637.9,0.179
331,player,489.6,476.2,595.5,644.8,0.128
331,player,1690.7,754.5,1793.4,911.6,0.118
332,player,1124.3,456.1,1174.5,606.8,0.697
332,player,1695.7,538.6,1752.9,673.6,0.611
332,player,1021.7,280.8,1065.8,395.3,0.594
332,player,914.0,528.8,996.1,750.6,0.525
332,player,1433.2,480.5,1523.5,620.2,0.525
332,player,854.8,589.5,909.2,722.2,0.495
332,player,1566.1,580.1,1634.8,740.6,0.469
332,player,1249.7,435.1,1291.6,563.4,0.462
332,player,477.7,557.2,541.4,718.6,0.451
332,player,914.5,534.6,968.7,701.7,0.396
332,player,949.7,540.9,998.0,755.1,0.369
332,player,1702.6,537.8,1754.2,647.6,0.275
332,player,833.6,587.1,910.5,788.4,0.247
332,player,532.4,473.4,583.8,572.7,0.137
332,player,479.6,553.8,532.2,686.2,0.109
332,player,1694.5,755.3,1787.7,892.6,0.109
332,player,535.7,498.2,585.0,569.7,0.104
333,player,1123.7,455.8,1173.9,609.7,0.814
333,player,477.5,559.8,539.4,720.8,0.659
333,player,1695.2,538.7,1752.9,673.3,0.63
333,player,1021.7,280.9,1065.8,395.7,0.595
333,player,914.2,529.3,996.1,750.7,0.559
333,player,1430.1,481.1,1521.7,620.2,0.493
333,player,853.3,588.2,907.6,729.6,0.489
333,player,843.5,587.3,908.1,771.0,0.473
333,player,1566.3,586.2,1635.9,741.1,0.429
333,player,1250.6,434.7,1292.3,565.9,0.424
333,player,914.0,533.0,971.9,742.4,0.424
333,player,1254.3,434.4,1292.5,531.3,0.332
333,player,950.4,540.9,997.5,755.3,0.32
333,player,530.5,474.1,583.4,575.1,0.302
333,player,1451.4,483.3,1521.8,586.6,0.209
333,player,545.0,574.9,593.2,644.5,0.177
333,player,1702.4,537.7,1753.5,637.0,0.175
333,player,532.5,498.8,583.8,569.9,0.132
333,player,1691.2,757.6,1792.7,911.8,0.117
334,player,1125.3,455.6,1173.6,609.9,0.754
334,player,1696.1,538.4,1753.0,673.5,0.637
334,player,1021.4,281.2,1065.9,396.2,0.608
334,player,479.3,559.8,542.1,719.6,0.594
334,player,1433.4,482.7,1519.6,621.4,0.527
334,player,839.9,587.3,908.2,774.6,0.502
334,player,915.6,530.1,995.5,747.2,0.494
334,player,914.9,534.2,968.9,703.8,0.461
334,player,852.1,588.4,906.7,734.7,0.458
334,player,1250.1,435.4,1292.2,562.7,0.439
334,player,1567.1,589.7,1636.4,741.5,0.397
334,player,941.2,531.6,997.6,755.5,0.384
334,player,1253.1,434.7,1292.6,530.2,0.339
334,player,1702.6,537.6,1753.7,635.9,0.206
334,player,1453.7,483.6,1519.8,602.4,0.202
334,player,529.3,473.2,585.1,575.4,0.193
334,player,535.1,495.5,592.8,642.8,0.125
334,player,1463.9,481.9,1519.0,557.8,0.112
335,player,1125.6,456.0,1172.2,611.7,0.777
335,player,1696.2,538.3,1753.4,673.7,0.614
335,player,1021.2,281.5,1065.4,395.7,0.589
335,player,914.3,529.2,995.8,743.1,0.537
335,player,481.6,556.6,542.7,718.7,0.465
335,player,1567.6,591.5,1637.1,741.9,0.459
335,player,914.5,533.7,969.2,712.4,0.443
335,player,1430.1,486.1,1517.4,619.5,0.442
335,player,1252.4,437.9,1293.3,534.7,0.429
335,player,1249.6,437.5,1294.6,567.4,0.403
335,player,851.7,584.2,903.5,722.1,0.358
335,player,843.7,584.9,907.0,772.6,0.352
335,player,950.5,539.9,997.4,753.6,0.325
335,player,1702.6,537.5,1754.6,642.9,0.306
335,player,1445.9,486.6,1516.7,583.6,0.282
335,player,527.8,473.6,584.5,576.7,0.275
335,player,831.3,599.5,908.1,796.3,0.242
335,player,830.5,664.6,904.3,803.8,0.216
335,player,527.1,475.1,588.6,613.5,0.179
335,player,530.1,503.3,584.2,571.7,0.149
335,player,1464.0,483.8,1516.6,558.2,0.113
336,player,1125.6,456.2,1172.6,611.3,0.757
336,player,483.5,554.9,543.6,721.6,0.619
336,player,1021.3,281.8,1065.2,395.4,0.578
336,player,1696.1,538.6,1753.6,672.8,0.51
336,player,914.4,534.0,970.0,724.8,0.503
336,player,914.5,530.7,993.3,736.1,0.496
336,player,1250.2,438.6,1293.9,556.1,0.458
336,player,1567.2,592.8,1637.3,742.1,0.366
336,player,852.0,585.2,903.5,725.9,0.358
336,player,1429.0,484.4,1517.6,622.1,0.357
336,player,839.6,590.7,907.0,768.9,0.334
336,player,938.8,529.0,997.7,747.7,0.319
336,player,830.8,666.8,903.6,803.6,0.305
336,player,525.7,473.6,584.9,573.9,0.293
336,player,1444.9,485.9,1516.4,597.7,0.266
336,player,1704.1,537.9,1754.6,632.4,0.196
336,player,524.2,476.6,588.5,610.6,0.193
336,player,529.8,502.8,584.4,570.2,0.151
336,player,949.8,544.7,1001.0,753.7,0.134
336,player,501.1,472.9,587.5,588.8,0.127
336,player,860.6,579.8,898.5,680.0,0.113
336,player,931.3,982.4,974.7,1080.0,0.107
337,player,1127.5,456.1,1170.9,610.2,0.649
337,player,484.9,553.4,546.4,721.9,0.597
337,player,1021.2,281.3,1065.1,393.3,0.573
337,player,1693.3,538.6,1754.0,673.1,0.537
337,player,843.3,580.1,907.7,769.3,0.521
337,player,915.6,534.8,969.2,718.4,0.516
337,player,916.0,531.4,993.5,737.3,0.507
337,player,1439.2,478.6,1516.2,620.9,0.476
337,player,1251.1,434.8,1294.2,555.6,0.474
337,player,1565.8,595.0,1638.2,743.2,0.452
337,player,949.1,542.7,997.5,753.7,0.382
337,player,852.1,579.6,904.2,735.7,0.311
337,player,526.0,473.9,587.1,582.2,0.29
337,player,526.8,496.7,586.3,603.6,0.287
337,player,525.3,477.4,594.8,640.7,0.262
337,player,1700.3,537.1,1753.3,647.1,0.232
337,player,1462.7,482.5,1514.9,564.6,0.14
337,player,1703.7,537.6,1753.3,614.5,0.128
337,player,834.3,620.0,904.6,770.0,0.125
337,player,1694.4,754.7,1790.1,912.4,0.116
337,player,1248.1,449.9,1297.0,575.0,0.11
338,player,848.3,578.8,907.8,764.1,0.665
338,player,485.3,554.6,547.6,723.3,0.657
338,player,1128.3,457.0,1170.9,612.9,0.572
338,player,1021.1,281.3,1065.3,397.3,0.57
338,player,1566.3,596.4,1637.9,741.8,0.533
338,player,915.5,534.3,968.4,733.0,0.524
338,player,1695.8,538.5,1754.0,672.5,0.521
338,player,916.2,531.6,992.6,739.6,0.506
338,player,1249.4,436.7,1296.6,571.6,0.48
338,player,1433.0,471.5,1515.7,619.4,0.4
338,player,948.8,543.7,998.3,755.3,0.397
338,player,1447.6,472.9,1514.3,598.3,0.358
338,player,525.8,481.6,586.6,579.9,0.298
338,player,526.8,498.3,586.4,621.5,0.256
338,player,526.0,480.9,594.3,640.4,0.254
338,player,1702.6,537.0,1753.3,628.7,0.212
338,player,1694.9,754.3,1793.3,912.1,0.203
338,player,538.8,566.6,593.1,643.6,0.108
339,player,1128.4,456.5,1170.5,614.1,0.63
339,player,1693.4,538.5,1753.6,671.6,0.618
339,player,848.5,577.7,904.0,763.3,0.603
339,player,486.4,555.0,549.0,722.7,0.588
339,player,1021.3,281.2,1065.3,395.0,0.561
339,player,1565.9,598.8,1638.7,742.3,0.547
339,player,1246.4,436.1,1295.8,570.9,0.539
339,player,916.1,534.6,968.7,716.0,0.504
339,player,916.8,530.8,992.4,742.1,0.492
339,player,1433.3,471.4,1513.6,619.5,0.468
339,player,949.3,539.0,998.4,755.4,0.378
339,player,524.1,495.4,585.9,612.9,0.301
339,player,1704.3,537.2,1754.3,649.7,0.29
339,player,523.4,474.1,586.0,574.1,0.284
339,player,524.4,476.7,594.3,641.2,0.224
339,player,1696.6,753.4,1794.1,911.5,0.206
339,player,539.8,568.2,593.2,643.5,0.145
340,player,1697.5,537.9,1753.4,671.0,0.667
340,player,1129.4,456.2,1169.0,611.1,0.631
340,player,1021.3,281.5,1065.8,397.1,0.58
340,player,1434.4,473.2,1510.8,617.8,0.578
340,player,487.4,555.4,550.6,723.5,0.569
340,player,1566.2,600.8,1638.2,742.6,0.533
340,player,915.2,532.1,966.7,729.5,0.509
340,player,844.1,578.3,904.4,769.3,0.486
340,player,1246.5,433.5,1296.2,573.1,0.471
340,player,917.0,530.6,989.9,739.0,0.448
340,player,949.2,539.0,998.7,754.2,0.422
340,player,1254.6,433.0,1294.2,548.8,0.373
340,player,523.4,490.7,586.9,632.1,0.349
340,player,523.0,474.3,586.7,583.1,0.302
340,player,850.8,577.6,901.4,720.8,0.273
340,player,1696.4,754.5,1792.9,912.6,0.212
340,player,1583.2,601.2,1639.3,730.7,0.177
340,player,535.7,566.7,592.9,642.7,0.111
341,player,1128.6,455.5,1169.2,615.2,0.684
341,player,1696.0,535.7,1752.5,673.5,0.648
341,player,1432.8,473.1,1509.7,615.5,0.596
341,player,1243.0,434.3,1295.6,570.7,0.592
341,player,489.9,553.5,554.7,725.2,0.589
341,player,845.0,574.6,906.4,769.5,0.575
341,player,1021.0,281.3,1065.4,394.1,0.571
341,player,1565.9,602.0,1638.3,743.2,0.536
341,player,915.1,532.2,967.9,732.8,0.536
341,player,916.4,530.9,992.0,740.4,0.498
341,player,949.1,539.4,997.6,754.5,0.368
341,player,521.6,474.8,593.1,641.3,0.351
341,player,522.7,476.3,588.0,572.1,0.245
341,player,851.6,574.7,900.7,712.4,0.231
341,player,1704.8,533.8,1753.5,650.1,0.209
341,player,1696.6,754.3,1792.5,912.2,0.195
341,player,1442.7,474.5,1507.3,585.5,0.171
341,player,539.5,567.6,590.5,643.0,0.133
341,player,829.9,585.6,906.7,794.9,0.107
342,player,1697.3,536.3,1752.8,672.5,0.655
342,player,913.9,534.4,967.6,727.4,0.622
342,player,1021.0,281.1,1065.5,395.8,0.61
342,player,492.0,554.0,558.0,724.2,0.594
342,player,1435.4,476.2,1509.6,617.5,0.593
342,player,1239.7,434.7,1296.7,572.5,0.526
342,player,1566.3,603.2,1638.4,743.4,0.505
342,player,1128.8,456.1,1166.8,614.9,0.439
342,player,915.2,529.3,992.8,737.7,0.37
342,player,949.8,547.8,997.7,751.7,0.355
342,player,848.6,576.7,896.7,697.0,0.32
342,player,843.9,580.8,901.9,769.8,0.29
342,player,508.1,474.9,590.9,642.4,0.277
342,player,490.5,547.5,582.8,727.1,0.225
342,player,520.2,481.3,584.0,578.0,0.224
342,player,530.0,496.7,590.5,641.1,0.212
342,player,1444.5,476.9,1506.6,589.3,0.178
342,player,521.9,498.2,584.9,597.2,0.169
342,player,1696.4,754.4,1792.6,912.7,0.159
342,player,536.8,570.4,591.3,702.4,0.116
342,player,499.7,477.3,585.1,598.8,0.114
343,player,1700.1,535.3,1754.3,673.2,0.647
343,player,1021.3,280.3,1065.9,395.8,0.614
343,player,491.5,549.1,568.2,727.7,0.593
343,player,915.0,536.1,966.1,720.4,0.589
343,player,1437.4,474.9,1508.0,615.7,0.551
343,player,1129.0,457.3,1166.1,615.5,0.496
343,player,1566.3,604.6,1638.7,743.4,0.439
343,player,1254.2,434.7,1296.2,553.1,0.427
343,player,1240.8,435.5,1296.1,563.4,0.405
343,player,915.7,531.0,985.9,729.6,0.338
343,player,950.4,545.0,997.4,750.1,0.302
343,player,519.6,474.9,581.8,572.1,0.294
343,player,847.3,574.5,896.0,704.8,0.292
343,player,835.9,586.7,902.1,776.2,0.281
343,player,509.2,473.6,587.7,642.5,0.226
343,player,844.1,571.9,905.2,742.7,0.223
343,player,1445.4,475.7,1502.8,587.9,0.22
343,player,531.2,499.8,589.6,642.0,0.172
343,player,1695.4,755.5,1790.8,912.6,0.145
343,player,538.2,570.6,590.1,703.5,0.117
343,player,1761.1,285.7,1814.5,378.7,0.109
343,player,501.4,475.4,582.0,595.7,0.104
344,player,1437.5,474.7,1508.5,618.4,0.628
344,player,1698.4,536.3,1754.3,673.3,0.622
344,player,1021.1,280.2,1066.0,395.8,0.617
344,player,915.4,535.3,967.1,722.3,0.603
344,player,491.9,549.6,578.8,726.0,0.539
344,player,1238.8,436.6,1299.1,571.6,0.524
344,player,1129.0,460.0,1166.1,614.1,0.515
344,player,916.2,530.7,987.7,731.2,0.396
344,player,1566.2,606.4,1639.0,743.2,0.351
344,player,520.0,475.0,581.4,572.6,0.309
344,player,845.1,573.1,894.8,714.5,0.299
344,player,950.0,544.7,997.4,751.7,0.293
344,player,835.0,581.5,900.6,776.2,0.242
344,player,521.4,477.4,586.3,613.3,0.187
344,player,1696.6,754.1,1791.9,911.7,0.142
344,player,1705.4,534.2,1755.1,647.9,0.137
344,player,506.1,472.5,585.6,643.3,0.137
344,player,533.4,489.5,587.5,641.8,0.135
344,player,1761.0,285.8,1814.6,379.4,0.124
344,player,501.7,471.1,580.3,592.9,0.12
344,player,538.8,572.8,588.8,704.4,0.107
345,player,1438.8,475.3,1507.4,617.5,0.624
345,player,1021.1,280.1,1066.1,396.0,0.621
345,player,915.1,535.4,967.1,720.8,0.557
345,player,1698.9,536.1,1754.3,673.2,0.545
345,player,492.8,549.1,582.0,724.1,0.515
345,player,1238.3,434.3,1298.1,565.2,0.463
345,player,1255.4,433.4,1298.9,562.0,0.441
345,player,1129.3,460.9,1164.8,611.3,0.408
345,player,915.9,530.3,990.5,730.7,0.395
345,player,845.7,574.0,892.0,697.5,0.394
345,player,1566.1,606.7,1639.2,742.7,0.313
345,player,949.6,544.0,997.3,752.4,0.295
345,player,933.8,527.0,998.2,746.2,0.276
345,player,1705.9,534.8,1754.6,640.7,0.207
345,player,1260.3,433.1,1298.4,526.8,0.206
345,player,516.8,468.6,579.9,570.5,0.152
345,player,519.9,496.5,579.9,574.8,0.143
345,player,531.1,571.4,587.4,708.9,0.135
345,player,1696.6,754.1,1792.1,912.5,0.128
345,player,1761.1,285.8,1814.6,379.1,0.117
345,player,494.8,550.0,559.0,711.4,0.115
345,player,539.9,504.5,586.1,642.1,0.111
346,player,1442.1,476.2,1506.7,619.4,0.64
346,player,1020.7,279.7,1066.6,395.8,0.611
346,player,497.3,550.4,566.7,720.9,0.501
346,player,1696.8,536.4,1754.6,673.1,0.493
346,player,915.8,535.4,966.3,723.8,0.491
346,player,916.6,529.2,994.3,733.7,0.419
346,player,1235.6,435.6,1301.1,576.7,0.366
346,player,843.7,571.4,894.5,700.2,0.358
346,player,1130.4,462.6,1167.7,597.6,0.345
346,player,949.1,539.8,997.6,753.5,0.314
346,player,1257.0,438.1,1300.1,547.0,0.291
346,player,1566.3,606.9,1639.4,742.6,0.287
346,player,841.4,569.1,901.4,735.7,0.219
346,player,1706.4,534.4,1755.1,645.9,0.19
346,player,1264.5,438.1,1298.6,496.8,0.17
346,player,519.5,489.5,580.1,578.8,0.16
346,player,533.8,564.8,587.5,702.6,0.145
346,player,1696.6,754.0,1792.1,912.5,0.142
346,player,831.3,566.1,906.4,790.3,0.132
346,player,1240.8,436.9,1299.9,497.4,0.13
346,player,542.0,512.6,585.9,641.8,0.12
346,player,1761.1,285.8,1814.6,379.0,0.111
347,player,1440.8,475.4,1505.8,616.7,0.633
347,player,1020.9,280.2,1065.7,395.6,0.607
347,player,915.6,535.8,966.2,722.9,0.528
347,player,1697.4,535.6,1754.9,672.6,0.527
347,player,497.2,544.2,575.8,717.6,0.449
347,player,1238.4,434.7,1303.2,575.7,0.447
347,player,1566.8,607.7,1639.4,742.6,0.383
347,player,916.6,529.8,992.9,733.0,0.374
347,player,1263.7,437.7,1302.9,565.3,0.339
347,player,948.8,551.6,997.6,753.2,0.297
347,player,495.2,504.1,586.0,720.6,0.28
347,player,1130.9,465.2,1167.4,603.4,0.279
347,player,841.9,582.8,890.7,695.4,0.247
347,player,1706.3,534.1,1755.2,642.1,0.227
347,player,1265.3,436.9,1301.5,494.0,0.2
347,player,1696.6,752.8,1791.6,911.0,0.184
347,player,1132.5,459.7,1167.4,560.5,0.169
347,player,1697.2,751.7,1784.2,874.1,0.124
347,player,1239.6,435.9,1301.6,499.0,0.112
347,player,495.4,478.3,579.8,593.5,0.107
347,player,1128.8,553.5,1158.8,615.9,0.103
347,player,513.0,489.7,579.2,582.8,0.1
348,player,1442.0,476.4,1506.4,621.4,0.629
348,player,1021.2,280.7,1066.4,393.9,0.585
348,player,916.1,533.8,968.1,728.8,0.581
348,player,1692.0,534.2,1756.5,671.0,0.573
348,player,1566.2,607.3,1640.3,742.9,0.483
348,player,1256.4,435.5,1305.2,574.3,0.456
348,player,1131.4,459.6,1168.5,614.7,0.408
348,player,916.5,528.3,994.1,735.9,0.342
348,player,499.4,488.1,584.2,722.0,0.318
348,player,1266.1,436.9,1303.6,551.6,0.252
348,player,935.5,525.0,998.0,746.3,0.237
348,player,502.1,550.4,580.7,724.5,0.231
348,player,1239.5,451.1,1293.3,569.6,0.212
348,player,1702.2,532.5,1755.7,650.5,0.18
348,player,509.9,470.8,581.3,591.1,0.172
348,player,949.4,552.0,997.8,758.2,0.171
348,player,1133.6,457.8,1168.8,565.4,0.166
348,player,502.0,472.2,586.0,645.9,0.156
348,player,1694.5,753.4,1789.9,912.0,0.126
348,player,841.8,572.1,897.3,694.2,0.115
349,player,1439.3,478.1,1506.3,622.6,0.638
349,player,915.8,533.7,968.8,728.4,0.634
349,player,1692.8,534.0,1756.9,668.1,0.598
349,player,1020.9,280.6,1066.6,396.6,0.573
349,player,1565.7,606.8,1640.2,743.1,0.509
349,player,1245.7,438.0,1306.3,579.4,0.494
349,player,1131.9,459.3,1168.7,614.6,0.466
349,player,1262.1,440.2,1306.6,574.8,0.449
349,player,916.4,528.9,992.0,733.7,0.394
349,player,500.9,472.4,584.6,722.2,0.389
349,player,840.0,575.7,889.5,691.8,0.307
349,player,950.0,542.8,997.7,751.5,0.293
349,player,503.9,543.8,579.7,722.5,0.253
349,player,842.7,594.9,883.6,690.1,0.244
349,player,1238.7,449.5,1300.8,568.9,0.231
349,player,1133.6,457.8,1169.1,558.7,0.194
349,player,504.8,472.8,586.8,645.6,0.139
349,player,838.1,571.0,898.5,731.6,0.135
349,player,1694.7,752.8,1789.6,912.6,0.113
349,player,504.8,470.2,580.3,597.7,0.106
349,player,1705.2,532.3,1756.2,640.9,0.104
349,player,833.5,586.3,897.6,782.8,0.1
350,player,1441.8,477.3,1506.8,623.3,0.651
350,player,916.0,534.5,971.2,729.1,0.635
350,player,1691.6,533.6,1757.1,671.9,0.573
350,player,1021.2,281.0,1066.7,394.8,0.557
350,player,1565.0,607.6,1640.4,743.5,0.544
350,player,1244.0,441.5,1306.3,580.5,0.526
350,player,1131.3,458.7,1169.5,615.2,0.466
350,player,916.1,529.2,993.2,735.2,0.437
350,player,503.3,546.0,576.3,723.2,0.423
350,player,839.3,570.6,896.4,693.4,0.408
350,player,1133.2,456.6,1170.8,552.3,0.277
350,player,949.3,525.9,998.3,743.3,0.244
350,player,508.5,474.2,583.6,641.4,0.182
350,player,1268.2,440.3,1305.7,563.7,0.151
350,player,1702.6,531.8,1756.1,652.6,0.142
350,player,512.8,473.5,581.5,588.1,0.137
350,player,1695.7,752.7,1789.5,911.5,0.137
350,player,833.2,583.2,897.0,779.5,0.129
350,player,504.3,471.0,584.4,721.9,0.118
350,player,1444.7,511.3,1504.5,630.3,0.103
351,player,1442.3,476.6,1507.3,623.7,0.664
351,player,916.3,534.4,970.8,728.1,0.633
351,player,1021.5,281.4,1066.5,395.2,0.563
351,player,1692.2,533.8,1757.1,672.9,0.528
351,player,1565.5,606.5,1641.2,743.8,0.492
351,player,915.4,529.0,991.2,734.3,0.438
351,player,1131.8,458.3,1170.3,613.8,0.437
351,player,1241.1,437.4,1307.5,576.8,0.418
351,player,841.0,569.0,899.9,690.8,0.402
351,player,501.6,474.0,583.7,724.0,0.389
351,player,505.7,544.7,578.4,723.6,0.371
351,player,1133.8,456.4,1171.2,550.4,0.301
351,player,945.6,525.8,998.4,744.0,0.245
351,player,1705.5,532.2,1756.2,635.8,0.229
351,player,1268.6,437.2,1306.6,498.4,0.175
351,player,519.4,476.4,583.0,634.1,0.128
351,player,832.2,566.1,899.9,785.7,0.126
351,player,1695.7,752.4,1790.0,910.8,0.126
352,player,1441.1,475.0,1507.3,623.5,0.64
352,player,917.2,534.9,969.3,726.1,0.618
352,player,1021.3,281.5,1066.7,396.5,0.541
352,player,1563.8,607.8,1640.9,743.9,0.52
352,player,1695.3,534.4,1756.9,671.0,0.504
352,player,916.0,529.7,988.0,733.4,0.437
352,player,1251.6,436.8,1310.6,574.9,0.367
352,player,842.2,569.6,902.2,692.7,0.357
352,player,502.6,471.1,585.9,724.4,0.353
352,player,1132.5,461.8,1169.5,611.7,0.302
352,player,506.1,545.3,581.6,723.4,0.301
352,player,1133.5,457.8,1170.6,545.5,0.292
352,player,950.3,542.6,998.2,751.0,0.29
352,player,1709.2,532.8,1755.9,622.0,0.268
352,player,1268.0,438.9,1309.0,525.7,0.26
352,player,524.2,476.0,582.9,613.4,0.105
353,player,916.9,533.8,968.6,727.5,0.661
353,player,1442.3,476.5,1506.8,624.1,0.656
353,player,1021.6,280.6,1065.9,393.4,0.575
353,player,1563.5,608.1,1640.5,744.2,0.556
353,player,509.3,548.1,579.8,726.0,0.457
353,player,1692.7,534.4,1756.6,672.7,0.448
353,player,842.1,571.6,894.7,689.0,0.418
353,player,916.3,527.2,992.6,736.6,0.361
353,player,950.3,548.2,998.4,751.6,0.314
353,player,1132.4,464.1,1169.3,608.8,0.298
353,player,1263.6,438.7,1310.9,567.7,0.294
353,player,1133.9,457.1,1171.2,548.7,0.286
353,player,1247.8,435.6,1310.8,574.4,0.264
353,player,1269.3,438.2,1309.4,489.5,0.243
353,player,1713.4,532.5,1755.7,615.6,0.233
353,player,508.2,551.6,558.6,705.3,0.226
353,player,1706.7,531.7,1756.1,641.5,0.219
353,player,1132.5,555.9,1158.2,615.8,0.123
353,player,528.4,475.2,582.1,613.5,0.114
353,player,1433.2,501.7,1504.5,630.5,0.107
354,player,916.6,535.3,969.9,728.0,0.651
354,player,1446.6,476.0,1508.9,624.8,0.65
354,player,1563.9,608.3,1640.8,744.1,0.588
354,player,1021.7,280.3,1066.0,394.6,0.578
354,player,1693.6,534.4,1756.6,672.4,0.447
354,player,509.1,548.2,569.5,726.8,0.417
354,player,916.2,530.2,988.2,735.4,0.381
354,player,1132.2,463.0,1169.8,612.7,0.34
354,player,508.0,484.8,582.1,726.3,0.331
354,player,1712.1,532.7,1755.8,615.4,0.267
354,player,1706.7,531.6,1756.3,642.8,0.263
354,player,1134.1,458.7,1171.8,548.0,0.232
354,player,841.9,570.3,890.7,687.0,0.231
354,player,1260.2,441.1,1308.5,567.5,0.206
354,player,948.4,525.8,998.0,745.1,0.195
354,player,1264.6,441.4,1305.4,524.0,0.189
354,player,840.8,569.2,892.8,763.7,0.174
354,player,509.0,554.9,559.8,686.5,0.15
354,player,1242.6,439.1,1308.4,575.4,0.12
355,player,1443.4,474.6,1509.8,625.4,0.638
355,player,1021.7,280.3,1065.6,395.5,0.592
355,player,917.7,534.8,968.2,725.5,0.572
355,player,1563.6,608.5,1641.0,743.7,0.538
355,player,1692.1,534.4,1756.5,672.8,0.443
355,player,1131.7,462.5,1170.8,613.2,0.392
355,player,509.3,468.0,583.4,726.8,0.325
355,player,1252.2,438.9,1310.5,573.1,0.304
355,player,917.5,529.1,990.1,735.6,0.291
355,player,1133.3,458.3,1173.8,558.5,0.25
355,player,1712.6,532.4,1755.8,615.5,0.229
355,player,1706.6,531.9,1756.2,644.1,0.22
355,player,941.2,524.7,998.2,749.3,0.213
355,player,510.9,549.0,580.0,724.3,0.196
355,player,839.3,570.4,890.1,766.2,0.183
355,player,950.0,557.5,997.8,757.5,0.165
355,player,840.4,571.1,889.6,686.3,0.138
355,player,1260.5,438.6,1309.1,533.7,0.129
355,player,1449.9,476.6,1508.6,578.1,0.115
355,player,1132.4,556.0,1157.6,616.0,0.11
356,player,1444.6,473.8,1513.2,625.0,0.621
356,player,1021.5,279.7,1065.2,394.1,0.599
356,player,1564.3,608.5,1641.0,744.1,0.577
356,player,917.2,534.4,967.9,726.6,0.576
356,player,1131.3,461.8,1172.1,615.4,0.48
356,player,1693.3,534.1,1756.5,673.1,0.403
356,player,1714.3,531.1,1756.4,610.6,0.342
356,player,1251.7,439.6,1311.2,575.0,0.339
356,player,510.3,468.1,583.2,724.2,0.328
356,player,1704.8,533.0,1755.9,631.3,0.313
356,player,1132.9,458.6,1174.7,566.0,0.269
356,player,917.0,528.8,991.7,737.7,0.255
356,player,1263.3,439.5,1309.7,540.3,0.177
356,player,949.8,554.1,997.2,758.8,0.174
356,player,837.6,571.5,893.1,774.4,0.153
356,player,512.9,550.7,577.6,718.9,0.142
356,player,839.0,572.2,891.0,688.7,0.113
356,player,1761.0,286.0,1813.5,378.3,0.106
356,player,1449.2,476.4,1510.7,583.3,0.105
357,player,1442.9,472.6,1516.5,629.5,0.624
357,player,1021.3,279.8,1065.5,396.0,0.623
357,player,916.4,533.6,967.3,726.1,0.589
357,player,1564.3,608.7,1641.3,743.4,0.544
357,player,1131.3,462.3,1172.1,615.5,0.529
357,player,1690.7,535.0,1756.4,673.2,0.402
357,player,512.0,467.7,583.7,720.3,0.367
357,player,1251.1,439.2,1310.8,570.4,0.301
357,player,1702.1,533.7,1755.7,652.4,0.297
357,player,1714.5,531.9,1756.2,610.4,0.29
357,player,930.8,524.5,998.0,753.8,0.259
357,player,1132.8,459.7,1174.1,573.4,0.209
357,player,513.4,547.7,582.8,714.7,0.195
357,player,917.4,529.5,990.9,738.1,0.182
357,player,949.8,553.0,997.6,759.3,0.174
357,player,837.4,574.0,885.5,772.9,0.137
357,player,1132.1,557.0,1157.2,615.9,0.11
358,player,1021.0,280.2,1066.0,402.9,0.633
358,player,1443.7,474.4,1516.7,628.1,0.598
358,player,915.0,534.6,966.1,719.7,0.574
358,player,1131.0,467.3,1172.1,615.9,0.517
358,player,1564.1,608.1,1642.0,739.8,0.433
358,player,835.3,573.7,886.0,688.5,0.363
358,player,949.5,549.0,998.6,752.0,0.33
358,player,1249.9,441.5,1307.3,578.0,0.297
358,player,515.8,555.4,569.1,679.9,0.281
358,player,1131.7,556.5,1158.3,618.6,0.275
358,player,917.5,530.3,988.8,737.8,0.239
358,player,528.5,470.3,581.5,604.4,0.236
358,player,1023.8,405.2,1049.5,504.7,0.211
358,player,1721.5,535.1,1756.7,607.5,0.199
358,player,1699.5,536.8,1757.3,673.1,0.19
358,player,1709.4,530.6,1758.2,631.3,0.164
358,player,516.8,574.0,576.0,698.7,0.155
358,player,515.3,463.2,580.3,633.8,0.152
358,player,1579.7,606.5,1642.8,723.1,0.14
358,player,1134.2,459.4,1176.3,557.1,0.138
358,player,954.7,534.0,995.9,662.4,0.119
358,player,525.1,464.5,579.9,561.0,0.117
358,player,513.1,542.4,561.5,643.2,0.111
359,player,1021.6,280.3,1065.9,401.6,0.632
359,player,1444.2,476.4,1518.7,632.1,0.593
359,player,913.6,533.2,967.1,736.9,0.564
359,player,836.1,576.2,887.1,757.6,0.417
359,player,1565.3,607.9,1643.7,732.1,0.373
359,player,1131.8,559.8,1158.1,618.7,0.359
359,player,1131.6,471.6,1168.5,618.6,0.343
359,player,915.8,531.0,993.3,748.1,0.304
359,player,1023.7,410.0,1049.2,507.8,0.296
359,player,525.9,471.1,581.8,598.1,0.273
359,player,949.2,549.6,998.0,752.2,0.264
359,player,1132.3,465.4,1173.5,579.7,0.256
359,player,1252.2,461.8,1302.2,578.2,0.246
359,player,513.5,600.3,583.6,743.0,0.243
359,player,524.8,597.6,580.2,709.9,0.234
359,player,516.4,573.7,580.9,720.3,0.229
359,player,837.2,575.4,885.4,710.8,0.216
359,player,1137.1,461.4,1174.6,539.5,0.209
359,player,1719.0,536.7,1755.3,612.1,0.199
359,player,1579.0,606.1,1643.3,710.8,0.183
359,player,1134.0,477.3,1172.6,557.3,0.172
359,player,517.6,465.9,580.1,623.5,0.171
359,player,569.5,394.3,605.7,448.3,0.153
359,player,525.4,465.4,580.7,555.4,0.15
359,player,515.3,545.9,578.1,688.9,0.15
359,player,827.7,599.5,884.8,790.2,0.139
359,player,517.7,565.1,572.0,675.9,0.127
359,player,506.9,552.0,578.4,747.1,0.123
359,player,954.7,535.0,995.9,659.5,0.106
360,player,1020.9,280.4,1066.1,404.6,0.653
360,player,1444.8,476.8,1519.3,631.2,0.57
360,player,912.8,533.3,969.1,736.7,0.563
360,player,833.6,574.3,893.5,759.9,0.548
360,player,1131.8,559.8,1157.8,620.3,0.412
360,player,1131.6,476.9,1168.4,620.1,0.36
360,player,915.3,530.3,995.2,749.4,0.352
360,player,1255.3,446.2,1307.5,578.7,0.343
360,player,1565.6,607.5,1645.5,730.1,0.323
360,player,529.2,470.6,582.9,602.0,0.298
360,player,1022.2,411.3,1047.8,507.2,0.273
360,player,515.0,553.5,573.6,679.7,0.26
360,player,949.2,541.7,998.1,751.9,0.247
360,player,523.4,562.7,582.1,728.2,0.239
360,player,1132.6,470.7,1173.3,561.0,0.227
360,player,1583.9,605.7,1644.7,707.3,0.21
360,player,520.3,465.5,578.2,629.4,0.209
360,player,514.0,583.3,582.7,748.2,0.179
360,player,1139.3,462.4,1174.6,536.2,0.165
360,player,826.6,593.5,887.7,789.6,0.141
360,player,526.2,465.1,582.3,565.3,0.131
360,player,571.2,393.2,607.8,451.4,0.111
360,player,953.0,532.8,996.3,661.9,0.103
361,player,1021.2,281.6,1067.0,404.6,0.625
361,player,830.7,574.1,915.6,759.0,0.609
361,player,1444.1,476.2,1520.3,630.1,0.577
361,player,1131.9,561.2,1157.7,620.9,0.548
361,player,913.5,535.2,968.9,703.2,0.507
361,player,518.0,550.5,575.3,696.1,0.394
361,player,828.7,577.2,890.5,773.5,0.392
361,player,1563.3,607.3,1645.3,726.2,0.364
361,player,1258.2,451.3,1308.1,578.0,0.294
361,player,528.8,472.0,583.1,596.7,0.288
361,player,526.5,467.6,581.7,564.2,0.269
361,player,1022.6,411.2,1047.5,509.8,0.264
361,player,948.9,543.3,997.5,752.1,0.264
361,player,1131.1,478.7,1167.3,621.4,0.243
361,player,529.0,582.3,578.6,708.1,0.23
361,player,916.8,530.9,994.0,728.7,0.224
361,player,1131.6,471.4,1174.3,555.4,0.179
361,player,1582.3,606.3,1645.4,706.4,0.176
361,player,1138.9,461.4,1175.7,533.0,0.167
361,player,1132.6,482.5,1172.2,572.0,0.146
361,player,1722.6,533.9,1756.3,608.8,0.143
361,player,952.1,534.9,995.4,657.8,0.137
361,player,943.0,426.5,977.9,472.3,0.133
361,player,1133.3,487.0,1171.2,542.9,0.132
361,player,570.1,394.3,605.5,455.1,0.13
361,player,531.8,596.6,580.9,740.7,0.117
361,player,526.7,466.7,573.7,539.4,0.109
361,player,522.3,546.1,579.8,736.4,0.109
361,player,916.8,532.7,964.7,665.8,0.104
362,player,828.9,573.4,912.6,761.3,0.625
362,player,1021.4,281.8,1067.1,404.8,0.619
362,player,1445.9,478.0,1518.4,628.4,0.59
362,player,517.6,555.6,579.8,717.4,0.571
362,player,914.0,533.9,965.7,721.5,0.502
362,player,1132.2,560.6,1159.0,621.1,0.441
362,player,1261.4,448.9,1310.4,579.2,0.386
362,player,1130.3,467.4,1170.8,572.0,0.374
362,player,1131.2,468.1,1169.5,619.9,0.325
362,player,1563.3,606.4,1645.6,729.4,0.317
362,player,527.9,465.2,582.0,564.5,0.315
362,player,947.8,544.4,997.5,752.6,0.272
362,player,1134.0,462.1,1176.1,543.3,0.258
362,player,1022.4,409.7,1047.9,508.8,0.245
362,player,825.6,583.8,888.7,787.9,0.231
362,player,527.8,465.2,575.4,540.6,0.191
362,player,916.7,531.1,992.3,737.4,0.184
362,player,1578.9,606.5,1646.0,707.0,0.172
362,player,929.8,526.3,996.6,692.4,0.145
362,player,952.5,536.3,995.0,657.0,0.142
362,player,943.1,426.5,978.0,472.3,0.14
362,player,916.6,532.9,964.3,650.4,0.123
362,player,522.3,491.8,579.5,584.3,0.117
362,player,567.7,393.8,609.4,458.5,0.108
362,player,518.6,557.7,569.0,673.6,0.107
362,player,830.4,576.6,896.0,740.2,0.106
363,player,1022.3,283.9,1070.4,403.3,0.571
363,player,1443.1,476.6,1517.4,625.9,0.513
363,player,519.1,552.3,584.3,734.3,0.485
363,player,915.3,537.2,968.0,700.8,0.463
363,player,1562.5,608.7,1645.8,727.6,0.431
363,player,824.1,575.1,903.4,780.8,0.426
363,player,1263.3,452.0,1311.9,579.6,0.38
363,player,1133.4,562.7,1159.0,621.0,0.378
363,player,529.0,464.5,580.3,548.6,0.339
363,player,1136.3,463.9,1176.2,535.6,0.337
363,player,1132.3,466.3,1174.7,563.2,0.275
363,player,519.8,555.4,571.3,680.5,0.245
363,player,1132.4,472.3,1169.2,619.0,0.241
363,player,1022.7,412.2,1047.6,512.1,0.217
363,player,952.9,537.9,994.4,656.2,0.203
363,player,1022.6,408.4,1056.1,515.1,0.197
363,player,1721.6,533.3,1757.0,611.3,0.196
363,player,930.0,977.0,976.8,1080.0,0.171
363,player,1575.5,607.3,1644.7,708.3,0.166
363,player,916.8,533.8,963.7,650.6,0.166
363,player,918.6,531.0,991.0,697.1,0.158
363,player,569.6,394.4,603.4,455.6,0.144
363,player,952.3,568.3,996.2,751.3,0.137
363,player,626.2,486.5,651.2,529.4,0.134
363,player,825.8,588.1,885.4,783.6,0.131
363,player,943.0,425.4,978.1,472.1,0.12
363,player,528.2,470.9,584.5,589.2,0.109
363,player,827.7,576.1,887.6,711.0,0.107
363,player,599.7,400.7,624.5,460.1,0.103
364,player,1022.2,283.9,1070.0,402.9,0.576
364,player,1442.9,476.5,1516.6,625.7,0.532
364,player,824.1,576.8,890.0,771.5,0.496
364,player,520.1,553.0,584.3,728.1,0.49
364,player,914.8,534.6,966.2,720.2,0.441
364,player,1130.6,481.0,1169.9,621.4,0.416
364,player,1561.8,606.5,1643.9,729.2,0.387
364,player,1132.8,561.8,1160.9,623.1,0.384
364,player,1264.4,453.3,1310.6,579.5,0.318
364,player,529.8,465.9,579.9,546.5,0.303
364,player,520.6,556.2,574.6,677.0,0.291
364,player,1138.0,461.2,1176.8,531.9,0.23
364,player,1721.6,533.8,1757.2,611.7,0.21
364,player,942.6,425.2,978.1,472.2,0.186
364,player,950.1,563.0,996.7,751.9,0.186
364,player,1023.0,413.6,1047.5,511.5,0.181
364,player,929.9,977.5,977.0,1080.0,0.18
364,player,917.4,529.0,993.3,709.0,0.173
364,player,1022.5,408.6,1055.6,513.6,0.173
364,player,1129.8,464.0,1175.4,553.8,0.167
364,player,626.4,486.5,650.4,529.3,0.142
364,player,916.2,533.7,964.2,651.2,0.14
364,player,953.2,538.0,994.0,656.5,0.14
364,player,938.5,529.9,995.2,689.2,0.118
365,player,1022.1,282.8,1068.0,403.3,0.587
365,player,1441.0,474.0,1517.7,630.1,0.577
365,player,522.2,553.9,584.4,734.9,0.526
365,player,1129.0,467.6,1171.6,620.0,0.491
365,player,913.9,535.1,971.6,703.7,0.468
365,player,821.8,575.3,884.8,786.7,0.464
365,player,1562.8,606.2,1642.9,727.7,0.455
365,player,528.6,463.2,578.4,540.2,0.36
365,player,1023.9,412.7,1050.2,515.6,0.304
365,player,1132.1,560.0,1163.3,621.7,0.303
365,player,1264.0,459.1,1309.7,579.8,0.301
365,player,915.4,532.6,991.5,714.7,0.257
365,player,823.5,576.4,905.3,764.1,0.222
365,player,1721.3,532.9,1756.6,612.9,0.221
365,player,626.9,486.2,651.5,529.8,0.205
365,player,1131.4,458.4,1177.3,532.1,0.19
365,player,1128.5,469.5,1172.5,540.4,0.145
365,player,952.7,537.6,993.6,657.5,0.142
365,player,942.9,425.5,977.8,472.3,0.142
365,player,929.9,977.9,977.8,1080.0,0.132
365,player,951.3,564.7,996.3,747.9,0.13
365,player,569.3,393.2,604.9,457.6,0.127
365,player,915.5,533.1,965.4,661.5,0.127
365,player,824.4,577.4,877.3,702.1,0.112
366,player,1021.9,282.6,1067.9,403.3,0.573
366,player,1439.7,474.4,1516.6,630.3,0.56
366,player,821.3,575.7,912.1,786.9,0.501
366,player,1129.1,469.5,1170.9,619.9,0.459
366,player,914.5,535.1,971.0,705.5,0.447
366,player,1562.7,606.4,1643.1,727.4,0.413
366,player,821.3,576.9,884.7,790.3,0.409
366,player,525.6,553.3,582.3,735.4,0.365
366,player,527.8,462.4,579.2,546.1,0.34
366,player,1132.8,561.8,1164.4,622.9,0.307
366,player,1022.7,414.3,1048.2,512.3,0.299
366,player,526.4,460.8,580.7,600.3,0.257
366,player,1022.3,411.1,1056.5,515.6,0.253
366,player,1127.4,459.1,1175.6,595.5,0.246
366,player,1263.7,461.4,1309.2,579.5,0.245
366,player,915.8,532.9,989.5,715.9,0.244
366,player,626.7,484.5,652.3,530.6,0.237
366,player,1127.6,462.6,1173.4,555.7,0.194
366,player,1130.4,545.9,1168.0,623.1,0.182
366,player,1129.1,458.0,1177.1,537.2,0.172
366,player,951.5,564.2,996.8,748.4,0.16
366,player,1721.6,532.6,1756.7,613.7,0.152
366,player,569.2,393.8,604.4,457.7,0.148
366,player,953.9,539.2,993.8,657.7,0.132
366,player,930.4,529.9,995.8,731.1,0.127
366,player,930.0,978.2,977.8,1080.0,0.125
366,player,943.1,425.5,977.6,472.1,0.12
367,player,1439.7,475.7,1514.5,629.2,0.556
367,player,1021.9,282.4,1068.2,403.4,0.541
367,player,1562.8,607.5,1643.2,724.0,0.448
367,player,914.2,535.9,968.0,704.6,0.445
367,player,525.5,459.8,581.4,618.8,0.397
367,player,527.9,462.4,579.1,555.5,0.386
367,player,526.3,552.7,581.9,729.4,0.38
367,player,1128.8,475.1,1170.9,618.0,0.376
367,player,820.6,574.5,906.8,786.3,0.37
367,player,817.5,575.9,880.9,793.7,0.314
367,player,627.0,486.4,652.8,531.8,0.308
367,player,1022.5,412.7,1048.3,511.7,0.308
367,player,915.0,532.8,990.6,712.6,0.254
367,player,567.6,393.3,606.7,460.5,0.215
367,player,1131.9,559.0,1164.5,619.3,0.207
367,player,819.2,577.1,876.3,737.3,0.191
367,player,950.9,554.4,996.9,747.3,0.161
367,player,1132.2,459.2,1176.5,533.5,0.16
367,player,1127.5,460.1,1175.2,554.5,0.156
367,player,1719.4,533.7,1755.7,626.7,0.15
367,player,929.8,977.2,977.2,1080.0,0.143
367,player,1265.8,469.4,1308.5,577.5,0.14
367,player,952.6,537.9,994.2,658.7,0.132
367,player,529.6,550.1,584.6,687.9,0.132
367,player,943.0,424.8,978.0,472.0,0.109
367,player,1127.3,470.6,1170.7,535.2,0.105
368,player,1439.0,474.2,1513.6,629.5,0.563
368,player,527.4,458.8,582.7,616.6,0.545
368,player,816.9,576.3,879.4,792.5,0.533
368,player,914.2,534.6,970.5,707.0,0.501
368,player,1021.6,282.2,1068.3,401.9,0.488
368,player,1563.0,607.5,1641.9,724.5,0.477
368,player,1131.1,560.4,1166.5,622.8,0.447
368,player,1128.4,490.9,1170.4,621.8,0.414
368,player,528.2,552.8,583.4,727.7,0.354
368,player,914.8,532.7,990.1,718.3,0.32
368,player,626.5,486.1,652.5,532.9,0.295
368,player,1021.8,415.1,1048.7,511.9,0.251
368,player,1133.8,457.3,1177.5,532.1,0.197
368,player,567.6,393.3,606.6,460.9,0.189
368,player,1719.3,533.1,1755.6,624.6,0.189
368,player,1264.8,469.4,1308.8,579.3,0.179
368,player,1021.6,410.1,1057.9,515.0,0.173
368,player,949.7,552.6,997.7,747.4,0.172
368,player,929.8,977.2,977.6,1080.0,0.16
368,player,926.7,529.1,998.2,744.9,0.108
368,player,1710.3,531.8,1756.1,639.3,0.106
368,player,952.9,538.1,994.1,659.0,0.101
369,player,813.9,576.8,873.4,792.2,0.585
369,player,1564.4,607.9,1642.8,723.2,0.565
369,player,1442.6,475.9,1513.0,630.0,0.548
369,player,528.5,460.1,582.3,611.6,0.533
369,player,1127.9,474.3,1172.1,620.9,0.488
369,player,1021.5,282.1,1068.6,401.4,0.482
369,player,913.9,536.1,968.0,705.0,0.472
369,player,816.2,576.6,917.6,787.7,0.439
369,player,1131.5,560.3,1167.2,621.6,0.423
369,player,1024.5,412.1,1050.3,516.0,0.316
369,player,1264.0,476.6,1308.4,582.3,0.31
369,player,528.4,556.8,582.5,723.6,0.309
369,player,913.9,533.8,991.1,713.6,0.293
369,player,626.0,486.4,651.9,531.9,0.24
369,player,950.6,539.2,997.0,747.3,0.193
369,player,930.0,977.3,978.3,1080.0,0.183
369,player,1720.3,533.4,1756.1,622.1,0.181
369,player,952.4,538.2,994.6,656.2,0.163
369,player,1128.9,461.0,1177.8,533.8,0.157
369,player,569.2,393.6,604.6,459.4,0.146
369,player,1267.9,459.3,1313.8,578.3,0.139
369,player,926.0,531.8,997.4,743.2,0.111
369,player,1709.1,532.2,1756.9,640.9,0.106
369,player,943.3,425.5,977.3,471.8,0.104
370,player,1564.0,607.5,1642.7,725.3,0.607
370,player,1440.8,476.2,1513.2,629.0,0.558
370,player,913.5,536.9,967.5,702.7,0.49
370,player,1127.8,471.1,1173.9,620.2,0.473
370,player,529.9,460.7,581.9,615.4,0.465
370,player,1021.6,282.1,1068.9,400.8,0.456
370,player,812.2,579.1,869.9,792.6,0.436
370,player,530.0,556.7,582.6,725.4,0.408
370,player,1131.3,560.3,1167.4,621.2,0.352
370,player,813.9,580.1,864.1,703.3,0.32
370,player,1024.4,411.0,1050.6,516.3,0.316
370,player,1263.4,464.3,1311.7,582.3,0.316
370,player,929.9,977.1,977.2,1080.0,0.286
370,player,913.9,533.1,992.4,716.8,0.278
370,player,1718.8,534.9,1756.4,624.1,0.245
370,player,950.7,539.0,997.4,748.3,0.232
370,player,626.4,484.6,652.0,530.4,0.208
370,player,815.5,579.0,912.2,788.6,0.188
370,player,952.5,537.3,994.9,656.4,0.176
370,player,943.4,424.3,976.9,472.3,0.166
370,player,569.2,393.9,604.5,459.2,0.15
370,player,1129.7,461.7,1178.3,534.1,0.146
370,player,929.2,531.6,997.0,744.9,0.136
370,player,1125.5,476.1,1169.2,536.4,0.134
370,player,1709.3,533.6,1757.5,640.0,0.128
370,player,598.4,395.4,624.3,461.1,0.106
371,player,1127.0,461.0,1176.5,618.5,0.663
371,player,1446.9,479.6,1511.4,629.8,0.617
371,player,1564.8,607.6,1642.2,724.7,0.612
371,player,529.4,463.2,581.3,622.5,0.497
371,player,914.0,534.7,967.4,701.4,0.463
371,player,1020.4,282.1,1068.6,400.5,0.449
371,player,1261.1,462.9,1313.3,581.1,0.359
371,player,1024.9,412.4,1050.0,515.0,0.311
371,player,1722.2,532.0,1757.0,616.0,0.291
371,player,809.2,583.1,871.4,790.0,0.272
371,player,914.4,529.3,993.7,715.8,0.26
371,player,815.1,583.1,862.0,702.5,0.257
371,player,1128.8,525.9,1171.0,620.2,0.194
371,player,951.0,533.5,995.2,656.8,0.15
371,player,627.0,485.7,651.9,530.2,0.147
371,player,1129.8,558.4,1169.4,619.8,0.144
371,player,569.5,393.8,605.5,459.9,0.119
371,player,930.0,978.3,978.1,1080.0,0.1
372,player,1564.6,607.2,1642.2,723.9,0.634
372,player,1448.9,483.7,1510.6,627.6,0.629
372,player,1127.6,460.7,1176.9,617.6,0.569
372,player,913.0,535.0,967.0,708.7,0.55
372,player,528.4,463.9,581.5,623.6,0.523
372,player,807.6,583.8,873.6,791.5,0.431
372,player,1019.9,282.0,1067.4,398.0,0.4
372,player,1260.1,461.6,1312.5,579.9,0.394
372,player,1024.6,415.7,1049.4,514.1,0.33
372,player,1722.6,532.2,1757.7,616.1,0.329
372,player,816.9,583.5,860.2,694.1,0.26
372,player,1022.1,411.3,1056.2,512.6,0.244
372,player,913.9,531.3,986.7,729.3,0.243
372,player,569.4,393.5,605.9,460.2,0.184
372,player,626.4,485.6,651.3,531.9,0.157
372,player,930.2,978.9,978.3,1080.0,0.15
372,player,952.5,533.3,995.1,656.4,0.145
372,player,1210.9,410.3,1246.1,462.0,0.123
372,player,597.9,395.5,623.9,460.6,0.12
372,player,1705.3,530.6,1759.6,643.5,0.117
372,player,1129.6,556.9,1170.8,619.0,0.114
372,player,949.1,528.0,996.5,706.7,0.109
373,player,1127.5,463.9,1179.2,619.7,0.714
373,player,1564.6,607.2,1642.1,725.4,0.651
373,player,527.3,460.7,582.3,632.6,0.605
373,player,1447.8,480.8,1510.8,628.4,0.603
373,player,913.6,533.8,967.8,712.3,0.565
373,player,1260.0,461.0,1306.9,579.9,0.466
373,player,807.6,581.6,860.6,792.4,0.437
373,player,1020.6,282.0,1068.0,399.6,0.368
373,player,1025.0,415.7,1049.7,514.1,0.299
373,player,1720.6,530.6,1758.2,613.4,0.261
373,player,915.3,531.5,990.1,721.3,0.225
373,player,811.0,583.2,853.4,706.6,0.224
373,player,1022.6,411.5,1056.5,514.1,0.179
373,player,625.9,486.1,651.2,531.9,0.155
373,player,952.9,534.3,995.3,655.9,0.147
373,player,569.1,393.8,605.1,460.7,0.13
373,player,1212.4,411.1,1246.3,461.6,0.114
373,player,929.8,978.1,978.8,1080.0,0.105
373,player,939.9,527.8,996.5,682.4,0.104
374,player,1127.3,467.0,1178.8,620.4,0.733
374,player,1563.4,607.7,1642.0,725.6,0.632
374,player,1443.6,482.3,1512.4,628.7,0.597
374,player,526.5,463.3,582.9,647.5,0.576
374,player,915.2,533.9,968.0,704.5,0.484
374,player,1261.0,458.9,1309.4,580.8,0.46
374,player,807.4,583.8,856.2,791.2,0.374
374,player,1021.7,282.0,1067.9,398.2,0.34
374,player,1023.7,414.9,1048.6,510.0,0.324
374,player,915.0,532.0,987.5,715.3,0.285
374,player,1717.0,532.8,1758.1,619.4,0.282
374,player,1131.4,486.2,1172.6,622.6,0.192
374,player,811.0,584.7,851.2,715.4,0.178
374,player,1212.5,411.5,1247.0,461.5,0.143
374,player,568.6,393.9,604.8,460.0,0.141
374,player,624.8,486.5,651.7,531.7,0.131
374,player,949.7,531.5,997.3,697.2,0.129
374,player,952.2,537.1,995.8,653.9,0.123
374,player,811.1,582.0,887.1,780.1,0.118
375,player,1129.3,470.2,1180.3,623.6,0.708
375,player,1445.7,482.8,1512.0,628.4,0.611
375,player,1563.3,607.8,1641.4,724.8,0.597
375,player,526.7,460.5,583.1,650.2,0.51
375,player,915.7,533.7,968.5,706.6,0.467
375,player,1261.3,458.7,1307.0,581.8,0.448
375,player,805.3,585.1,852.3,792.0,0.359
375,player,915.8,531.3,987.5,715.6,0.308
375,player,1025.0,413.9,1050.2,514.2,0.308
375,player,1716.5,529.4,1758.8,617.4,0.292
375,player,1022.9,281.1,1067.3,386.7,0.251
375,player,954.6,534.9,996.3,657.7,0.167
375,player,947.4,531.6,996.7,698.8,0.139
375,player,1212.2,411.4,1246.7,461.7,0.137
375,player,806.7,584.8,847.6,737.0,0.122
375,player,807.4,583.9,870.2,787.6,0.103
375,player,1706.0,522.5,1760.5,624.5,0.1
376,player,1130.0,473.2,1180.1,625.9,0.634
376,player,1562.2,608.0,1643.0,726.4,0.547
376,player,1444.0,480.7,1512.4,625.3,0.522
376,player,917.1,531.7,966.7,700.9,0.451
376,player,1262.2,454.4,1309.6,580.2,0.337
376,player,955.9,532.5,995.3,666.0,0.327
376,player,1716.1,529.9,1759.2,617.3,0.325
376,player,806.1,587.3,855.8,791.0,0.262
376,player,528.7,460.5,583.2,618.7,0.196
376,player,1025.0,410.6,1051.7,514.2,0.188
376,player,1132.0,494.7,1172.2,625.3,0.163
376,player,1023.2,279.0,1067.7,381.9,0.158
376,player,1705.9,523.2,1761.5,623.6,0.127
376,player,956.2,531.6,1001.6,706.5,0.103
377,player,1427.4,478.9,1510.5,630.6,0.698
377,player,1131.4,469.1,1183.5,622.0,0.661
377,player,801.0,587.1,855.0,795.6,0.611
377,player,1565.3,606.0,1642.4,729.2,0.597
377,player,915.1,531.2,967.9,705.0,0.503
377,player,1262.9,473.5,1308.5,581.5,0.439
377,player,915.1,532.2,987.0,725.7,0.35
377,player,529.8,467.7,583.4,653.0,0.302
377,player,1023.2,279.5,1068.9,361.9,0.28
377,player,1709.4,538.9,1756.7,633.2,0.267
377,player,953.1,532.4,998.3,714.4,0.213
377,player,1025.6,422.6,1048.9,514.0,0.172
377,player,1019.5,279.2,1072.0,400.3,0.168
377,player,954.5,538.9,995.7,677.2,0.161
378,player,1132.3,468.6,1186.8,623.3,0.708
378,player,1428.0,479.9,1510.7,630.5,0.705
378,player,798.1,584.6,851.3,793.0,0.607
378,player,1564.9,604.4,1642.4,727.7,0.576
378,player,915.0,533.4,969.4,707.1,0.461
378,player,915.3,532.4,994.9,735.9,0.435
378,player,1262.4,488.1,1307.3,581.5,0.38
378,player,1022.5,280.3,1069.6,377.5,0.315
378,player,1708.2,536.1,1758.9,634.4,0.246
378,player,528.8,470.2,586.2,674.6,0.218
378,player,940.2,532.9,997.8,737.3,0.217
378,player,1264.8,464.8,1312.7,581.5,0.185
378,player,1702.2,535.4,1757.9,689.6,0.105
379,player,1132.4,469.8,1187.6,622.5,0.69
379,player,1429.2,480.4,1511.1,630.2,0.686
379,player,1564.2,605.4,1643.1,724.9,0.572
379,player,796.1,585.6,850.9,789.4,0.511
379,player,915.3,534.3,969.3,706.2,0.457
379,player,916.3,533.8,987.1,722.7,0.381
379,player,1262.4,490.7,1306.3,581.3,0.337
379,player,1022.5,279.9,1068.6,376.8,0.331
379,player,1707.5,536.1,1759.0,635.6,0.259
379,player,935.9,535.1,999.2,743.3,0.183
379,player,803.8,583.2,842.6,666.8,0.176
379,player,1264.7,470.4,1312.2,581.1,0.161
379,player,1683.1,534.1,1758.4,699.5,0.117
379,player,952.6,543.3,995.5,710.4,0.113
379,player,800.3,584.1,843.1,732.6,0.1
380,player,1132.5,468.8,1185.0,626.9,0.629
380,player,1443.0,481.4,1510.8,630.1,0.57
380,player,1567.1,606.5,1644.9,730.0,0.444
380,player,914.4,530.8,995.4,715.3,0.385
380,player,1269.0,483.6,1308.0,583.9,0.349
380,player,797.5,584.8,851.1,788.5,0.307
380,player,1708.7,537.0,1758.6,645.5,0.268
380,player,1706.7,534.6,1757.3,684.7,0.113
380,player,1021.4,279.0,1069.0,368.8,0.109
381,player,1573.7,604.4,1643.2,734.3,0.122
574,player,1469.3,486.4,1539.1,629.9,0.529
574,player,1131.8,465.2,1188.4,614.0,0.462
574,player,1568.3,579.6,1648.2,739.4,0.435
574,player,901.3,524.5,995.0,718.1,0.132
575,player,1131.3,460.1,1189.3,616.0,0.81
575,player,1466.8,487.1,1541.2,628.5,0.659
575,player,1565.6,577.8,1650.5,732.6,0.591
575,player,904.8,529.8,995.0,712.8,0.317
575,player,1271.2,486.1,1310.2,585.8,0.169
575,player,678.6,468.4,727.9,661.5,0.134
575,player,1023.3,269.1,1073.4,369.6,0.118
576,player,1131.0,462.0,1191.9,614.3,0.813
576,player,1464.9,486.2,1541.4,626.5,0.767
576,player,1565.1,577.2,1651.9,726.9,0.659
576,player,1268.9,482.2,1309.8,585.1,0.44
576,player,911.9,528.7,986.9,709.2,0.412
576,player,678.2,469.7,728.3,662.0,0.399
576,player,1024.3,272.6,1073.4,369.9,0.209
577,player,1131.8,458.1,1193.7,615.0,0.818
577,player,1464.9,486.1,1542.2,626.7,0.788
577,player,1565.5,576.4,1650.9,725.8,0.669
577,player,676.6,470.7,728.3,660.4,0.533
577,player,911.5,527.0,988.1,705.3,0.504
577,player,1267.9,481.5,1308.8,585.6,0.483
577,player,1024.9,274.2,1073.6,370.8,0.241
577,player,1271.2,457.9,1313.7,586.5,0.167
577,player,1023.1,276.7,1073.2,403.5,0.122
577,player,1023.8,417.4,1048.7,515.1,0.115
578,player,1132.8,457.7,1193.5,615.7,0.767
578,player,1464.9,486.1,1544.2,626.6,0.755
578,player,676.4,472.4,728.6,659.2,0.668
578,player,1566.3,574.9,1651.1,725.2,0.632
578,player,1267.9,471.8,1309.4,585.5,0.489
578,player,910.3,526.6,989.7,705.8,0.484
578,player,579.9,529.3,644.4,705.9,0.282
578,player,1025.6,276.2,1073.5,371.4,0.151
578,player,1023.6,416.4,1048.2,513.4,0.149
578,player,1352.9,311.0,1379.8,356.7,0.113
578,player,581.9,483.1,668.9,705.6,0.102
579,player,1131.2,460.1,1193.6,613.3,0.768
579,player,674.2,472.0,728.7,659.7,0.666
579,player,1465.8,484.8,1544.4,624.8,0.625
579,player,1565.7,574.7,1652.9,725.0,0.544
579,player,905.9,524.8,994.0,712.5,0.543
579,player,1267.5,465.9,1313.7,584.4,0.485
579,player,1024.4,421.4,1048.7,517.6,0.28
579,player,580.8,539.5,642.7,694.6,0.248
579,player,910.8,527.4,971.0,699.8,0.185
579,player,580.7,484.9,660.0,700.4,0.142
579,player,1481.2,485.5,1546.7,607.2,0.139
579,player,1021.0,277.5,1074.2,380.7,0.118
580,player,670.9,474.0,729.4,658.7,0.749
580,player,1130.8,462.1,1195.4,613.5,0.734
580,player,1468.7,482.3,1548.3,626.4,0.731
580,player,1564.8,575.8,1653.2,722.2,0.646
580,player,910.4,526.1,995.2,699.0,0.531
580,player,580.6,544.0,647.3,696.8,0.445
580,player,1262.9,470.1,1310.6,582.5,0.397
580,player,1024.9,420.8,1049.3,516.0,0.368
580,player,934.8,538.5,993.0,682.8,0.201
580,player,1465.5,520.1,1544.8,630.0,0.165
580,player,619.0,487.7,654.0,578.4,0.162
580,player,905.9,530.6,971.7,715.1,0.157
580,player,622.6,487.4,652.9,530.4,0.136
580,player,1022.3,414.2,1054.7,518.4,0.134
580,player,1211.9,411.3,1245.1,460.8,0.131
580,player,914.3,529.5,973.5,679.2,0.124
580,player,614.3,486.3,654.7,533.0,0.108
580,ball,36.6,124.9,68.1,172.4,0.193
581,player,1132.3,461.8,1195.9,615.3,0.806
581,player,670.4,474.5,729.6,660.0,0.743
581,player,1467.0,486.7,1548.8,625.7,0.643
581,player,1565.1,573.7,1652.5,722.0,0.62
581,player,581.4,540.2,648.4,697.7,0.523
581,player,914.8,527.8,984.4,699.4,0.489
581,player,1261.8,466.3,1310.8,582.9,0.409
581,player,1025.0,421.6,1048.9,515.9,0.382
581,player,1489.8,486.8,1548.1,622.4,0.338
581,player,946.2,532.7,994.6,687.7,0.285
581,player,907.0,530.9,971.5,708.8,0.202
581,player,1497.5,485.7,1548.7,576.2,0.18
581,player,956.6,547.8,993.6,677.8,0.173
581,player,619.0,487.6,654.4,578.8,0.148
581,player,1022.7,414.5,1054.4,518.1,0.146
581,player,622.4,487.6,652.8,530.7,0.134
581,player,613.7,486.7,655.1,537.1,0.128
581,player,1212.0,411.2,1245.1,461.0,0.119
581,player,1253.8,498.4,1309.1,583.0,0.105
581,ball,36.7,124.9,68.2,172.6,0.242
582,player,1133.0,460.4,1195.6,615.2,0.841
582,player,670.2,473.4,729.3,660.3,0.714
582,player,1565.9,573.4,1650.6,723.0,0.619
582,player,1465.6,490.8,1548.3,625.7,0.517
582,player,915.6,527.9,989.8,692.7,0.484
582,player,1261.5,470.4,1307.8,583.1,0.444
582,player,580.9,546.3,646.8,702.4,0.428
582,player,1497.6,489.7,1547.7,611.3,0.219
582,player,1025.7,419.9,1049.0,512.7,0.217
582,player,1501.6,489.4,1548.1,560.0,0.159
582,player,1267.0,457.2,1314.6,581.8,0.154
582,player,934.5,531.3,995.3,694.1,0.142
582,player,622.7,487.7,652.7,531.0,0.136
582,player,619.9,487.6,654.2,548.5,0.123
582,player,1584.4,572.2,1650.6,704.0,0.116
582,player,1212.1,411.0,1244.9,461.3,0.114
582,player,910.4,524.5,977.4,719.4,0.112
582,ball,36.9,125.1,68.2,172.7,0.318
583,player,1130.8,459.3,1195.2,614.6,0.817
583,player,670.3,476.0,728.4,661.2,0.749
583,player,1565.2,570.8,1651.7,722.0,0.586
583,player,1464.6,491.1,1549.8,626.1,0.574
583,player,917.2,527.8,990.9,684.9,0.536
583,player,1264.2,460.7,1313.3,583.9,0.468
583,player,585.4,548.9,648.1,706.1,0.325
583,player,1025.7,418.6,1049.6,512.5,0.207
583,player,623.4,486.8,652.2,529.6,0.173
583,player,1023.7,279.3,1074.2,399.8,0.123
583,ball,36.8,124.8,68.6,173.4,0.385
584,player,1128.5,461.9,1194.9,617.6,0.773
584,player,669.5,478.3,729.1,660.8,0.756
584,player,1565.8,570.3,1650.2,722.3,0.591
584,player,1473.3,488.4,1552.6,626.0,0.53
584,player,585.2,536.4,655.7,706.6,0.524
584,player,918.8,528.1,991.9,676.8,0.501
584,player,1268.1,462.2,1313.7,583.4,0.452
584,player,1026.0,420.7,1049.9,513.1,0.204
584,player,622.9,486.5,652.6,528.5,0.169
584,player,1023.6,280.1,1074.2,402.2,0.155
584,ball,36.5,124.6,68.8,173.7,0.437
584,ball,929.0,122.6,949.6,149.3,0.108
585,player,1127.5,463.4,1194.2,617.3,0.772
585,player,669.0,479.6,729.1,663.0,0.762
585,player,1566.2,569.9,1648.7,722.7,0.619
585,player,586.2,533.7,654.3,699.0,0.603
585,player,919.1,527.6,992.0,677.7,0.507
585,player,1481.3,487.1,1553.9,626.9,0.496
585,player,1266.8,460.7,1314.3,584.6,0.478
585,player,623.0,487.2,652.2,529.8,0.237
585,player,1025.9,418.1,1050.2,514.1,0.236
585,player,1023.8,279.1,1073.9,403.8,0.158
585,player,1499.2,486.6,1553.1,612.2,0.113
585,player,1018.1,279.1,1072.3,371.4,0.105
585,player,569.0,393.8,605.6,461.1,0.102
585,ball,36.3,123.6,69.1,176.0,0.468
585,ball,928.9,122.4,949.5,148.9,0.188
586,player,1125.6,465.3,1193.5,618.7,0.733
586,player,669.0,483.6,728.1,659.6,0.706
586,player,1566.5,572.7,1647.8,722.7,0.618
586,player,589.6,536.9,645.3,685.8,0.572
586,player,918.7,527.3,992.6,678.2,0.479
586,player,1265.7,456.9,1314.2,585.0,0.47
586,player,1483.7,486.7,1554.3,626.8,0.451
586,player,623.3,487.4,652.4,530.0,0.287
586,player,1024.9,417.8,1049.0,503.0,0.174
586,player,929.2,528.1,997.0,708.3,0.165
586,player,585.7,551.6,648.3,710.2,0.155
586,player,1131.1,467.0,1191.1,587.3,0.126
586,player,943.8,425.6,976.8,473.0,0.122
586,player,1023.5,279.6,1073.7,402.5,0.105
586,player,1499.6,485.1,1554.4,597.5,0.105
586,ball,36.5,123.4,69.2,176.7,0.542
586,ball,929.2,121.7,949.8,148.4,0.158
587,player,1124.6,464.2,1192.4,617.7,0.753
587,player,669.6,485.0,728.1,657.2,0.682
587,player,590.3,538.5,643.7,692.1,0.584
587,player,1567.9,572.1,1646.2,725.1,0.564
587,player,1263.5,459.5,1315.5,585.2,0.469
587,player,920.8,527.6,990.3,682.1,0.438
587,player,1488.8,487.1,1555.3,627.5,0.405
587,player,622.1,486.5,652.4,529.8,0.277
587,player,1025.2,412.6,1049.0,509.0,0.204
587,player,689.9,584.7,725.0,665.9,0.201
587,player,1023.4,278.8,1073.2,402.0,0.18
587,player,938.3,530.1,996.6,724.5,0.15
587,player,1016.6,278.8,1071.7,371.0,0.115
587,ball,35.8,123.2,69.2,177.9,0.645
588,player,1124.0,459.9,1194.4,615.6,0.736
588,player,669.5,485.2,727.9,656.9,0.636
588,player,590.1,537.5,643.8,692.8,0.63
588,player,1566.7,571.1,1646.7,725.4,0.589
588,player,1488.7,489.8,1555.7,624.9,0.499
588,player,921.7,526.3,993.0,678.1,0.405
588,player,1260.9,464.2,1314.6,583.3,0.399
588,player,622.4,486.8,652.5,527.6,0.24
588,player,688.5,585.1,724.9,665.5,0.219
588,player,944.2,531.5,997.0,735.9,0.183
588,player,1022.6,278.6,1073.4,402.4,0.169
588,player,942.8,425.6,977.5,472.3,0.15
588,player,952.0,548.3,993.9,709.8,0.118
588,player,956.7,553.7,995.3,744.0,0.114
588,player,1025.2,412.4,1049.4,508.5,0.113
588,player,1212.2,409.9,1247.2,461.3,0.102
588,ball,35.6,123.1,69.1,179.0,0.727
589,player,1124.2,458.3,1195.0,613.7,0.784
589,player,670.0,481.4,729.2,664.5,0.699
589,player,591.0,532.2,645.3,695.0,0.631
589,player,1567.4,571.5,1646.4,725.6,0.6
589,player,921.1,527.4,992.1,694.4,0.514
589,player,1488.0,487.9,1556.8,626.9,0.491
589,player,1252.4,462.5,1314.8,584.8,0.446
589,player,931.6,528.4,998.0,745.7,0.251
589,player,622.4,486.5,652.7,528.2,0.2
589,player,1022.6,277.8,1073.0,402.6,0.197
589,player,1025.1,411.8,1049.3,510.4,0.173
589,player,942.4,425.6,977.7,472.6,0.17
589,player,1251.2,499.0,1304.9,580.2,0.159
589,player,916.3,533.9,957.6,724.1,0.144
589,player,1212.0,410.0,1247.9,461.3,0.116
589,player,1580.7,571.2,1645.8,700.6,0.112
589,ball,36.0,122.9,69.3,178.9,0.724
590,player,1128.0,458.9,1195.2,613.2,0.781
590,player,668.9,480.6,730.1,663.4,0.658
590,player,1569.0,570.5,1644.7,725.2,0.59
590,player,590.3,530.8,642.3,689.4,0.535
590,player,920.5,527.1,993.7,705.8,0.517
590,player,1253.1,466.5,1311.7,585.2,0.439
590,player,1485.9,489.1,1558.2,625.2,0.391
590,player,1021.9,278.2,1072.7,402.9,0.256
590,player,587.9,524.5,630.8,665.2,0.224
590,player,1252.7,484.9,1302.5,588.6,0.207
590,player,939.7,538.1,996.0,739.4,0.2
590,player,943.0,425.1,977.1,472.8,0.192
590,player,1211.1,410.0,1248.3,461.6,0.188
590,player,1024.3,410.5,1049.7,510.2,0.155
590,player,622.4,486.4,652.6,529.6,0.148
590,ball,36.3,123.2,69.3,177.8,0.686
591,player,1127.1,458.9,1196.2,613.2,0.791
591,player,670.6,481.1,730.3,665.1,0.67
591,player,1566.3,570.1,1645.9,725.0,0.588
591,player,921.4,527.2,994.3,712.8,0.553
591,player,1256.5,456.1,1320.5,583.8,0.507
591,player,933.1,528.6,998.1,749.0,0.492
591,player,1489.7,487.8,1558.8,626.5,0.388
591,player,1023.4,406.7,1051.6,513.1,0.336
591,player,589.8,544.4,638.8,688.6,0.324
591,player,1274.6,457.4,1321.0,581.1,0.267
591,player,879.1,608.5,930.6,713.7,0.239
591,player,946.7,552.5,997.7,751.6,0.237
591,player,588.6,500.8,632.8,665.7,0.236
591,player,586.4,487.5,621.7,647.0,0.224
591,player,1214.5,410.4,1247.4,463.1,0.179
591,player,942.8,425.8,977.2,472.6,0.169
591,player,876.8,608.3,938.8,753.2,0.16
591,player,592.8,487.9,654.1,683.3,0.149
591,player,568.4,392.6,606.6,461.1,0.118
591,player,1021.3,278.5,1070.6,402.0,0.109
591,player,588.6,486.9,618.0,614.1,0.103
591,player,873.3,610.4,918.5,717.9,0.103
591,ball,35.8,123.7,68.9,175.6,0.112
592,player,1125.8,460.1,1196.0,614.6,0.791
592,player,672.1,481.1,731.6,663.2,0.623
592,player,1566.5,570.1,1646.7,728.2,0.602
592,player,921.3,525.4,997.0,746.8,0.578
592,player,1257.3,456.7,1321.9,583.8,0.509
592,player,1491.1,488.5,1558.8,624.0,0.466
592,player,1023.7,407.8,1051.8,513.2,0.368
592,player,592.6,544.2,636.4,676.7,0.278
592,player,1283.3,457.5,1322.3,581.3,0.274
592,player,590.3,499.6,629.6,652.9,0.254
592,player,586.2,486.0,620.5,649.6,0.22
592,player,943.2,425.0,978.5,474.2,0.205
592,player,593.9,487.2,656.7,666.3,0.201
592,player,877.6,608.2,929.3,711.3,0.188
592,player,942.5,544.8,998.0,751.6,0.168
592,player,1214.7,410.7,1247.6,462.6,0.165
592,player,923.3,527.8,987.5,694.6,0.164
592,player,1021.5,278.1,1070.5,402.1,0.161
592,player,568.5,392.8,605.3,460.9,0.101
592,ball,35.9,123.8,68.9,175.8,0.113
593,player,1126.9,460.8,1197.0,613.8,0.818
593,player,1568.3,569.9,1644.9,725.7,0.644
593,player,670.7,481.8,731.3,658.9,0.579
593,player,921.5,525.9,995.7,745.6,0.521
593,player,1264.9,456.3,1323.2,581.9,0.503
593,player,1491.8,489.0,1558.0,624.2,0.433
593,player,589.4,525.9,633.0,664.6,0.411
593,player,1023.8,409.2,1051.3,512.9,0.339
593,player,944.6,548.6,998.8,750.8,0.305
593,player,587.1,492.6,628.3,657.7,0.273
593,player,1021.1,276.7,1070.3,402.5,0.209
593,player,919.4,532.8,957.0,726.5,0.208
593,player,1215.8,411.3,1248.1,463.3,0.179
593,player,943.0,425.7,977.6,472.7,0.178
593,player,873.5,604.7,917.6,711.0,0.157
593,player,923.7,528.4,977.1,685.9,0.15
593,player,624.1,487.7,652.0,530.2,0.129
593,player,568.8,393.5,606.6,463.6,0.123
593,player,879.8,602.3,927.8,708.3,0.116
594,player,1127.2,462.5,1195.7,615.4,0.775
594,player,1568.3,571.2,1645.2,738.1,0.67
594,player,920.8,524.9,996.7,749.3,0.574
594,player,944.7,423.9,977.7,475.5,0.483
594,player,674.0,482.1,730.9,655.2,0.462
594,player,1258.7,457.0,1325.9,580.0,0.426
594,player,1492.7,488.4,1561.1,623.8,0.416
594,player,876.8,604.6,924.0,707.2,0.319
594,player,922.1,527.6,989.9,693.0,0.312
594,player,587.2,534.8,628.1,657.3,0.308
594,player,944.6,546.4,998.6,752.4,0.288
594,player,1292.3,456.7,1324.2,547.5,0.22
594,player,1022.6,402.9,1053.1,516.2,0.196
594,player,874.7,603.7,928.4,743.9,0.183
594,player,690.2,592.6,727.6,667.5,0.173
594,player,920.5,546.4,954.7,706.6,0.122
594,player,672.5,480.6,726.1,580.1,0.121
594,player,1022.6,400.7,1064.7,519.8,0.115
595,player,1126.1,461.0,1193.5,617.4,0.779
595,player,1571.0,575.6,1644.0,743.6,0.71
595,player,921.1,525.0,997.0,750.0,0.55
595,player,1495.3,485.5,1561.9,624.7,0.545
595,player,586.2,532.8,631.8,679.1,0.47
595,player,1253.4,447.9,1325.8,582.6,0.463
595,player,671.4,483.2,731.9,664.2,0.446
595,player,874.2,604.4,918.8,703.4,0.383
595,player,938.8,544.2,995.2,750.0,0.317
595,player,944.4,425.3,976.5,466.4,0.31
595,player,921.4,526.4,987.7,685.3,0.303
595,player,671.6,483.7,728.1,584.2,0.23
595,player,871.8,603.7,924.3,746.4,0.228
595,player,1023.4,412.0,1050.4,515.6,0.222
595,player,1020.8,281.3,1069.8,405.1,0.221
595,player,670.0,479.8,715.2,577.2,0.197
595,player,1698.7,543.7,1756.2,627.9,0.194
595,player,923.1,531.2,973.8,653.6,0.132
595,player,1276.9,451.8,1323.4,535.7,0.129
595,player,915.5,525.9,976.9,747.3,0.124
595,player,687.9,590.3,727.7,667.7,0.108
596,player,1128.0,462.8,1195.2,614.9,0.832
596,player,1569.3,571.1,1645.0,742.9,0.615
596,player,920.5,523.0,995.5,740.1,0.481
596,player,1253.6,450.5,1325.7,581.7,0.475
596,player,671.4,482.7,732.9,664.0,0.441
596,player,874.7,598.4,916.0,703.9,0.418
596,player,1495.7,486.0,1561.9,624.1,0.384
596,player,586.4,526.1,627.7,655.5,0.316
596,player,941.6,526.5,995.9,747.3,0.309
596,player,919.5,525.0,989.2,682.7,0.288
596,player,951.2,560.3,994.2,749.7,0.252
596,player,945.6,423.5,975.4,471.0,0.226
596,player,670.9,482.7,729.5,585.7,0.208
596,player,670.3,479.6,715.8,576.3,0.151
596,player,917.7,579.3,957.7,719.5,0.142
596,player,589.8,585.7,630.6,667.2,0.14
596,player,917.1,613.0,952.8,703.2,0.127
596,player,1024.6,421.3,1049.4,513.9,0.113
596,player,1022.2,284.0,1069.3,404.1,0.102
597,player,1131.7,464.7,1195.5,614.4,0.75
597,player,1569.6,572.5,1645.3,742.5,0.647
597,player,872.2,597.0,914.6,706.3,0.444
597,player,920.5,522.4,995.9,733.8,0.419
597,player,1250.4,442.5,1325.8,584.0,0.361
597,player,1023.5,285.4,1068.3,390.5,0.333
597,player,1698.3,542.4,1754.8,649.0,0.327
597,player,1497.5,482.8,1564.0,619.8,0.295
597,player,917.9,524.9,976.5,715.5,0.287
597,player,668.0,480.3,731.5,598.1,0.279
597,player,667.6,480.7,733.8,663.1,0.274
597,player,583.5,522.5,631.7,689.1,0.271
597,player,929.8,541.9,993.3,703.9,0.271
597,player,1511.6,482.7,1562.6,594.2,0.259
597,player,953.3,558.9,994.2,735.4,0.246
597,player,1264.9,442.9,1324.5,520.1,0.244
597,player,916.8,613.3,953.2,713.5,0.195
597,player,915.6,567.1,956.3,722.5,0.192
597,player,583.4,523.0,625.5,647.1,0.165
597,player,586.9,587.4,634.1,693.7,0.153
597,player,879.7,595.6,918.5,690.4,0.135
597,player,587.5,578.5,631.5,652.1,0.113
597,player,922.3,532.7,969.3,661.6,0.11
597,player,690.6,594.7,727.8,666.6,0.108
598,player,1132.7,467.7,1192.1,613.5,0.757
598,player,1568.8,572.9,1645.4,744.7,0.667
598,player,868.5,593.2,915.9,705.4,0.508
598,player,921.3,523.0,995.7,731.2,0.45
598,player,1251.1,441.9,1325.5,584.5,0.389
598,player,1497.7,484.3,1563.5,620.9,0.368
598,player,1697.9,541.9,1754.5,650.1,0.363
598,player,917.8,526.4,970.9,715.4,0.349
598,player,953.5,553.0,994.8,740.3,0.344
598,player,1023.6,285.5,1068.5,390.1,0.327
598,player,940.5,526.3,997.2,742.7,0.325
598,player,1508.5,482.8,1562.0,600.2,0.306
598,player,582.6,523.3,632.3,691.9,0.305
598,player,668.0,480.1,732.0,609.8,0.302
598,player,582.0,530.2,627.2,659.9,0.296
598,player,935.8,542.8,993.8,705.6,0.29
598,player,667.8,480.9,733.5,663.6,0.267
598,player,1263.0,444.7,1323.7,525.7,0.257
598,player,916.1,574.9,959.8,719.4,0.223
598,player,586.7,591.8,632.6,693.9,0.183
598,player,668.9,480.7,724.6,575.0,0.171
598,player,917.4,603.4,953.7,713.1,0.148
598,player,922.8,531.1,968.5,674.9,0.139
598,player,585.5,574.3,632.1,668.2,0.126
598,player,930.9,982.4,974.4,1080.0,0.114
598,player,1525.7,482.2,1561.6,577.1,0.103
599,player,1132.7,471.7,1190.2,613.5,0.812
599,player,1568.4,576.8,1649.4,747.9,0.656
599,player,1254.3,441.3,1325.9,583.3,0.618
599,player,920.3,523.3,995.1,737.7,0.507
599,player,579.8,532.4,627.7,659.7,0.478
599,player,668.2,482.1,733.7,665.5,0.435
599,player,867.4,591.2,921.3,711.5,0.418
599,player,1500.2,486.3,1561.5,616.0,0.408
599,player,1512.6,485.3,1561.5,573.9,0.336
599,player,1701.9,541.5,1755.0,656.3,0.313
599,player,579.4,530.9,635.3,698.6,0.305
599,player,919.6,526.0,987.6,685.6,0.282
599,player,1023.4,283.5,1068.4,387.5,0.269
599,player,948.7,545.8,996.3,753.2,0.269
599,player,865.5,592.6,926.6,750.9,0.246
599,player,1703.2,538.2,1755.6,624.8,0.194
599,player,916.5,535.0,974.4,730.6,0.177
599,player,669.0,481.0,730.6,587.8,0.176
599,player,1525.4,484.2,1561.0,569.2,0.172
599,player,939.7,550.6,993.9,715.4,0.155
599,player,1636.2,723.5,1747.9,918.5,0.142
599,player,919.0,568.7,954.1,707.2,0.11
600,player,1132.2,475.2,1191.4,614.1,0.81
600,player,1568.1,575.6,1650.8,751.0,0.671
600,player,1254.2,441.4,1326.7,583.9,0.602
600,player,579.8,531.5,629.4,664.2,0.461
600,player,1023.6,281.4,1068.1,388.2,0.427
600,player,1699.2,541.6,1754.4,665.2,0.417
600,player,922.5,524.2,994.5,718.8,0.409
600,player,1504.7,484.3,1561.2,603.0,0.403
600,player,667.3,482.0,733.5,664.9,0.391
600,player,865.3,588.4,917.9,710.2,0.373
600,player,1512.2,483.5,1560.9,570.6,0.349
600,player,579.9,530.1,637.2,699.2,0.316
600,player,923.0,526.8,975.2,668.6,0.274
600,player,942.8,528.6,996.6,748.6,0.246
600,player,952.0,555.8,994.0,736.4,0.237
600,player,668.3,481.0,729.4,586.0,0.155
600,player,1701.9,537.8,1755.5,636.1,0.153
600,player,1636.5,720.8,1747.2,918.5,0.145
600,player,915.8,583.5,956.0,724.6,0.139
600,player,917.7,602.5,952.8,711.5,0.127
600,player,1758.3,285.9,1814.1,398.8,0.119
600,player,584.0,597.2,636.7,700.8,0.119
600,player,911.7,613.0,952.4,724.6,0.117
601,player,1133.0,476.5,1190.9,613.3,0.768
601,player,1256.7,440.8,1327.7,583.6,0.637
601,player,1568.4,582.8,1648.1,752.4,0.578
601,player,580.1,526.4,633.2,697.2,0.464
601,player,1023.9,280.2,1067.9,388.4,0.443
601,player,921.9,523.8,994.0,719.9,0.418
601,player,1499.6,488.2,1562.3,608.8,0.405
601,player,862.0,598.3,906.5,710.8,0.4
601,player,1701.6,542.3,1754.3,662.1,0.392
601,player,667.7,483.2,733.3,665.6,0.371
601,player,1516.5,486.1,1562.4,570.1,0.355
601,player,865.8,589.7,926.5,712.9,0.292
601,player,922.8,526.5,983.4,668.9,0.286
601,player,940.3,527.8,996.2,749.7,0.257
601,player,579.7,532.5,628.9,649.3,0.24
601,player,909.3,605.3,952.2,723.2,0.224
601,player,949.7,554.4,993.6,744.6,0.205
601,player,1636.6,721.7,1746.6,918.7,0.156
601,player,668.4,482.1,730.6,603.7,0.15
601,player,940.5,552.3,993.4,705.8,0.134
601,player,1758.3,286.1,1814.1,398.0,0.103
602,player,1570.2,584.4,1646.8,754.7,0.633
602,player,1133.2,484.6,1189.2,612.3,0.631
602,player,1256.3,441.2,1327.9,581.6,0.595
602,player,1024.9,280.2,1067.5,387.8,0.485
602,player,1702.0,541.0,1754.8,663.4,0.397
602,player,579.0,531.7,632.2,695.4,0.383
602,player,861.5,607.8,902.1,706.9,0.372
602,player,922.6,524.8,993.3,704.6,0.365
602,player,1501.7,489.1,1562.2,608.1,0.361
602,player,1521.3,487.6,1562.6,569.1,0.323
602,player,583.6,592.9,633.7,697.1,0.3
602,player,864.6,585.2,914.8,709.6,0.275
602,player,667.7,482.2,732.9,664.4,0.26
602,player,923.7,526.6,983.6,668.5,0.254
602,player,1635.4,716.9,1746.8,918.7,0.218
602,player,1704.9,536.9,1755.8,634.7,0.208
602,player,941.8,529.1,995.9,748.4,0.202
602,player,861.2,607.4,912.4,719.9,0.186
602,player,915.2,610.1,953.1,717.1,0.18
602,player,668.5,482.4,729.6,596.8,0.177
602,player,951.8,556.9,993.0,725.9,0.153
602,player,1260.8,444.0,1326.2,526.4,0.136
602,player,691.3,594.5,726.9,667.1,0.117
602,player,1758.3,286.1,1814.0,398.2,0.108
602,player,942.9,553.8,993.1,689.6,0.108
602,player,914.8,582.6,958.0,723.5,0.101
603,player,1566.2,585.7,1650.3,755.4,0.701
603,player,1131.9,489.0,1187.0,613.9,0.678
603,player,1024.3,278.2,1067.9,385.8,0.566
603,player,917.9,523.0,994.1,733.5,0.539
603,player,1496.2,487.6,1562.6,619.0,0.53
603,player,578.5,530.0,650.4,696.7,0.528
603,player,1693.4,539.6,1755.6,668.2,0.52
603,player,1256.2,445.3,1328.4,583.5,0.49
603,player,668.3,481.3,731.9,666.4,0.423
603,player,921.2,526.5,984.0,702.1,0.413
603,player,1527.3,484.0,1563.0,570.1,0.385
603,player,859.7,597.4,907.0,714.8,0.344
603,player,934.2,530.4,995.7,750.8,0.343
603,player,1503.6,484.2,1563.3,577.2,0.316
603,player,862.0,586.2,927.0,715.9,0.311
603,player,668.8,482.0,730.5,601.6,0.261
603,player,942.4,557.1,992.9,723.8,0.247
603,player,1702.9,537.0,1756.2,647.2,0.23
603,player,946.5,567.6,997.0,757.1,0.214
603,player,868.4,586.4,918.0,701.9,0.175
603,player,1275.2,442.3,1325.0,521.8,0.173
603,player,916.6,531.4,956.8,717.4,0.17
603,player,1635.2,718.1,1744.4,919.7,0.162
603,player,918.4,546.4,966.3,698.0,0.141
604,player,1565.0,590.2,1649.0,754.6,0.718
604,player,1024.2,279.0,1067.8,385.2,0.533
604,player,575.0,530.7,645.1,697.4,0.512
604,player,1132.5,493.1,1186.5,614.2,0.475
604,player,1696.5,540.2,1755.4,667.1,0.441
604,player,1496.5,488.3,1562.6,616.6,0.433
604,player,916.2,523.7,993.7,731.8,0.432
604,player,861.1,583.0,912.6,713.1,0.407
604,player,1532.0,484.1,1563.2,567.8,0.362
604,player,947.4,550.7,995.5,753.8,0.352
604,player,1257.5,444.7,1326.3,583.6,0.339
604,player,919.6,525.6,979.4,698.1,0.317
604,player,668.2,481.6,732.8,665.8,0.316
604,player,1508.7,482.7,1558.9,563.3,0.288
604,player,668.7,482.1,729.4,588.0,0.285
604,player,1635.8,713.2,1742.5,924.2,0.258
604,player,1283.6,443.4,1324.2,521.7,0.256
604,player,950.2,556.2,992.5,702.6,0.202
604,player,1701.6,537.6,1756.2,639.9,0.191
604,player,915.6,537.5,954.9,720.4,0.182
604,player,930.1,536.8,992.7,690.0,0.174
604,player,1263.8,442.5,1324.7,522.5,0.166
604,player,917.1,544.7,965.7,692.9,0.133
604,player,914.9,577.3,958.0,713.1,0.107
604,player,914.7,597.5,951.6,722.0,0.105
605,player,1564.9,590.0,1649.3,754.5,0.647
605,player,1132.5,495.4,1184.2,613.6,0.585
605,player,574.0,532.8,641.9,696.7,0.55
605,player,915.5,523.2,992.9,735.3,0.535
605,player,1025.1,279.3,1067.8,384.9,0.499
605,player,1693.3,539.4,1755.5,667.1,0.485
605,player,1496.7,486.5,1563.4,615.0,0.47
605,player,857.0,581.2,910.1,710.9,0.47
605,player,1527.1,482.1,1562.7,568.6,0.389
605,player,1509.2,481.2,1560.3,568.7,0.366
605,player,919.9,525.1,978.5,705.9,0.357
605,player,947.4,549.5,995.4,755.6,0.357
605,player,1256.5,441.6,1326.2,575.5,0.331
605,player,667.4,482.4,733.1,665.4,0.322
605,player,668.7,482.4,730.6,601.6,0.301
605,player,1279.1,440.6,1324.2,524.7,0.294
605,player,1702.3,537.3,1755.9,642.7,0.238
605,player,916.5,534.2,958.8,727.5,0.236
605,player,1635.4,719.2,1739.1,919.6,0.226
605,player,1260.8,439.8,1324.8,525.5,0.2
605,player,952.4,558.0,992.1,704.7,0.2
605,player,935.7,540.2,992.3,690.5,0.139
606,player,915.3,522.4,993.0,741.3,0.637
606,player,1024.3,277.3,1067.9,386.1,0.617
606,player,1564.6,591.2,1653.0,754.2,0.575
606,player,1697.3,538.8,1756.0,666.3,0.524
606,player,569.4,531.2,634.2,695.6,0.512
606,player,856.0,580.5,910.2,710.8,0.455
606,player,1132.9,499.0,1183.3,612.5,0.452
606,player,1496.3,483.6,1562.1,617.0,0.431
606,player,946.6,546.2,995.7,756.5,0.353
606,player,1280.7,442.1,1324.4,524.5,0.351
606,player,668.9,482.1,729.5,589.7,0.312
606,player,668.7,482.1,733.3,665.0,0.309
606,player,1508.4,481.6,1557.8,581.0,0.302
606,player,1258.2,443.1,1326.0,529.8,0.297
606,player,1635.1,716.6,1738.4,920.3,0.233
606,player,1525.6,479.5,1561.6,568.2,0.232
606,player,1704.3,536.9,1756.5,637.0,0.228
606,player,1254.5,445.4,1327.2,582.9,0.219
606,player,917.7,536.8,967.0,698.2,0.146
606,player,921.9,526.4,983.6,679.0,0.142
607,player,914.7,522.6,993.0,741.8,0.643
607,player,1024.1,277.1,1068.0,386.5,0.606
607,player,566.3,534.8,635.0,697.0,0.571
607,player,1698.7,539.2,1756.3,666.4,0.53
607,player,1130.8,498.2,1183.4,611.1,0.512
607,player,1494.1,477.9,1562.0,619.3,0.494
607,player,856.2,585.9,911.5,714.6,0.444
607,player,1284.0,441.3,1323.7,523.6,0.418
607,player,669.5,481.8,734.2,665.5,0.373
607,player,669.0,481.6,728.8,583.9,0.362
607,player,947.5,545.9,995.9,755.4,0.36
607,player,1266.8,442.2,1325.5,527.6,0.353
607,player,1563.7,592.4,1654.8,755.2,0.298
607,player,1525.3,477.8,1561.7,581.7,0.253
607,player,939.0,553.3,992.0,711.9,0.23
607,player,831.9,584.0,916.6,784.0,0.216
607,player,848.9,591.7,918.6,734.3,0.212
607,player,1255.9,443.2,1327.3,582.7,0.203
607,player,1634.6,708.3,1740.1,920.3,0.178
607,player,915.7,528.8,968.4,701.8,0.147
607,player,920.7,525.6,982.1,695.1,0.12
608,player,914.2,522.6,993.0,730.7,0.615
608,player,573.0,538.7,637.7,695.9,0.595
608,player,1131.1,498.9,1182.1,611.1,0.537
608,player,1023.5,277.4,1068.0,386.8,0.52
608,player,1493.8,481.4,1562.9,618.2,0.518
608,player,1291.2,444.0,1324.1,523.6,0.46
608,player,1701.7,539.0,1756.2,661.2,0.451
608,player,668.8,481.3,726.7,579.6,0.434
608,player,1513.9,478.6,1562.1,611.7,0.43
608,player,842.0,584.1,911.3,718.8,0.403
608,player,669.1,481.5,733.6,666.3,0.339
608,player,847.1,588.3,914.3,777.6,0.332
608,player,949.1,546.9,996.5,753.4,0.332
608,player,932.7,527.9,995.8,749.1,0.31
608,player,1529.6,477.9,1562.4,590.5,0.277
608,player,953.9,559.5,993.0,705.3,0.216
608,player,914.5,525.2,969.5,703.1,0.202
608,player,1270.9,440.5,1324.4,524.0,0.161
608,player,856.5,583.6,905.1,707.9,0.152
608,player,668.3,483.1,730.1,615.0,0.132
608,player,1259.6,440.5,1326.7,569.9,0.121
608,player,831.1,629.5,913.7,787.5,0.121
608,player,1573.1,597.6,1653.9,756.5,0.104
609,player,1135.4,502.7,1181.6,610.7,0.609
609,player,1495.7,485.1,1560.7,623.9,0.583
609,player,560.7,534.1,637.3,696.6,0.559
609,player,913.9,524.3,983.8,718.6,0.465
609,player,1282.2,444.0,1323.3,522.3,0.449
609,player,667.8,482.2,724.6,578.7,0.444
609,player,848.0,582.5,905.4,719.0,0.394
609,player,1566.0,596.2,1655.6,750.3,0.379
609,player,1257.8,441.2,1325.7,584.3,0.373
609,player,1708.9,531.2,1757.3,617.6,0.309
609,player,915.9,534.4,961.7,710.5,0.293
609,player,932.0,982.6,974.4,1080.0,0.281
609,player,830.2,671.8,899.0,796.4,0.276
609,player,953.4,553.4,995.2,742.1,0.266
609,player,1706.9,540.0,1756.4,662.0,0.256
609,player,917.7,524.3,971.5,692.4,0.242
609,player,668.2,482.7,731.9,663.0,0.225
609,player,1266.5,441.5,1325.0,522.3,0.22
609,player,1593.1,597.0,1656.1,752.6,0.215
609,player,831.9,582.9,910.2,789.7,0.198
609,player,942.4,530.9,994.9,735.0,0.175
609,player,957.7,557.3,994.5,697.4,0.165
609,player,1024.4,283.2,1068.5,385.6,0.159
609,player,839.0,601.1,906.0,738.3,0.151
609,player,689.7,584.6,729.8,665.4,0.133
609,player,1757.1,286.7,1813.3,404.2,0.129
609,player,854.8,583.3,899.0,704.5,0.118
609,player,1634.0,702.6,1740.5,914.2,0.104
609,player,1608.4,606.0,1653.9,755.1,0.103
609,player,678.3,562.8,730.3,663.9,0.102
610,player,1134.2,500.0,1180.8,610.0,0.707
610,player,563.0,535.1,637.7,698.1,0.608
610,player,1494.3,484.4,1560.7,622.6,0.598
610,player,912.5,523.9,988.4,720.0,0.532
610,player,849.9,583.2,909.2,718.2,0.515
610,player,1257.9,441.2,1326.4,584.8,0.483
610,player,667.8,482.4,731.6,664.8,0.481
610,player,916.9,523.6,972.1,706.5,0.48
610,player,1606.5,598.7,1656.7,751.7,0.409
610,player,1575.8,597.2,1655.6,753.2,0.348
610,player,915.2,534.1,959.2,710.8,0.334
610,player,1274.7,443.2,1323.3,523.3,0.331
610,player,669.0,481.8,726.3,577.3,0.299
610,player,953.9,554.0,994.8,730.2,0.258
610,player,1709.4,535.6,1755.6,616.0,0.23
610,player,1289.4,445.2,1323.4,524.0,0.212
610,player,1758.4,286.5,1814.1,394.3,0.185
610,player,932.0,982.8,973.9,1080.0,0.151
610,player,834.2,582.1,910.8,776.1,0.142
610,player,1698.0,541.7,1755.3,674.5,0.14
610,player,1631.6,705.2,1743.0,916.8,0.14
610,player,574.0,565.5,638.0,700.9,0.139
610,player,1024.3,283.0,1068.6,383.4,0.134
610,player,1614.6,545.4,1752.4,750.7,0.109
610,player,957.5,559.4,994.2,680.0,0.108
611,player,1133.3,500.2,1182.6,612.2,0.755
611,player,564.9,539.0,639.1,697.1,0.633
611,player,1494.4,483.0,1560.3,622.8,0.627
611,player,669.5,482.8,731.3,665.2,0.556
611,player,913.5,524.0,991.0,723.8,0.522
611,player,1257.4,442.2,1325.8,584.8,0.51
611,player,835.0,584.0,905.3,785.5,0.441
611,player,914.5,533.4,959.3,712.2,0.369
611,player,1602.3,601.3,1656.5,751.2,0.358
611,player,1566.3,600.5,1657.1,752.9,0.334
611,player,1276.2,443.7,1322.8,524.6,0.328
611,player,846.7,584.6,903.4,751.1,0.315
611,player,951.4,554.1,995.2,743.9,0.313
611,player,1024.1,281.8,1068.4,384.5,0.291
611,player,830.7,628.7,909.4,797.3,0.288
611,player,1709.2,533.1,1756.2,618.4,0.236
611,player,917.6,525.0,977.2,693.6,0.226
611,player,829.8,664.7,898.8,796.2,0.225
611,player,669.7,482.0,725.1,580.8,0.2
611,player,1698.0,539.5,1755.4,674.2,0.182
611,player,932.0,982.6,973.8,1080.0,0.177
611,player,851.0,585.1,898.3,722.1,0.173
611,player,1756.9,286.5,1813.6,403.1,0.167
611,player,1262.3,446.1,1323.6,534.3,0.151
611,player,1632.1,703.5,1740.9,906.0,0.14
611,player,1685.7,536.9,1755.3,717.7,0.111
612,player,1133.9,501.9,1182.2,612.1,0.708
612,player,567.0,540.2,640.4,697.4,0.612
612,player,1494.8,480.5,1560.2,622.0,0.583
612,player,669.9,482.4,730.3,666.0,0.519
612,player,1259.5,440.8,1323.9,584.3,0.511
612,player,830.3,587.6,906.5,790.3,0.491
612,player,913.5,524.3,989.1,723.9,0.475
612,player,916.7,523.8,969.6,711.5,0.432
612,player,1566.0,602.5,1657.9,753.4,0.384
612,player,1597.4,603.9,1657.0,752.2,0.332
612,player,951.5,553.8,995.3,744.5,0.32
612,player,1708.9,532.4,1755.9,617.9,0.293
612,player,847.3,587.3,906.0,736.8,0.256
612,player,1025.0,281.8,1068.3,382.8,0.249
612,player,934.8,529.8,995.2,735.8,0.219
612,player,1290.7,443.8,1320.6,528.0,0.207
612,player,1704.2,538.8,1755.2,664.6,0.188
612,player,829.4,640.9,903.6,796.0,0.183
612,player,932.1,982.5,974.1,1080.0,0.178
612,player,1759.1,286.5,1814.1,390.5,0.171
612,player,669.8,481.5,724.3,582.4,0.142
612,player,913.8,543.8,955.7,715.2,0.121
612,player,576.0,589.2,640.4,700.2,0.119
612,player,956.6,559.1,994.7,685.5,0.115
612,player,1268.5,441.0,1322.2,524.7,0.11
613,player,1132.7,501.5,1179.7,612.7,0.709
613,player,1494.7,478.4,1559.3,620.9,0.591
613,player,568.7,543.5,639.7,696.0,0.532
613,player,1567.8,601.6,1659.0,753.0,0.481
613,player,915.5,525.1,963.2,714.1,0.42
613,player,669.0,480.9,728.3,664.4,0.39
613,player,1262.2,443.7,1321.4,584.5,0.38
613,player,1708.9,529.9,1756.0,619.7,0.3
613,player,847.4,588.9,892.3,710.0,0.291
613,player,953.2,554.9,995.1,731.6,0.285
613,player,1607.2,602.8,1658.1,749.3,0.255
613,player,1704.6,538.3,1755.2,666.2,0.25
613,player,916.2,524.6,983.7,710.3,0.249
613,player,1759.1,286.0,1813.5,390.3,0.204
613,player,1285.5,444.2,1319.2,517.7,0.203
613,player,956.4,558.6,995.0,682.7,0.191
613,player,829.3,591.2,883.5,790.5,0.183
613,player,574.9,585.9,641.3,700.2,0.181
613,player,1271.4,443.2,1321.3,523.0,0.178
613,player,829.1,675.1,876.2,791.9,0.172
613,player,1026.1,280.8,1068.2,381.4,0.165
613,player,1519.1,479.1,1560.1,570.3,0.164
613,player,669.0,480.7,725.1,592.2,0.145
613,player,928.2,533.1,993.7,719.1,0.142
613,player,677.2,521.2,726.6,664.4,0.121
613,player,1684.9,534.7,1755.1,714.4,0.112
613,player,932.4,982.4,974.4,1080.0,0.105
614,player,1132.8,502.8,1179.1,612.6,0.687
614,player,1495.2,476.3,1559.5,622.2,0.663
614,player,568.2,542.6,638.4,696.3,0.651
614,player,668.9,480.8,728.1,665.8,0.531
614,player,1260.7,444.2,1321.4,584.9,0.457
614,player,916.0,523.8,967.5,718.5,0.42
614,player,844.0,589.7,897.0,718.9,0.335
614,player,1569.7,599.3,1659.7,752.8,0.334
614,player,832.3,589.2,902.3,782.8,0.31
614,player,1708.9,529.6,1755.7,619.1,0.292
614,player,1025.9,279.8,1067.8,382.2,0.27
614,player,953.3,555.2,994.6,730.4,0.261
614,player,1702.9,535.0,1755.2,672.1,0.246
614,player,1758.6,286.0,1813.8,392.2,0.228
614,player,957.0,558.9,994.5,678.3,0.193
614,player,1627.8,691.7,1742.8,906.3,0.16
614,player,1601.5,599.7,1658.7,747.4,0.157
614,player,923.0,531.9,993.4,718.9,0.153
614,player,1264.6,472.8,1317.6,535.9,0.139
614,player,1681.9,531.4,1754.9,704.3,0.138
614,player,1281.2,445.3,1319.0,521.9,0.121
614,player,669.6,480.5,723.1,579.3,0.112
614,player,1269.1,443.3,1320.6,525.3,0.111
614,player,931.8,982.3,974.3,1080.0,0.105
615,player,567.9,541.7,635.5,697.0,0.663
615,player,1132.5,502.8,1178.5,615.2,0.662
615,player,1495.0,477.1,1559.1,621.7,0.641
615,player,668.8,480.3,727.9,666.6,0.601
615,player,1259.4,443.9,1319.2,584.9,0.411
615,player,915.6,524.1,966.1,715.4,0.405
615,player,916.4,524.8,987.2,710.1,0.325
615,player,841.7,589.5,894.4,718.9,0.316
615,player,838.4,588.4,896.9,758.4,0.294
615,player,1708.9,529.8,1755.4,619.1,0.294
615,player,1266.5,444.9,1319.5,531.8,0.245
615,player,1025.6,280.6,1067.8,382.3,0.242
615,player,953.7,555.2,994.4,723.6,0.24
615,player,1758.5,286.0,1813.8,392.2,0.231
615,player,1581.9,600.0,1659.2,749.6,0.228
615,player,1626.6,690.1,1743.8,904.8,0.22
615,player,1703.7,534.2,1754.8,672.0,0.21
615,player,830.8,600.7,902.5,789.9,0.21
615,player,957.0,558.7,994.5,678.4,0.201
615,player,1499.4,477.9,1559.7,579.3,0.201
615,player,1279.4,445.8,1318.0,520.7,0.167
615,player,1606.3,609.1,1659.3,755.2,0.126
615,player,1680.7,530.5,1755.0,721.8,0.12
615,player,931.8,982.3,974.4,1080.0,0.101
616,player,1495.2,474.6,1558.8,621.3,0.692
616,player,570.6,544.9,635.2,694.3,0.65
616,player,1133.8,504.0,1178.8,614.4,0.601
616,player,1260.5,443.6,1318.1,584.5,0.511
616,player,667.9,479.0,727.3,666.5,0.493
616,player,837.9,589.9,885.0,717.9,0.425
616,player,915.8,524.3,965.8,714.7,0.374
616,player,1626.4,700.8,1742.8,896.2,0.373
616,player,1709.0,531.0,1754.5,618.7,0.32
616,player,834.6,587.6,890.9,771.5,0.285
616,player,1264.3,443.9,1319.2,548.7,0.271
616,player,1703.7,534.4,1754.2,675.8,0.257
616,player,916.2,524.9,984.9,707.7,0.256
616,player,1581.2,599.5,1659.9,749.6,0.252
616,player,1758.7,286.0,1813.7,391.6,0.25
616,player,954.0,555.3,994.2,718.0,0.207
616,player,1281.1,444.0,1317.4,523.6,0.205
616,player,1025.9,280.3,1067.7,382.5,0.201
616,player,957.0,558.6,994.5,676.9,0.18
616,player,691.4,578.1,726.4,664.7,0.162
616,player,1605.3,606.6,1659.8,754.9,0.154
616,player,929.2,534.1,993.6,717.4,0.145
616,player,949.6,546.9,997.3,749.6,0.137
616,player,1676.5,531.4,1754.1,704.0,0.137
616,player,931.8,982.2,974.3,1080.0,0.117
616,player,1507.1,473.8,1557.6,580.6,0.103
617,player,1495.1,473.3,1559.4,620.2,0.691
617,player,566.8,541.4,633.1,695.4,0.65
617,player,1261.0,444.7,1317.3,584.6,0.563
617,player,1133.4,504.5,1177.6,613.6,0.557
617,player,836.4,589.5,882.3,718.5,0.468
617,player,666.6,478.6,727.2,666.6,0.441
617,player,1628.2,703.6,1744.5,903.5,0.419
617,player,915.4,525.1,970.3,714.3,0.373
617,player,1701.7,533.2,1753.7,678.7,0.328
617,player,1026.0,279.7,1067.5,383.6,0.326
617,player,1583.0,597.9,1660.5,751.5,0.316
617,player,1758.5,286.1,1813.8,391.4,0.284
617,player,1708.4,530.0,1754.2,619.2,0.266
617,player,953.7,555.7,994.4,720.9,0.235
617,player,956.5,558.7,994.5,679.2,0.215
617,player,1603.6,604.6,1661.3,755.3,0.204
617,player,691.9,576.8,726.4,664.8,0.195
617,player,1271.4,443.7,1316.9,533.0,0.182
617,player,1683.8,530.0,1754.1,711.7,0.172
617,player,926.5,535.4,993.7,718.1,0.162
617,player,836.6,587.7,900.6,717.5,0.143
617,player,1507.8,473.1,1558.1,580.6,0.121
617,player,1611.1,596.7,1659.9,712.2,0.118
618,player,1496.4,471.7,1559.5,619.4,0.668
618,player,566.4,541.1,634.5,696.7,0.665
618,player,1261.2,441.0,1316.5,585.3,0.582
618,player,667.2,477.2,727.4,666.7,0.554
618,player,1132.7,505.0,1177.6,614.9,0.539
618,player,834.1,588.1,885.2,735.6,0.455
618,player,1576.4,596.8,1659.7,751.6,0.404
618,player,1696.6,533.2,1753.2,682.3,0.389
618,player,1628.8,706.0,1743.9,905.8,0.382
618,player,915.5,524.1,969.2,703.0,0.381
618,player,915.1,524.5,991.2,719.9,0.37
618,player,831.5,596.1,893.4,790.5,0.319
618,player,1705.0,532.3,1752.8,644.4,0.274
618,player,1025.4,280.5,1067.9,383.0,0.228
618,player,953.7,554.5,994.5,737.8,0.227
618,player,1759.0,286.2,1814.0,389.2,0.22
618,player,1601.9,604.5,1660.3,755.6,0.188
618,player,1508.6,472.0,1558.9,579.7,0.176
618,player,957.2,558.9,994.5,678.2,0.155
618,player,1265.6,439.5,1315.5,551.7,0.142
618,player,1272.5,439.2,1314.7,526.1,0.12
619,player,1496.6,471.0,1559.3,618.8,0.687
619,player,566.3,540.9,633.8,695.6,0.624
619,player,1131.4,504.5,1177.8,615.9,0.609
619,player,1259.8,440.8,1315.9,586.7,0.545
619,player,668.2,477.1,727.3,666.4,0.53
619,player,831.8,590.1,881.4,717.2,0.506
619,player,915.3,524.2,969.9,703.5,0.416
619,player,1575.7,597.4,1659.3,752.1,0.399
619,player,832.1,587.3,881.2,775.8,0.391
619,player,914.6,524.8,990.5,718.9,0.369
619,player,1697.1,533.2,1753.1,683.7,0.36
619,player,1024.2,279.9,1067.6,383.7,0.358
619,player,1629.1,701.5,1745.7,910.6,0.319
619,player,953.2,554.4,994.7,738.3,0.257
619,player,1705.1,532.3,1752.7,639.9,0.246
619,player,1759.1,286.2,1814.0,388.6,0.197
619,player,956.9,558.8,994.5,679.8,0.183
619,player,1602.9,603.7,1659.6,755.7,0.167
619,player,1508.7,471.2,1558.3,578.1,0.167
619,player,1266.5,440.2,1314.9,557.3,0.165
619,player,827.7,590.8,893.5,791.3,0.149
619,player,1276.1,440.6,1314.1,520.5,0.12
620,player,1496.3,471.0,1559.7,619.9,0.652
620,player,566.2,541.0,634.4,695.1,0.623
620,player,1131.9,505.4,1178.5,614.7,0.599
620,player,1261.2,439.7,1314.9,587.7,0.565
620,player,831.0,587.6,887.9,782.9,0.466
620,player,831.7,588.6,887.9,725.3,0.449
620,player,668.5,475.4,726.6,665.5,0.428
620,player,915.1,524.1,970.1,705.0,0.409
620,player,914.5,524.7,990.4,719.3,0.377
620,player,1696.7,533.2,1753.1,684.6,0.295
620,player,1024.7,280.1,1067.8,382.9,0.278
620,player,1575.9,598.3,1659.5,751.3,0.271
620,player,953.5,554.4,994.6,738.8,0.248
620,player,1705.5,532.5,1752.7,628.7,0.196
620,player,1759.4,286.2,1814.1,388.0,0.195
620,player,1509.0,471.5,1558.9,579.7,0.189
620,player,1629.2,702.7,1749.5,904.1,0.185
620,player,957.0,559.0,994.5,680.4,0.181
620,player,676.9,513.9,725.4,664.0,0.156
620,player,1267.6,438.7,1314.4,531.1,0.152
620,player,828.5,598.8,907.5,790.8,0.124
620,player,670.6,476.9,721.0,574.3,0.123
620,player,1605.2,603.3,1659.7,755.4,0.122
621,player,1495.8,470.8,1560.5,620.2,0.649
621,player,566.2,541.2,636.7,697.5,0.627
621,player,1131.2,505.3,1179.0,614.1,0.579
621,player,1261.2,440.5,1312.9,586.5,0.566
621,player,826.0,589.9,898.7,787.6,0.543
621,player,912.8,527.5,965.1,713.8,0.461
621,player,1697.5,533.6,1753.2,683.6,0.424
621,player,670.4,473.6,726.7,664.7,0.41
621,player,913.0,524.6,989.0,718.8,0.406
621,player,1573.6,596.9,1659.2,752.4,0.386
621,player,829.0,588.9,896.4,736.1,0.386
621,player,1703.7,532.8,1752.7,644.2,0.343
621,player,954.2,553.9,994.7,737.8,0.263
621,player,915.8,525.7,974.4,688.1,0.25
621,player,1629.6,702.7,1750.5,909.8,0.188
621,player,672.1,475.1,720.4,574.8,0.182
621,player,1508.2,471.7,1559.8,584.8,0.178
621,player,1760.0,286.5,1814.0,385.2,0.173
621,player,1024.5,280.3,1068.3,382.6,0.169
621,player,671.4,473.7,722.8,616.1,0.164
621,player,956.9,558.8,994.6,677.8,0.161
621,player,1268.7,440.7,1313.6,534.9,0.16
621,player,1131.4,535.9,1174.7,615.2,0.131
621,player,676.5,533.1,725.5,664.0,0.114
622,player,1495.4,471.1,1560.1,622.4,0.646
622,player,567.4,542.1,641.9,696.9,0.616
622,player,825.2,589.3,894.8,788.5,0.596
622,player,1132.1,505.5,1179.2,615.4,0.531
622,player,912.5,527.3,965.2,719.8,0.497
622,player,1260.1,438.5,1311.4,585.5,0.488
622,player,1694.2,534.5,1752.3,681.7,0.439
622,player,912.5,524.9,987.0,723.4,0.404
622,player,670.6,471.6,727.0,665.6,0.392
622,player,1572.5,594.7,1659.3,753.3,0.295
622,player,952.8,554.4,995.4,749.5,0.285
622,player,1704.2,533.7,1752.2,654.5,0.281
622,player,1759.5,286.3,1814.3,387.8,0.207
622,player,672.6,471.9,718.9,574.3,0.202
622,player,955.3,559.3,994.6,705.7,0.202
622,player,1706.1,533.3,1752.3,621.3,0.192
622,player,672.1,470.7,722.6,622.1,0.184
622,player,927.8,531.9,994.3,734.6,0.181
622,player,1267.6,438.5,1310.7,539.1,0.166
622,player,1628.4,699.0,1754.3,907.5,0.154
622,player,1132.2,529.0,1174.2,616.4,0.136
622,player,677.0,523.3,725.5,665.0,0.133
622,player,1507.3,471.8,1559.2,586.5,0.128
622,player,1573.6,594.6,1726.4,755.6,0.126
622,ball,1507.3,482.1,1524.7,495.6,0.117
623,player,1495.4,471.1,1560.4,622.3,0.653
623,player,824.4,588.8,889.2,787.9,0.63
623,player,566.3,540.4,638.3,698.4,0.586
623,player,1260.1,439.1,1310.3,587.0,0.586
623,player,1132.2,505.6,1179.2,615.2,0.541
623,player,912.4,527.8,965.2,718.3,0.531
623,player,1694.0,535.3,1752.1,680.1,0.438
623,player,912.2,525.0,986.8,722.3,0.395
623,player,672.9,470.5,718.8,571.0,0.372
623,player,671.6,469.3,723.7,598.7,0.346
623,player,952.7,553.6,995.6,749.3,0.327
623,player,1572.8,595.1,1657.8,752.3,0.311
623,player,1704.7,533.8,1752.8,654.6,0.272
623,player,670.0,470.5,726.6,664.6,0.239
623,player,1759.4,286.2,1814.3,388.5,0.209
623,player,929.6,532.8,994.8,736.1,0.204
623,player,691.4,580.1,725.8,664.7,0.191
623,player,1266.5,439.9,1309.6,542.4,0.177
623,player,1706.8,533.2,1752.3,619.5,0.17
623,player,1024.8,279.1,1067.6,382.9,0.164
623,player,1627.6,701.0,1755.1,907.5,0.153
623,player,956.5,558.8,994.4,677.5,0.145
623,player,1132.3,543.3,1172.9,616.5,0.128
623,player,679.4,553.6,725.2,665.4,0.128
623,player,1506.9,471.8,1559.4,587.6,0.116
623,player,826.4,590.0,879.0,747.4,0.11
623,ball,1507.2,482.2,1524.8,495.8,0.107
624,player,1495.3,471.1,1560.3,622.3,0.667
624,player,825.7,587.3,887.3,785.0,0.624
624,player,566.7,543.0,640.1,698.2,0.605
624,player,912.2,528.5,964.9,717.5,0.554
624,player,1259.1,437.0,1307.2,583.7,0.53
624,player,1132.2,505.5,1179.1,614.8,0.529
624,player,1692.5,535.0,1751.9,679.8,0.409
624,player,952.0,553.8,995.8,749.5,0.349
624,player,1574.0,594.5,1658.0,752.2,0.346
624,player,911.6,525.4,987.6,720.3,0.322
624,player,671.3,469.0,724.4,637.4,0.319
624,player,672.3,470.2,718.7,569.3,0.31
624,player,1701.3,534.2,1751.9,645.1,0.219
624,player,1270.0,437.5,1305.9,534.0,0.213
624,player,934.8,535.4,995.1,739.9,0.213
624,player,1759.4,286.2,1814.3,388.4,0.212
624,player,693.4,578.4,725.0,665.7,0.211
624,player,823.9,589.0,883.2,740.0,0.207
624,player,1024.8,278.7,1067.5,383.2,0.188
624,player,681.7,556.4,725.2,666.1,0.159
624,player,1628.9,703.3,1761.7,912.1,0.155
624,player,956.5,558.7,994.6,680.3,0.15
624,player,1132.3,537.7,1172.9,616.3,0.137
624,player,1705.3,532.9,1752.2,618.3,0.132
624,player,1506.7,471.8,1559.3,589.3,0.103
624,ball,1507.2,482.2,1524.7,495.7,0.126
625,player,1495.2,471.9,1560.3,622.2,0.635
625,player,567.9,539.9,637.4,698.9,0.596
625,player,825.7,586.4,883.0,789.6,0.578
625,player,912.6,530.8,965.1,716.1,0.567
625,player,1573.1,595.1,1658.1,752.6,0.466
625,player,1133.2,505.6,1179.0,614.9,0.462
625,player,1261.7,438.0,1305.8,580.7,0.458
625,player,672.9,468.7,718.5,568.0,0.438
625,player,1699.5,535.0,1752.0,673.8,0.383
625,player,951.3,554.5,995.6,752.4,0.307
625,player,1704.4,534.0,1752.6,634.1,0.297
625,player,824.8,589.2,879.9,733.8,0.28
625,player,912.2,525.9,986.1,716.5,0.278
625,player,1759.7,285.9,1814.2,387.3,0.258
625,player,693.3,580.8,725.0,666.3,0.249
625,player,955.4,559.5,994.2,695.5,0.244
625,player,1274.0,438.4,1303.5,522.3,0.238
625,player,1025.1,278.7,1067.6,382.8,0.214
625,player,938.3,534.3,994.2,741.1,0.188
625,player,670.2,467.4,726.5,664.5,0.146
625,player,683.7,561.4,724.8,665.7,0.146
625,player,1695.7,532.4,1754.1,712.2,0.132
625,player,1133.1,551.6,1171.3,616.8,0.127
625,ball,1507.5,482.8,1523.6,496.1,0.173
626,player,913.1,530.2,965.5,714.3,0.616
626,player,1494.3,472.8,1559.7,622.6,0.614
626,player,824.2,586.8,881.5,787.8,0.596
626,player,566.6,543.3,636.5,697.2,0.58
626,player,1134.4,504.5,1178.0,617.0,0.521
626,player,1572.8,593.8,1657.6,752.1,0.46
626,player,674.4,467.7,717.8,564.6,0.425
626,player,1261.9,443.7,1303.7,582.6,0.414
626,player,1695.9,534.7,1751.1,676.2,0.4
626,player,1025.0,278.0,1067.4,384.2,0.34
626,player,951.5,554.6,995.4,751.3,0.331
626,player,692.8,580.1,725.2,666.5,0.306
626,player,1272.4,436.7,1301.6,524.0,0.275
626,player,955.4,559.5,994.2,702.4,0.267
626,player,1703.3,533.5,1751.8,636.1,0.266
626,player,1759.6,285.7,1814.1,386.6,0.237
626,player,1267.1,437.8,1302.0,547.2,0.236
626,player,822.5,587.4,878.1,738.2,0.23
626,player,939.1,534.6,993.8,740.8,0.205
626,player,668.8,465.9,727.6,666.3,0.167
626,player,930.7,982.3,974.0,1080.0,0.118
626,player,682.2,568.5,726.8,670.1,0.101
626,ball,1507.0,482.3,1523.3,496.1,0.18
627,player,1494.1,473.3,1560.0,622.7,0.615
627,player,565.0,540.7,635.8,698.6,0.601
627,player,912.6,529.8,965.8,715.1,0.598
627,player,1133.6,504.8,1177.7,617.3,0.532
627,player,824.6,583.9,879.1,757.1,0.522
627,player,673.9,467.6,719.1,565.2,0.461
627,player,1023.8,277.6,1067.4,385.1,0.447
627,player,1572.7,592.7,1657.5,752.1,0.439
627,player,1695.8,534.8,1751.0,676.5,0.404
627,player,911.5,526.3,985.8,710.9,0.364
627,player,1271.7,435.2,1300.7,511.8,0.343
627,player,951.3,554.5,995.2,752.1,0.322
627,player,1263.2,434.5,1301.6,579.1,0.295
627,player,1703.3,533.5,1751.7,635.5,0.273
627,player,955.1,559.9,994.0,707.9,0.263
627,player,1262.5,477.7,1300.6,583.3,0.243
627,player,1759.5,285.7,1814.2,386.9,0.237
627,player,937.1,533.3,993.6,740.8,0.208
627,player,690.5,578.6,726.0,665.3,0.205
627,player,668.3,466.1,727.0,665.2,0.17
627,player,683.1,558.8,725.2,665.5,0.157
627,player,1688.7,532.0,1754.0,716.6,0.135
627,player,930.7,982.3,974.1,1080.0,0.102
627,ball,1507.4,482.4,1523.8,496.7,0.14
628,player,823.6,584.7,875.8,751.7,0.662
628,player,1493.5,471.7,1560.0,622.5,0.629
628,player,912.3,529.6,965.6,715.9,0.618
628,player,566.9,540.4,634.7,698.1,0.607
628,player,1134.1,505.3,1177.8,617.1,0.524
628,player,1695.4,535.0,1751.2,677.0,0.447
628,player,674.5,468.7,720.9,570.2,0.412
628,player,1572.3,590.6,1657.7,752.1,0.4
628,player,1024.2,276.9,1067.4,384.3,0.389
628,player,1270.8,434.8,1298.0,524.9,0.359
628,player,911.2,526.3,985.3,713.3,0.358
628,player,950.9,554.2,995.5,751.8,0.35
628,player,1265.9,434.2,1299.3,572.1,0.314
628,player,1703.1,533.7,1751.8,641.8,0.29
628,player,1759.5,285.7,1814.2,387.2,0.246
628,player,937.9,533.5,994.0,743.5,0.222
628,player,692.2,581.2,723.9,666.4,0.184
628,player,673.7,467.5,724.6,649.7,0.177
628,player,956.2,559.4,994.0,678.3,0.176
628,player,683.6,560.4,724.4,664.7,0.156
628,player,930.7,982.3,974.2,1080.0,0.104
628,ball,1506.7,482.4,1523.0,496.6,0.156
629,player,1493.3,471.9,1559.6,622.1,0.635
629,player,564.7,534.9,634.2,697.2,0.612
629,player,912.7,529.8,965.5,714.9,0.606
629,player,821.9,584.8,874.4,752.5,0.588
629,player,1133.4,504.7,1178.3,616.5,0.54
629,player,1695.3,534.6,1750.9,676.7,0.449
629,player,1023.8,277.0,1067.3,384.2,0.444
629,player,673.2,467.6,722.3,567.5,0.439
629,player,1264.0,435.0,1299.4,573.9,0.43
629,player,1269.6,436.0,1298.1,530.0,0.422
629,player,911.1,525.7,986.2,712.3,0.374
629,player,1572.2,590.0,1657.5,752.4,0.345
629,player,952.1,554.9,995.2,750.9,0.327
629,player,1701.8,533.7,1751.7,627.3,0.321
629,player,955.5,559.9,994.2,707.8,0.257
629,player,1759.8,285.7,1814.2,385.1,0.245
629,player,937.3,535.6,993.6,741.2,0.217
629,player,686.9,571.5,725.5,663.8,0.213
629,player,1630.5,723.2,1761.6,910.6,0.175
629,player,1262.6,492.1,1299.2,582.2,0.116
629,player,930.6,982.5,974.4,1080.0,0.114
629,player,668.2,470.6,726.3,663.3,0.109
629,player,572.4,580.2,633.1,700.2,0.103
629,ball,1506.6,482.7,1522.0,497.6,0.246
630,player,565.2,534.9,634.6,696.9,0.656
630,player,912.6,529.7,965.7,717.1,0.612
630,player,1493.5,474.7,1558.8,621.7,0.593
630,player,821.7,584.2,873.6,761.1,0.556
630,player,1131.3,504.9,1179.4,616.4,0.55
630,player,1024.9,275.7,1067.5,385.1,0.486
630,player,1694.9,535.0,1751.1,675.3,0.435
630,player,673.5,468.0,724.5,567.3,0.395
630,player,910.7,525.8,986.7,717.5,0.366
630,player,950.6,554.5,995.2,750.2,0.361
630,player,1269.3,437.8,1297.5,526.1,0.343
630,player,1572.4,590.2,1658.0,752.8,0.327
630,player,1266.9,437.0,1299.3,561.9,0.324
630,player,1702.4,533.6,1751.8,640.8,0.283
630,player,938.7,536.4,994.0,741.9,0.238
630,player,1759.3,285.5,1813.9,387.3,0.215
630,player,668.8,467.2,727.4,662.6,0.208
630,player,956.1,559.2,994.3,693.9,0.202
630,player,668.7,555.2,725.8,664.8,0.199
630,player,1632.2,728.3,1763.9,912.6,0.142
630,player,687.4,570.5,725.2,663.1,0.127
630,player,930.2,982.5,973.8,1080.0,0.123
631,player,820.0,580.7,872.7,764.9,0.637
631,player,1130.8,505.1,1180.7,614.8,0.635
631,player,564.6,533.8,634.7,696.5,0.625
631,player,912.7,530.1,965.6,717.1,0.624
631,player,1493.8,476.1,1558.7,621.0,0.599
631,player,1025.1,275.9,1067.5,385.8,0.479
631,player,1697.3,535.1,1751.1,676.5,0.425
631,player,674.0,467.4,725.2,565.1,0.396
631,player,951.4,555.8,997.8,751.0,0.388
631,player,1268.8,437.3,1299.2,531.8,0.375
631,player,910.9,525.8,986.9,717.4,0.348
631,player,1264.7,435.4,1300.1,571.4,0.317
631,player,1702.4,534.1,1751.6,643.5,0.296
631,player,1572.1,590.7,1657.7,752.7,0.271
631,player,687.5,571.0,725.1,662.9,0.264
631,player,938.0,537.4,994.4,743.8,0.235
631,player,1759.2,285.5,1813.9,387.3,0.226
631,player,955.9,559.1,994.5,693.5,0.194
631,player,1705.4,533.0,1751.7,614.2,0.184
631,player,1632.8,723.6,1765.5,910.6,0.142
631,player,930.1,982.5,973.9,1080.0,0.129
631,player,1129.8,531.6,1177.0,615.8,0.111
631,player,573.1,571.2,633.5,700.3,0.105
632,player,1128.8,503.4,1181.5,614.4,0.735
632,player,566.8,533.3,635.1,696.1,0.656
632,player,912.5,529.8,965.3,718.1,0.631
632,player,820.0,579.8,874.1,765.7,0.622
632,player,1493.9,476.8,1558.0,620.4,0.567
632,player,1697.2,535.1,1751.0,675.6,0.498
632,player,673.2,467.3,723.2,563.0,0.459
632,player,1024.6,275.8,1067.7,385.9,0.455
632,player,951.2,554.6,997.8,750.6,0.408
632,player,910.7,525.8,987.2,719.8,0.346
632,player,1267.3,435.7,1299.3,528.5,0.345
632,player,1704.5,534.0,1751.8,620.4,0.329
632,player,1264.4,434.4,1300.4,560.2,0.302
632,player,1571.6,590.7,1658.0,752.6,0.242
632,player,938.6,537.7,994.6,743.9,0.241
632,player,687.1,567.9,724.6,662.1,0.238
632,player,1759.3,285.6,1814.1,386.8,0.234
632,player,1631.6,729.8,1766.2,911.6,0.216
632,player,955.6,559.0,994.5,694.6,0.19
632,player,930.2,982.4,973.9,1080.0,0.135
632,player,681.1,551.0,730.0,660.3,0.101
633,player,1128.9,500.9,1181.9,613.8,0.696
633,player,565.1,532.3,634.5,694.8,0.644
633,player,912.8,530.6,965.6,718.5,0.637
633,player,820.2,576.7,872.3,758.6,0.598
633,player,1495.1,476.8,1558.2,617.3,0.565
633,player,1702.7,534.8,1751.4,669.0,0.483
633,player,1025.1,276.0,1067.6,386.4,0.467
633,player,950.3,555.9,998.1,752.1,0.445
633,player,673.0,467.0,725.9,561.4,0.428
633,player,1704.5,533.8,1751.8,631.1,0.426
633,player,1268.0,435.6,1298.2,521.6,0.411
633,player,910.6,526.1,984.9,718.4,0.336
633,player,1572.0,593.0,1658.0,752.9,0.322
633,player,1632.7,723.8,1771.5,911.7,0.269
633,player,671.8,466.8,734.1,654.5,0.259
633,player,1759.3,285.4,1813.8,387.0,0.256
633,player,956.0,558.5,995.1,706.3,0.22
633,player,675.4,542.7,729.2,662.3,0.2
633,player,1262.4,435.7,1300.6,568.9,0.194
633,player,929.8,982.2,973.6,1080.0,0.125
633,player,685.0,561.0,724.9,661.5,0.12
634,player,1129.4,498.6,1182.5,614.3,0.7
634,player,565.5,532.4,633.5,694.4,0.634
634,player,820.2,575.9,872.7,766.7,0.627
634,player,912.2,530.4,966.3,718.3,0.623
634,player,1495.3,477.7,1557.3,613.6,0.555
634,player,1697.2,535.0,1751.4,672.8,0.549
634,player,1571.7,592.9,1657.8,752.6,0.54
634,player,1025.8,275.7,1067.2,385.3,0.456
634,player,950.5,555.9,998.2,751.9,0.429
634,player,1268.2,436.4,1297.7,518.3,0.4
634,player,1704.4,533.7,1751.9,624.9,0.399
634,player,909.7,525.9,985.6,718.0,0.348
634,player,672.4,467.4,738.5,656.3,0.318
634,player,673.8,467.6,728.0,558.2,0.291
634,player,1758.7,285.4,1813.7,388.3,0.275
634,player,956.1,558.6,995.1,706.3,0.225
634,player,673.1,468.9,737.2,598.6,0.22
634,player,678.4,549.1,733.6,660.6,0.207
634,player,1264.5,438.1,1300.2,565.9,0.137
634,player,684.3,565.3,726.3,660.1,0.127
634,player,1128.4,525.8,1178.9,615.3,0.116
635,player,1128.3,500.4,1182.9,614.3,0.712
635,player,565.5,532.1,634.7,696.1,0.672
635,player,912.1,530.0,966.4,718.4,0.63
635,player,819.0,574.3,874.0,765.2,0.62
635,player,1494.4,478.8,1556.7,616.8,0.546
635,player,1698.2,534.9,1751.1,673.0,0.53
635,player,1025.6,275.6,1066.8,385.3,0.455
635,player,950.4,556.1,998.2,752.2,0.438
635,player,1267.5,435.5,1299.0,515.6,0.405
635,player,672.2,468.1,738.4,654.1,0.378
635,player,1571.3,595.5,1657.9,752.1,0.374
635,player,909.5,525.8,986.0,718.9,0.351
635,player,1704.7,533.7,1751.8,625.2,0.316
635,player,672.9,468.4,735.8,560.3,0.251
635,player,1758.7,285.4,1813.8,388.6,0.251
635,player,676.8,546.1,731.9,659.1,0.227
635,player,956.0,558.6,995.0,706.8,0.22
635,player,1259.7,437.7,1300.1,570.8,0.152
635,player,818.2,576.7,868.2,699.2,0.11
635,player,1505.7,474.8,1556.6,596.3,0.105
636,player,564.5,531.2,634.8,695.8,0.664
636,player,818.0,573.9,872.5,767.7,0.635
636,player,912.2,529.0,967.4,719.3,0.632
636,player,1130.0,500.8,1183.4,614.2,0.614
636,player,1494.6,478.8,1556.9,619.3,0.559
636,player,1696.5,535.6,1750.6,673.5,0.559
636,player,1571.4,596.7,1657.2,752.4,0.459
636,player,671.6,467.9,738.0,647.6,0.42
636,player,1025.6,276.2,1066.3,384.6,0.419
636,player,950.8,557.3,998.1,752.1,0.418
636,player,909.7,525.3,987.2,721.1,0.391
636,player,1704.1,534.6,1751.6,637.7,0.388
636,player,1266.5,435.3,1298.8,517.5,0.381
636,player,672.3,468.1,736.1,562.3,0.284
636,player,1758.9,285.5,1813.8,387.5,0.239
636,player,941.2,538.5,995.1,744.1,0.229
636,player,955.7,559.0,994.7,706.1,0.218
636,player,677.6,547.4,730.9,653.7,0.203
636,player,1505.9,474.4,1556.1,589.4,0.136
636,player,1259.3,435.4,1300.6,552.5,0.121
636,player,683.2,558.6,724.1,653.0,0.119
636,player,665.7,546.9,723.8,655.6,0.11
636,player,817.7,579.9,866.9,698.3,0.11
636,player,929.8,982.3,974.3,1080.0,0.107
637,player,1128.4,499.0,1185.4,614.4,0.668
637,player,568.9,532.2,634.7,697.2,0.665
637,player,910.5,528.9,967.2,721.0,0.65
637,player,1495.1,476.6,1555.5,618.8,0.567
637,player,817.4,574.5,873.3,759.5,0.534
637,player,1696.5,536.3,1749.3,671.3,0.513
637,player,1026.0,275.7,1066.3,384.1,0.437
637,player,1704.0,535.4,1750.4,648.7,0.42
637,player,950.4,553.7,995.8,750.3,0.416
637,player,1570.6,597.8,1657.5,752.3,0.402
637,player,670.8,467.0,730.1,557.3,0.391
637,player,816.8,574.6,868.3,716.6,0.388
637,player,908.5,525.3,987.9,722.8,0.374
637,player,1267.3,436.3,1298.8,517.4,0.344
637,player,669.6,467.5,732.9,651.8,0.264
637,player,1758.7,285.4,1813.7,387.8,0.256
637,player,679.0,547.5,723.2,657.3,0.251
637,player,955.5,558.5,994.6,706.9,0.243
637,player,1504.9,477.4,1555.7,581.0,0.217
637,player,929.8,982.4,974.4,1080.0,0.117
638,player,569.2,530.5,634.7,697.7,0.627
638,player,1494.6,475.6,1555.4,614.9,0.619
638,player,910.9,529.0,966.7,719.6,0.614
638,player,1700.4,535.9,1748.3,666.8,0.536
638,player,816.8,572.4,874.6,717.4,0.532
638,player,1023.9,277.7,1065.6,407.0,0.513
638,player,667.8,467.3,734.9,649.8,0.494
638,player,950.7,547.1,997.5,752.3,0.438
638,player,910.1,524.1,992.0,730.7,0.417
638,player,1257.7,433.2,1298.5,533.4,0.417
638,player,1705.8,535.1,1749.0,629.3,0.409
638,player,1247.6,430.9,1299.6,567.8,0.342
638,player,1128.4,495.2,1188.3,613.9,0.34
638,player,1511.2,478.5,1555.6,565.8,0.292
638,player,1569.5,598.5,1657.4,753.1,0.284
638,player,668.9,466.5,733.7,570.7,0.272
638,player,954.6,558.2,993.7,706.5,0.247
638,player,819.8,571.6,876.3,783.5,0.232
638,player,1759.9,286.5,1814.3,383.5,0.23
638,player,672.1,541.6,728.8,650.4,0.219
638,player,1129.3,496.5,1187.0,579.2,0.116
639,player,570.2,529.2,634.7,696.3,0.633
639,player,1498.7,478.5,1554.1,614.8,0.631
639,player,910.6,528.4,966.0,720.5,0.624
639,player,667.9,467.4,731.5,650.4,0.598
639,player,818.6,570.3,878.0,769.4,0.551
639,player,1024.1,277.7,1065.3,408.4,0.534
639,player,1128.0,491.0,1190.2,616.6,0.529
639,player,1702.9,536.0,1747.4,650.4,0.526
639,player,950.3,548.2,997.2,753.2,0.44
639,player,1259.4,431.2,1297.5,527.2,0.417
639,player,909.6,523.6,991.9,730.6,0.4
639,player,817.5,570.2,872.7,715.9,0.399
639,player,1706.9,535.9,1747.2,621.3,0.389
639,player,1570.2,599.3,1658.0,753.6,0.299
639,player,1246.8,429.1,1298.4,566.9,0.298
639,player,1508.4,478.9,1553.7,576.1,0.248
639,player,669.9,540.9,727.1,650.5,0.246
639,player,954.0,557.9,993.3,708.2,0.232
639,player,1759.8,286.6,1814.4,383.3,0.229
639,player,669.9,466.6,729.6,561.2,0.217
640,player,569.2,529.1,632.2,695.7,0.638
640,player,1129.6,487.1,1189.6,615.8,0.632
640,player,910.2,529.0,965.2,720.6,0.63
640,player,1501.0,476.9,1553.1,609.1,0.59
640,player,666.4,467.2,728.9,648.6,0.538
640,player,1024.1,278.5,1064.9,409.6,0.527
640,player,817.9,571.9,878.1,714.6,0.514
640,player,1704.7,536.9,1747.3,643.4,0.492
640,player,950.2,549.4,997.4,753.3,0.432
640,player,1570.2,598.4,1658.7,753.8,0.405
640,player,1259.8,431.1,1297.6,528.4,0.396
640,player,909.3,524.0,991.7,730.6,0.378
640,player,1246.9,428.8,1298.6,567.1,0.344
640,player,667.9,465.0,726.9,575.0,0.262
640,player,954.2,557.9,993.6,707.6,0.245
640,player,1511.9,477.5,1552.7,560.4,0.24
640,player,817.7,568.2,867.8,691.2,0.22
640,player,1759.9,286.6,1814.5,382.8,0.22
640,player,668.4,548.6,726.0,648.9,0.212
640,player,821.2,572.0,878.9,785.7,0.181
641,player,1129.1,481.5,1189.1,617.0,0.768
641,player,570.6,529.0,632.9,695.2,0.631
641,player,910.3,529.1,965.0,720.8,0.612
641,player,1496.5,477.1,1551.8,613.2,0.604
641,player,665.2,467.2,726.5,644.2,0.559
641,player,1024.2,277.6,1065.1,409.3,0.532
641,player,818.8,571.1,879.2,717.4,0.488
641,player,1702.3,539.7,1746.3,658.6,0.437
641,player,950.3,548.8,997.3,752.7,0.416
641,player,1706.9,539.2,1745.7,625.2,0.405
641,player,1257.5,431.0,1297.5,533.6,0.401
641,player,909.0,524.2,991.0,729.3,0.371
641,player,1246.4,428.7,1298.3,570.6,0.349
641,player,1570.2,599.0,1658.9,754.1,0.3
641,player,821.8,571.6,880.3,787.1,0.25
641,player,954.0,557.4,993.1,707.9,0.248
641,player,1759.7,286.6,1814.3,384.6,0.242
641,player,668.2,466.5,722.2,563.6,0.218
641,player,666.7,549.4,725.1,645.6,0.188
641,player,817.8,566.9,869.0,694.5,0.174
641,player,1508.3,475.1,1553.0,567.4,0.101
642,player,1129.2,477.2,1191.7,616.8,0.808
642,player,910.3,529.2,964.7,720.3,0.619
642,player,569.8,529.0,632.0,695.4,0.608
642,player,1497.6,476.3,1551.4,610.6,0.59
642,player,664.9,467.2,723.5,640.6,0.527
642,player,1024.2,277.9,1065.2,410.4,0.514
642,player,819.3,570.7,877.4,699.4,0.477
642,player,1253.6,428.7,1297.5,543.5,0.443
642,player,950.5,550.3,997.2,753.0,0.406
642,player,1245.8,426.3,1298.6,573.2,0.389
642,player,909.3,524.4,991.0,727.6,0.341
642,player,1704.1,541.2,1746.1,649.1,0.319
642,player,954.0,557.2,992.8,706.8,0.274
642,player,1759.4,286.8,1814.5,385.5,0.246
642,player,1570.6,598.1,1660.4,754.0,0.22
642,player,666.0,466.0,717.3,563.1,0.211
642,player,822.5,573.4,879.7,782.3,0.188
642,player,668.6,566.2,723.2,643.7,0.171
642,player,1708.6,541.0,1744.9,625.4,0.155
642,player,1252.6,426.7,1300.1,515.2,0.116
642,player,1677.5,724.9,1784.8,910.4,0.116
643,player,1129.2,473.0,1192.9,614.6,0.861
643,player,569.0,528.1,631.6,695.3,0.609
643,player,910.9,529.2,964.0,720.4,0.601
643,player,1500.2,476.3,1551.3,608.5,0.572
643,player,1023.8,276.5,1065.9,409.9,0.51
643,player,1698.9,544.4,1745.5,667.1,0.466
643,player,1257.6,429.8,1297.6,546.7,0.458
643,player,820.0,569.7,873.7,695.2,0.453
643,player,664.6,466.1,714.1,563.1,0.408
643,player,1706.1,542.4,1744.5,644.9,0.406
643,player,950.9,548.8,996.9,751.9,0.4
643,player,1245.0,428.5,1297.2,567.9,0.393
643,player,1570.9,597.9,1660.7,754.1,0.355
643,player,909.7,523.2,990.7,727.2,0.335
643,player,820.4,569.1,879.4,737.3,0.335
643,player,662.8,468.3,719.6,638.2,0.322
643,player,954.4,556.7,992.5,707.0,0.256
643,player,662.3,537.1,723.6,640.3,0.247
643,player,1759.9,286.5,1814.4,382.9,0.245
643,player,1678.7,725.5,1784.6,910.0,0.191
643,player,666.9,574.9,723.4,643.5,0.112
643,player,823.4,635.5,879.2,770.6,0.101
644,player,1128.3,466.1,1194.2,614.3,0.819
644,player,911.0,529.3,963.5,721.9,0.622
644,player,1493.9,475.7,1552.7,613.5,0.575
644,player,569.1,527.2,631.2,695.2,0.565
644,player,1697.2,545.6,1745.4,674.0,0.535
644,player,1249.1,427.4,1297.7,563.3,0.526
644,player,1024.1,277.8,1065.4,408.6,0.482
644,player,661.9,468.5,719.4,639.6,0.471
644,player,950.5,549.0,997.0,754.0,0.47
644,player,820.4,571.1,879.6,696.0,0.466
644,player,1706.1,543.3,1744.5,646.4,0.442
644,player,1570.5,598.0,1659.4,753.9,0.428
644,player,821.3,569.5,879.2,751.7,0.414
644,player,909.6,523.7,991.1,732.4,0.357
644,player,664.4,467.1,712.6,596.6,0.351
644,player,1503.4,476.3,1552.7,575.1,0.331
644,player,665.8,467.3,708.7,567.4,0.293
644,player,1760.1,286.3,1814.3,383.1,0.259
644,player,954.7,557.2,993.2,711.0,0.253
644,player,1256.5,427.0,1299.5,535.9,0.198
644,player,1506.0,473.9,1552.9,549.8,0.154
644,player,1672.3,725.5,1785.0,910.3,0.128
644,player,659.3,541.4,724.2,641.8,0.125
644,player,665.3,550.7,714.5,642.4,0.118
645,player,1126.6,464.4,1195.8,613.5,0.82
645,player,911.1,529.1,963.2,721.4,0.627
645,player,1495.3,476.3,1553.5,614.8,0.592
645,player,1570.6,598.0,1659.4,754.2,0.582
645,player,569.5,528.7,627.5,694.7,0.579
645,player,1698.6,545.3,1744.4,668.1,0.534
645,player,1250.5,427.5,1298.0,564.7,0.523
645,player,950.7,550.9,997.0,754.0,0.479
645,player,1024.6,278.3,1065.6,406.0,0.461
645,player,822.5,570.1,880.4,693.7,0.458
645,player,1705.9,542.7,1743.8,645.8,0.448
645,player,661.1,468.1,716.9,636.8,0.344
645,player,909.7,523.9,990.3,730.6,0.342
645,player,663.4,467.7,708.3,564.2,0.325
645,player,1502.5,476.8,1553.3,579.1,0.307
645,player,955.5,557.7,993.7,712.2,0.224
645,player,1760.1,286.3,1814.5,382.7,0.219
645,player,1257.3,427.1,1299.8,538.9,0.212
645,player,663.4,564.8,724.1,640.4,0.131
645,player,823.7,571.7,883.4,775.7,0.117
646,player,1129.0,464.1,1197.4,612.8,0.712
646,player,568.5,526.0,632.0,696.4,0.624
646,player,912.0,528.9,963.2,720.4,0.614
646,player,1499.3,477.9,1551.7,607.0,0.557
646,player,1571.4,599.5,1658.6,753.9,0.532
646,player,658.3,467.7,724.0,638.4,0.527
646,player,1696.2,545.7,1742.7,669.9,0.526
646,player,951.4,550.7,997.0,753.2,0.489
646,player,822.6,569.5,884.3,767.6,0.471
646,player,1259.7,428.6,1297.9,529.6,0.47
646,player,1704.5,543.1,1742.4,646.4,0.439
646,player,1024.3,278.0,1065.8,405.3,0.408
646,player,1251.6,427.3,1299.4,571.4,0.385
646,player,823.8,571.7,882.8,696.7,0.377
646,player,910.5,524.0,988.1,730.6,0.352
646,player,662.8,468.3,705.4,571.5,0.238
646,player,956.2,558.4,993.8,712.4,0.186
646,player,1761.0,285.8,1814.3,379.4,0.177
646,player,658.8,546.5,721.4,639.7,0.133
647,player,1132.3,464.7,1197.1,612.7,0.667
647,player,911.5,529.2,963.6,720.9,0.62
647,player,568.2,527.9,626.3,694.4,0.57
647,player,822.7,568.8,886.4,770.0,0.563
647,player,1497.2,479.1,1551.7,612.5,0.558
647,player,951.4,550.8,996.7,753.5,0.498
647,player,1697.2,547.8,1742.8,673.8,0.475
647,player,1023.1,277.0,1065.7,406.9,0.474
647,player,1571.5,597.9,1658.6,753.9,0.454
647,player,654.5,467.0,724.4,638.5,0.453
647,player,1254.4,431.1,1298.3,553.0,0.453
647,player,910.2,524.7,986.8,731.7,0.372
647,player,825.3,569.9,883.6,694.6,0.29
647,player,660.4,468.8,708.2,630.6,0.247
647,player,1704.6,545.8,1741.6,650.8,0.224
647,player,1499.9,478.9,1552.4,576.7,0.194
647,player,1760.7,286.3,1814.9,379.3,0.18
647,player,1247.8,432.1,1300.0,579.3,0.171
647,player,656.1,535.2,721.7,639.4,0.167
647,player,956.0,558.6,993.2,710.6,0.165
647,player,1259.8,429.1,1300.2,532.4,0.131
647,player,661.6,468.6,701.4,571.0,0.121
648,player,1133.1,463.6,1197.7,612.7,0.754
648,player,911.5,529.4,963.8,721.0,0.616
648,player,1496.0,478.4,1555.0,619.2,0.564
648,player,1022.7,276.5,1065.7,406.9,0.543
648,player,1698.0,548.6,1743.7,671.8,0.512
648,player,1255.4,428.2,1298.6,565.7,0.488
648,player,823.2,569.4,888.2,763.0,0.486
648,player,569.1,524.8,625.9,696.0,0.479
648,player,656.0,468.5,715.9,636.6,0.479
648,player,951.6,549.9,996.8,752.9,0.472
648,player,1571.4,597.8,1659.0,754.1,0.472
648,player,910.6,524.5,987.9,732.2,0.353
648,player,1704.7,547.4,1742.2,648.8,0.311
648,player,825.3,571.6,883.0,700.5,0.311
648,player,1759.8,286.4,1814.7,381.5,0.223
648,player,1259.6,427.9,1300.0,534.8,0.197
648,player,956.1,558.4,992.9,709.6,0.172
648,player,659.9,469.2,700.4,575.5,0.165
648,player,1499.3,478.9,1555.3,571.2,0.138
649,player,1136.6,463.1,1197.1,612.9,0.698
649,player,911.2,529.6,963.8,720.8,0.615
649,player,1497.4,478.2,1554.9,615.5,0.53
649,player,1023.1,277.3,1065.8,408.0,0.522
649,player,1258.2,430.4,1298.3,551.8,0.495
649,player,951.6,550.4,996.9,752.7,0.472
649,player,569.1,525.3,627.3,695.6,0.465
649,player,1698.7,550.0,1746.3,669.4,0.419
649,player,824.8,569.1,885.8,761.2,0.415
649,player,647.5,466.5,711.2,639.1,0.401
649,player,1571.0,597.6,1658.7,754.2,0.359
649,player,826.3,570.2,884.9,693.7,0.357
649,player,909.8,524.5,985.3,729.6,0.33
649,player,1704.7,549.1,1744.2,649.1,0.247
649,player,1249.3,429.9,1299.5,575.3,0.227
649,player,1759.9,286.6,1814.8,381.3,0.214
649,player,653.7,468.8,701.3,629.0,0.18
649,player,656.5,469.3,697.0,568.2,0.18
649,player,956.5,558.4,993.2,708.6,0.174
649,player,1684.3,550.7,1745.3,678.0,0.171
649,player,1500.2,478.7,1555.2,573.5,0.15
649,player,822.4,569.3,904.7,777.0,0.101
650,player,1137.2,461.7,1196.4,612.5,0.727
650,player,911.0,529.5,963.8,720.8,0.616
650,player,1022.7,277.3,1066.0,408.2,0.56
650,player,1499.4,478.3,1555.1,609.3,0.527
650,player,1702.6,549.8,1745.2,662.0,0.525
650,player,646.6,467.6,706.9,637.7,0.511
650,player,823.8,569.8,890.5,762.7,0.51
650,player,1255.2,429.5,1300.1,576.5,0.501
650,player,951.5,551.2,997.3,753.1,0.463
650,player,569.6,526.1,626.8,694.0,0.409
650,player,1572.5,598.4,1657.7,757.4,0.399
650,player,1261.0,430.9,1298.9,546.3,0.382
650,player,910.1,524.5,986.9,728.8,0.338
650,player,827.2,570.8,886.3,694.4,0.266
650,player,1759.3,286.7,1814.9,383.5,0.259
650,player,1690.5,550.9,1743.6,676.8,0.196
650,player,956.5,558.3,993.5,704.5,0.179
650,player,1671.3,722.9,1784.0,906.8,0.136
651,player,1140.4,461.8,1196.2,612.9,0.729
651,player,910.8,530.1,964.1,720.5,0.613
651,player,648.0,469.4,721.5,637.8,0.59
651,player,824.3,571.7,890.2,761.5,0.579
651,player,1022.8,278.0,1066.0,407.2,0.561
651,player,1253.9,431.9,1301.2,576.7,0.478
651,player,951.1,553.2,996.8,753.4,0.473
651,player,568.1,530.2,625.2,677.2,0.455
651,player,1704.1,551.6,1745.6,661.0,0.454
651,player,648.1,470.5,700.0,634.0,0.444
651,player,1498.1,482.2,1553.4,603.1,0.413
651,player,910.2,524.3,988.5,726.7,0.369
651,player,1262.7,433.5,1299.3,527.9,0.331
651,player,1570.6,598.1,1659.8,753.9,0.313
651,player,827.0,572.0,887.9,705.1,0.268
651,player,1759.2,286.7,1814.7,384.8,0.261
651,player,956.5,558.6,993.5,708.8,0.189
651,player,1693.9,552.5,1744.4,676.2,0.163
651,player,648.9,553.9,723.6,638.1,0.109
652,player,910.7,529.6,964.3,720.8,0.609
652,player,1139.9,457.0,1196.1,612.9,0.589
652,player,824.8,571.3,892.9,761.7,0.575
652,player,647.1,468.7,722.4,637.4,0.568
652,player,1496.6,481.5,1551.6,607.5,0.554
652,player,1022.8,278.5,1065.7,409.5,0.539
652,player,1702.2,551.6,1746.4,663.1,0.479
652,player,951.2,553.7,996.6,753.4,0.471
652,player,567.9,530.4,629.7,694.7,0.464
652,player,1257.5,432.0,1301.0,573.4,0.411
652,player,645.8,469.1,698.6,632.6,0.387
652,player,910.1,524.3,988.0,725.6,0.386
652,player,1572.2,598.2,1658.1,756.9,0.37
652,player,1262.6,433.1,1299.7,542.8,0.367
652,player,827.9,571.3,885.8,715.4,0.308
652,player,1759.5,286.7,1814.8,382.5,0.237
652,player,956.3,558.7,993.5,707.1,0.21
652,player,1690.9,552.3,1745.4,676.7,0.171
652,player,1143.3,457.4,1193.1,542.5,0.158
652,player,1145.0,467.2,1197.3,564.3,0.133
652,player,1703.5,549.9,1737.9,643.9,0.114
653,player,1141.3,455.9,1196.2,612.9,0.614
653,player,910.9,530.6,963.9,721.0,0.597
653,player,825.4,572.6,891.4,760.2,0.554
653,player,1258.5,433.0,1301.6,576.6,0.524
653,player,1023.0,278.6,1065.4,408.6,0.499
653,player,1499.9,484.2,1550.5,601.0,0.482
653,player,1703.7,552.5,1746.1,655.1,0.472
653,player,567.5,528.2,628.3,696.6,0.472
653,player,951.2,552.2,996.4,752.5,0.442
653,player,644.2,467.3,708.4,636.9,0.42
653,player,911.0,524.6,987.6,726.0,0.374
653,player,828.5,572.1,884.1,717.4,0.345
653,player,1570.3,598.1,1660.2,754.1,0.345
653,player,645.5,468.7,694.6,608.9,0.268
653,player,1759.4,286.7,1814.7,383.9,0.253
653,player,956.2,558.4,993.4,705.7,0.23
653,player,1144.5,457.1,1194.2,548.4,0.138
653,player,1689.7,553.6,1745.6,677.8,0.113
654,player,1140.7,455.1,1196.6,613.5,0.757
654,player,910.3,529.4,965.4,722.5,0.599
654,player,1258.9,432.0,1302.5,576.8,0.557
654,player,828.5,574.6,889.3,735.4,0.522
654,player,1022.9,278.5,1065.3,407.5,0.494
654,player,567.3,528.5,627.9,696.2,0.46
654,player,1703.9,553.3,1747.1,654.3,0.452
654,player,1494.2,483.7,1546.7,614.6,0.451
654,player,951.6,551.9,996.1,754.0,0.45
654,player,643.5,466.8,718.3,637.6,0.41
654,player,910.2,523.7,990.4,729.7,0.405
654,player,1759.1,286.6,1814.2,385.6,0.272
654,player,643.9,468.4,693.5,617.9,0.262
654,player,828.8,574.1,878.8,705.8,0.261
654,player,1570.1,598.0,1662.9,754.1,0.235
654,player,956.0,558.8,992.9,710.3,0.216
654,player,646.9,516.9,722.4,636.8,0.21
654,player,646.1,468.7,686.0,578.6,0.161
654,player,1696.8,554.6,1745.8,677.5,0.132
655,player,1141.8,455.1,1196.4,613.3,0.755
655,player,909.8,529.8,964.9,721.9,0.589
655,player,1261.5,435.0,1302.8,574.4,0.545
655,player,1023.7,278.0,1065.8,397.8,0.498
655,player,640.0,468.2,721.7,637.6,0.482
655,player,829.5,574.5,888.3,699.1,0.474
655,player,1702.4,554.2,1748.7,668.0,0.474
655,player,1493.3,485.1,1545.2,610.9,0.453
655,player,566.8,528.0,628.1,695.0,0.446
655,player,952.7,551.8,995.6,748.9,0.436
655,player,1570.0,597.7,1659.2,753.7,0.398
655,player,910.8,524.9,990.1,728.6,0.384
655,player,1760.3,286.3,1814.1,381.6,0.201
655,player,956.7,558.6,992.9,708.6,0.198
655,player,1653.2,722.5,1774.7,892.5,0.171
655,player,828.8,575.5,893.2,768.5,0.17
655,player,912.5,547.3,953.8,724.1,0.146
655,player,1024.7,415.8,1048.8,504.9,0.103
656,player,1142.8,455.1,1196.1,613.0,0.777
656,player,910.1,528.7,964.9,721.6,0.612
656,player,827.4,574.5,894.1,766.5,0.554
656,player,1569.8,596.9,1657.8,753.4,0.531
656,player,1023.7,278.1,1066.0,393.8,0.53
656,player,1701.8,554.5,1749.0,669.2,0.494
656,player,568.8,531.6,625.4,664.3,0.489
656,player,951.9,553.3,996.2,752.8,0.457
656,player,1262.3,433.3,1304.3,574.0,0.456
656,player,1488.1,485.4,1543.8,614.2,0.429
656,player,1268.5,434.5,1302.2,545.9,0.4
656,player,910.3,524.9,989.7,727.2,0.4
656,player,642.5,468.7,680.7,576.5,0.39
656,player,830.3,574.2,885.4,721.3,0.362
656,player,639.1,469.8,681.6,614.0,0.342
656,player,642.4,466.9,698.2,633.6,0.332
656,player,1662.3,716.9,1774.3,895.7,0.296
656,player,956.3,558.7,992.8,707.9,0.22
656,player,1759.9,286.3,1814.4,382.1,0.204
657,player,1142.2,455.4,1196.9,614.3,0.816
657,player,1572.5,596.4,1656.7,754.0,0.59
657,player,910.1,528.2,963.5,719.6,0.583
657,player,1262.3,436.3,1305.4,579.2,0.578
657,player,1701.7,554.8,1748.3,666.9,0.526
657,player,1022.9,279.1,1065.7,402.3,0.519
657,player,570.2,532.2,628.3,690.9,0.514
657,player,1487.5,489.0,1543.5,607.1,0.51
657,player,830.6,576.9,889.9,757.6,0.446
657,player,951.6,551.3,996.5,753.0,0.394
657,player,639.9,467.9,694.0,633.5,0.376
657,player,910.3,525.3,989.5,721.9,0.358
657,player,642.0,468.6,680.3,577.6,0.337
657,player,831.4,575.6,880.5,701.9,0.326
657,player,1651.9,717.2,1769.2,911.7,0.231
657,player,956.8,557.8,993.5,703.9,0.196
657,player,1760.7,286.2,1814.5,379.7,0.161
657,player,827.2,574.9,904.5,778.3,0.114
658,player,1142.3,454.2,1197.0,613.4,0.818
658,player,1572.1,595.7,1655.9,753.8,0.631
658,player,570.1,533.2,630.6,693.2,0.609
658,player,910.5,528.2,964.6,718.7,0.59
658,player,834.4,576.2,881.7,701.3,0.558
658,player,1023.4,278.5,1065.6,403.5,0.543
658,player,1700.3,555.8,1748.9,674.7,0.52
658,player,1260.4,437.7,1305.0,576.8,0.405
658,player,952.9,551.2,995.9,746.8,0.384
658,player,640.1,468.0,694.2,634.1,0.364
658,player,1486.4,489.4,1540.9,599.8,0.359
658,player,910.7,525.8,988.9,719.1,0.353
658,player,1268.8,437.7,1303.4,527.3,0.304
658,player,639.6,469.3,679.1,576.0,0.299
658,player,636.6,470.6,683.3,623.7,0.28
658,player,956.9,557.8,993.1,703.5,0.191
658,player,830.6,577.4,891.4,764.8,0.156
658,player,1655.7,719.7,1767.6,892.2,0.123
658,player,1762.0,286.1,1814.2,376.3,0.112
659,player,1141.8,454.1,1197.4,613.2,0.798
659,player,1572.0,596.7,1655.7,753.9,0.633
659,player,571.5,534.5,632.4,694.5,0.615
659,player,1022.8,278.8,1065.7,407.9,0.58
659,player,910.5,529.7,963.2,717.5,0.563
659,player,1698.4,555.6,1749.3,676.2,0.5
659,player,836.6,579.8,881.3,697.0,0.495
659,player,1482.4,487.8,1540.8,614.2,0.434
659,player,952.8,550.7,995.7,747.1,0.378
659,player,639.5,469.7,676.6,571.8,0.359
659,player,1262.8,438.2,1305.3,575.8,0.351
659,player,910.9,525.5,988.3,718.6,0.336
659,player,1271.8,439.0,1303.5,515.7,0.32
659,player,1268.2,439.4,1303.6,541.4,0.221
659,player,831.5,579.5,892.3,763.8,0.216
659,player,637.4,469.9,683.1,621.4,0.208
659,player,641.9,530.7,693.7,633.6,0.194
659,player,956.9,558.0,993.1,702.7,0.185
659,player,1654.3,720.6,1764.6,893.5,0.178
659,player,1761.7,286.2,1813.9,377.1,0.139
659,player,1608.9,599.3,1652.1,758.1,0.106
659,player,646.3,568.7,704.3,634.9,0.103
660,player,1141.9,454.5,1197.5,613.0,0.845
660,player,573.9,534.5,635.6,695.1,0.619
660,player,1023.1,278.1,1065.6,405.9,0.568
660,player,1576.7,596.5,1655.2,753.5,0.557
660,player,911.1,526.5,966.6,712.1,0.552
660,player,1478.5,490.4,1539.1,626.4,0.499
660,player,1698.9,555.5,1749.5,677.4,0.462
660,player,635.3,469.2,675.3,566.5,0.421
660,player,1260.2,438.6,1305.9,583.4,0.407
660,player,836.3,579.4,884.3,720.5,0.37
660,player,953.0,549.9,995.4,745.8,0.36
660,player,830.8,578.7,893.0,765.4,0.324
660,player,911.3,526.0,988.3,718.2,0.322
660,player,630.0,468.4,681.1,620.9,0.256
660,player,1270.7,439.7,1304.6,522.6,0.238
660,player,1656.0,715.4,1764.7,895.7,0.225
660,player,1702.7,554.5,1746.6,653.4,0.208
660,player,957.1,558.2,993.1,697.6,0.185
660,player,1605.5,597.2,1654.9,739.1,0.172
660,player,1760.7,286.2,1814.1,378.8,0.162
660,player,912.4,545.6,955.5,721.5,0.158
660,player,1487.7,490.1,1537.8,597.2,0.143
661,player,1140.9,452.8,1197.0,611.9,0.813
661,player,573.0,534.7,634.7,695.1,0.637
661,player,911.0,526.7,967.0,710.5,0.568
661,player,1023.3,278.2,1065.7,403.5,0.547
661,player,635.6,469.6,674.2,563.3,0.53
661,player,1477.9,490.0,1536.2,634.7,0.519
661,player,1569.7,597.2,1655.8,753.8,0.496
661,player,1698.5,556.1,1749.4,678.1,0.466
661,player,1259.3,439.6,1307.2,580.9,0.442
661,player,837.8,579.9,887.1,701.8,0.424
661,player,953.2,550.5,995.1,745.2,0.351
661,player,631.7,467.1,676.5,586.1,0.275
661,player,1702.6,554.9,1747.0,654.1,0.217
661,player,1267.9,439.8,1305.6,523.3,0.215
661,player,957.2,558.4,993.1,693.1,0.192
661,player,1656.4,715.1,1764.3,894.5,0.19
661,player,832.0,581.6,885.0,766.3,0.178
661,player,912.3,547.1,955.3,720.8,0.178
661,player,1480.8,489.0,1536.7,595.8,0.15
661,player,1760.9,286.2,1814.1,378.0,0.141
661,player,835.3,577.4,895.8,731.3,0.106
661,player,1595.0,598.0,1655.6,735.9,0.105
662,player,1140.9,455.1,1197.2,606.6,0.765
662,player,574.3,535.2,634.2,695.9,0.676
662,player,910.9,527.1,965.7,706.6,0.538
662,player,1468.2,492.5,1535.1,625.5,0.483
662,player,1025.0,277.6,1065.6,391.0,0.481
662,player,1259.2,441.4,1307.8,579.7,0.445
662,player,840.0,581.3,886.5,699.8,0.436
662,player,1568.8,596.9,1655.9,752.0,0.435
662,player,1700.0,555.6,1749.6,677.1,0.429
662,player,633.9,469.1,674.3,562.3,0.42
662,player,953.7,550.4,994.1,740.5,0.289
662,player,957.1,559.6,994.0,695.2,0.278
662,player,1652.8,707.3,1764.1,910.8,0.236
662,player,631.5,466.5,678.3,616.5,0.235
662,player,1702.8,554.3,1747.0,649.5,0.234
662,player,1267.9,441.3,1306.4,524.2,0.176
662,player,912.5,549.0,954.9,721.9,0.154
662,player,1761.0,286.8,1813.9,378.3,0.14
662,player,1477.0,491.5,1536.0,587.8,0.117
662,player,1593.5,597.5,1656.1,734.8,0.114
662,player,643.7,555.3,694.5,630.8,0.111
662,player,838.0,579.0,894.6,722.3,0.105
663,player,1139.1,455.8,1198.2,606.5,0.813
663,player,574.7,536.1,633.4,695.6,0.676
663,player,911.9,527.1,971.0,706.5,0.578
663,player,1259.8,441.2,1308.3,582.4,0.553
663,player,1456.0,495.8,1535.3,623.2,0.518
663,player,1024.2,276.8,1065.7,395.5,0.495
663,player,840.5,579.9,891.9,703.4,0.486
663,player,631.1,468.5,675.2,577.7,0.401
663,player,1700.8,554.8,1749.8,672.9,0.398
663,player,1569.8,598.1,1655.9,750.9,0.3
663,player,1653.7,701.6,1761.0,910.9,0.3
663,player,629.7,466.6,682.3,623.1,0.279
663,player,1266.9,441.0,1308.0,548.8,0.264
663,player,1480.6,495.2,1535.7,609.3,0.262
663,player,953.0,542.5,994.2,742.6,0.257
663,player,956.9,560.1,994.1,686.0,0.211
663,player,1143.7,460.3,1197.5,571.9,0.197
663,player,1760.4,286.5,1814.1,379.7,0.147
663,player,642.2,556.5,693.8,631.4,0.127
663,player,1589.7,598.3,1656.0,732.4,0.102
664,player,1139.1,453.8,1200.2,608.9,0.789
664,player,575.1,537.8,634.8,696.2,0.655
664,player,1262.4,441.9,1309.0,579.7,0.59
664,player,911.6,526.9,972.3,707.9,0.574
664,player,1023.9,276.8,1066.2,396.2,0.476
664,player,1659.8,698.6,1759.1,910.5,0.442
664,player,1460.4,496.7,1533.6,618.0,0.407
664,player,630.1,468.7,677.2,593.7,0.403
664,player,842.0,580.8,891.4,700.4,0.389
664,player,1701.1,554.7,1750.3,672.6,0.357
664,player,1568.5,598.1,1656.6,751.8,0.27
664,player,630.5,468.6,671.2,562.3,0.255
664,player,628.8,466.7,686.7,624.8,0.251
664,player,953.1,540.4,994.7,742.4,0.249
664,player,838.5,579.7,896.7,727.9,0.248
664,player,1481.4,496.2,1534.4,608.6,0.239
664,player,957.3,559.9,994.3,685.8,0.204
664,player,642.0,553.1,696.3,632.8,0.203
664,player,1139.9,533.8,1194.6,609.5,0.176
664,player,1143.8,459.4,1199.8,543.5,0.162
664,player,1760.2,286.4,1814.2,380.1,0.149
665,player,1138.7,453.5,1204.6,604.2,0.763
665,player,574.7,538.6,633.6,695.4,0.634
665,player,1262.4,441.5,1310.2,580.3,0.61
665,player,911.6,527.1,971.6,705.4,0.587
665,player,1458.5,500.5,1533.7,632.3,0.524
665,player,1023.6,276.7,1066.0,394.4,0.456
665,player,627.4,464.6,677.3,584.3,0.385
665,player,1701.3,554.7,1750.4,672.1,0.361
665,player,1663.6,699.7,1759.0,908.5,0.357
665,player,845.8,581.1,891.2,705.0,0.347
665,player,628.0,465.0,685.2,622.7,0.317
665,player,1484.4,500.3,1534.6,609.3,0.299
665,player,1567.6,598.3,1656.7,751.9,0.297
665,player,628.7,465.8,671.6,562.8,0.244
665,player,1142.6,463.1,1203.8,543.3,0.233
665,player,952.6,538.9,994.0,738.7,0.22
665,player,643.9,555.7,694.0,631.6,0.2
665,player,957.4,560.0,994.1,681.7,0.19
665,player,1760.3,286.3,1814.2,379.8,0.146
665,player,839.8,581.1,895.9,724.5,0.138
665,player,1140.6,531.1,1202.0,606.3,0.119
666,player,1138.7,453.3,1204.9,602.3,0.719
666,player,1264.6,441.6,1310.7,583.1,0.645
666,player,911.4,526.8,973.4,706.6,0.581
666,player,574.5,538.8,634.0,695.5,0.578
666,player,847.3,579.7,896.9,723.4,0.468
666,player,1023.9,277.4,1065.9,395.3,0.456
666,player,1472.9,502.7,1533.1,635.2,0.41
666,player,1701.2,554.8,1750.2,670.4,0.381
666,player,629.1,467.3,678.0,598.7,0.35
666,player,1567.8,599.7,1655.8,751.4,0.256
666,player,1487.5,502.5,1534.2,613.3,0.249
666,player,630.8,468.8,684.4,631.9,0.234
666,player,1670.4,703.9,1757.5,896.2,0.232
666,player,627.5,465.4,674.3,558.3,0.231
666,player,952.9,537.7,994.2,740.7,0.211
666,player,958.0,560.3,994.0,675.6,0.17
666,player,1146.9,463.1,1203.8,535.5,0.167
666,player,640.8,554.9,690.0,630.2,0.159
666,player,937.6,531.5,993.4,729.1,0.153
666,player,1760.4,286.2,1814.4,379.4,0.149
667,player,576.9,535.6,633.2,694.2,0.582
667,player,910.8,525.0,989.8,720.9,0.547
667,player,1264.9,443.6,1309.9,582.4,0.528
667,player,1023.7,279.6,1065.8,387.5,0.504
667,player,1141.9,453.4,1205.3,600.0,0.457
667,player,838.3,576.6,902.4,736.0,0.434
667,player,1460.9,501.6,1531.3,631.0,0.408
667,player,628.2,465.8,676.2,570.9,0.404
667,player,1142.9,455.7,1201.4,560.8,0.396
667,player,910.3,531.4,962.4,713.6,0.352
667,player,1692.0,556.5,1754.1,687.1,0.313
667,player,847.0,579.5,896.7,716.7,0.28
667,player,1476.9,501.4,1532.4,617.9,0.27
667,player,1268.7,444.3,1311.9,552.8,0.257
667,player,1698.0,555.9,1754.7,729.8,0.244
667,player,641.4,553.8,685.0,636.0,0.241
667,player,627.0,465.5,682.1,614.1,0.225
667,player,952.0,533.0,994.2,737.5,0.202
667,player,1145.8,455.3,1202.9,532.7,0.193
667,player,1567.9,600.2,1656.3,752.4,0.181
667,player,956.4,560.4,993.3,700.4,0.154
667,player,1702.0,554.6,1750.5,645.3,0.14
667,player,931.4,983.3,974.4,1080.0,0.113
667,player,1671.0,555.0,1755.8,755.9,0.11
668,player,576.5,537.7,634.7,699.4,0.556
668,player,1267.8,445.0,1312.4,578.9,0.538
668,player,911.7,529.4,968.0,720.1,0.531
668,player,1023.7,279.4,1065.3,389.0,0.511
668,player,837.5,577.7,903.0,734.8,0.486
668,player,624.0,464.2,675.7,566.8,0.422
668,player,912.5,523.3,991.6,720.1,0.393
668,player,1463.5,500.3,1531.3,625.8,0.381
668,player,1143.6,457.1,1204.3,556.2,0.376
668,player,1142.7,455.3,1209.1,601.1,0.337
668,player,1692.1,557.2,1752.9,683.4,0.337
668,player,847.1,579.9,897.4,718.6,0.312
668,player,952.4,560.2,995.3,753.3,0.248
668,player,639.5,556.7,679.8,637.6,0.246
668,player,1696.3,556.2,1753.6,731.6,0.24
668,player,624.3,465.7,681.5,621.3,0.236
668,player,1025.4,277.7,1059.7,421.6,0.11
668,player,1701.8,555.3,1752.1,645.8,0.108
668,player,829.9,682.0,899.7,772.6,0.107
668,player,956.5,557.2,992.3,683.5,0.107
668,player,1668.4,555.5,1756.1,758.2,0.106
669,player,911.9,525.0,979.5,719.9,0.558
669,player,832.4,578.9,903.6,769.5,0.543
669,player,1268.0,444.3,1313.3,579.3,0.533
669,player,1024.2,280.0,1065.0,388.1,0.49
669,player,1142.8,455.9,1203.5,594.9,0.444
669,player,910.2,529.9,963.0,712.3,0.434
669,player,625.5,465.9,676.3,584.2,0.401
669,player,576.9,536.4,635.8,695.9,0.394
669,player,1692.4,557.5,1751.7,679.7,0.376
669,player,951.9,560.0,995.7,756.9,0.333
669,player,590.0,605.7,635.3,694.7,0.322
669,player,1453.3,501.4,1528.4,632.4,0.298
669,player,845.6,580.7,898.7,726.4,0.25
669,player,638.3,558.6,674.8,638.8,0.243
669,player,925.5,530.2,994.9,739.9,0.238
669,player,623.8,465.5,679.6,625.2,0.222
669,player,1144.2,458.1,1206.3,553.3,0.214
669,player,1472.5,501.2,1532.4,611.5,0.164
669,player,1687.2,555.3,1753.0,740.7,0.145
669,player,1702.0,555.3,1751.7,645.6,0.115
669,player,956.2,560.2,992.9,704.2,0.114
669,player,633.2,550.4,678.7,630.8,0.113
669,player,931.4,982.9,975.1,1080.0,0.107
669,player,1579.6,605.4,1656.1,721.9,0.104
670,player,1141.4,452.9,1207.7,605.1,0.592
670,player,911.2,525.4,967.9,716.2,0.527
670,player,1267.3,443.9,1313.6,580.7,0.525
670,player,1024.9,279.6,1064.9,387.0,0.492
670,player,576.5,537.2,636.3,697.4,0.416
670,player,839.0,579.8,903.8,735.4,0.387
670,player,625.2,465.0,675.6,611.6,0.38
670,player,912.2,524.0,989.8,718.2,0.376
670,player,622.7,463.7,675.2,568.0,0.328
670,player,948.7,544.3,996.9,756.6,0.315
670,player,1692.4,557.1,1751.9,680.0,0.309
670,player,850.5,581.8,899.7,711.7,0.307
670,player,1696.9,556.3,1753.3,721.2,0.245
670,player,1453.9,503.2,1529.6,635.1,0.245
670,player,637.4,550.5,674.8,630.7,0.218
670,player,1144.9,455.6,1206.3,562.2,0.209
670,player,1687.2,554.9,1754.1,762.2,0.201
670,player,953.8,561.2,993.8,728.8,0.194
670,player,930.0,532.8,994.5,733.4,0.181
670,player,586.3,607.1,636.2,698.0,0.179
670,player,830.0,634.8,900.6,763.1,0.149
670,player,848.9,583.1,919.2,725.5,0.135
670,player,1476.4,502.8,1534.3,614.6,0.127
670,player,1569.4,604.0,1656.1,752.4,0.122
670,player,1601.8,605.7,1656.3,729.8,0.116
670,player,1656.9,554.2,1756.7,834.3,0.106
670,player,1478.4,503.0,1523.2,597.2,0.105
671,player,911.9,524.7,967.6,715.0,0.533
671,player,1140.9,453.9,1206.6,604.9,0.509
671,player,1266.4,444.1,1312.9,580.9,0.505
671,player,1025.5,278.9,1064.9,386.8,0.504
671,player,840.8,582.4,906.4,732.3,0.359
671,player,1478.0,505.3,1529.1,624.5,0.359
671,player,1457.6,504.1,1528.1,636.2,0.348
671,player,948.6,545.5,997.1,755.5,0.329
671,player,623.5,464.6,675.0,613.6,0.326
671,player,620.9,463.5,674.4,569.2,0.309
671,player,1674.8,555.2,1755.8,766.1,0.303
671,player,576.5,537.9,636.3,694.2,0.292
671,player,1689.2,556.9,1752.0,688.9,0.29
671,player,850.9,583.1,901.7,706.7,0.288
671,player,587.4,598.6,637.6,694.8,0.243
671,player,1693.7,556.2,1753.2,733.6,0.234
671,player,1569.4,603.7,1655.2,750.7,0.232
671,player,832.6,582.6,906.6,772.2,0.219
671,player,953.6,560.6,994.1,727.2,0.214
671,player,1598.4,605.3,1655.7,734.6,0.214
671,player,576.4,539.2,631.2,634.8,0.191
671,player,935.8,533.8,994.8,732.4,0.181
671,player,1144.9,456.6,1204.8,548.1,0.18
671,player,1658.5,554.2,1757.4,831.2,0.155
671,player,638.1,562.6,673.5,630.2,0.147
671,player,955.4,557.0,993.1,687.2,0.144
671,player,829.7,646.3,901.3,766.6,0.143
671,player,855.8,584.2,911.9,723.2,0.108
671,player,1762.0,285.6,1814.0,377.6,0.108
671,player,630.3,547.5,674.9,627.9,0.102
672,player,1025.4,279.6,1065.1,386.3,0.516
672,player,912.2,524.7,973.1,716.0,0.513
672,player,1266.5,445.0,1313.3,579.3,0.474
672,player,1142.5,455.8,1202.9,595.8,0.47
672,player,576.0,536.8,638.6,697.5,0.437
672,player,619.9,463.6,673.8,558.7,0.383
672,player,622.0,464.7,674.5,604.0,0.348
672,player,840.0,582.4,908.4,731.7,0.318
672,player,948.5,543.9,996.6,755.2,0.293
672,player,1692.1,557.0,1751.8,682.3,0.279
672,player,851.7,583.0,903.3,706.3,0.259
672,player,1675.5,555.0,1754.9,774.7,0.249
672,player,1455.6,503.7,1528.4,636.0,0.245
672,player,930.6,531.1,994.0,728.6,0.199
672,player,954.3,560.9,993.6,715.8,0.197
672,player,1568.3,606.0,1655.8,751.2,0.178
672,player,835.1,608.4,901.1,745.7,0.158
672,player,858.0,583.2,913.7,724.1,0.157
672,player,1658.9,553.6,1755.8,826.5,0.143
672,player,1597.5,606.6,1656.3,740.5,0.137
672,player,1480.6,504.0,1521.8,575.1,0.136
672,player,1457.2,504.0,1523.7,599.9,0.125
672,player,830.4,637.6,900.3,763.9,0.122
672,player,858.7,581.1,901.1,676.3,0.115
672,player,1143.0,455.5,1200.4,548.5,0.11
672,player,1761.6,285.3,1813.9,378.6,0.105
673,player,1262.4,443.8,1313.2,583.8,0.578
673,player,1025.3,279.3,1064.7,386.4,0.534
673,player,913.1,524.5,983.5,719.3,0.499
673,player,578.0,535.8,638.6,696.4,0.417
673,player,1141.1,456.1,1198.9,564.2,0.391
673,player,913.4,529.9,963.6,707.5,0.377
673,player,617.8,463.2,672.1,558.3,0.367
673,player,620.5,463.6,673.2,604.5,0.349
673,player,1462.5,505.6,1528.2,636.1,0.342
673,player,948.3,543.7,996.7,754.6,0.286
673,player,1139.6,455.8,1200.8,602.4,0.285
673,player,1691.0,557.3,1751.5,681.2,0.268
673,player,840.4,583.2,911.1,731.1,0.264
673,player,852.3,583.5,905.2,701.4,0.245
673,player,858.8,583.2,923.3,723.9,0.229
673,player,926.5,530.3,994.1,726.5,0.204
673,player,954.3,560.4,993.7,714.3,0.187
673,player,1472.4,504.7,1525.4,605.3,0.178
673,player,1568.4,606.0,1655.1,753.1,0.172
673,player,1669.4,556.8,1767.7,877.7,0.145
673,player,831.4,586.6,911.6,772.3,0.144
673,player,833.5,606.3,901.5,748.7,0.134
673,player,1691.3,554.2,1752.1,754.1,0.124
673,player,578.7,587.6,638.4,696.8,0.119
673,player,1674.6,555.4,1756.8,820.9,0.119
673,player,1593.3,606.1,1655.8,744.1,0.118
673,player,632.8,567.5,671.7,631.2,0.117
673,player,829.2,645.8,906.9,773.5,0.115
673,player,860.2,581.7,902.7,677.6,0.114
673,player,1761.7,285.4,1813.9,378.0,0.102
674,player,1263.7,442.7,1313.2,581.5,0.552
674,player,913.2,524.6,982.9,719.1,0.517
674,player,1025.1,281.2,1064.3,389.2,0.508
674,player,578.9,537.1,642.3,698.0,0.417
674,player,616.6,465.5,675.4,622.7,0.408
674,player,914.1,529.7,962.0,707.6,0.368
674,player,1460.7,506.7,1528.6,636.8,0.314
674,player,1141.6,457.0,1198.4,559.1,0.298
674,player,1692.3,557.3,1751.9,680.3,0.296
674,player,852.1,586.3,920.2,724.4,0.271
674,player,948.5,544.2,996.7,755.4,0.27
674,player,852.8,584.6,905.1,693.0,0.264
674,player,926.1,530.1,994.0,726.9,0.217
674,player,1139.8,456.4,1200.9,601.8,0.195
674,player,954.6,560.6,993.5,715.1,0.183
674,player,617.7,465.6,670.5,562.0,0.174
674,player,1454.0,506.0,1525.0,601.2,0.161
674,player,1569.1,609.1,1655.3,752.5,0.16
674,player,1476.0,505.7,1525.2,604.8,0.146
674,player,1674.3,725.3,1752.2,889.3,0.142
674,player,862.9,582.9,906.3,677.9,0.134
674,player,1595.0,609.1,1655.6,743.4,0.133
674,player,1672.7,557.1,1769.9,882.3,0.132
674,player,1692.2,554.2,1752.3,749.0,0.115
674,player,832.0,633.5,912.8,775.5,0.114
674,player,621.1,499.3,674.2,625.3,0.113
674,player,1702.7,555.4,1751.8,645.9,0.104
674,player,1761.7,285.3,1813.9,378.0,0.101
675,player,1259.6,442.5,1313.7,583.0,0.569
675,player,913.2,525.0,987.5,719.9,0.527
675,player,1025.1,281.3,1063.9,388.6,0.489
675,player,614.3,465.6,673.9,621.3,0.385
675,player,913.9,529.8,967.6,715.0,0.381
675,player,1140.2,457.7,1197.9,570.2,0.373
675,player,1459.0,506.5,1528.5,636.2,0.329
675,player,578.6,536.6,657.8,694.2,0.317
675,player,849.4,586.0,925.6,725.1,0.297
675,player,1692.5,556.9,1750.1,679.8,0.296
675,player,948.2,544.0,996.6,754.7,0.282
675,player,838.3,584.5,912.7,732.0,0.241
675,player,851.7,584.9,905.4,697.3,0.222
675,player,954.6,560.0,993.6,713.3,0.191
675,player,1134.8,457.0,1200.0,605.1,0.185
675,player,617.6,466.8,670.3,558.1,0.181
675,player,578.2,536.3,638.4,670.8,0.159
675,player,1454.9,505.9,1523.8,599.5,0.158
675,player,1474.6,505.5,1525.1,604.7,0.155
675,player,1702.2,555.0,1748.8,645.2,0.129
675,player,1674.0,724.2,1755.1,891.4,0.125
675,player,1568.7,609.7,1655.9,753.2,0.122
675,player,1592.8,609.5,1656.0,743.1,0.12
675,player,1761.7,285.4,1814.0,378.5,0.117
675,player,860.3,583.5,902.8,673.3,0.116
675,player,618.3,519.7,672.1,624.2,0.11
676,player,1259.1,443.1,1312.6,583.5,0.623
676,player,1025.1,280.8,1064.0,388.5,0.519
676,player,913.0,524.9,985.6,724.3,0.503
676,player,615.1,464.8,668.8,586.0,0.43
676,player,913.4,530.3,965.2,721.0,0.41
676,player,1692.2,557.3,1751.5,678.7,0.391
676,player,1137.6,457.3,1199.0,589.2,0.373
676,player,1452.6,506.2,1527.5,637.6,0.348
676,player,835.0,582.2,912.0,732.6,0.343
676,player,845.7,585.4,924.8,726.2,0.334
676,player,947.9,544.6,996.9,755.4,0.323
676,player,576.8,539.1,651.4,695.3,0.307
676,player,1142.6,457.1,1198.3,552.6,0.269
676,player,926.6,531.6,994.4,731.5,0.241
676,player,848.3,584.3,904.7,702.1,0.217
676,player,953.5,560.0,994.0,727.4,0.209
676,player,1674.1,724.9,1753.4,892.1,0.206
676,player,1702.2,555.6,1751.5,648.4,0.151
676,player,1454.7,506.9,1522.1,598.1,0.142
676,player,1568.8,610.4,1656.6,751.9,0.138
676,player,955.1,556.7,992.6,686.9,0.133
676,player,1761.8,285.3,1813.9,378.0,0.12
676,player,931.5,982.6,974.7,1080.0,0.113
676,player,1455.2,534.6,1514.0,605.0,0.102
677,player,1259.3,443.1,1309.7,583.4,0.596
677,player,1024.9,280.6,1064.0,388.6,0.516
677,player,912.1,524.8,987.4,725.0,0.498
677,player,1690.4,556.0,1750.8,677.6,0.497
677,player,914.4,524.8,969.4,712.3,0.46
677,player,609.3,464.3,667.5,603.7,0.384
677,player,846.0,582.6,909.5,724.4,0.377
677,player,1455.0,507.0,1528.8,636.3,0.322
677,player,1137.1,455.9,1200.7,593.6,0.316
677,player,950.7,540.7,994.6,742.6,0.311
677,player,592.1,465.2,668.6,620.3,0.302
677,player,578.8,539.1,662.3,694.2,0.302
677,player,613.5,463.4,666.0,558.7,0.277
677,player,1146.4,456.1,1197.4,560.0,0.238
677,player,1662.7,729.6,1754.2,889.9,0.224
677,player,1701.4,554.2,1749.8,652.8,0.211
677,player,831.6,580.1,913.0,778.3,0.197
677,player,1154.0,456.2,1197.9,532.6,0.167
677,player,853.6,581.7,904.8,695.3,0.152
677,player,1454.5,506.9,1523.3,598.8,0.135
677,player,954.9,556.8,992.5,690.9,0.126
677,player,1588.9,610.6,1656.3,739.9,0.123
677,player,1761.9,285.4,1813.9,377.8,0.106
677,player,1455.2,531.3,1512.1,604.6,0.106
678,player,1260.0,443.6,1309.8,583.7,0.618
678,player,1024.8,280.0,1064.1,388.7,0.511
678,player,911.5,524.9,985.3,725.9,0.496
678,player,1691.4,556.2,1750.4,677.7,0.488
678,player,912.7,525.1,966.8,717.2,0.465
678,player,581.3,539.2,669.7,696.9,0.447
678,player,613.4,464.4,663.7,554.3,0.443
678,player,607.6,463.5,665.4,577.1,0.432
678,player,849.4,582.2,908.4,720.8,0.423
678,player,951.2,558.8,995.4,752.0,0.336
678,player,1452.2,507.3,1527.1,637.6,0.324
678,player,1138.2,453.6,1200.6,603.7,0.303
678,player,923.8,530.3,994.6,733.7,0.252
678,player,1661.0,730.8,1756.2,890.0,0.233
678,player,1701.1,554.0,1749.6,653.1,0.225
678,player,1150.7,455.4,1201.2,537.7,0.205
678,player,832.9,579.6,912.2,768.8,0.195
678,player,845.6,591.5,926.9,726.8,0.145
678,player,587.6,464.6,665.5,616.5,0.144
678,player,1454.6,507.9,1523.9,599.0,0.123
678,player,954.9,556.8,992.7,691.8,0.122
678,player,1761.8,285.5,1814.1,377.9,0.108
678,player,859.3,579.4,907.2,692.6,0.106
678,player,1455.1,532.9,1514.4,606.1,0.104
679,player,1139.5,455.1,1197.9,606.3,0.644
679,player,1257.3,441.4,1308.9,583.9,0.59
679,player,1024.7,279.9,1064.3,389.1,0.517
679,player,915.1,524.6,967.9,714.1,0.483
679,player,1688.4,556.4,1750.6,677.6,0.477
679,player,912.3,524.8,985.2,725.5,0.466
679,player,848.6,582.0,910.9,727.7,0.465
679,player,612.1,464.0,663.7,571.8,0.456
679,player,1452.0,507.6,1527.3,637.9,0.363
679,player,951.1,559.6,995.7,752.5,0.359
679,player,583.7,464.0,664.9,617.6,0.274
679,player,1153.9,455.2,1200.9,541.2,0.254
679,player,924.8,530.8,995.4,735.9,0.251
679,player,580.9,536.4,666.9,693.5,0.208
679,player,853.1,580.6,907.0,699.9,0.205
679,player,1656.8,731.2,1756.2,888.1,0.204
679,player,833.9,577.8,915.0,755.8,0.198
679,player,1698.9,554.0,1750.1,651.9,0.196
679,player,955.2,559.0,993.2,706.7,0.152
679,player,1454.8,524.2,1517.8,608.4,0.139
679,player,1461.5,507.5,1527.0,604.8,0.122
679,player,1145.9,458.5,1193.8,521.0,0.111
679,player,1762.1,285.5,1814.2,377.5,0.108
679,player,580.9,535.9,649.8,623.4,0.105
680,player,1138.7,457.4,1199.2,605.6,0.683
680,player,1255.3,441.9,1308.6,580.1,0.606
680,player,1024.5,280.2,1064.3,388.4,0.543
680,player,914.1,525.0,969.0,713.1,0.498
680,player,1695.2,553.7,1751.1,674.9,0.495
680,player,910.3,524.8,987.1,725.0,0.488
680,player,849.5,581.0,908.7,728.7,0.448
680,player,613.9,463.2,660.1,560.2,0.427
680,player,1452.2,508.3,1527.4,638.5,0.379
680,player,582.0,535.3,664.0,697.3,0.359
680,player,951.1,562.4,995.2,752.5,0.346
680,player,1454.7,508.9,1526.4,604.1,0.309
680,player,1656.6,736.1,1758.0,908.5,0.306
680,player,834.6,576.8,912.1,754.5,0.208
680,player,595.6,462.0,660.7,581.7,0.164
680,player,584.1,512.1,660.9,619.8,0.156
680,player,955.0,559.6,992.9,706.2,0.154
680,player,1155.8,454.4,1200.2,526.3,0.138
680,player,1145.5,457.7,1195.2,519.5,0.116
680,player,854.9,577.8,908.0,695.8,0.113
680,player,1762.0,285.7,1814.3,377.7,0.106
681,player,1141.2,454.1,1202.5,605.5,0.724
681,player,1254.3,440.3,1308.2,583.3,0.592
681,player,913.6,525.3,969.5,716.5,0.524
681,player,1025.1,281.1,1064.0,387.3,0.515
681,player,909.5,524.7,986.8,726.9,0.511
681,player,850.0,580.0,908.5,734.3,0.472
681,player,1690.8,555.3,1752.3,675.3,0.465
681,player,607.4,463.4,657.6,584.4,0.392
681,player,1658.0,737.7,1758.8,901.8,0.391
681,player,1451.9,507.9,1527.2,638.5,0.384
681,player,952.1,554.3,995.4,751.6,0.378
681,player,583.6,542.7,667.8,698.9,0.276
681,player,927.3,529.9,994.9,735.5,0.246
681,player,853.2,578.4,905.0,699.3,0.233
681,player,1699.9,553.3,1750.3,651.9,0.229
681,player,587.4,463.2,658.4,615.1,0.188
681,player,955.1,559.7,993.1,707.0,0.159
681,player,1148.2,461.5,1192.1,551.5,0.132
681,player,1463.0,507.5,1526.2,601.8,0.129
681,player,1762.1,285.7,1814.3,377.5,0.112
681,player,1590.5,612.9,1657.7,742.5,0.108
681,player,610.5,462.5,655.0,558.2,0.101
682,player,1142.6,456.5,1201.7,604.8,0.733
682,player,1254.4,439.5,1306.3,584.0,0.62
682,player,913.4,525.5,968.9,713.3,0.551
682,player,1024.3,282.3,1064.3,387.8,0.522
682,player,1693.5,555.2,1752.2,676.7,0.475
682,player,851.4,580.7,907.2,734.8,0.472
682,player,912.9,523.5,990.8,717.8,0.366
682,player,1451.6,507.4,1527.2,638.7,0.363
682,player,585.2,540.9,669.2,697.0,0.315
682,player,952.2,561.9,995.4,751.6,0.31
682,player,1656.7,742.3,1761.2,902.2,0.286
682,player,1701.7,553.2,1750.0,653.7,0.26
682,player,610.2,463.7,653.7,569.3,0.22
682,player,592.1,463.5,654.6,603.3,0.2
682,player,931.9,530.7,994.9,729.4,0.194
682,player,854.2,578.1,903.0,699.5,0.191
682,player,955.2,559.7,993.2,706.2,0.152
682,player,1595.8,613.7,1657.6,741.6,0.141
682,player,1153.4,454.1,1202.2,567.8,0.135
682,player,1761.9,285.5,1814.1,378.6,0.126
682,player,586.9,529.9,655.7,621.1,0.124
682,player,1570.2,613.3,1658.1,752.2,0.118
682,player,1454.9,507.8,1523.4,598.1,0.117
682,player,585.6,496.3,656.2,619.2,0.103
683,player,1141.2,457.0,1203.1,605.7,0.725
683,player,1255.8,440.2,1307.4,585.3,0.648
683,player,913.5,525.5,972.8,714.4,0.568
683,player,1024.2,282.6,1064.6,387.9,0.519
683,player,851.0,579.2,911.6,737.3,0.503
683,player,1695.3,554.5,1752.2,676.1,0.443
683,player,1454.5,508.1,1528.5,636.8,0.327
683,player,952.0,557.8,995.2,751.4,0.315
683,player,1656.6,743.5,1759.6,903.1,0.299
683,player,593.1,463.2,653.1,600.2,0.289
683,player,1702.8,552.6,1750.1,644.7,0.268
683,player,605.9,463.3,652.0,565.8,0.208
683,player,929.2,529.7,994.4,730.7,0.205
683,player,587.6,538.0,666.8,698.8,0.174
683,player,853.5,577.4,904.8,697.5,0.163
683,player,955.1,560.0,992.6,706.6,0.14
683,player,1762.2,285.8,1813.7,378.6,0.135
683,player,1455.5,507.6,1523.5,598.2,0.123
684,player,1142.9,456.1,1203.6,606.2,0.739
684,player,1255.8,434.4,1307.0,584.8,0.627
684,player,913.0,525.7,974.3,712.9,0.581
684,player,1024.2,282.1,1064.4,387.1,0.528
684,player,852.2,578.8,904.6,725.4,0.507
684,player,1699.2,551.9,1751.4,673.0,0.462
684,player,597.1,462.2,652.1,605.2,0.316
684,player,589.2,538.6,668.3,700.4,0.315
684,player,1703.3,551.2,1750.1,644.2,0.304
684,player,1454.9,509.1,1529.1,636.7,0.3
684,player,952.1,538.8,994.6,738.5,0.289
684,player,853.7,581.7,916.1,704.0,0.25
684,player,607.6,462.3,651.0,570.5,0.229
684,player,841.6,575.9,911.0,744.3,0.226
684,player,926.8,529.1,994.1,727.3,0.203
684,player,1656.3,748.0,1759.4,902.3,0.177
684,player,954.2,560.4,993.2,712.4,0.171
684,player,849.8,583.6,923.2,731.1,0.12
684,player,1455.4,508.7,1524.8,598.4,0.114
684,player,1261.0,436.9,1304.2,549.0,0.113
684,player,1762.0,285.7,1813.9,378.5,0.109
685,player,1253.1,435.2,1304.9,584.7,0.69
685,player,1143.0,455.8,1202.9,606.3,0.689
685,player,912.5,525.8,969.1,710.2,0.588
685,player,596.2,462.0,651.3,618.7,0.553
685,player,1024.1,282.1,1064.4,386.8,0.542
685,player,1697.1,551.2,1750.8,674.9,0.49
685,player,851.6,577.2,902.4,727.2,0.488
685,player,912.2,523.9,990.5,714.5,0.35
685,player,1702.5,550.4,1749.7,649.6,0.31
685,player,1453.9,508.9,1529.2,636.8,0.305
685,player,952.5,547.6,995.1,734.8,0.301
685,player,955.5,559.5,992.9,704.9,0.17
685,player,1655.2,747.8,1759.4,902.2,0.143
685,player,593.7,571.5,665.6,700.0,0.125
685,player,848.6,577.0,899.4,694.1,0.12
685,player,1454.0,508.6,1525.8,599.7,0.112
686,player,1144.6,458.2,1202.2,606.1,0.687
686,player,1253.8,435.4,1304.3,583.1,0.638
686,player,912.8,526.0,968.9,711.3,0.608
686,player,1024.3,282.6,1064.4,387.9,0.554
686,player,851.6,574.5,902.7,723.2,0.508
686,player,1699.2,551.0,1748.8,672.1,0.5
686,player,911.8,523.7,989.1,716.0,0.414
686,player,951.4,563.1,995.8,750.0,0.331
686,player,603.4,461.8,649.3,598.0,0.329
686,player,1703.4,550.8,1748.9,643.2,0.302
686,player,1453.7,508.8,1529.0,636.0,0.233
686,player,591.1,463.0,650.0,615.4,0.207
686,player,943.5,536.3,994.8,731.6,0.199
686,player,955.2,559.3,993.3,706.3,0.19
686,player,591.3,544.6,661.9,699.0,0.157
686,player,1655.6,747.1,1760.0,903.2,0.149
686,player,598.1,596.4,659.4,695.7,0.103
687,player,1145.9,459.0,1202.7,605.8,0.707
687,player,1254.7,434.8,1304.2,583.7,0.612
687,player,912.4,526.2,968.6,714.4,0.605
687,player,1024.3,282.4,1064.4,386.7,0.547
687,player,852.4,569.4,905.3,719.1,0.53
687,player,1700.1,550.6,1748.5,671.7,0.498
687,player,604.2,463.0,648.5,591.7,0.408
687,player,949.5,547.9,997.3,752.6,0.352
687,player,589.6,548.6,659.2,701.4,0.296
687,player,1704.1,550.7,1748.6,638.8,0.283
687,player,591.4,463.8,649.9,613.3,0.272
687,player,954.9,559.9,994.1,720.8,0.223
687,player,840.1,565.9,905.2,740.3,0.198
687,player,1656.6,747.2,1763.3,904.9,0.193
687,player,1454.2,510.1,1528.8,636.2,0.171
687,player,848.8,569.6,899.5,693.2,0.144
687,player,591.8,591.1,657.6,706.4,0.13
688,player,1148.4,459.2,1204.8,605.9,0.665
688,player,1250.8,433.5,1302.0,582.5,0.652
688,player,912.9,526.1,969.8,714.8,0.575
688,player,1023.8,281.8,1064.6,388.0,0.554
688,player,602.7,463.0,648.5,599.3,0.479
688,player,1698.6,548.7,1749.3,674.6,0.462
688,player,852.9,571.3,900.7,709.1,0.454
688,player,949.5,547.4,996.8,753.1,0.368
688,player,1655.7,747.9,1763.5,906.2,0.271
688,player,594.4,546.2,658.5,693.1,0.262
688,player,938.6,534.8,994.5,733.6,0.223
688,player,954.6,560.0,993.8,724.9,0.208
688,player,1705.0,550.4,1749.0,640.2,0.208
688,player,600.6,583.9,664.8,697.7,0.191
688,player,1452.9,509.6,1529.7,635.8,0.183
688,player,590.0,548.8,651.0,622.9,0.182
688,player,613.7,594.6,655.2,684.0,0.171
688,player,839.3,564.7,904.7,745.3,0.169
688,player,596.5,602.3,656.5,699.5,0.128
688,player,1160.3,461.0,1204.2,529.3,0.123
688,player,593.9,459.1,654.2,610.8,0.115
688,player,851.8,572.5,920.5,724.0,0.1
689,player,1250.3,430.4,1301.5,582.1,0.621
689,player,1024.4,281.5,1064.2,387.6,0.57
689,player,912.0,526.2,967.8,715.6,0.556
689,player,1698.2,547.3,1749.6,675.8,0.55
689,player,1151.0,460.3,1204.3,605.6,0.492
689,player,854.9,567.6,906.6,718.1,0.474
689,player,911.8,523.6,989.9,718.2,0.416
689,player,601.3,462.3,647.5,584.5,0.378
689,player,949.6,547.6,996.7,753.6,0.35
689,player,592.1,461.8,650.2,612.6,0.347
689,player,1157.2,462.6,1206.2,525.2,0.34
689,player,591.3,545.7,658.2,695.7,0.317
689,player,1655.3,748.5,1765.1,904.9,0.255
689,player,1702.9,547.2,1749.7,644.5,0.251
689,player,606.3,571.3,655.6,684.6,0.235
689,player,954.7,560.2,993.7,727.5,0.218
689,player,1453.3,509.9,1529.4,635.6,0.213
689,player,940.1,536.0,994.7,730.6,0.196
689,player,593.2,591.2,657.3,704.4,0.146
689,player,840.8,562.5,905.4,750.4,0.142
689,player,1256.2,474.8,1300.2,583.1,0.107
690,player,591.5,542.4,658.1,701.6,0.665
690,player,1248.8,433.9,1299.6,581.4,0.592
690,player,1024.3,281.6,1064.3,387.7,0.563
690,player,912.4,526.6,966.4,713.1,0.563
690,player,1700.0,545.8,1747.1,673.0,0.537
690,player,855.8,565.7,904.5,702.6,0.52
690,player,601.3,462.9,648.1,560.0,0.429
690,player,911.8,523.6,988.5,716.7,0.417
690,player,1150.1,464.6,1206.3,604.9,0.413
690,player,1159.9,465.8,1206.5,522.7,0.374
690,player,952.0,554.1,994.3,748.3,0.354
690,player,1704.2,545.4,1746.7,642.5,0.34
690,player,1655.8,748.2,1765.4,905.2,0.227
690,player,1453.1,509.7,1529.5,635.6,0.214
690,player,955.3,559.1,993.1,706.6,0.176
690,player,597.3,462.0,653.1,580.6,0.137
690,player,1255.2,466.2,1299.0,583.0,0.124
691,player,595.6,540.7,657.5,704.0,0.611
691,player,1023.9,281.9,1064.4,388.4,0.567
691,player,1248.1,433.1,1298.2,576.7,0.561
691,player,913.4,526.1,965.1,708.0,0.529
691,player,856.8,563.7,904.9,703.2,0.495
691,player,1699.1,543.6,1747.8,669.7,0.457
691,player,599.8,462.2,647.9,560.4,0.374
691,player,1702.5,542.7,1747.1,635.5,0.37
691,player,913.2,523.2,987.1,713.7,0.367
691,player,1161.0,465.9,1207.4,524.1,0.357
691,player,952.5,554.8,994.0,746.5,0.328
691,player,1452.5,509.6,1530.3,634.5,0.262
691,player,1655.4,749.2,1768.0,905.1,0.207
691,player,1154.0,471.3,1207.2,533.8,0.197
691,player,1150.8,468.1,1207.0,606.7,0.185
691,player,955.6,559.0,992.6,703.2,0.174
691,player,942.9,538.3,994.5,722.9,0.172
691,player,1026.2,280.5,1059.4,417.1,0.13
692,player,1697.8,541.7,1747.0,672.2,0.577
692,player,1024.1,281.7,1064.3,388.3,0.575
692,player,1252.3,433.8,1296.3,569.9,0.528
692,player,913.7,530.4,964.1,718.7,0.488
692,player,597.0,544.5,660.5,704.3,0.431
692,player,858.0,562.4,901.3,696.0,0.42
692,player,914.6,523.3,988.6,717.2,0.391
692,player,1158.6,466.6,1208.2,528.4,0.349
692,player,1151.9,468.9,1208.3,606.9,0.31
692,player,597.4,460.8,648.1,608.0,0.303
692,player,1702.4,542.0,1744.9,644.6,0.236
692,player,952.3,547.3,994.4,716.8,0.236
692,player,598.0,461.5,648.1,563.2,0.201
692,player,1453.4,509.7,1530.4,635.8,0.182
692,player,1652.0,748.3,1761.1,908.5,0.171
692,player,1026.1,280.1,1059.5,419.9,0.168
692,player,858.5,560.5,911.8,714.5,0.167
692,player,935.0,533.8,994.4,718.3,0.154
692,player,954.5,557.3,992.0,686.9,0.121
692,player,596.0,458.4,656.7,702.8,0.102
693,player,1699.3,538.9,1746.4,669.6,0.589
693,player,1023.9,282.1,1064.3,388.4,0.554
693,player,909.2,525.6,969.7,714.9,0.524
693,player,1253.9,435.1,1296.1,569.9,0.524
693,player,1159.2,464.8,1208.9,524.7,0.424
693,player,912.2,523.3,990.7,718.8,0.416
693,player,857.4,563.5,901.1,710.1,0.399
693,player,597.6,459.9,649.9,613.4,0.398
693,player,949.2,545.6,996.6,753.5,0.355
693,player,600.1,548.0,658.5,692.3,0.333
693,player,1152.3,464.7,1209.1,605.6,0.291
693,player,1453.2,509.6,1527.4,606.5,0.229
693,player,1654.4,748.1,1759.4,909.3,0.204
693,player,954.0,560.9,993.7,715.0,0.197
693,player,1026.7,280.7,1059.0,421.7,0.18
693,player,935.8,533.1,995.1,728.7,0.175
693,player,1157.0,459.2,1211.3,541.0,0.132
694,player,1023.5,282.4,1064.9,387.9,0.583
694,player,1698.7,539.4,1747.1,671.9,0.549
694,player,910.2,527.4,965.9,720.1,0.54
694,player,1242.8,435.9,1295.5,571.8,0.475
694,player,1161.2,464.8,1209.0,525.5,0.412
694,player,598.5,547.6,658.7,689.1,0.411
694,player,858.1,561.7,898.8,691.3,0.382
694,player,910.2,523.8,990.8,720.0,0.379
694,player,597.8,462.3,651.1,578.8,0.353
694,player,949.1,546.3,996.6,753.1,0.312
694,player,596.5,458.8,653.8,624.0,0.304
694,player,1703.2,539.6,1745.5,636.0,0.3
694,player,1257.0,434.3,1295.4,538.6,0.267
694,player,1026.1,280.9,1059.7,425.8,0.243
694,player,1151.4,464.8,1209.1,605.7,0.236
694,player,953.9,560.3,993.6,705.2,0.23
694,player,1653.9,747.7,1757.8,909.1,0.208
694,player,1455.1,510.1,1529.5,633.2,0.188
694,player,1157.3,458.2,1211.8,537.5,0.132
694,player,1454.8,509.5,1525.8,599.3,0.106
695,player,1696.6,538.9,1747.1,673.8,0.639
695,player,1023.5,282.9,1064.6,387.2,0.589
695,player,906.1,526.7,966.3,719.9,0.562
695,player,598.9,540.7,660.5,689.6,0.483
695,player,857.5,561.7,898.5,699.3,0.461
695,player,1243.8,436.4,1295.0,568.2,0.446
695,player,1702.0,539.1,1746.4,641.6,0.379
695,player,1161.1,465.9,1209.6,527.2,0.377
695,player,948.8,547.6,996.5,754.7,0.306
695,player,1151.5,465.7,1210.0,606.8,0.305
695,player,598.6,460.6,650.4,571.0,0.295
695,player,1026.0,281.3,1059.9,417.2,0.246
695,player,1654.9,747.8,1759.3,908.8,0.244
695,player,596.9,458.5,654.7,632.0,0.242
695,player,1254.3,433.5,1295.3,526.6,0.234
695,player,953.7,560.6,993.8,710.2,0.178
695,player,1454.3,510.6,1528.4,604.8,0.171
695,player,938.6,537.4,994.3,727.6,0.159
695,player,857.5,558.1,909.0,720.0,0.132
695,player,598.3,539.1,654.4,634.5,0.118
696,player,1022.6,282.4,1063.1,388.4,0.625
696,player,595.1,457.9,652.6,628.5,0.528
696,player,908.1,527.2,973.9,708.3,0.526
696,player,1701.5,536.4,1747.6,647.1,0.507
696,player,1243.8,431.7,1295.2,572.6,0.486
696,player,858.1,562.6,900.2,701.6,0.424
696,player,1155.5,464.8,1209.7,526.6,0.342
696,player,1251.6,431.8,1295.3,543.2,0.318
696,player,1150.6,464.9,1209.5,605.8,0.276
696,player,913.9,536.9,961.0,704.0,0.263
696,player,946.5,534.2,993.5,713.5,0.23
696,player,599.2,545.0,667.1,691.4,0.218
696,player,1025.0,280.0,1059.8,417.8,0.212
696,player,1453.9,511.1,1527.8,606.6,0.203
696,player,1760.5,286.1,1814.1,381.4,0.104
697,player,1022.6,282.2,1063.5,391.9,0.638
697,player,594.8,459.2,653.2,633.8,0.574
697,player,1243.2,431.7,1294.8,572.1,0.552
697,player,1149.4,463.0,1209.7,606.2,0.538
697,player,905.7,527.9,975.5,713.0,0.504
697,player,1151.8,464.3,1209.3,529.3,0.333
697,player,858.9,560.0,899.9,700.7,0.28
697,player,914.2,534.0,962.8,712.3,0.274
697,player,1698.9,536.4,1747.6,649.7,0.265
697,player,942.2,534.2,993.8,718.0,0.193
697,player,1453.5,511.0,1527.8,607.6,0.184
697,player,595.9,458.8,666.0,696.6,0.15
697,player,1653.5,748.8,1764.1,902.7,0.115
697,player,1248.4,428.5,1295.9,540.5,0.103
698,player,595.6,458.0,653.5,634.7,0.643
698,player,1022.9,281.8,1063.4,391.6,0.616
698,player,1241.7,431.8,1294.4,573.8,0.615
698,player,1149.4,465.6,1208.0,603.0,0.598
698,player,904.7,527.9,975.3,714.1,0.519
698,player,858.2,559.9,897.8,686.9,0.481
698,player,1150.9,464.4,1208.4,538.4,0.398
698,player,1698.7,534.6,1748.2,644.8,0.358
698,player,914.2,533.8,963.4,712.7,0.294
698,player,1025.2,279.8,1059.3,417.3,0.242
698,player,948.5,539.1,994.3,711.4,0.227
698,player,1453.6,510.9,1527.5,607.9,0.201
698,player,919.5,531.1,993.7,715.9,0.174
698,player,857.2,560.8,905.0,715.0,0.134
698,player,1653.3,750.1,1763.5,902.2,0.127
698,player,953.3,557.1,992.0,690.3,0.12
698,player,1758.4,285.6,1813.4,401.1,0.1
699,player,1146.6,465.5,1208.1,605.0,0.673
699,player,595.9,457.1,653.6,643.0,0.632
699,player,1022.7,281.3,1063.6,394.1,0.63
699,player,1240.8,431.8,1294.3,573.9,0.608
699,player,903.7,528.7,973.8,712.7,0.541
699,player,858.9,559.0,898.9,683.3,0.456
699,player,914.6,533.4,963.3,711.3,0.315
699,player,1698.1,534.1,1748.5,646.5,0.261
699,player,948.2,538.0,994.4,712.3,0.225
699,player,1654.2,750.1,1765.0,902.3,0.221
699,player,1453.5,511.0,1529.0,639.5,0.197
699,player,924.4,531.5,993.7,715.8,0.174
699,player,1702.2,532.1,1748.5,621.2,0.144
699,player,858.2,560.5,904.7,712.6,0.12
699,player,953.6,557.1,991.9,690.1,0.116
699,player,1758.2,285.3,1813.6,401.4,0.104
